card_id,group,optimization,kind,paper_title,venue,year,locator,source_loc,prerequisites,effect_category,effect_category_note,mechanism,implementation_gist,base_protocol,correctness,requires_predeclared_sets,workloads_effective,workloads_ineffective,ccbench_presence,ccbench_in_silo,ccbench_where,ccbench_diff_note,class,silo_prereq,function_space,verifier,stage_a_notes,read_sections
silo-commit-protocol,A-occ,"Silo commit protocol (write-set lock in global order, TID validation, no read locks)",protocol-core,Speedy Transactions in Multicore In-Memory Databases,SOSP 2013 (pp. 18-32),2013,DOI 10.1145/2517349.2522713,"§4.4, Fig. 2 (Phase 1-3), 'Serializability' 段落, Fig. 3",record ごとの TID word (lock bit / latest-version bit / absent bit / TID)。thread-local の read-set・write-set・node-set。write-set を固定順に並べる全順序 (Silo は record ポインタ順)。global epoch E。,cpu-cache,"read が共有メモリへ書かず、共有メモリへの書込みは commit の短い期間に限る (§1, §4)。分類は CCBench (PVLDB 13(13)) の 3 要因への当てはめ (推測)。当該論文自身はこの分類を使っていない。",Phase 1 で write-set の record を全順序で lock し、その後 global epoch を 1 回読む (serialization point)。Phase 2 で read-set の TID が不変・latest・他 transaction に lock されていないことを確認し、node-set の version も確認する。Phase 3 で書込み・TID 付与・unlock を行う。read lock を取らないので、read 側の共有メモリ書込みが無い。,commit 時: (1) write-set を sort して lock、(2) epoch 読み取り + fence、(3) read-set / node-set 検証、(4) commit TID 生成、(5) 各 record へ書込みと unlock (TID と lock が同じ word なので 1 回の store で公開)。検証失敗は lock を全解放して abort。,Silo 自身 (Masstree 由来の B+-tree 上の OCC),serializable。§4.4 の 'Serializability' 段落で strict 2PL への還元 (OCC 検証が通るなら S2PL でも通る) と、Fig. 3 の例による議論。形式的な証明は読んだ範囲に無い。,False,"YCSB 変種 (80% read / 20% RMW、一様分布、160M keys) で、追跡なしの Key-Value に対する MemSilo の overhead は最大 1.07× (Fig. 4, §5.2)。TPC-C は 32 workers まで近線形 (Fig. 5, §5.3)。8 workers 比の 32 workers の per-core throughput は MemSilo で 98% (§5.3 本文)。","100% new-order のような単一 counter record への read-write 衝突 (warehouse 4 つ・worker 増) では abort が増え、線形に伸びない (Fig. 9, §5.4)。cross-partition が 0% の完全分割可能 workload では Partitioned-Store が MemSilo の 1.54× (Fig. 8, §5.4)。",あり,あり,"cc/silo/transaction.cc:383 validationPhase (write set sort :408, lockWriteSet :145, read/lock 検証 :460-476) ; cc/silo/transaction.cc:557 writePhase",,ccbench-present,既にある (cc/silo/transaction.cc の validationPhase と writePhase)。Silo そのものなので移植は不要。,n/a,observable,段 A の候補ではなく基準線そのもの。原典の根拠は SOSP'13 Fig. 4 (YCSB 変種で Key-Value 比 1.07× 以内) と Fig. 5 (TPC-C)。,"§1, §2 (2.1-2.3), §3, §4 (4.1-4.10), §5 (5.1-5.7), §6 (SOSP'13 の頁 18-32 に対応)"
silo-decentralized-tid,A-occ,"Decentralized TID assignment (no global counter, chosen after validation)",protocol-core,Speedy Transactions in Multicore In-Memory Databases,SOSP 2013 (pp. 18-32),2013,DOI 10.1145/2517349.2522713,"§4.2, §5.2 (Fig. 4: MemSilo+GlobalTID)",各 record の TID word に直近の書込み TID。worker ごとの 'most recently chosen TID'。global epoch E (読むだけ)。,cpu-cache,共有 counter への atomic 命令を commit 経路から除く (§5.2)。CCBench の DecentralizedOrdering に相当 (CCBench Table 1 で Silo は Org)。分類は CCBench (PVLDB 13(13)) の 3 要因への当てはめ (推測)。当該論文自身はこの分類を使っていない。,commit が通ると確定した後に、worker が (a) 読み書きした全 record の TID より大きい、(b) 自分の直近 TID より大きい、(c) 現 epoch 内、を満たす最小の値を TID とする。共有 counter を使わないので cache-line 競合が起きない。TID は anti-dependency を反映しないため、TID 順は serial order と一致しないことがある。,"commit の Phase 2 と Phase 3 の間に generate-tid(R, W, e) を呼ぶ。epoch e は Phase 1 で 1 回だけ読んだ値。",Silo 自身,serializable (§4.4)。TID 順が serial order を表さない点は §4.2 に明記、serial order は epoch 境界でだけ保証する。,False,"YCSB 変種で MemSilo+GlobalTID (単一共有 counter から TID を発行) は 24 workers を超えると scalability が崩れ、32 workers で Key-Value が 1.80× 上回る。MemSilo はほぼ 1.07× 以内 (Fig. 4, §5.2)。",TID 順が serial order を表さないため、epoch 内の順序は log から復元できず、復旧は epoch 単位でしか行えない (§4.10)。,あり,あり,"cc/silo/transaction.cc:567 writePhase (tid_a/tid_b/tid_c の最大) ; cc/silo/transaction.cc:191,474 max_wset_/max_rset_",共有 counter を使わず worker ごとの mrctid_ と record の TID から決める。,ccbench-present,既にある (cc/silo/transaction.cc の writePhase で tid_a/tid_b/tid_c の最大を取る)。移植は不要。,n/a,observable,基準線に含まれる。原典の根拠は Fig. 4 (MemSilo+GlobalTID が 24 workers 超で崩れる)。YCSB で thread 数を増やせば効果の方向は作れるが、stock がすでにこの形。,"§1, §2 (2.1-2.3), §3, §4 (4.1-4.10), §5 (5.1-5.7), §6 (SOSP'13 の頁 18-32 に対応)"
silo-epoch-serialization,A-occ,"Epochs as coarse serialization points (global epoch E, local epoch e_w)",protocol-core,Speedy Transactions in Multicore In-Memory Databases,SOSP 2013 (pp. 18-32),2013,DOI 10.1145/2517349.2522713,"§4.1, §4.4 (epoch 読み取りが serialization point)",global epoch 変数 E と、これを進める専用 thread。worker ごとの local epoch e_w (E - e_w <= 1 を維持)。,cpu-cache,epoch を約 40 ms に 1 回しか書かず、通常は cache に載った値を読むだけにして、centralized counter の競合を避ける。分類は CCBench (PVLDB 13(13)) の 3 要因への当てはめ (推測)。当該論文自身はこの分類を使っていない。,epoch 境界を serial order と整合させ、log 単位・GC・snapshot・durability の共通の時間軸にする。Phase 1 の lock 取得後に E を 1 回読んだ値が commit の serialization point になる。長い transaction は e_w を更新しないと epoch 更新が遅れる。,専用 thread が E を周期更新 (実装は 40 ms)。worker は transaction 開始前に e_w <- E。E を読むときは compiler fence で main memory から読ませる (x86 では compiler fence のみ)。,Silo 自身,epoch 境界が依存関係と anti-dependency の両方に整合すると §4.4 で議論 (fence の配置による)。,False,"MemSilo が Key-Value 比 1.07× 以内 (Fig. 4, §5.2) を、epoch 方式の下で達成。",epoch 周期が transaction の commit 応答遅延に直結する (§4.10: 'the epoch period directly affects the average case latency')。E と e_w が離れすぎると epoch 更新が待たされる (§4.1)。,あり,あり,cc/silo/transaction.cc:441 validationPhase (lock 取得後に atomicStoreThLocalEpoch) ; cc/silo/util.cc:150 siloLeaderWork (epoch 更新) ; cc/silo/include/common.hh:19 GlobalEpoch,,ccbench-present,既にある (cc/silo/util.cc の siloLeaderWork と common.hh の GlobalEpoch)。移植は不要。,n/a,observable,基準線に含まれる。単独の性能根拠は無く Fig. 4 の全体値のみ。,"§1, §2 (2.1-2.3), §3, §4 (4.1-4.10), §5 (5.1-5.7), §6 (SOSP'13 の頁 18-32 に対応)"
silo-version-validated-reads,A-occ,Invisible reads with TID-word version validation,optimization,Speedy Transactions in Multicore In-Memory Databases,SOSP 2013 (pp. 18-32),2013,DOI 10.1145/2517349.2522713,"§1, §4.5 'Reads and writes', §4 冒頭 (Masstree の読み)",record ごとの TID word (lock bit を含む)。record データを in-place で更新する書込み側の fence 規約 (更新 -> fence -> TID と unlock を 1 store)。,cpu-cache,read が共有メモリへ書かないので cache-line 競合が起きない。CCBench の InvisibleReads (Table 1 で Silo は Org)。分類は CCBench (PVLDB 13(13)) の 3 要因への当てはめ (推測)。当該論文自身はこの分類を使っていない。,read 側は TID word を読み (lock が立っている間は spin)、latest か確認し、データを読み、fence の後に TID word を再度読み、変わっていれば retry か abort する。read lock も reader count も書かない。,read 段: (a) TID word 読み、(b) latest-version bit 確認、(c) データ読み、(d) fence、(e) TID word 再確認。read-set には観測した TID を残し、commit の Phase 2 で再検証する。,Silo 自身 (Masstree の version 検証の考え方を継承),serializable (§4.4)。in-place 更新下でも一貫した record 内容を読めることは §4.5 の手順で議論。,False,"YCSB 変種で追跡なし Key-Value 比の overhead は最大 1.07× (Fig. 4, §5.2)。","単独の ablation は無い。別論文 (CCBench §5.3, Fig. 7) は、Silo の InvisibleReads が高 cardinality で有利、低 cardinality の write-intensive では TicToc-1K が Silo-1K を上回ると報告 (本論文の主張ではない)。",あり,あり,cc/silo/transaction.cc:243 read_internal (lock 待ち -> data 読み -> TID 再読) ; cc/tictoc/transaction.cc:118 read_internal,read lock・reader count は書かない。,ccbench-present,既にある (cc/silo/transaction.cc の read_internal)。移植は不要。,n/a,observable,基準線に含まれる。原典の根拠は Fig. 4。read 中心 (rratio 高) で cache の利得が出る方向。,"§1, §2 (2.1-2.3), §3, §4 (4.1-4.10), §5 (5.1-5.7), §6 (SOSP'13 の頁 18-32 に対応)"
silo-inplace-overwrite,A-occ,"In-place record overwrite (single-version, overwrite unless a snapshot needs the old one)",optimization,Speedy Transactions in Multicore In-Memory Databases,SOSP 2013 (pp. 18-32),2013,DOI 10.1145/2517349.2522713,"§4.3, §4.5, §4.9 (上書き可否の判定), §5.7 Fig. 11 ('+Overwrites')",record 内データを直接書き換えられる layout。読み側の version 検証 (silo-version-validated-reads)。snapshot 用の previous-version pointer。,version-lifetime,新 version を作らず旧 version と同時に不可視にする (CCBench §7.3 の version overwriting と同じ発想) ことで、record の確保と旧 version の保持を減らす。分類は CCBench (PVLDB 13(13)) の 3 要因への当てはめ (推測)。当該論文自身はこの分類を使っていない。,Phase 3 で lock を持つ間に、record が収まれば in place で更新する。収まらない場合と、snapshot epoch が変わっていて旧 version を残す必要がある場合だけ新しい record を作り、previous-version pointer で連結する。,write 段 (commit Phase 3): 更新 -> fence -> TID と unlock。snap(epoch(r.tid)) と snap(E) が同じなら上書き可、違えば旧 version を残す。,Silo 自身,serializable (§4.4 と同じ議論)。in-place 更新の一貫性は §4.5 の version 検証で担保。,False,"TPC-C (28 warehouses・28 workers) の factor analysis で '+Overwrites' 段を含む (Fig. 11, §5.7)。§5.7 の要約: in-place 更新は重要な最適化。個別の倍率は抽出テキストから読めないため記さない。",,一部,一部,cc/silo/transaction.cc:658 writePhase (lock 保持中に memcpy で in place 更新),CCBench の Silo は常に in place で上書きし、値の大きさは固定。snapshot epoch を理由に旧 version を previous-version pointer で残す枝は無い。,ccbench-present,in place 上書きの要は既にある (cc/silo/transaction.cc の writePhase)。snapshot のために旧版を残す枝は無いが、それは snapshot 機構 (多版) の側の前提。,n/a,observable,基準線に含まれる。原典の根拠は SOSP'13 Fig. 11 の '+Overwrites' 段 (倍率はカードに無い)。,"§1, §2 (2.1-2.3), §3, §4 (4.1-4.10), §5 (5.1-5.7), §6 (SOSP'13 の頁 18-32 に対応)"
silo-inline-record-data,A-occ,Record data stored in the same cache line as the header,optimization,Speedy Transactions in Multicore In-Memory Databases,SOSP 2013 (pp. 18-32),2013,DOI 10.1145/2517349.2522713,§4.3 'Data layout',record header が 32 bytes (データ除く)。短い record。,cpu-cache,field 値を読むための追加の memory fetch を 1 回減らす。分類は CCBench (PVLDB 13(13)) の 3 要因への当てはめ (推測)。当該論文自身はこの分類を使っていない。,record 確保時に、可能なら header と同じ cache line へデータを置く。,record layout (確保時)。,Silo 自身,correctness に影響しない layout 上の工夫 (論文は議論していない)。,,この設計単独の ablation は読んだ範囲に無い (推測: Fig. 11 の因子に含まれない)。,,なし,なし,,Tuple は tidword_ を cache line に alignas するが、値は TupleBody (std::string key_ + HeapObject val_、operator new で別確保) で header と同じ line には置かれない。,absent-silo-feasible,Tuple の配置を変え、値を TID word と同じ cache line に置く必要がある (今は TupleBody が別確保)。YCSB は値の大きさが固定なので固定長 inline にでき、Silo の前提とは衝突しない。,extend:tuple の配置 (値を TID word と同じ cache line に置く) を開く,observable (配置の変更で読み書きの意味と trace の差し込み点は変わらない),tuple 数を LLC に収まらない大きさにし、値を小さく (数 B〜数十 B) すると cache miss の差が出る見込み。原典に単独の ablation は無く、性能根拠の表・図は無い。,"§1, §2 (2.1-2.3), §3, §4 (4.1-4.10), §5 (5.1-5.7), §6 (SOSP'13 の頁 18-32 に対応)"
silo-snapshot-transactions,A-occ,Snapshot (read-only) transactions on a recent consistent epoch snapshot,optimization,Speedy Transactions in Multicore In-Memory Databases,SOSP 2013 (pp. 18-32),2013,DOI 10.1145/2517349.2522713,"§4.9, §4.7 (secondary index)、§5.5 Fig. 10、§5.6、§5.7",snapshot epoch SE (k=25 epoch ごと、約 1 秒)、worker ごとの se_w、record の previous-version pointer、snapshot 用 version の epoch 別 reclamation 登録。client が read-only を宣言する必要がある。,version-lifetime,read-only の長い transaction を、更新と衝突しない古い snapshot 上で実行して abort を消す。旧 version の保持期間を snapshot epoch で管理する。分類は CCBench (PVLDB 13(13)) の 3 要因への当てはめ (推測)。当該論文自身はこの分類を使っていない。,snapshot transaction は SE 以下で最新の version を辿って読み、検証なしで commit し、abort しない。read/write transaction は、更新する record の snapshot epoch が変わっていれば旧 version を previous-version pointer で残す。,read 段: se_w <- SE を transaction 開始時に取り、record の version 連鎖を epoch <= se_w で辿る。write 段: snap(epoch(r.tid)) と snap(E) を比較し、違えば新 record を作り旧 version へ連結。,Silo 自身,snapshot は serial order の一貫した点に整合 (§4.9)。read-only transaction は 1 秒前程度の古い状態を返す。,True,"TPC-C 変種 (8 warehouses・16 workers・50% new-order / 50% stock-level) で MemSilo (snapshot 使用) が MemSilo+NoSS (通常 transaction) の 1.19× (200,252 vs 168,062 txns/s)、abort 数 2,570 vs 15,756 /s (Fig. 10, §5.5)。snapshot の空間 overhead は 19.5GB に対し最大 672.3MB (3.4%) (§5.6)。",large read-only transaction の頻度が低い標準 TPC-C では、snapshot の便益が overhead を上回らない (§5.5)。snapshot の維持は無料ではない (§5.7)。snapshot で読むかどうかは client が transaction ごとに決める (§4.1)。,なし,なし,,cc/silo に snapshot epoch・SE・previous-version 連鎖は無い。is_ronly_ は宣言のみ (cc/silo/include/transaction.hh:61) で読み専用 txn も通常の検証を通る。Cicada/MVTO には thread.rts の読み専用経路がある (別 protocol)。,absent-prereq-mismatch,previous-version pointer による旧版の連結、snapshot 用旧版の epoch GC、read-only の事前宣言が要り、単版の CCBench Silo の前提と合わない。,n/a,conditional:snapshot 読みは古い版を読み epoch 境界で直列化されるため、版 ID と snapshot 取引の直列化位置 (snapshot epoch) を差し込み点で記録すれば,YCSB で read-only 取引を分けて宣言する経路が今は無い (is_ronly_ は宣言のみ)。原典の根拠は SOSP'13 Fig. 10 (TPC-C 変種で 1.19×、abort 減)。,"§1, §2 (2.1-2.3), §3, §4 (4.1-4.10), §5 (5.1-5.7), §6 (SOSP'13 の頁 18-32 に対応)"
silo-epoch-gc,A-occ,Epoch-based reclamation (RCU-style) for records and tree nodes,optimization,Speedy Transactions in Multicore In-Memory Databases,SOSP 2013 (pp. 18-32),2013,DOI 10.1145/2517349.2522713,"§4.8, §4.9 (snapshot version の reclamation epoch), §5.6, §5.7 ('+NoGC')",reclamation epoch を付ける per-core 登録リスト。worker の e_w と snapshot 用 sew。epoch 更新 thread が最小値を計算して公開する。,version-lifetime,reference count を使わず (read が共有メモリへ書く必要が生じる)、epoch で解放時点を決める。分類は CCBench (PVLDB 13(13)) の 3 要因への当てはめ (推測)。当該論文自身はこの分類を使っていない。,"garbage を作った worker が per-core リストへ (object, reclamation epoch) を登録し、その epoch 以降は誰も触らないことが保証された時点で、worker 自身が request の合間に解放する。snapshot 用の旧 version は snapshot reclamation epoch (min se_w - 1) で解放し、previous-version pointer の付け替えは不要。",abort 後 / commit 後の後処理段: garbage 登録 (commit で削除・上書きした record や tree node)。解放は worker の request 間で実行。,Silo 自身,解放の安全性は epoch の進み方 (E - e_w <= 1) から §4.8 で議論。,False,書込み中心の YCSB 変種 (28 workers、各 transaction が 1 record を RMW) で snapshot 用 version の空間増加は 3.4% (§5.6)。Fig. 11 の '+NoGC' は GC 無効化による差が小さいことを示す (§5.7: 'overhead of maintaining snapshots plus garbage collection is low')。,,一部,一部,cc/silo/transaction.cc:15 gc_records (worker 自身が epoch 比較で delete) ; cc/silo/util.cc:150-158 ReclamationEpoch = cur_epoch - 2,対象は削除 record のみ。tree node の解放・snapshot 用旧 version (min se_w - 1) は無く、reclamation epoch は全 worker の local epoch の最小でなく global epoch - 2 の固定差。,ccbench-present,削除 record の epoch 回収は既にある (cc/silo/transaction.cc の gc_records)。tree node と snapshot 版の回収は無いが、YCSB の点読み・点書きでは削除も snapshot も無い。,n/a,observable (回収は trace の読み書きに現れない),YCSB は削除を出さないので効かない。原典の根拠は SOSP'13 Fig. 11 '+NoGC' と §5.6 (差は小さい)。,"§1, §2 (2.1-2.3), §3, §4 (4.1-4.10), §5 (5.1-5.7), §6 (SOSP'13 の頁 18-32 に対応)"
silo-node-set-phantom-protection,A-occ,Node-set validation of tree-node versions (phantom protection without next-key locks),optimization,Speedy Transactions in Multicore In-Memory Databases,SOSP 2013 (pp. 18-32),2013,DOI 10.1145/2517349.2522713,"§4.6, Fig. 2 (Phase 2 の node-set 検証), §4.7","index tree の各 node が構造変更で version 番号を更新する保証。thread-local の node-set (node, 観測 version)。insert 時に自分の変更で version が進んだ分を node-set 上で更新する処理。",none,range query の phantom を read lock なしで検出するための correctness 機構であり、cache / delay / version lifetime のいずれでもない。read lock を避けるという意味では cpu-cache と同方向 (推測)。,scan した範囲に重なる leaf node とその version を node-set に入れ、Phase 2 で version が変わっていれば abort する。存在しない key の lookup・delete も、その key が入る node を node-set に入れる。自分の insert による version 変化は node-set 側で更新して自己 abort を避ける。,scan / lookup 失敗の段で node-set へ登録、commit Phase 2 で検証。insert 段で影響 node の version 更新を node-set に反映。,Silo 自身,phantom を検出して serializable を保つ (§4.6)。,False,range query を含む TPC-C (Fig. 5-6) で使われる。この機構単独の効果測定は読んだ範囲に無い。,,あり,あり,cc/silo/transaction.cc:733 TxScanCallback::on_resp_node (scan 時に node_map_ へ登録) ; cc/silo/transaction.cc:477 validationPhase (full_version_value 比較) ; cc/silo/transaction.cc:101 insert (自分の insert による version 更新を bump して自己 abort を回避),,ccbench-present,既にある (cc/silo/transaction.cc の TxScanCallback と validationPhase の node 版比較)。移植は不要。,n/a,not-observable:述語 (phantom) は trace に記録されず今の検査器では見えない。YCSB の点読み・点書きでは scan が出ない,YCSB の点読み・点書きでは発火しない。原典に単独の性能根拠は無い。,"§1, §2 (2.1-2.3), §3, §4 (4.1-4.10), §5 (5.1-5.7), §6 (SOSP'13 の頁 18-32 に対応)"
silo-epoch-group-durability,A-occ,Epoch-granularity parallel logging and durable epoch D,optimization,Speedy Transactions in Multicore In-Memory Databases,SOSP 2013 (pp. 18-32),2013,DOI 10.1145/2517349.2522713,"§4.10, §5.3 (Fig. 5-7)",複数の logger thread (各々が disjoint な worker 群を担当)、worker ごとの最終 commit TID ctid_w、logger ごとの durable epoch d、global durable epoch D = min d。record 単位の redo log。,none,durability の並列化であり、cache / delay / version lifetime のいずれにも当てはまらない (logger 側の worker との core 競合が性能に効く)。,epoch を durability の commit 単位にし、epoch e の結果は e 以下の全 epoch が durable になるまで client へ返さない。復旧は D 以下の epoch だけ再生する。同一 record の log は TID 順に適用する。,commit 後段: log record (TID + 変更 record) を local buffer へ作り、buffer 満杯か新 epoch で logger へ渡し、ctid_w を公開。応答は D 到達後。,Silo 自身,epoch 境界が serial order と整合するため、epoch 単位の再生で serializable な prefix を復元 (§4.10)。復旧は未実装 (§4.10 末尾)。,False,"TPC-C で MemSilo 比 Silo は最大 1.16× 遅いだけ (32 workers) (§5.3, Fig. 5)。Silo+tmpfs は Silo の最大 1.03× (§5.3)。","28 workers 付近から logger thread と worker が core を奪い合い、throughput と latency が悪化 (Fig. 6-7, §5.3)。epoch 周期が応答遅延を決める (§4.10)。",一部,一部,"cc/silo/transaction.cc:495 wal / :636 (#if WAL, 既定 0)","WAL=1 のとき worker ごとに log buffer を file へ書くが、payload は ""FIXME"" 固定、fdatasync はコメントアウト、epoch 単位の commit 解放・durable epoch D・復旧再生は無い。",absent-prereq-mismatch,ディスクへの log、durable epoch D、復旧再生が要る (CCBench は WAL=1 でも payload 固定・fdatasync なし)。durability 機構であり並行性制御の Silo 前提の外 (ディスク前提)。,n/a,not-observable:durability と復旧は commit 済み取引の読み書き trace に現れない,ディスク I/O が前提で YCSB の CC 比較の対象外。原典の根拠は SOSP'13 Fig. 5 と §5.3 (MemSilo 比 最大 1.16× 遅い)。,"§1, §2 (2.1-2.3), §3, §4 (4.1-4.10), §5 (5.1-5.7), §6 (SOSP'13 の頁 18-32 に対応)"
silo-numa-aware-allocator,A-occ,NUMA-aware allocator with 2MB superpages and thread pinning,optimization,Speedy Transactions in Multicore In-Memory Databases,SOSP 2013 (pp. 18-32),2013,DOI 10.1145/2517349.2522713,"§5.1, §5.7 Fig. 11 ('+Allocator')",custom memory allocator (B+-tree node と record 用)、2MB superpage、thread の core 固定、実験前の memory pre-fault。,cpu-cache,TLB 圧力と NUMA 越えの memory access を減らす実装上の工夫 (推測: cache と memory 階層に効く)。分類は CCBench (PVLDB 13(13)) の 3 要因への当てはめ (推測)。当該論文自身はこの分類を使っていない。,確保した memory が確保 thread の NUMA node に置かれるよう thread を core に固定し、2MB superpage で TLB miss を減らす。Linux の仮想 memory 系の scalability 問題を避けるため事前に pre-fault する。,実装基盤 (確保器)。protocol の段には触れない。,Silo 自身,correctness に影響しない。,False,"TPC-C factor analysis (28 warehouses・28 workers) に '+Allocator' 段がある (Fig. 11, §5.7)。倍率は抽出テキストから読めないため記さない。",,一部,一部,include/cpu.hh:30 setThreadAffinity ; cc/silo/ycsb_silo.cc:52 (worker_init で呼ぶ),thread の core 固定はあるが、NUMA 配置は numactl --interleave=all 頼み (cc/silo/README.md:30)、2MB superpage・pre-fault は無い (cc/mocc/util.cc:166 に madvise がコメントアウトで残る)。,absent-silo-feasible,thread の core 固定は既にある。2MB superpage と事前の pre-fault、確保 thread の NUMA node への配置は無いが、Linux の機能で足せて Silo の前提と衝突しない。並行性制御の機構ではない。,extend:tuple 表と索引のメモリ確保 (初期化) を開く,observable (配置の変更で読み書きの意味は変わらない),tuple 数を大きくして TLB miss が効く規模にする必要がある (規律4 と両立させる)。計測環境の numactl 設定と交絡する。原典の根拠は SOSP'13 Fig. 11 の '+Allocator' 段 (倍率はカードに無い)。,"§1, §2 (2.1-2.3), §3, §4 (4.1-4.10), §5 (5.1-5.7), §6 (SOSP'13 の頁 18-32 に対応)"
tictoc-data-driven-timestamp,A-occ,Data-driven (lazy) timestamp management with wts/rts,protocol-core,TicToc: Time Traveling Optimistic Concurrency Control,SIGMOD 2016,2016,DOI 10.1145/2882903.2882935,"§3.1-3.3, Algorithms 1-3, Fig. 1, §3.4 (spurious aborts), §4 (proof)","tuple ごとに wts / rts (TS_word に lock bit と共に 64 bit)。read-set / write-set の entry に {tuple, data, wts, rts}。write-set の primary key 順ロック。",cpu-cache,中央 timestamp allocator を使わず、commit timestamp を触った tuple の wts/rts から commit 時に計算する (§3)。CCBench の DecentralizedOrdering に相当。abort が減る側面 (scheduling space の拡大) は 3 分類に当てはまらない。分類は CCBench (PVLDB 13(13)) の 3 要因への当てはめ (推測)。当該論文自身はこの分類を使っていない。,"read で {value, wts, rts} を原子的に取り、validation で commit_ts = max(write-set の rts+1, read-set の wts) を計算する。read-set の各 tuple について、commit_ts が local rts 以下なら追加確認なし、超えるなら wts 不変かつ他者ロックなしを条件に tuple の rts を commit_ts まで延ばして通す。他 transaction が更新済みの tuple を読んでいても、有効期間内なら commit できる。",read 段: TS_word と data の一貫読み。validation 段: 書込み集合をロック -> commit_ts 計算 -> read-set 検証 (rts 延長、atomic)。write 段: wts=rts=commit_ts を書いて unlock。,TicToc 自身 (DBx1000 上で Silo・Hekaton・DL_DETECT・NO_WAIT と比較),"serializable。§4.2 の形式証明 (Lemma 1-3、Theorem 1)。serial order は (commit timestamp, 物理 commit 時刻) の辞書順 (Definition 1)。order-preserving serializable ではない (§3.5)。",False,"TPC-C 4 warehouses・80 threads で、最適化なしの TicToc は Silo より throughput 35.6% 高く abort 率 32% 低い (Fig. 9, §6.4)。全最適化込みでは Silo の 1.8× throughput・abort 率 27% 減 (Fig. 4, §6.2.1)。YCSB medium contention (Fig. 7) で abort 率は Silo の約 1/3.3、throughput は同程度 (§6.3.2)。","YCSB high contention では abort 率が Silo と同程度 (Fig. 8b, §6.3.3)。最適化なしの throughput 改善は Silo 比 10% 程度 (Fig. 10, §6.4)。TPC-C は warehouse 数 80 で優位が消える (Fig. 5, §6.2.2)。phantom 対策 (index の timestamp 管理) は未対応で future work (§3.5)。",あり,なし,"cc/tictoc/transaction.cc:334 validationPhase (commit_ts_ 算出 :367, rts 延長 :377-445) ; cc/tictoc/transaction.cc:645 lockWriteSet (write-set の rts+1)",,ccbench-present,既にある (cc/tictoc)。Silo に入れるのは TID word を wts/rts に置き換えることで、別 protocol への置換になる。,n/a,"conditional:TicToc は直列化順が (commit_ts, 物理 commit 時刻) で commit 順と一致しないため、版 ID に書き手の commit_ts (wts) を使い版順を commit_ts で取る差し込み点に合わせれば",stock の tictoc で比較できる。原典の根拠は TicToc Fig. 4・Fig. 7 (YCSB medium contention で abort 率 1/3.3)・Fig. 9。YCSB の zipf skew と rratio で contention を作れる。,Abstract、§1、§2、§3 (3.1-3.7)、§4 (4.1-4.2)、§5 (5.1-5.4)、§6 (6.1-6.6)、§7
tictoc-ts-word-packing,A-occ,64-bit TS_word packing (lock bit + delta + wts) with lock-free read and CAS rts extension,optimization,TicToc: Time Traveling Optimistic Concurrency Control,SIGMOD 2016,2016,DOI 10.1145/2882903.2882935,"§3.6, Algorithms 4 and 5, §3.5 (overflow)",tuple ごとの 64 bit word: 最上位 1 bit が lock、次の 15 bit が delta = rts - wts、下位 48 bit が wts。,cpu-cache,wts / rts / lock を 1 word に詰め、timestamp の原子読みと rts 延長を lock なしで行う (Silo から採った工夫と本文にある)。分類は CCBench (PVLDB 13(13)) の 3 要因への当てはめ (推測)。当該論文自身はこの分類を使っていない。,"read は TS_word を data の前後で 2 回読み、同じで lock なしなら一貫と見なす (共有メモリへ書かない)。rts 延長は compare-and-swap で新しい {wts, delta} を書く。delta が 15 bit を超えるときは wts を進める (内容が同じ dummy write と見なせる)。wts の overflow は数週間に 1 回程度で、背景走査で reset する。",read 段: Algorithm 4 の 2 回読み。validation 段: Algorithm 5 の CAS 延長。,TicToc 自身,delta overflow 時の wts 前進は correctness に影響しない (dummy write と見なせる) と §3.6 で議論。,False,単独の ablation は無い。本文: 15 bit で overflow の影響は無視できる (§3.6 'not shown in the paper' と断り書き付き)。,delta が小さい bit 数だと wts 前進による spurious abort が増える恐れ (§3.6)。,あり,なし,cc/tictoc/include/tuple.hh:13 TsWord (lock 1 + absent 1 + delta 15 + wts 47 bit) ; cc/tictoc/transaction.cc:118 read_internal (data 前後で TS_word を 2 回読む) ; cc/tictoc/transaction.cc:432-445 (delta overflow 時に wts を進めて CAS),,ccbench-present,既にある (cc/tictoc/include/tuple.hh の TsWord)。Silo には rts が無いので移植の対象は無い。,n/a,"conditional:TicToc は直列化順が (commit_ts, 物理 commit 時刻) で commit 順と一致しないため、版 ID に書き手の commit_ts (wts) を使い版順を commit_ts で取る差し込み点に合わせれば",単独の ablation は無い (原典 §3.6)。,Abstract、§1、§2、§3 (3.1-3.7)、§4 (4.1-4.2)、§5 (5.1-5.4)、§6 (6.1-6.6)、§7
tictoc-nowait-validation,A-occ,No-wait locking in the validation phase,optimization,TicToc: Time Traveling Optimistic Concurrency Control,SIGMOD 2016,2016,DOI 10.1145/2882903.2882935,"§5.1, Fig. 2 (thrashing の例), §6.4 (Fig. 9, 10)",write-set の lock を validation で取る構造 (TicToc の Algorithm 2)。retry 前の短い sleep (1 microsecond)。,delay-on-conflict,validation の lock 待ちを打ち切って abort・再試行に変える。待ちによる thrashing を避ける (§5.1)。分類は CCBench (PVLDB 13(13)) の 3 要因への当てはめ (推測)。当該論文自身はこの分類を使っていない。,lock が取れなければ validation を即座に中断して取得済みの lock を全て放し、約 1 microsecond sleep して validation を最初からやり直す。待ちを許す場合は primary key 順でも thrashing が起きうる (Fig. 2)。,validation 段 Step 1 (write-set の lock 取得) を try-lock + 全解放 + 短い sleep + 再試行にする。,TicToc (2PL の non-waiting deadlock prevention を TicToc 内に入れる),lock 取得順や待ち方の変更であり、検証条件は変えない。serializable の議論は §4 の証明の範囲 (この最適化の追加証明は本文に無い)。,False,"TPC-C 4 warehouses・80 threads で no-wait は追加の 38% throughput 向上、abort 率は不変 (Fig. 9, §6.4)。YCSB high contention では no-wait と preemptive abort が改善の大半 (Fig. 10, §6.4)。","別論文 (CCBench §4.1, Fig. 2c) は、NoWaitTT の固定 delay が validation 失敗を招き、YCSB high contention で TicToc 原版 (Torg) が低いと報告 (本論文の主張ではない)。本論文では sleep 長への感度は 'as long as it is not too large' としか述べない (§5.1)。",あり,あり,"cc/tictoc/transaction.cc:340,564 (#if NO_WAIT_LOCKING_IN_VALIDATION、既定 1) ; cc/tictoc/transaction.cc:574,621 (#elif NO_WAIT_OF_TICTOC: 解放して 1us sleep して再試行) ; cc/silo/transaction.cc:161 (Silo 側の同名 flag)",既定の NO_WAIT_LOCKING_IN_VALIDATION は abort して通常の abort 経路 (backoff) へ入る。論文どおりの 1us sleep + 再試行は NO_WAIT_OF_TICTOC 枝 (既定 0)。,ccbench-present,既にある (Silo の NO_WAIT_LOCKING_IN_VALIDATION=1 が既定、論文どおりの解放・再試行は NO_WAIT_OF_TICTOC 枝)。v1 の施錠衝突 hook は待ち時間つきの再試行を別に表せる。,n/a,observable,原典の根拠は TicToc Fig. 9 (TPC-C で +38%) と Fig. 10 (YCSB high contention)。YCSB で zipf skew 0.8〜0.99、rratio 0.5、max_ope 16 程度で作れる。,Abstract、§1、§2、§3 (3.1-3.7)、§4 (4.1-4.2)、§5 (5.1-5.4)、§6 (6.1-6.6)、§7
tictoc-preemptive-abort,A-occ,Preemptive abort before locking the write set,optimization,TicToc: Time Traveling Optimistic Concurrency Control,SIGMOD 2016,2016,DOI 10.1145/2882903.2882935,"§5.2, §6.4 (Fig. 9, 10)",tuple の TS_word から最新 wts を原子的に読めること。local な wts / rts から求める近似 commit timestamp (read-set の wts 以上、write-set の rts+1 以上)。,delay-on-conflict,validation の read-set 失敗が見込める transaction を、write-set の lock を取る前に abort して、他 transaction を無駄にブロックしない。CCBench Table 1 には分類が無い (footnote で TicToc 固有とされる)。分類は推測。分類は CCBench (PVLDB 13(13)) の 3 要因への当てはめ (推測)。当該論文自身はこの分類を使っていない。,近似 commit timestamp を local wts/rts から計算し、read-set の tuple で '近似 commit ts が local rts を超え、かつ local wts が最新 wts と異なる' なら、lock 取得前に abort する。近似は真の commit timestamp 以下なので、全ての失敗は捕えない。,validation 段の Step 1 (write-set lock) の前に read-set を走査する事前チェックを足す。,TicToc,abort を早めるだけで、通す条件は変えない (追加証明は本文に無い)。,False,"YCSB high contention で throughput 改善への寄与が TPC-C より大きい (Fig. 10 と Fig. 9 の対比, §6.4)。理由は YCSB の各 transaction が validation で多くの tuple を lock するため (§6.4)。","全ての read-set 検証失敗を捕えられない (§5.2)。TPC-C では abort 率は下がらず、abort に費やす時間だけが減る (Fig. 9c, §6.4)。",一部,なし,cc/tictoc/transaction.cc:46 preemptiveAborts ; cc/tictoc/transaction.cc:135 read_internal (#if PREEMPTIVE_ABORTS),CCBench は read 中に tuple が lock されているときだけ appro_commit_ts_ > rts で abort する (read phase 内)。論文の「lock 取得前に read-set 全体を近似 commit ts で走査し local wts が最新と異なるものを落とす」検査は無い。,ccbench-present,親の訂正: 機構の要 (施錠・validation の前に abort を見込める取引を早く落とす) は CCBench の TicToc (read 中に lock を見たときだけ appro_commit_ts > rts で abort、cc/tictoc/transaction.cc:46・135) と Cicada の precheckInValidation (施錠・版の設置前の早期検査) にある。Silo には無いので、Silo へ持ち込むなら『施錠前に read set の TID word を再読して変わっていれば abort』の形になり、validation を開く拡張が要る (段 A の登録条件 (a) を満たさないため候補にしない)。,n/a,observable (abort を早めるだけで commit する取引の読み書きは変わらない),YCSB high contention (zipf 0.9、rratio 0.5、max_ope 16) で効く見込み。原典の根拠は TicToc Fig. 10 (YCSB high contention で寄与が TPC-C の Fig. 9 より大きい)。,Abstract、§1、§2、§3 (3.1-3.7)、§4 (4.1-4.2)、§5 (5.1-5.4)、§6 (6.1-6.6)、§7
tictoc-timestamp-history,A-occ,Timestamp history (per-tuple buffer of past wts),optimization,TicToc: Time Traveling Optimistic Concurrency Control,SIGMOD 2016,2016,DOI 10.1145/2882903.2882935,"§5.3, Fig. 3, §6.4",tuple ごとの固定長 array (直近の wts を数個、値は保持しない)。GC 不要。,none,旧 version の値ではなく wts だけを持つので、version-lifetime の管理対象 (値の保持と回収) には当たらない (推測)。read-set 検証の成功条件を広げる scheduling space の拡大。,read した version の local rts が commit_ts 未満で、最新 wts が local wts と異なるとき、tuple の history buffer に local wts があるか確認する。あれば有効範囲は 'local wts から次の wts まで' なので、commit_ts がその範囲内なら通す。,validation 段 Step 3 (read-set 検証) の失敗分岐に history buffer の照会を足す。write 段で旧 wts を buffer へ追加。,TicToc,旧 version の有効範囲の判定を広げるだけで、serializable のまま (§5.3 の議論)。,False,"効くと示せた workload は無い。TPC-C 4 warehouses・YCSB high contention のいずれでも測定可能な gain なし (Fig. 9, 10, §6.4)。",本文の解釈: 最適化なしでも各 transaction の private workspace が旧 version を保持しており並列に commit できるため、実測で利得が出ない (§6.4)。,一部,なし,cc/tictoc/include/tuple.hh:44 pre_tsw_ ; cc/tictoc/transaction.cc:383 validationPhase / :589 lockWriteSet (#if TIMESTAMP_HISTORY) ; cc/tictoc/transaction.cc:509 writePhase (pre_tsw_ 更新),history は tuple あたり直前の wts 1 個だけ (pre_tsw_)。複数個の buffer ではない。,ccbench-present,直前の wts 1 個の history は cc/tictoc にある (pre_tsw_)。Silo は版の有効期間の概念 (wts/rts) を持たないので移植の対象は無い。,n/a,"conditional:TicToc は直列化順が (commit_ts, 物理 commit 時刻) で commit 順と一致しないため、版 ID に書き手の commit_ts (wts) を使い版順を commit_ts で取る差し込み点に合わせれば",原典で効いた workload が無い (TicToc Fig. 9・Fig. 10 で gain なし)。,Abstract、§1、§2、§3 (3.1-3.7)、§4 (4.1-4.2)、§5 (5.1-5.4)、§6 (6.1-6.6)、§7
tictoc-lower-isolation-levels,A-occ,"Lower isolation levels (snapshot isolation, repeatable read) on the same protocol",optimization,TicToc: Time Traveling Optimistic Concurrency Control,SIGMOD 2016,2016,DOI 10.1145/2882903.2882935,"§5.4, §6.6, Table 1 and Table 2",SI: commit_rts (read) と commit_wts (write) の 2 つの commit timestamp を使う小変更。RR: read-set 検証を省く。,none,isolation を弱めて conflict を減らす方式で、3 分類のどれでもない。serializable ではない。,SI は全 read を commit_rts で、全 write を commit_wts で有効と検証する。RR は read の timestamp が揃わなくてよいので read-set 検証を省く (read して更新した tuple のみ検証)。,validation 段の条件を弱める (Algorithm 2 の小変更)。,TicToc,"serializable ではない (SI・RR)。本論文の serializable 保証は SR のみ (§3, §4)。",False,"YCSB medium contention・40 threads で楽観系の SR から RR への改善は TicToc 4.7%・Silo 5.6% と小さく、2PL 系は DL_DETECT 67.4%・NO_WAIT 200.0% と大きい (Table 1, §6.6)。","high contention では isolation を下げても abort 率が大きくは減らない (Table 2, §6.6)。",なし,なし,,,absent-prereq-mismatch,serializable より弱い分離水準 (SI・RR) にする変更で、本プロジェクトの前提 (serializable) と合わない。規律2 により変異として採用しない。,n/a,observable (read 検証を省くと write skew などの G2 閉路が trace から検出される),段 A の候補にしない。検査器の負例 (G2 を出す対照) としてなら使える。原典の根拠は TicToc Table 1 (楽観系で +4.7〜5.6%)。,Abstract、§1、§2、§3 (3.1-3.7)、§4 (4.1-4.2)、§5 (5.1-5.4)、§6 (6.1-6.6)、§7
mocc-temperature-selective-read-locks,A-occ,Temperature-guided selective pessimistic read locks on top of OCC,protocol-core,Mostly-Optimistic Concurrency Control for Highly Contended Dynamic Workloads on a Thousand Cores,"PVLDB 10(2), pp. 49-59",2016,https://www.vldb.org/pvldb/vol10/p49-wang.pdf,"§3 冒頭, §3.2, Algorithm 1 (read / read_write, 行 9-10 と 15-16), §5.2-5.6",page ごとの temperature 統計 (verification 失敗の近似 count)、threshold H (推奨 10)、queue-based reader-writer lock (MQL) を record header に置く native lock、Retrospective Lock List (RLL)。OCC の commit protocol (Silo / FOEDUS 系)。,delay-on-conflict,temperature が閾値以上の record にだけ read lock を取り、clobbered read による abort を減らす。read lock を取る箇所では待ちが生じる。CCBench §6.1 は MOCC を 'mix of OCC and 2PL-Wait' として Wait 側に置く。分類は CCBench (PVLDB 13(13)) の 3 要因への当てはめ (推測)。当該論文自身はこの分類を使っていない。,temperature が H 以上か、RLL に載っている record への read では read lock を取り、それ以外は OCC どおり lock なしで読む。verification 失敗のたびに該当 page の temperature を上げる。全 read を検証する点は OCC と同じで、lock 取得順の変更は serializability に影響しない (§3.3.2)。,"read 段: temp(t) >= H または t in RLL なら lock(t, mode)。commit 段: write-set を sort して lock -> read-set を検証 -> 失敗なら temperature を上げて abort。abort 後: construct_rll() (再試行用)。",FOEDUS (OCC、Silo 系 commit protocol) に MQL を足した MOCC,serializable。read を commit 時に検証するので lock の取り方に関わらず serializable (§3.3.2 の議論)。形式証明は読んだ範囲に無い。,False,"高 conflict YCSB (50 records、288 cores、10 record/transaction で RMW 数を 0-10 に変化) で OCC (FOEDUS) に対し abort 率を大きく下げ throughput を維持 (Fig. 7, §5.4)。Abstract は 8× (OCC) と 23× (悲観 lock) と記載。TPC-C は FOEDUS と同じ 16.9 MTPS (Table 3, §5.2)。long-scan 混在 (scan 1,000 records) で 199.6 kTPS、FOEDUS は 10.5 kTPS・abort 99.55%、PCC は 25.7 kTPS (Table 4, §5.6)。","H=0 (常に read lock) は no-conflict 期に 24× 遅い、H=20 は 2^20 回の abort が要り実質 OCC (Fig. 8, §5.5)。user code が非決定的だと RLL でも abort しうる (§3.3.3)。別論文 (CCBench §4.2) は read-only workload で 168 threads 超では Silo を下回る (MOCC の overhead) と報告 (本論文の主張ではない)。",あり,なし,cc/mocc/transaction.cc:255 read_internal (RLL 該当 :281 / temp >= threshold :297 で read lock、それ以外は OCC 読み) ; cc/mocc/transaction.cc:987 validation (全 read を検証、失敗時 failed_verification_ :1039),,ccbench-present,既にある (cc/mocc の read_internal と validation)。Silo に入れるには tuple に reader-writer lock と temperature が要り、MOCC への置換に近い。,n/a,observable (read は commit 時に全検証され、版 ID は TID word のまま),stock の mocc で比較できる。原典の根拠は MOCC Fig. 7 (50 records の高 conflict YCSB)。YCSB で tuple 数を小さく、zipf skew を高く、rmw を混ぜれば作れる。,Abstract、§1、§2、§3 (3.1-3.4)、§4 (4.1-4.3)、§5 (5.1-5.6)、§6、§7
mocc-approximate-counter-page-temperature,A-occ,Per-page temperature with probabilistic (approximate) counters,optimization,Mostly-Optimistic Concurrency Control for Highly Contended Dynamic Workloads on a Thousand Cores,"PVLDB 10(2), pp. 49-59",2016,https://www.vldb.org/pvldb/vol10/p49-wang.pdf,"§3.2, §3.4 (per-page と per-record の議論、threshold と reset)",page ごとの小さな counter。verification 失敗時に確率的に増やす。counter の reset か減算の仕組み。,cpu-cache,page 共有の counter への頻繁な書込みが cache-line 競合になるので、abort 回数を対数で近似し書込み頻度を下げる (§3.2)。分類は CCBench (PVLDB 13(13)) の 3 要因への当てはめ (推測)。当該論文自身はこの分類を使っていない。,temp_p は約 2^temp_p 回の abort を意味する近似 counter とし、abort のたびに現在値を読み、確率 2^-temp_p で increment する。hot な page ほど increment が稀になり、cache-line の無効化が減る。counter は時間とともに reset するか減らす必要がある (§3.4)。,abort 後段 (verification 失敗時) に page の temperature を確率的に更新。read 段で参照。,MOCC,temperature は性能上のヒントであり、serializability には影響しない (§3.3.2 の議論から。推測)。,False,"threshold H は 極端に小さい (0) か大きい (20) 場合を除き感度が低い (§3.4, Fig. 8)。H=4, 8, 10 は新しい hot spot を速く学習し abort 率が直ちに 0 へ (§5.5, Fig. 8)。",per-page なので record 単位より不正確で、RLL が補う (§3.4)。H が小さすぎると散発的な abort に反応して性能が下がる (§5.5)。別論文 (CCBench §3.3) は、周期的な reset が多数の cache line を一斉に無効化して性能を下げると報告 (本論文の主張ではない)。,あり,なし,"cc/mocc/transaction.cc:944 construct_RLL (rnd_.next() % (1 << temp) == 0 で increment) ; cc/mocc/include/tuple.hh:34 Epotemp, :12 TEMP_MAX=20",temperature の単位は page でなく tuple ごとの epotemp_ (tuple.hh)。近似 counter (確率 2^-temp) は同じ。,ccbench-present,既にある (cc/mocc の construct_RLL、tuple ごとの epotemp_)。,n/a,observable,原典の根拠は MOCC Fig. 8 (threshold の感度)。,Abstract、§1、§2、§3 (3.1-3.4)、§4 (4.1-4.3)、§5 (5.1-5.6)、§6、§7
mocc-retrospective-lock-list,A-occ,Retrospective Lock List (RLL) built on abort and used on retry,optimization,Mostly-Optimistic Concurrency Control for Highly Contended Dynamic Workloads on a Thousand Cores,"PVLDB 10(2), pp. 49-59",2016,https://www.vldb.org/pvldb/vol10/p49-wang.pdf,"§3.3.4, Algorithm 1 (construct_rll, on_abort)",abort した transaction の完全な read/write set、temperature 統計、universally consistent な lock 順序。client が同じ transaction を retry すること。,delay-on-conflict,retry で衝突した record を最初から正しい順序で lock して、再 abort と deadlock を避ける。待ちが生じる側の対策。分類は CCBench (PVLDB 13(13)) の 3 要因への当てはめ (推測)。当該論文自身はこの分類を使っていない。,abort 時に、write-set の record を W-mode、read-set のうち verification 失敗または hot page の record を R-mode で RLL に入れ、sort する。retry ではこの list の record に read/write の到着時に、より小さい順序の RLL の lock も一括で取る。RLL の推奨モードは要求モードを上書きする。,abort 後の段で RLL を構築。retry 時の read / read_write 段で RLL を参照して canonical mode を保つ。,MOCC,lock 取得の順序と時期の最適化であり、検証は不変。,False,RLL により retry が canonical mode に収まれば deadlock と abort を免れる。Fig. 7 の高 conflict YCSB と Table 4 の long scan の改善が MOCC 全体の結果 (RLL 単独の ablation は無い)。,user code が非決定的で retry の access set が変わる場合、構造変更 (page split) で lock 順が変わる場合は abort しうる (§3.3.3)。,あり,なし,cc/mocc/transaction.cc:903 construct_RLL (write-set は W、失敗 read か高 temp の read は R で RLL へ、:982 sort) ; cc/mocc/transaction.cc:1084 abort (:1096 で呼ぶ) ; cc/mocc/transaction.cc:281 read_internal (RLL 該当 record は lock),,ccbench-present,既にある (cc/mocc の construct_RLL と read_internal)。,n/a,observable,原典に RLL 単独の ablation は無い (MOCC Fig. 7 と Table 4 の全体値)。,Abstract、§1、§2、§3 (3.1-3.4)、§4 (4.1-4.3)、§5 (5.1-5.6)、§6、§7
mocc-canonical-mode-lock-release-reacquire,A-occ,Non-2PL lock protocol: canonical mode and release/re-acquire before pre-commit,protocol-core,Mostly-Optimistic Concurrency Control for Highly Contended Dynamic Workloads on a Thousand Cores,"PVLDB 10(2), pp. 49-59",2016,https://www.vldb.org/pvldb/vol10/p49-wang.pdf,"§3.3.1, §3.3.2, Algorithm 1 (lock(), 行 26-36)、§4.3 Table 1",全 thread で一貫した lock の全順序 (論理 ID = shared memory segment ID + offset)。cancellable な lock (try / asynchronous mode)。commit 時に read を全て検証する OCC の枠組み。,delay-on-conflict,read lock を取ることで壊れる OCC の deadlock-free 性を、lock の解放と再取得で回復して、集中型の deadlock 検出を使わずに済ます。分類は CCBench (PVLDB 13(13)) の 3 要因への当てはめ (推測)。当該論文自身はこの分類を使っていない。,現在の保持 lock より順序が小さい lock を要求すると canonical mode から外れる。その場合、順序が大きい保持 lock を解放して canonical mode に戻し、要求 lock を無条件に取る。違反が多いときは解放せず try / asynchronous mode で取り、待ちが長ければ abort する。read は commit 時に検証されるので、2PL のように growing/shrinking 相に縛られない。,read 段の lock() で違反 lock を解放。commit 段の write lock でも、record の移動で順序が変わった場合に同じ手当てをする。,MOCC (OCC ベース),serializable。MOCC は commit で read を検証するため、locks の取得・解放・再取得の順序に関わらず serializability が保たれる (§3.3.2)。,False,abort の主因を deadlock でなく verification 失敗に限定できる。Fig. 7 で PCC・Dreadlock・WaitDie・BlindDie (deadlock 由来の abort) より abort 率が低い (§5.4)。個別の ablation は無い。,解放して再取得する lock が多いとコストが高い (§3.3.2)。その場合は non-canonical mode の try 取得に切り替える。解放で verification 失敗の危険がわずかに増える (§3.3.2)。,一部,なし,cc/mocc/transaction.cc:721 lock (:836 canonical 違反時に順序の大きい lock を解放、:861 RLL の小さい順を無条件取得) ; cc/mocc/transaction.cc:771 (違反 100 超で try lock),違反が多いときの動作は try lock で取れなければ abort。論文の asynchronous mode (qnode を残して後で確認) は無い。RWLOCK 版のみで動く。,ccbench-present,canonical mode の解放・再取得と try lock は cc/mocc の lock にある (asynchronous mode は無い)。,n/a,observable,原典に単独の ablation は無い (MOCC Fig. 7 の全体比較)。,Abstract、§1、§2、§3 (3.1-3.4)、§4 (4.1-4.3)、§5 (5.1-5.6)、§6、§7
mocc-queuing-lock-mql,A-occ,MOCC Queuing Lock (MQL): cancellable queue-based reader-writer native lock,optimization,Mostly-Optimistic Concurrency Control for Highly Contended Dynamic Workloads on a Thousand Cores,"PVLDB 10(2), pp. 49-59",2016,https://www.vldb.org/pvldb/vol10/p49-wang.pdf,"§4 (4.1-4.3), Fig. 4, Fig. 5, Table 1",record header 内の native lock (tail、nreaders、next_writer)。要求ごとの qnode (type、prev、granted、busy、stype、status、next)。doubly-linked list、XCHG・CAS。,cpu-cache,queue-based lock で共有 lock word への spin による cache-line ping-pong を避け、reader-writer と cancellation を備えて MOCC に必要な mode (unconditional / try / asynchronous) を提供する。分類は CCBench (PVLDB 13(13)) の 3 要因への当てはめ (推測)。当該論文自身はこの分類を使っていない。,fair 版 reader-writer MCS lock を土台に、cancellation のため qnode に prev を加えて双方向にする。unconditional (canonical mode)、try (即座に諦める)、asynchronous (qnode を残して後で確認) を提供する。,lock 取得段 (read 段の read lock、commit 段の write lock) の実装。,MOCC (FOEDUS の MCS lock を置き換え),lock の機構であり、正しさは MOCC の検証で担保。MQL 自体の完全な algorithm は extended version [44] (本文は省略)。,False,"MQL 単独の ablation は無い。read-only・高 contention YCSB で read lock を取る PCC・Dreadlock は MOCC/FOEDUS の 170× 遅い (Fig. 6, §5.3。これは read lock の有無の差)。別論文 (CCBench §3.3) は MQL を実装せず reader/writer lock で代替 (4 NUMA node では効果が限られるとの理由) と報告。",,一部,なし,"cc/mocc/include/lock.hh:92 MQLock ; cc/mocc/lock.cc:577 acquire_writer_lock / :678 cancel_writer_lock (全体が #ifdef MQLOCK, :13) ; cc/mocc/CMakeLists.txt:5 (既定は RWLOCK)","MQL 本体 (cancellable, try, prev 付き qnode) は実装されているが MQLOCK は既定で無効で、transaction.cc 側の MQLOCK 枝は tuple->mqlock / this->status など名前が合わず (推測: build できない) 到達しない。実際に走るのは ReaderWriterLock。",ccbench-present,MQL 本体は cc/mocc/lock.cc にあるが、MQLOCK は既定で無効で transaction.cc 側の枝は build できない見込み (照合の推測)。既定で走るのは ReaderWriterLock。,n/a,observable (lock の実装差で読み書きの意味は変わらない),原典に MQL 単独の ablation は無い。CCBench 論文は 4 NUMA node では効果が限られるとして実装を代替した。,Abstract、§1、§2、§3 (3.1-3.4)、§4 (4.1-4.3)、§5 (5.1-5.6)、§6、§7
ccbench-decentralized-ordering,A-occ,DecentralizedOrdering (avoid a single shared counter),optimization,An Analysis of Concurrency Control Protocols for In-Memory Databases with CCBench,"PVLDB 13(13), pp. 3531-3544",2020,DOI 10.14778/3424573.3424575,§3.2 (1)、§5.1、Fig. 5、Fig. 6、Table 1,共有 counter を使わない ordering (Silo の epoch + 分散 TID、TicToc の data-driven timestamp、MOCC、Cicada の分散 timestamp)。,cpu-cache,"3 分類は CCBench 自身の定義 (Abstract: 'CPU cache, delay on conflict, and version lifetime'、Table 1 の見出しは Cache / Delay / Version Lifetime)。cache 要因のうち cache-line conflict (共有 counter への書込み集中) を避ける最適化。",共有 counter への競合アクセスを除く。集中型の ordering を使う SI と ERMIA は scheduling space が広いのに scale しない。fetch_add の micro-benchmark で、thread 数が増えると L3 miss 率が上がり throughput が下がる。,ordering 段 (timestamp / TID の発行) を集中 counter から分散生成へ替える。,CCBench (Masstree を共通の access method とする単一 platform 上の 7 protocol、224 threads),correctness は各 protocol に依存 (この節の主題ではない)。,False,"YCSB-B (cardinality を 10^3-10^9 に変化、payload 4 B、224 threads、skew 0、10 ops/trans) で ERMIA と SI は scale しない (Fig. 5, §5.1)。fetch_add では 1 thread が最良で、L3 miss 率は 56 threads (2 socket) 超で上がり 112 threads (4 socket) 以上で 30% 以上 (Fig. 6, §5.1)。",,あり,あり,"cc/silo/transaction.cc:567 (TID を共有 counter なしで決定) ; cc/cicada/include/time_stamp.hh:30 generateTimeStamp (rdtscp + thread id) ; cc/ermia/transaction.cc:602, cc/si/transaction.cc:479 (++Lsn: 集中型が残る)",,ccbench-present,既にある (Silo の TID 決定に共有 counter が無い)。,n/a,observable,基準線に含まれる。原典の根拠は CCBench Fig. 5・Fig. 6 (fetch_add の L3 miss 率)。,Abstract、§1、§2、§3 (3.1-3.4)、§4 (4.1-4.3)、§5 (5.1-5.3)、§6 (6.1-6.2)、§7 (7.1-7.3)、§8、§9
ccbench-invisible-reads,A-occ,InvisibleReads (reads do not update metadata),optimization,An Analysis of Concurrency Control Protocols for In-Memory Databases with CCBench,"PVLDB 13(13), pp. 3531-3544",2020,DOI 10.14778/3424573.3424575,§3.2 (2)、§5.3、Fig. 7、Insight 2、Table 1 (脚注 β),read が metadata を更新しない protocol 設計 (Silo・MOCC の非 hot record)。TicToc は read timestamp を更新するので該当しない。,cpu-cache,"3 分類は CCBench 自身の定義 (Abstract: 'CPU cache, delay on conflict, and version lifetime'、Table 1 の見出しは Cache / Delay / Version Lifetime)。cache 要因のうち cache-line conflict を避ける最適化。",read 操作が共有 metadata に書かないので、read ごとに cache line を専有せず cache-line conflict が起きない。TicToc は conflict 解決 (timestamp history 管理・early abort 判定・read timestamp 更新) に追加命令が要り、InvisibleReads を組み込みにくい。,read 段: 共有 metadata を更新しない。MOCC は hot record にだけ read lock を取り、非 hot record には invisible read を使う (Table 1 脚注 β)。,CCBench (Masstree を共通の access method とする単一 platform 上の 7 protocol、224 threads),correctness は各 protocol に依存 (この節の主題ではない)。,False,"cardinality 10^6 (Silo-1M) で Silo は TicToc-1M を常に上回る。abort 率と L3 miss 率はほぼ同じ (Fig. 7a-7c, §5.3)。read 90% でも cardinality 10^3 の Silo-1K が TicToc-1K を上回る (Fig. 7a)。条件: 224 threads、payload 4 B、skew 0、10 ops/trans (Fig. 7)。","cardinality 10^3 かつ write-intensive では TicToc-1K が Silo-1K を上回り、Silo-1K の abort 率がより悪い (Fig. 7a, 7b, §5.3)。",あり,あり,cc/silo/transaction.cc:243 read_internal (共有 metadata へ書かない) ; cc/cicada/transaction.cc:79 read_internal (ただし rts 更新は validation で CAS),,ccbench-present,既にある (cc/silo の read_internal は共有 metadata に書かない)。,n/a,observable,基準線に含まれる。原典の根拠は CCBench Fig. 7a-7c (Silo と TicToc の比較)。,Abstract、§1、§2、§3 (3.1-3.4)、§4 (4.1-4.3)、§5 (5.1-5.3)、§6 (6.1-6.2)、§7 (7.1-7.3)、§8、§9
ccbench-nowait-or-wait,A-occ,NoWait or Wait (immediate abort and retry versus waiting for lock release),optimization,An Analysis of Concurrency Control Protocols for In-Memory Databases with CCBench,"PVLDB 13(13), pp. 3531-3544",2020,DOI 10.14778/3424573.3424575,§3.2 (3)、§6.1、Fig. 8、Fig. 9、Insight 3、Table 1 (脚注 γ),lock を持つ protocol (2PL、MOCC、Silo の commit lock、TicToc の validation lock)。Wait には deadlock 回避のための lock 順序 (実験では事前に整列)。,delay-on-conflict,"3 分類は CCBench 自身の定義 (Abstract: 'CPU cache, delay on conflict, and version lifetime'、Table 1 の見出しは Cache / Delay / Version Lifetime)。conflict を待つか、abort して再試行するかを選ぶ最適化 (delay 要因)。",conflict を検出したら取得済みの lock を全て放して直ちに再試行 (NoWait)、または lock の解放を待つ (Wait)。どちらが良いかは transaction の長さと contention に依存する。,lock 取得段: 取れないときの動作を選ぶ。CCBench では Silo にも NoWait を適用した (Table 1 脚注、Fig. 10c)。,CCBench (Masstree を共通の access method とする単一 platform 上の 7 protocol、224 threads),correctness は各 protocol に依存 (この節の主題ではない)。,False,"YCSB-B (100M records、224 threads、payload 4 B) で transaction が長い (ops/trans 増、skew 0.8) と Wait が NoWait を上回り始める (Fig. 9a, §6.1)。Silo は NoWait が元の Silo を上回る (Fig. 10c, §6.1)。","skew 0.60-0.85 (10 ops/trans) では 2PL-Wait と 2PL-NoWait は同程度で、abort-retry と lock 待ちのコストが近い (Fig. 8, §6.1)。",あり,あり,"cc/silo/transaction.cc:161 (#if NO_WAIT_LOCKING_IN_VALIDATION / :165 #elif NO_WAIT_OF_TICTOC) ; cc/tictoc/transaction.cc:340,564,574 ; cc/ss2pl/transaction.cc:172 (DLR0: 待つ) / :178 (DLR1: no-wait、既定)",,ccbench-present,既にある (Silo は既定で no-wait、NO_WAIT_OF_TICTOC で全解放して上限なしに取り直し。ss2pl の DLR0 は上限なしに待つだけ)。上限つきで待ってから abort する中間の形は無く、それは v1 の施錠衝突 hook で表せる。,n/a,observable,原典の根拠は CCBench Fig. 9a (ops/trans 増・skew 0.8 で Wait が上回る) と Fig. 10c。YCSB の max_ope と zipf skew で作れる。,Abstract、§1、§2、§3 (3.1-3.4)、§4 (4.1-4.3)、§5 (5.1-5.3)、§6 (6.1-6.2)、§7 (7.1-7.3)、§8、§9
ccbench-adaptive-backoff,A-occ,AdaptiveBackoff (artificial delay before restarting an aborted transaction),optimization,An Analysis of Concurrency Control Protocols for In-Memory Databases with CCBench,"PVLDB 13(13), pp. 3531-3544",2020,DOI 10.14778/3424573.3424575,"§2.1 (Cicada の説明)、§3.2 (5)、§4.1 (Fig. 2c, T+BO)、§6.1、Table 1、§4.3 (Fig. 4)",abort 後の再試行前に待つ時間を決める仕組み。決定には全 worker thread の情報 (global information) を使う。,delay-on-conflict,"3 分類は CCBench 自身の定義 (Abstract: 'CPU cache, delay on conflict, and version lifetime'、Table 1 の見出しは Cache / Delay / Version Lifetime)。abort 後の再試行を遅らせて contention を抑える最適化 (delay 要因)。Cicada 由来。",abort した transaction の再開前に人工的な待ちを入れて、同時に競合する worker 数を減らす。CCBench では全 protocol に付与した (Table 1)。本文は algorithm を再記述せず Cicada の論文 [35] を参照する。,abort 後段: restart 前に delay を挿入する。,Cicada (原典)。CCBench が全 protocol に適用,correctness に影響しない待ち。,False,"YCSB high contention (16 queries/trans、50% read、skew 0.9) で TicToc に AdaptiveBackoff を付ける (T+BO) と TicToc 原論文の曲線が再現された (Fig. 2c, §4.1)。全 protocol への付与は Fig. 4a-4d (§4.3)。",本文に単独の悪化条件の記述は無い (不明)。§4.1 は、TicToc 原版 (NoWaitTT の固定 delay) は高 contention で低いと述べる。,あり,あり,"include/backoff.hh:44 update_backoff (山登り) ; include/backoff.hh:94 backoff / :112 leaderBackoffWork ; cc/silo/transaction.cc:42 abort (#if BACK_OFF), :717 leaderWork ; cc/mocc/transaction.cc:1104","刻み・周期・上限は Cicada 論文の値と違う (kIncrBackoff=100, 更新周期 10us, 上限 1000; 0.5 の版はコメントアウト)。",ccbench-present,既にある (include/backoff.hh、全 protocol で全体共有の 1 値を commit 数の勾配で ±100 µs 山登り、乱数なし)。worker ごとの待ちは v1 の abort 後 hook で表せる。,n/a,observable (待ち時間だけで読み書きの意味は変わらない),原典の根拠は CCBench Fig. 2c と Fig. 4a-4d。YCSB high contention (max_ope 16、rratio 0.5、zipf 0.9) で作れる。,Abstract、§1、§2、§3 (3.1-3.4)、§4 (4.1-4.3)、§5 (5.1-5.3)、§6 (6.1-6.2)、§7 (7.1-7.3)、§8、§9
ccbench-read-phase-extension,A-occ,ReadPhaseExtension (artificial delay added to the read phase; proposed in this paper),optimization,An Analysis of Concurrency Control Protocols for In-Memory Databases with CCBench,"PVLDB 13(13), pp. 3531-3544",2020,DOI 10.14778/3424573.3424575,§6.2、Fig. 10 (a-c)、Insight 4、Table 1 (脚注 α),read phase 中に得る record ごとの conflict 情報 (thread-local)。遅延の長さを決める設定 (clock 数)。,delay-on-conflict,"3 分類は CCBench 自身の定義 (Abstract: 'CPU cache, delay on conflict, and version lifetime'、Table 1 の見出しは Cache / Delay / Version Lifetime)。Table 1 は Delay 群に置く。OCC の extra read (2 回以上の read) が contention を緩める効果から着想。",read phase に人工的な遅延を足して、validation に同時に入る thread 数を減らし、read validation 失敗を減らす。payload が大きいと extra read が増えて throughput が上がる現象と相関があり、そこから着想した。AdaptiveBackoff が全 thread の global 情報だけを使うのに対し、record ごとの局所 conflict 情報を使える点が違う。,read 段: 適量の sleep (clock 数で設定) を挿入。,Silo・TicToc・MOCC・Cicada に付与 (Table 1),correctness に影響しない待ち。,False,"YCSB-A、100M records、224 threads、skew 0.9、10 ops/trans、payload 4 B で、適量の追加遅延 (9000 clocks 未満) が Silo と TicToc の throughput を改善 (Fig. 10c, §6.2)。payload を増やしても extra read 数と throughput の曲線が似る (Fig. 10a, 10b)。","payload が大きくなると OCC の性能は下がる (Fig. 10a の右半分, §6.2)。9000 clocks 超の効果は本文に明記が無い。",あり,あり,cc/silo/transaction.cc:278 read_internal (#if SLEEP_READ_PHASE) ; cc/tictoc/transaction.cc:68 (#if SLEEP_READ_PHASE),固定 clock 数を read ごとに sleep する静的な値。record 単位の局所情報で決める版ではない。,ccbench-present,固定 clock 数の遅延は既にある (cc/silo の SLEEP_READ_PHASE)。record ごとの局所 conflict 情報で遅延を決める版は無く、それを入れるには read の経路を開く必要がある。,n/a,observable (待ち時間だけで読み書きの意味は変わらない),原典の根拠は CCBench Fig. 10c (YCSB-A、skew 0.9、10 ops/trans、224 threads で 9000 clocks 未満の遅延が有効)。YCSB で作れる。,Abstract、§1、§2、§3 (3.1-3.4)、§4 (4.1-4.3)、§5 (5.1-5.3)、§6 (6.1-6.2)、§7 (7.1-7.3)、§8、§9
ccbench-assertive-version-reuse,A-occ,AssertiveVersionReuse (thread-local version cache; proposed in this paper),optimization,An Analysis of Concurrency Control Protocols for In-Memory Databases with CCBench,"PVLDB 13(13), pp. 3531-3544",2020,DOI 10.14778/3424573.3424575,§3.3 'CCBench' 段落、§3.2 (6)、§7.1、Table 1 (脚注 δ)、Fig. 1 (version cache),worker thread ごとの version 用 container ('version cache')。GC 開始時に回収した version を入れる。実験前に必要空間を見積もって事前確保する。,version-lifetime,"3 分類は CCBench 自身の定義 (Abstract: 'CPU cache, delay on conflict, and version lifetime'、Table 1 の見出しは Cache / Delay / Version Lifetime)。MVCC の版の生成と回収が memory manager に負荷をかける問題への最適化。",各 worker が将来の再利用のための container を持ち、GC で回収した version をそこへ入れる。新 version は container から取り、空のときだけ memory manager へ要求する。空間は実験前に事前確保する。,GC 後段: 回収 version を container へ。write 段: 新 version を container から取得。,MVCC protocol (SI、ERMIA、Cicada) に全 case で適用,memory 管理の工夫で、correctness に影響しない。,,個別の ablation 図は読んだ範囲に無い。§7.1 は、この方式で空間確保を事前に済ませたので new page の確保費用は以降の結果で無視できる、と述べる。,,あり,なし,cc/cicada/include/transaction.hh:217 newVersionGeneration (#if REUSE_VERSION) ; cc/cicada/include/transaction.hh:186 gcAfterThisVersion (回収 version を worker の container へ) ; cc/cicada/include/common.hh:50 pre_reserve_version=10000,,ccbench-present,既にある (cc/cicada の REUSE_VERSION)。Silo は単版で版の確保が無いので移植の対象は無い。,n/a,conditional:Cicada は開始時 timestamp の順が直列化順で commit 順と一致しないため、版 ID に書き手の wts を使い版順・直列化順を timestamp で取る差し込み点に合わせれば,原典に単独の ablation 図は無い (CCBench §7.1 の記述のみ)。,Abstract、§1、§2、§3 (3.1-3.4)、§4 (4.1-4.3)、§5 (5.1-5.3)、§6 (6.1-6.2)、§7 (7.1-7.3)、§8、§9
ccbench-rapid-gc,A-occ,"RapidGC (frequent updates of the GC timestamp watermark, from Cicada)",optimization,An Analysis of Concurrency Control Protocols for In-Memory Databases with CCBench,"PVLDB 13(13), pp. 3531-3544",2020,DOI 10.14778/3424573.3424575,§3.2 (7)、§7.1、Fig. 14、§7.2、Insight 6、Table 1,MVCC の version 連鎖、timestamp watermark (最古の活動 transaction の下限)、短い GC 間隔。,version-lifetime,"3 分類は CCBench 自身の定義 (Abstract: 'CPU cache, delay on conflict, and version lifetime'、Table 1 の見出しは Cache / Delay / Version Lifetime)。可視な version の数を減らして traversal と cache 置換を減らす (version lifetime 要因)。",timestamp watermark を頻繁に更新して、MVCC の古い version を速く回収する。visible version の数が減り、多くが cache に載る。ただし active な長い transaction が読みうる version は回収できない。,GC 段: watermark を短い間隔で更新し、watermark 以下の旧 version を回収する。,Cicada (原典)。CCBench が ERMIA と SI にも全 case で適用,本論文の主題外 (protocol 側の議論)。,False,"YCSB-A (skew 0、1M records、224 threads、payload 4 B、10 ops/trans) で Cicada は GC 間隔が 100 us 以下のとき高 throughput (Fig. 14, §7.1)。","長い transaction が 1 本混じると効かない: throughput は GC 間隔が挿入した delay と同じになった所で飽和する (Fig. 14, §7.2、遅延 0-10 ms 挿入)。1 s の delay は memory 不足で OOM killer に落とされ結果なし (§7.2)。",あり,なし,cc/cicada/util.cc:281 cicadaLeaderWork (min_wts/min_rts 更新) ; cc/cicada/transaction.cc:806 gc_versions / :884 (gc_inter_us=10us) ; cc/cicada/include/tuple.hh:40 getGCRight,Silo は epoch 単位の record 解放のみ (rapid GC 相当なし)。,ccbench-present,既にある (cc/cicada の gc_versions と cicadaLeaderWork)。Silo は単版なので対象が無い。,n/a,conditional:Cicada は開始時 timestamp の順が直列化順で commit 順と一致しないため、版 ID に書き手の wts を使い版順・直列化順を timestamp で取る差し込み点に合わせれば,原典の根拠は CCBench Fig. 14 (GC 間隔 100 µs 以下で高 throughput)。,Abstract、§1、§2、§3 (3.1-3.4)、§4 (4.1-4.3)、§5 (5.1-5.3)、§6 (6.1-6.2)、§7 (7.1-7.3)、§8、§9
ccbench-aggressive-gc,A-occ,AggressiveGC (collect even versions that active transactions may still read; proposal),optimization,An Analysis of Concurrency Control Protocols for In-Memory Databases with CCBench,"PVLDB 13(13), pp. 3531-3544",2020,DOI 10.14778/3424573.3424575,§7.3、Insight 6,version を不可視にする権限を GC に与える MVCC (例として MVTO)。読み失敗時の abort と新 timestamp での再試行。starvation 対策の優先度管理 (wait-die を例示)。,version-lifetime,"3 分類は CCBench 自身の定義 (Abstract: 'CPU cache, delay on conflict, and version lifetime'、Table 1 の見出しは Cache / Delay / Version Lifetime)。長い transaction が visible version の回収を止める問題への提案 (version lifetime 要因)。",active な transaction が将来読むかもしれない version も GC が不可視にして回収し、version 数を抑える。その代わり読みが失敗しうるので、transaction を abort して新 timestamp で再試行する。可視 version は連続でなくてよく、個数も可変にできると主張する。,GC 段: 可視性を GC が変える。read 段: 失敗時に abort。,MVTO 系の protocol (例示のみ、実装なし),論文は議論していない。読み失敗を abort で処理すると述べるのみ。starvation の危険は認めている (§7.3)。,,評価なし。§7.3 は提案だけで、実装・測定を持たない。,starvation の危険がある (§7.3)。,なし,なし,,gc_versions は MinRts 未満の version だけを回収し、active txn が読みうる version を捨てて読み手を abort させる枝は無い。,absent-prereq-mismatch,読まれうる旧版を GC が不可視にする多版前提の提案で、単版の Silo には回収する旧版が無い。,n/a,conditional:多版方式は版 ID が commit TID と対応せず古い版を読むため、版 ID と版順・直列化順 (timestamp 順) を protocol の決定どおりに記録する差し込み点に合わせれば (読み失敗で abort した取引は記録されない),原典は提案のみで評価が無い (CCBench §7.3)。,Abstract、§1、§2、§3 (3.1-3.4)、§4 (4.1-4.3)、§5 (5.1-5.3)、§6 (6.1-6.2)、§7 (7.1-7.3)、§8、§9
ccbench-version-overwriting,A-occ,Version overwriting (new version overwrites the previous version's memory; proposal),optimization,An Analysis of Concurrency Control Protocols for In-Memory Databases with CCBench,"PVLDB 13(13), pp. 3531-3544",2020,DOI 10.14778/3424573.3424575,§7.3、§7.1 (Cicada-SV の実験),write 時に旧 version の領域を直接書き換えられる version 格納 (Cicada の inline version を利用した Cicada-SV)。,version-lifetime,"3 分類は CCBench 自身の定義 (Abstract: 'CPU cache, delay on conflict, and version lifetime'、Table 1 の見出しは Cache / Delay / Version Lifetime)。新 version の生成と旧 version の不可視化を 1 操作にまとめる (version lifetime 要因)。",新 version を旧 version の memory 領域への上書きで作る。旧 version は同時に不可視になる。SVCC と同じ動作で、2 つの操作を 1 つにまとめる。,write 段: 新領域確保ではなく上書き。,SVCC (Silo など) の方式を MVCC へ提案。§7.1 の Cicada-SV は Cicada の inline version を上書きする変種,議論なし (提案)。Cicada-SV は contention に弱いので完全分割 workload で使った (§7.1)。,,"Cicada-SV と Silo の latency はほぼ同じ (Fig. 13, §7.1、contention を避けた完全分割 workload)。Cicada の overhead は version 連鎖の traversal に帰属する (Fig. 12, 13)。",Cicada-SV は contention にうまく対処できない (§7.1)。,一部,あり,cc/silo/transaction.cc:658 (単一 version protocol は in place 上書き),上書きが起きるのは単一 version の Silo/TicToc/MOCC だけ。MVCC 系 (Cicada/MVTO/ERMIA/SI/Oze) は新 version を別 object で作り旧 version を残す。MVCC で旧 version 領域へ上書きする枝は無い。,ccbench-present,単版の Silo は既に in place で上書きする (cc/silo/transaction.cc の writePhase)。提案は多版側への移植で、Silo には関係しない。,n/a,observable,基準線に含まれる。原典の根拠は CCBench Fig. 12・Fig. 13 (完全分割 workload での latency)。,Abstract、§1、§2、§3 (3.1-3.4)、§4 (4.1-4.3)、§5 (5.1-5.3)、§6 (6.1-6.2)、§7 (7.1-7.3)、§8、§9
ccbench-non-visible-write,A-occ,Non-visible write (versions non-visible from the start of their life; proposal),optimization,An Analysis of Concurrency Control Protocols for In-Memory Databases with CCBench,"PVLDB 13(13), pp. 3531-3544",2020,DOI 10.14778/3424573.3424575,§7.3 (NWR: Thomas write rule の一般化 [41]),blind write を扱える順序規則 (non-visible write rule)。MVCC の version 管理。,version-lifetime,"3 分類は CCBench 自身の定義 (Abstract: 'CPU cache, delay on conflict, and version lifetime'、Table 1 の見出しは Cache / Delay / Version Lifetime)。version の生存期間を、生成時点から不可視とすることで縮める提案。",version を作った時点から読まれない状態にする。Thomas write rule を blind write に一般化した non-visible write rule (NWR) [41] を根拠に挙げる。,write 段: version を不可視で作る。,MVCC (提案のみ、実装なし),議論なし。元の NWR [41] に委ねる。,,評価なし (提案のみ)。,,なし,なし,,,absent-silo-feasible,原典は多版向けの提案だが、Silo では blind write (読まずに書く write) を、より新しい版がある場合に書かず省く形 (Thomas write rule の一般化) で入る見込み。省く条件の判定と直列化位置の決め方が要り、正しさの論証は原典に無い (元の NWR に委ねる)。,extend:validation と write phase を開く (blind write の省略判定),conditional:省いた write は版として現れず、その取引の直列化位置が commit 順と異なるため、省いた write の版順を差し込み点で記録すれば,YCSB で rmw を off にした blind write を多くし (rratio 低め、zipf skew 高め) 作れる見込み。原典は提案のみで性能根拠の表・図は無い。,Abstract、§1、§2、§3 (3.1-3.4)、§4 (4.1-4.3)、§5 (5.1-5.3)、§6 (6.1-6.2)、§7 (7.1-7.3)、§8、§9
ccbench-silo-epoch-cacheline-padding,A-occ,Padding the global epoch to a cache-line (Silo implementation in CCBench),optimization,An Analysis of Concurrency Control Protocols for In-Memory Databases with CCBench,"PVLDB 13(13), pp. 3531-3544",2020,DOI 10.14778/3424573.3424575,§3.3 'Silo' 段落、§4.1 (epoch 周期を 40 ms より長く),64 bit の global epoch 変数。cache-line 単位の配置。,cpu-cache,"3 分類は CCBench 自身の定義 (Abstract: 'CPU cache, delay on conflict, and version lifetime'、Table 1 の見出しは Cache / Delay / Version Lifetime)。global epoch の false sharing を避ける (cache-line conflict)。",global epoch (64 bit) を cache-line 大きさへ padding して、epoch 更新による false sharing を減らす。再現実験では epoch 周期を 40 ms より長くして epoch への cache-line conflict をほぼ無くした。,実装 (データ配置)。protocol の段には触れない。,Silo (CCBench 上),correctness に影響しない。,,単独の測定は読んだ範囲に無い。,,あり,あり,cc/silo/include/common.hh:19 GlobalEpoch (uint64_t_64byte) ; include/int64byte.hh:9 alignas(CACHE_LINE_SIZE) obj_ ; cc/silo/include/common.hh:34 epoch_time 既定 40 ms,,ccbench-present,既にある (cc/silo/include/common.hh の GlobalEpoch を cache line に揃える)。,n/a,observable,基準線に含まれる。単独の測定は原典に無い。,Abstract、§1、§2、§3 (3.1-3.4)、§4 (4.1-4.3)、§5 (5.1-5.3)、§6 (6.1-6.2)、§7 (7.1-7.3)、§8、§9
ccbench-fused-commit-tid-calculation,A-occ,Fusing commit-TID calculation into write-lock acquisition and read verification (Silo),optimization,An Analysis of Concurrency Control Protocols for In-Memory Databases with CCBench,"PVLDB 13(13), pp. 3531-3544",2020,DOI 10.14778/3424573.3424575,§3.3 'Silo' 段落,Silo の commit TID (read-set と write-set の全 TID より大きい値) の算出。,none,commit 経路の命令数 (loop 回数) の削減であり、cache / delay / version lifetime のどれにも当てはまらない。,commit TID の算出に read-set と write-set の 2 つの loop が要り高価なので、write lock 取得時と read 検証時に算出を済ませ、2 つの loop を無くす。,commit 段: Phase 1 (write lock) と Phase 2 (read 検証) の各 loop 内で TID の最大値を更新し、別の走査を省く。,Silo (CCBench 上),correctness に影響しない実装上の融合 (論文は議論していない)。,False,単独の測定は読んだ範囲に無い。,,あり,あり,cc/silo/transaction.cc:191 lockWriteSet (max_wset_) ; cc/silo/transaction.cc:474 validationPhase (max_rset_) ; cc/silo/transaction.cc:567 writePhase,,ccbench-present,既にある (cc/silo の lockWriteSet と validationPhase で max_wset_/max_rset_ を求める)。,n/a,observable,基準線に含まれる。単独の測定は原典に無い。,Abstract、§1、§2、§3 (3.1-3.4)、§4 (4.1-4.3)、§5 (5.1-5.3)、§6 (6.1-6.2)、§7 (7.1-7.3)、§8、§9
ccbench-tictoc-skip-redundant-rts-update,A-occ,Skipping redundant read-timestamp updates (TicToc implementation improvement),optimization,An Analysis of Concurrency Control Protocols for In-Memory Databases with CCBench,"PVLDB 13(13), pp. 3531-3544",2020,DOI 10.14778/3424573.3424575,§3.3 'TicToc' 段落 (原論文の Algorithm 5 の改良),TicToc の tuple ごとの rts。,cpu-cache,"3 分類は CCBench 自身の定義 (Abstract: 'CPU cache, delay on conflict, and version lifetime'、Table 1 の見出しは Cache / Delay / Version Lifetime)。共有 metadata への不要な書込みを減らす (cache-line conflict、推測)。",記録された read timestamp が既存の値と同じなら更新しない。原論文の Algorithm 5 の冗長な rts 更新を除く。,validation 段: rts 延長の CAS を、値が変わらないときは行わない。,TicToc (CCBench 上),correctness に影響しない (同値の更新の省略)。,False,本文は 'effective' と述べるが、測定値は読んだ範囲に無い。,,あり,なし,cc/tictoc/transaction.cc:377 (rts() < commit_ts_ のときだけ処理) ; cc/tictoc/transaction.cc:431 (v1.rts() < commit_ts_ のときだけ CAS),,ccbench-present,既にある (cc/tictoc の validationPhase)。Silo には rts が無いので対象外。,n/a,"conditional:TicToc は直列化順が (commit_ts, 物理 commit 時刻) で commit 順と一致しないため、版 ID に書き手の commit_ts (wts) を使い版順を commit_ts で取る差し込み点に合わせれば",単独の測定は原典に無い。,Abstract、§1、§2、§3 (3.1-3.4)、§4 (4.1-4.3)、§5 (5.1-5.3)、§6 (6.1-6.2)、§7 (7.1-7.3)、§8、§9
ccbench-mocc-temperature-reset-epoch,A-occ,Recording the epoch of the last reset together with the temperature (MOCC implementation improvement),optimization,An Analysis of Concurrency Control Protocols for In-Memory Databases with CCBench,"PVLDB 13(13), pp. 3531-3544",2020,DOI 10.14778/3424573.3424575,§3.3 'MOCC' 段落,MOCC の temperature 情報。epoch ID。,cpu-cache,"3 分類は CCBench 自身の定義 (Abstract: 'CPU cache, delay on conflict, and version lifetime'、Table 1 の見出しは Cache / Delay / Version Lifetime)。周期 reset が多数の cache line を一斉に無効化するのを避ける (cache-line conflict)。",最新の reset の epoch ID を temperature と一緒に格納し、同じ epoch 内の重複 reset を避ける。cache-line 競合と reset 回数が減り、temperature の細かい制御が保てる。,read / abort 段で temperature を参照・更新するとき、epoch ID を比較して reset 要否を決める。,MOCC (CCBench 上),correctness に影響しない (temperature は性能ヒント)。,False,本文に測定値は無い (読んだ範囲)。,,あり,なし,"cc/mocc/transaction.cc:926 construct_RLL (#if TEMPERATURE_RESET_OPT, epoch が違うときだけ reset) ; cc/mocc/include/tuple.hh:34 Epotemp (temp と epoch を 1 word)",,ccbench-present,既にある (cc/mocc の TEMPERATURE_RESET_OPT)。,n/a,observable,単独の測定は原典に無い。,Abstract、§1、§2、§3 (3.1-3.4)、§4 (4.1-4.3)、§5 (5.1-5.3)、§6 (6.1-6.2)、§7 (7.1-7.3)、§8、§9
ccbench-ermia-onedim-mapping-table,A-occ,One-dimensional transaction mapping table latched by CAS (ERMIA implementation),optimization,An Analysis of Concurrency Control Protocols for In-Memory Databases with CCBench,"PVLDB 13(13), pp. 3531-3544",2020,DOI 10.14778/3424573.3424575,§3.3 'ERMIA' 段落,ERMIA の transaction mapping table (thread 番号・TID・cstamp・last cstamp)。latch-free SSN。,cpu-cache,"3 分類は CCBench 自身の定義 (Abstract: 'CPU cache, delay on conflict, and version lifetime'、Table 1 の見出しは Cache / Delay / Version Lifetime)。table を 2 次元 array の lock manager 越し更新から、1 次元 array の CAS へ替えて直列化と cache-line conflict を避ける。",2 次元の global array で lock manager が更新・読みを直列化する設計を、1 次元 array に替えて CAS で latch できるようにする。latch-free SSN と併用する。,commit 段 (SSN の検証) の table 更新。,ERMIA (SI + latch-free SSN、CCBench 上),correctness に影響しない構造変更 (SSN の意味論は不変とされる)。,False,本文に測定値は無い。'performance was improved' とのみ (§3.3)。,,あり,なし,"cc/ermia/include/common.hh:88 TransactionTable** TMT (thread 添字の 1 次元 array) ; cc/ermia/transaction.cc:81 begin (storeRelease(TMT[thid_], newElement))",,ccbench-present,既にある (cc/ermia の TMT)。Silo には mapping table が無いので対象外。,n/a,conditional:ERMIA (SI+SSN) の版 ID は cstamp で、SI は古い版を読むため、版 ID に書き手の cstamp を使い版順を cstamp で取る差し込み点に合わせれば,単独の測定は原典に無い。,Abstract、§1、§2、§3 (3.1-3.4)、§4 (4.1-4.3)、§5 (5.1-5.3)、§6 (6.1-6.2)、§7 (7.1-7.3)、§8、§9
abyss-dl-detect,A-occ,2PL with deadlock detection (DL_DETECT),design-dimension,Staring into the Abyss: An Evaluation of Concurrency Control with One Thousand Cores,"PVLDB 8(3), pp. 209-220",2014,https://www.vldb.org/pvldb/vol8/p209-yu.pdf,§2.1、§4.2、Fig. 4、Fig. 5、Table 2,waits-for graph、中央 (または分割) deadlock detector、abort 対象の選択方針。timeout threshold。,delay-on-conflict,3 分類 (CCBench) への当てはめは推測。Abyss 自身は bottleneck の語 (lock thrashing、timestamp allocation、memory copy など) で整理する。,waits-for graph を監視して cycle を見つけたら 1 transaction を abort して cycle を切る。lock を待つ間も既に取った lock を保持するため、高 contention で他 transaction をブロックする lock thrashing が起きる。,lock 取得段: 取れなければ待つ。detector を並行に走らせる。,2PL (自前 main-memory DBMS、Graphite simulator 上で 1024 core まで),serializable (古典的 2PL)。本論文は証明を載せない。,False,"低 contention ではスケールする (Table 2, §5.2)。","lock thrashing が主 bottleneck: 書込み集中 YCSB (theta=0.8) では 16 core で頭打ち、theta=0.6 では数百 core で頂点 (Fig. 4, §4.2)。medium contention の 256 core で thrash (Fig. 9, §5.2)。",なし,なし,,,absent-prereq-mismatch,2PL の waits-for graph と lock 待ちが前提。Silo は commit 時の施錠を key 順に揃えるので deadlock が起きず、検出の対象が無い。,n/a,conditional:2PL 系 (ss2pl) の trace で版 ID を書き手の commit TID に対応づけ、commit 順を差し込み点で記録すれば,原典の根拠は Abyss Table 2 (低 contention で scale)。,Abstract、§1、§2 (2.1-2.2)、§3 (3.1-3.4)、§4 (4.1-4.3)、§5 (5.1-5.6)、§6 (6.1-6.2)、§7、§8、§10
abyss-no-wait,A-occ,2PL with non-waiting deadlock prevention (NO_WAIT),design-dimension,Staring into the Abyss: An Evaluation of Concurrency Control with One Thousand Cores,"PVLDB 8(3), pp. 209-220",2014,https://www.vldb.org/pvldb/vol8/p209-yu.pdf,"§2.1、§5.2 (Fig. 9, 10)、§5.6、Table 2",lock 要求が拒否されたときに即座に abort する仕組み。中央の contention 点は無い。,delay-on-conflict,3 分類 (CCBench) への当てはめは推測。Abyss 自身は bottleneck の語 (lock thrashing、timestamp allocation、memory copy など) で整理する。CCBench の NoWait に相当。,lock 要求が拒否されたら、要求元を待たせずに即座に abort する。deadlock を疑う段階で先に手を引く。集中点が無く scale するが abort 率が非常に高い。,lock 取得段: 拒否されたら abort。,2PL (自前 DBMS),serializable (古典的 2PL の変種)。,False,"medium contention (theta=0.6、write 50%) で NO_WAIT は最も scalable (Fig. 9a, §5.2)。","high contention (theta=0.8) では最初は最良だが lock thrashing で頭打ち (Fig. 10a, §5.2)。abort 率が非常に高い (Table 2)。本論文の実験では restart が安いので問題にならないが、実際には複数 table・index・materialized view の rollback が高くなりうると注意している (§5.2)。TPC-C 4 warehouses では read と write が互いにブロックし、Payment が伸びない (§5.6.1)。",あり,あり,cc/ss2pl/transaction.cc:178 (#elif DLR1: r_trylock/w_trylock 失敗で abort、:314 で w_trylock) ; cc/silo/transaction.cc:161 (NO_WAIT_LOCKING_IN_VALIDATION),,ccbench-present,既にある (ss2pl の DLR1 が既定、Silo の NO_WAIT_LOCKING_IN_VALIDATION=1 も既定)。,n/a,observable (Silo 側。ss2pl 側は 2PL の trace の差し込み点に依存),原典の根拠は Abyss Fig. 9a (theta 0.6、write 50%)。YCSB の zipf skew と rratio で作れる。,Abstract、§1、§2 (2.1-2.2)、§3 (3.1-3.4)、§4 (4.1-4.3)、§5 (5.1-5.6)、§6 (6.1-6.2)、§7、§8、§10
abyss-wait-die,A-occ,2PL with waiting deadlock prevention (WAIT_DIE),design-dimension,Staring into the Abyss: An Evaluation of Concurrency Control with One Thousand Cores,"PVLDB 8(3), pp. 209-220",2014,https://www.vldb.org/pvldb/vol8/p209-yu.pdf,§2.1、§5.2、Table 2,transaction 開始前の timestamp (年齢) の割当て。,delay-on-conflict,3 分類 (CCBench) への当てはめは推測。Abyss 自身は bottleneck の語 (lock thrashing、timestamp allocation、memory copy など) で整理する。,lock を持つ相手より自分が古ければ待ち、若ければ abort ('dies') して restart する。timestamp 順が deadlock を起こさないことを保証する。,transaction 開始段の timestamp 割当てと、lock 取得段の年齢比較。,2PL (自前 DBMS),serializable (古典的 2PL の変種)。,False,"medium contention (theta=0.6) で 512 core を超えて scale する 2PL 系は NO_WAIT と WAIT_DIE だけ (Fig. 9a, §5.2)。","timestamp allocation の bottleneck と lock thrashing の両方に悩まされる (Table 2)。NO_WAIT より scale しない (Fig. 9a, §5.2)。",なし,なし,,,absent-silo-feasible,Silo は施錠順を key 順に揃えるので deadlock 回避の必要は無く、入るのは「lock の保持者が自分より新しければ待ち、古ければ abort」という年齢による優先の形。保持者の開始時刻を見る手段 (TID word の空き bit か共有表) が要る。,extend:共有状態を開く (lock 保持者の開始時刻を施錠衝突 hook の観測に足す),observable,YCSB で zipf skew 高め、max_ope 長め、thread 数多めで作れる見込み。原典の根拠は Abyss Fig. 9a (2PL での比較で、OCC の commit 施錠での効果は示されていない)。,Abstract、§1、§2 (2.1-2.2)、§3 (3.1-3.4)、§4 (4.1-4.3)、§5 (5.1-5.6)、§6 (6.1-6.2)、§7、§8、§10
abyss-basic-to,A-occ,Basic timestamp ordering (TIMESTAMP),design-dimension,Staring into the Abyss: An Evaluation of Concurrency Control with One Thousand Cores,"PVLDB 8(3), pp. 209-220",2014,https://www.vldb.org/pvldb/vol8/p209-yu.pdf,§2.2、§5.1-5.3、§5.6.1、Table 2,tuple ごとの最終 read / write timestamp。read 時の tuple の local copy。abort 時は新 timestamp で restart。,none,3 分類 (CCBench) への当てはめは推測。Abyss 自身は bottleneck の語 (lock thrashing、timestamp allocation、memory copy など) で整理する。版を持たない T/O で、read のたびに tuple を copy する費用と timestamp 割当てが性能を決める。,read / write のたびに transaction の timestamp と tuple の最終 read / write の timestamp を比べ、遅れた要求を拒否する。read は lock で守られないので、tuple を local に copy して repeatable read を保つ。,read 段: copy と timestamp 比較。abort 後: 新 timestamp で restart。,T/O (自前 DBMS、分散 scheduler),serializable (古典的 basic T/O)。,False,TPC-C 4 warehouses の Payment+NewOrder で、write が read にブロックされない TIMESTAMP と MVCC が他方式より良い (§5.6.1)。,"read-only でも tuple を copy するため overhead が大きい (Fig. 8, §5.1、Table 2)。T/O 系は timestamp allocation の bottleneck (Fig. 8b)。late arrival の read が拒否されて abort (§5.3)。",一部,なし,cc/mvto/transaction.cc:40 read_internal (update_rts :52) ; cc/mvto/transaction.cc:275 validation,CCBench の MVTO は多版で、read は timestamp で version を選び rts を version に記録し、遅れた write を検証で落とす。単一 version の basic T/O (tuple の最終 read/write ts と比較して即拒否、tuple を local copy) は無い。,absent-prereq-mismatch,開始時の timestamp 割当てと tuple ごとの read timestamp の書込みが要り、read が共有メモリに書かない Silo の前提と合わない。Silo の最適化ではなく protocol の置換になる。,n/a,conditional:basic T/O は直列化順が開始時 timestamp の順で commit 順と一致しないため、版順・直列化順を timestamp で記録する差し込み点に合わせれば,原典の根拠は Abyss §5.6.1 (TPC-C 4 warehouses)。CCBench には多版の MVTO があり、単版の basic T/O は無い。,Abstract、§1、§2 (2.1-2.2)、§3 (3.1-3.4)、§4 (4.1-4.3)、§5 (5.1-5.6)、§6 (6.1-6.2)、§7、§8、§10
abyss-mvcc,A-occ,Multi-version concurrency control (MVCC),design-dimension,Staring into the Abyss: An Evaluation of Concurrency Control with One Thousand Cores,"PVLDB 8(3), pp. 209-220",2014,https://www.vldb.org/pvldb/vol8/p209-yu.pdf,§2.2、§5.3 (Fig. 13)、§5.6.2、Table 2,tuple ごとの version list、各 version に付ける timestamp、read 時に見る version の選択。,version-lifetime,3 分類 (CCBench) への当てはめは推測。Abyss 自身は bottleneck の語 (lock thrashing、timestamp allocation、memory copy など) で整理する。複数 version を持つ設計 (version の保持と生成の費用が現れる)。,write のたびに新 version を作り、timestamp を付ける。read は timestamp で適切な version を選ぶので、遅れて来た read も拒否されない。,read 段: version 選択。write 段: 新 version 生成。,MVCC (自前 DBMS),serializable (古典的 MVTO 風)。,False,"write が少ない read 集中 workload (theta=0.8、64 core) で最良 (Fig. 13, §5.3)。TPC-C 4 warehouses でも write が read にブロックされない (§5.6.1)。",timestamp allocation の bottleneck (Table 2)。1024 warehouses の NewOrder では read ごとに history record を作るため memory traffic が増え、更新されない ITEM table でも無駄になる (§5.6.2)。,あり,なし,cc/mvto/transaction.cc:40 read_internal (timestamp で version 選択) ; cc/cicada/transaction.cc:79 read_internal,,ccbench-present,既にある (cc/mvto、cc/cicada)。Silo は単版なので対象外。,n/a,conditional:多版方式は版 ID が commit TID と対応せず古い版を読むため、版 ID と版順・直列化順 (timestamp 順) を protocol の決定どおりに記録する差し込み点に合わせれば,stock の mvto・cicada で比較できる。原典の根拠は Abyss Fig. 13 (theta 0.8 の read 集中)。,Abstract、§1、§2 (2.1-2.2)、§3 (3.1-3.4)、§4 (4.1-4.3)、§5 (5.1-5.6)、§6 (6.1-6.2)、§7、§8、§10
abyss-occ,A-occ,Optimistic concurrency control with per-tuple parallel validation (OCC),design-dimension,Staring into the Abyss: An Evaluation of Concurrency Control with One Thousand Cores,"PVLDB 8(3), pp. 209-220",2014,https://www.vldb.org/pvldb/vol8/p209-yu.pdf,§2.2、§4.3 (Distributed Validation)、§5.1-5.6、Table 2,private workspace の read set / write set、start 時と validation 前の 2 回の timestamp 割当て、validation 時の tuple ごとの latch。,none,3 分類 (CCBench) への当てはめは推測。Abyss 自身は bottleneck の語 (lock thrashing、timestamp allocation、memory copy など) で整理する。この OCC は Hekaton 風に validation を並列化した実装で、Silo の epoch 方式ではない (§2.2)。,write を private workspace に溜め、commit 時に read set が並行 transaction の write set と重ならないか検証する。重ならなければ workspace を database へ反映する。write を共有 memory へ出すのが commit 時だけなので競合期間が短い。,validation 段: tuple ごとの latch で検証 (中央の critical section を持たない)。,OCC (自前 DBMS),serializable (古典的 OCC)。,False,"high contention (theta=0.8) の 1024 core で最良: 多数が validation で abort しても 1 transaction は必ず commit できる (Fig. 10a, §5.2)。","abort が transaction の終了後に判明するため、abort の費用が大きい (§5.2)。timestamp を 1 transaction あたり 2 回割り当てるため bottleneck が早く来る (§5.1, §5.4 Fig. 12)。read で tuple を copy する overhead (Table 2)。1024 warehouses の NewOrder では validation の latch 取得が large footprint で問題 (§5.6.2)。",あり,あり,cc/silo/transaction.cc:383 validationPhase (write は write_set_ に溜め、commit 時に反映 :557) ; cc/tictoc/transaction.cc:334,,ccbench-present,既にある (Silo そのもの)。,n/a,observable,基準線に含まれる。原典の根拠は Abyss Fig. 10a (theta 0.8、1024 core)。,Abstract、§1、§2 (2.1-2.2)、§3 (3.1-3.4)、§4 (4.1-4.3)、§5 (5.1-5.6)、§6 (6.1-6.2)、§7、§8、§10
abyss-hstore,A-occ,T/O with partition-level locking (H-STORE),design-dimension,Staring into the Abyss: An Evaluation of Concurrency Control with One Thousand Cores,"PVLDB 8(3), pp. 209-220",2014,https://www.vldb.org/pvldb/vol8/p209-yu.pdf,"§2.2、§4.3 (Local Partitions)、§5.5 (Fig. 14, 15)、§5.6 (Fig. 16, 17)、Table 2",database の分割と partition ごとの単一 thread engine、transaction が触る partition の事前の既知性、partition lock の queue、timestamp。,none,3 分類 (CCBench) への当てはめは推測。Abyss 自身は bottleneck の語 (lock thrashing、timestamp allocation、memory copy など) で整理する。分割で CC を単純にする設計次元。,database を disjoint な partition に分け、各 partition を 1 thread の engine が専有する。transaction は触る全 partition の lock を取ってから開始し、queue 内で最古の timestamp が partition へのアクセスを得る。,transaction 開始段: 全 partition の lock 取得。以後は lock なしで実行。,H-Store (自前 DBMS),serializable (partition lock による直列化)。,True,"single-partition の write 集中 YCSB (theta=0.0) で 800 core まで他の全方式を上回る (Fig. 14, §5.5)。TPC-C 1024 warehouses で全体最良 (約 12% が multi-partition、Fig. 17, §5.6.2)。","multi-partition transaction が増えると throughput が下がる (Fig. 15a, §5.5)。多数 partition に触ると少数でも悪い。TPC-C 4 warehouses では余剰 core が遊ぶ (§5.6.1)。1024 core では timestamp allocation が律速 (§5.5, §5.6.2)。",なし,なし,,PARTITION_TABLE (cmake/Options.cmake) は workload 側で table を worker 数に分けて衝突を避ける設定で、partition 単位の lock と timestamp queue による実行は無い。,absent-prereq-mismatch,database の partition 分割、partition ごとの単一 thread 実行、触る partition の事前既知が要り、Silo の前提と合わない。,n/a,conditional:partition lock で直列化するため、commit 順を partition 実行順として差し込み点で記録すれば,原典の根拠は Abyss Fig. 14 と Fig. 17。YCSB は partition を事前宣言しない。,Abstract、§1、§2 (2.1-2.2)、§3 (3.1-3.4)、§4 (4.1-4.3)、§5 (5.1-5.6)、§6 (6.1-6.2)、§7、§8、§10
abyss-ts-alloc-mutex,A-occ,Timestamp allocation by mutex-protected critical section,design-dimension,Staring into the Abyss: An Evaluation of Concurrency Control with One Thousand Cores,"PVLDB 8(3), pp. 209-220",2014,https://www.vldb.org/pvldb/vol8/p209-yu.pdf,§4.1 (Mutexes)、§4.3、Fig. 6,全 transaction が共有する 1 つの timestamp counter と mutex。,cpu-cache,3 分類 (CCBench) への当てはめは推測。Abyss 自身は bottleneck の語 (lock thrashing、timestamp allocation、memory copy など) で整理する。共有 counter への競合 (CCBench の cache-line conflict 要因)。,critical section を mutex で守って 1 つずつ unique な timestamp を発行する。,transaction 開始段 (OCC は開始時と validation 前の 2 回)。,T/O 系全般 (micro-benchmark),correctness に影響しない (発行の方式)。,,効く条件は示されない。基準線。,"最低性能: 1024 core で約 1 million ts/s (Fig. 6, §4.3)。",なし,なし,,,absent-prereq-mismatch,Silo は全体共有の timestamp を割り当てない (分散 TID) ので、入れる対象が無く、入れても後退になる。,n/a,observable (割当て方式の違いで読み書きの意味は変わらない),原典では基準線で、効く条件は示されない。,Abstract、§1、§2 (2.1-2.2)、§3 (3.1-3.4)、§4 (4.1-4.3)、§5 (5.1-5.6)、§6 (6.1-6.2)、§7、§8、§10
abyss-ts-alloc-atomic-add,A-occ,Timestamp allocation by atomic addition on a global counter,design-dimension,Staring into the Abyss: An Evaluation of Concurrency Control with One Thousand Cores,"PVLDB 8(3), pp. 209-220",2014,https://www.vldb.org/pvldb/vol8/p209-yu.pdf,§4.3、Fig. 6、Fig. 7、Table 2,1 つの global logical timestamp と atomic add 命令。,cpu-cache,3 分類 (CCBench) への当てはめは推測。Abyss 自身は bottleneck の語 (lock thrashing、timestamp allocation、memory copy など) で整理する。共有 counter への競合 (cache-line conflict)。,atomic add で global counter を進めて timestamp を得る。命令数は少ないが、毎回 cache line の最後の copy を writeback・invalidate するため、chip 内の往復通信 (1024 core で約 100 cycle) が律速になる。,transaction 開始段の timestamp 発行。本論文の DBMS の既定 (batching も特殊 hardware も使わない)。,T/O 系全般,correctness に影響しない。,,"contention 下でも clock・hardware counter と同等 (Fig. 7b, §4.3)。それゆえ本論文の DBMS は batch なしの atomic add を採る (§4.3)。","core 数が増えると throughput が下がる: 少数 core で最大 30 million ts/s、1024 core で 8 million ts/s (Fig. 6, §4.3)。上限は 1GHz で約 10 million ts/s (§4.3)。",あり,なし,cc/ermia/transaction.cc:602 ssn_parallel_commit (cstamp_ = ++Lsn) ; cc/si/transaction.cc:479 si_commit (++Lsn),,ccbench-present,既にある (cc/ermia と cc/si の ++Lsn)。Silo は共有 counter を使わないので移植の対象は無い。,n/a,conditional:ERMIA (SI+SSN) の版 ID は cstamp で、SI は古い版を読むため、版 ID に書き手の cstamp を使い版順を cstamp で取る差し込み点に合わせれば,原典の根拠は Abyss Fig. 6・Fig. 7b。,Abstract、§1、§2 (2.1-2.2)、§3 (3.1-3.4)、§4 (4.1-4.3)、§5 (5.1-5.6)、§6 (6.1-6.2)、§7、§8、§10
abyss-ts-alloc-batched-atomic,A-occ,Timestamp allocation by batched atomic addition,design-dimension,Staring into the Abyss: An Evaluation of Concurrency Control with One Thousand Cores,"PVLDB 8(3), pp. 209-220",2014,https://www.vldb.org/pvldb/vol8/p209-yu.pdf,§4.3、Fig. 6、Fig. 7b、§6.1、§7 (Silo への言及),atomic add で複数 timestamp をまとめて取る batch。thread ごとの batch 内の位置。,cpu-cache,3 分類 (CCBench) への当てはめは推測。Abyss 自身は bottleneck の語 (lock thrashing、timestamp allocation、memory copy など) で整理する。共有 counter へのアクセスを減らす。,同じ atomic 命令で複数 timestamp を 1 request で取り、共有 counter へのアクセスを減らす。contention があると、abort 後の restart が同じ thread の batch 内の古い timestamp を再び使い、競合相手より小さいため新しい batch を取るまで再 abort し続ける。,transaction 開始段の timestamp 発行。,T/O 系全般 (TIMESTAMP scheme で評価),correctness に影響しない。,,"no contention (micro-benchmark と Fig. 7a) では batch 8, 16 が atomic add より高い (Fig. 6, Fig. 7a, §4.3)。","contention があると throughput が大きく悪化 (Fig. 7b, §4.3)。本文は、この方式を 'first proposed in the Silo DBMS [42]' と記すが、本担当が読んだ Silo 原典 (§4.2) は epoch と分散 TID を述べ、batched atomic add は記述していない (Abyss 側の帰属の主張。本担当では未検証)。",なし,なし,,,absent-prereq-mismatch,全体共有の timestamp counter を持つ T/O 系の前提で、分散 TID の Silo には対象が無い。,n/a,observable (割当て方式の違いで読み書きの意味は変わらない),"原典の根拠は Abyss Fig. 6・Fig. 7a (contention なしで batch 8, 16 が有利、contention 下では再 abort が続く)。",Abstract、§1、§2 (2.1-2.2)、§3 (3.1-3.4)、§4 (4.1-4.3)、§5 (5.1-5.6)、§6 (6.1-6.2)、§7、§8、§10
abyss-ts-alloc-clock,A-occ,Timestamp allocation from synchronized per-core clocks,design-dimension,Staring into the Abyss: An Evaluation of Concurrency Control with One Thousand Cores,"PVLDB 8(3), pp. 209-220",2014,https://www.vldb.org/pvldb/vol8/p209-yu.pdf,§4.3、Fig. 6、Fig. 7,core 間で同期した clock (2014 年 7 月時点では Intel CPU のみ)。thread id との連結。,cpu-cache,3 分類 (CCBench) への当てはめは推測。Abyss 自身は bottleneck の語 (lock thrashing、timestamp allocation、memory copy など) で整理する。共有 counter を使わず完全に分散する (CCBench の DecentralizedOrdering と同型)。,各 worker が自 core の logical clock を読み、thread id と連結して timestamp にする。clock が同期していれば完全に分散なので scale する。多 core CPU では clock 同期に hardware 支援が要る。,transaction 開始段の timestamp 発行。,T/O 系全般,correctness に影響しない (clock 同期が前提)。,,"理想的な (linear) scaling (Fig. 6, §4.3)。contention 下でも atomic add と同等 (Fig. 7b, §4.3)。",clock の同期が要る。この時点で core 間の同期 clock を持つ CPU は Intel のみ (§4.3)。,あり,なし,cc/cicada/include/time_stamp.hh:30 generateTimeStamp (rdtscp を thread id と連結) ; cc/mvto/include/time_stamp.hh (同型),,ccbench-present,既にある (cc/cicada と cc/mvto の generateTimeStamp、rdtscp と thread id)。Silo は timestamp を割り当てないので対象外。,n/a,conditional:Cicada は開始時 timestamp の順が直列化順で commit 順と一致しないため、版 ID に書き手の wts を使い版順・直列化順を timestamp で取る差し込み点に合わせれば,原典の根拠は Abyss Fig. 6・Fig. 7b。,Abstract、§1、§2 (2.1-2.2)、§3 (3.1-3.4)、§4 (4.1-4.3)、§5 (5.1-5.6)、§6 (6.1-6.2)、§7、§8、§10
abyss-ts-alloc-hardware-counter,A-occ,Timestamp allocation by a built-in hardware counter,design-dimension,Staring into the Abyss: An Evaluation of Concurrency Control with One Thousand Cores,"PVLDB 8(3), pp. 209-220",2014,https://www.vldb.org/pvldb/vol8/p209-yu.pdf,§4.3、Fig. 6、Fig. 7、§6.1,CPU 中央に置く専用 counter と on-chip network 越しの単一 cycle の加算 (既存 CPU は未対応、Graphite 上で実装)。,cpu-cache,3 分類 (CCBench) への当てはめは推測。Abyss 自身は bottleneck の語 (lock thrashing、timestamp allocation、memory copy など) で整理する。coherence 通信を remote 実行の加算に置き換える。,counter を chip 中央に置き、timestamp 要求を on-chip network 経由で送って単一 cycle で原子的に加算する。coherence traffic が無くなる。,transaction 開始段の timestamp 発行 (要 hardware)。,T/O 系全般 (simulator 上),correctness に影響しない。,,"最大約 1 billion ts/s、core 数に応じて scale (Fig. 6, §4.3)。contention 下でも良い (Fig. 7b)。",既存の CPU は対応していない (§4.3)。simulator 上の結果であり実機の値ではない。,なし,なし,,ソフトウェア benchmark で hardware 支援の counter を使う枝はない (rdtscp は CPU の TSC 読みで別物)。,absent-prereq-mismatch,chip 中央の専用 counter という HW が前提 (既存 CPU に無い)。,n/a,not-observable:HW が無く実行できない,実機では作れない。原典は simulator の値 (Abyss Fig. 6)。,Abstract、§1、§2 (2.1-2.2)、§3 (3.1-3.4)、§4 (4.1-4.3)、§5 (5.1-5.6)、§6 (6.1-6.2)、§7、§8、§10
abyss-per-tuple-lock-table,A-occ,Per-tuple lock and timestamp metadata instead of a central lock table,optimization,Staring into the Abyss: An Evaluation of Concurrency Control with One Thousand Cores,"PVLDB 8(3), pp. 209-220",2014,https://www.vldb.org/pvldb/vol8/p209-yu.pdf,§4.1 'Lock Table',tuple ごとの lock sharer / waiter 情報 (数 byte) と latch。,cpu-cache,3 分類 (CCBench) への当てはめは推測。Abyss 自身は bottleneck の語 (lock thrashing、timestamp allocation、memory copy など) で整理する。中央の lock table / timestamp manager への競合を除く。,中央の lock table や timestamp manager を置かず、tuple ごとに同種の data 構造を持つ。各 transaction は必要な tuple だけを latch する。memory overhead は増えるが大きい tuple では無視できる。,lock / timestamp の管理段。,2PL・T/O 全般 (自前 DBMS),correctness に影響しない構造変更。,,単独の ablation は読んだ範囲に無い。,,あり,あり,cc/silo/include/tuple.hh:35 tidword_ (tuple 内) ; cc/ss2pl/include/tuple.hh:15 lock_ (tuple 内) ; cc/tictoc/include/tuple.hh:43,,ccbench-present,既にある (Silo の tidword_ は tuple 内)。,n/a,observable,基準線に含まれる。単独の ablation は原典に無い。,Abstract、§1、§2 (2.1-2.2)、§3 (3.1-3.4)、§4 (4.1-4.3)、§5 (5.1-5.6)、§6 (6.1-6.2)、§7、§8、§10
abyss-custom-malloc,A-occ,Custom per-thread malloc with automatically resizing pools,optimization,Staring into the Abyss: An Evaluation of Concurrency Control with One Thousand Cores,"PVLDB 8(3), pp. 209-220",2014,https://www.vldb.org/pvldb/vol8/p209-yu.pdf,§4.1 'Memory Allocation'、§6.1 (memory 関連の議論),thread ごとの memory pool。workload に応じたpool の自動拡縮。,none,3 分類 (CCBench) への当てはめは推測。Abyss 自身は bottleneck の語 (lock thrashing、timestamp allocation、memory copy など) で整理する。memory 確保の待ちを減らす実装上の工夫で、3 分類のどれでもない。,標準 malloc では DBMS が大半の時間を確保待ちに費やすため、thread ごとの pool を持ち、workload に応じて pool の大きさを自動で調整する自前 malloc を書いた。TCMalloc と jemalloc も試したが結果は似て振るわなかった。,実装基盤 (確保器)。,全 scheme 共通,correctness に影響しない。,,read-only でも TIMESTAMP・OCC の copy で確保が要るため必要 (§4.1)。数値の比較は本文に無い。,,一部,なし,cc/cicada/include/transaction.hh:217 newVersionGeneration + :186 (worker ごとの version pool) ; cc/cicada/include/common.hh:50 pre_reserve_version=10000,worker ごとの version 再利用 pool はあるが、事前確保の固定量で workload に応じた自動拡縮は無い。mimalloc は link されるが MI_OVERRIDE=OFF (cmake/ThirdParty.cmake:104) で mi_ 呼び出しも無く malloc は標準のまま。,absent-silo-feasible,thread ごとの pool と自動拡縮は無い (Cicada の固定量の版 pool だけ)。Silo の write set の値の複製や insert の確保を thread ごとの pool に替えることは Silo の前提と衝突しない。並行性制御の機構ではない。,extend:メモリ確保を開く (write set と insert の確保先),observable,YCSB の点読み・点書きでは実行中の確保が少なく効きにくい見込み。原典に数値の比較は無い (Abyss §4.1)。,Abstract、§1、§2 (2.1-2.2)、§3 (3.1-3.4)、§4 (4.1-4.3)、§5 (5.1-5.6)、§6 (6.1-6.2)、§7、§8、§10
abyss-lockfree-partitioned-deadlock-detector,A-occ,"Partitioned, lock-free deadlock detector",optimization,Staring into the Abyss: An Evaluation of Concurrency Control with One Thousand Cores,"PVLDB 8(3), pp. 209-220",2014,https://www.vldb.org/pvldb/vol8/p209-yu.pdf,§4.2 'Deadlock Detection',waits-for graph を core ごとに分割した queue、他 thread の queue を lock なしで読む cycle 探索。,cpu-cache,3 分類 (CCBench) への当てはめは推測。Abyss 自身は bottleneck の語 (lock thrashing、timestamp allocation、memory copy など) で整理する。中央の waits-for graph への更新競合を除く。,waits-for graph を core 間で分割し、各 thread は自分の queue にだけ書く。cycle 探索は関連 thread の queue を lock なしで読んで部分 graph を作る。形成直後の deadlock は見逃すことがあるが、後続の探索で必ず見つかる。,lock 待ち段 (waits-for の更新) と、deadlock 検出の走査。,DL_DETECT,deadlock を遅れて検出するだけで serializable は不変 ([5] を参照)。,,単独の ablation は読んだ範囲に無い。,,なし,なし,,,absent-prereq-mismatch,2PL の DL_DETECT (waits-for graph) が前提。Silo には deadlock 検出の対象が無い。,n/a,conditional:2PL 系 (ss2pl) の trace で版 ID を書き手の commit TID に対応づけ、commit 順を差し込み点で記録すれば,単独の ablation は原典に無い。,Abstract、§1、§2 (2.1-2.2)、§3 (3.1-3.4)、§4 (4.1-4.3)、§5 (5.1-5.6)、§6 (6.1-6.2)、§7、§8、§10
abyss-lock-wait-timeout,A-occ,Timeout threshold for lock waiting in DL_DETECT (waiting versus aborting),optimization,Staring into the Abyss: An Evaluation of Concurrency Control with One Thousand Cores,"PVLDB 8(3), pp. 209-220",2014,https://www.vldb.org/pvldb/vol8/p209-yu.pdf,§4.2 'Waiting vs. Aborting'、Fig. 5,lock 待ち時間の timeout threshold (DL_DETECT で 100 us を採用)。timeout=0 は NO_WAIT と等価。,delay-on-conflict,3 分類 (CCBench) への当てはめは推測。Abyss 自身は bottleneck の語 (lock thrashing、timestamp allocation、memory copy など) で整理する。,一定時間より長く lock を待つ transaction を abort して restart する。abort 率が上がる代わりに、走っている transaction 数が減って thrashing が和らぐ。,lock 待ち段: 待ち時間が threshold を超えたら abort。,DL_DETECT,serializable に影響しない。,,"高 contention YCSB (theta=0.8、64 core) で、core 数が少ないと短い timeout が良い (Fig. 5, §4.2)。","長い timeout は abort 率を下げるが thrashing が増える (Fig. 5, §4.2)。",なし,なし,,cc/mocc/include/lock.hh:10 に LOCK_TIMEOUT_US=5 の定義はあるが参照箇所が無い (未使用)。ss2pl の DLR0 は無期限に待つ。,absent-silo-feasible,Silo の commit 時の施錠衝突で、上限つきで待ってから abort する形として入る。CCBench のどの protocol にもこの経路は無い (Silo は即 abort か上限なしの取り直し、ss2pl の DLR0 は上限なしの待ち、MOCC の LOCK_TIMEOUT_US は未使用)。,v1,observable (待ち方の変更で通す条件は変わらない),YCSB で zipf skew 0.8〜0.99、rratio 0.5、max_ope 10〜16、thread 数を変えて作れる。原典の根拠は Abyss Fig. 5 (§4.2、theta 0.8 の 64 core で core 数が少ないと短い timeout が良い。2PL の値)。,Abstract、§1、§2 (2.1-2.2)、§3 (3.1-3.4)、§4 (4.1-4.3)、§5 (5.1-5.6)、§6 (6.1-6.2)、§7、§8、§10
abyss-distributed-validation,A-occ,Per-tuple distributed validation for OCC,optimization,Staring into the Abyss: An Evaluation of Concurrency Control with One Thousand Cores,"PVLDB 8(3), pp. 209-220",2014,https://www.vldb.org/pvldb/vol8/p209-yu.pdf,§4.3 'Distributed Validation'、§5.6.2,tuple ごとの validation と latch。単一 version (Hekaton の多版より単純)。,cpu-cache,3 分類 (CCBench) への当てはめは推測。Abyss 自身は bottleneck の語 (lock thrashing、timestamp allocation、memory copy など) で整理する。OCC の commit 時の中央 critical section を除く。,元の OCC の、read phase 終了時に read set を先行 transaction の write set と照合する中央 critical section を、tuple ごとの validation に分解する。,validation 段。,OCC (Hekaton 型の分割に近い),検証の粒度を tuple 単位にする変更 (correctness の議論は本文に無い)。,False,単独の ablation は読んだ範囲に無い。,large footprint の transaction (1024 warehouses の NewOrder) では validation で取る latch が問題 (§5.6.2)。,あり,あり,cc/silo/transaction.cc:383 validationPhase (record ごとの TID 検証、中央 critical section なし) ; cc/tictoc/transaction.cc:377,,ccbench-present,既にある (Silo の validationPhase は record ごとの TID 検証で中央の critical section が無い)。,n/a,observable,基準線に含まれる。単独の ablation は原典に無い。,Abstract、§1、§2 (2.1-2.2)、§3 (3.1-3.4)、§4 (4.1-4.3)、§5 (5.1-5.6)、§6 (6.1-6.2)、§7、§8、§10
abyss-hstore-local-partitions,A-occ,Direct access to remote partitions in shared memory (H-STORE),optimization,Staring into the Abyss: An Evaluation of Concurrency Control with One Thousand Cores,"PVLDB 8(3), pp. 209-220",2014,https://www.vldb.org/pvldb/vol8/p209-yu.pdf,§4.3 'Local Partitions',同一 process の worker thread、partition の物理的でない分割、read-only table の共有。,none,3 分類 (CCBench) への当てはめは推測。Abyss 自身は bottleneck の語 (lock thrashing、timestamp allocation、memory copy など) で整理する。partition 間の message 通信を省く実装上の工夫。,worker thread が単一 process 内で動くので、multi-partition transaction が他 partition の tuple へ直接アクセスする。remote の worker thread へ query を送って実行させる方式より単純で速い。read-only table は複製せず全 thread で共有する。,transaction 実行段。,H-STORE (自前 DBMS),partition lock を先に取る点は不変 (論文の議論は §2.2)。,True,単独の ablation は読んだ範囲に無い。,,なし,なし,,,absent-prereq-mismatch,H-STORE の partition 実行が前提で Silo の前提と合わない。,n/a,conditional:partition lock で直列化するため、commit 順を partition 実行順として差し込み点で記録すれば,単独の ablation は原典に無い。,Abstract、§1、§2 (2.1-2.2)、§3 (3.1-3.4)、§4 (4.1-4.3)、§5 (5.1-5.6)、§6 (6.1-6.2)、§7、§8、§10
cicada-multi-clock-timestamps,B-mvcc-ccbench,Multi-clock (loosely synchronized clocks) timestamp allocation,protocol-core,Cicada: Dependably Fast Multi-Core In-Memory Transactions,SIGMOD 2017,2017,DOI 10.1145/3035918.3064015,"§3.1, Fig.7 と §4.6",スレッドごとの 64 bit ローカル時計、one-sided な時計同期 (100 µs ごとに他スレッドの時計を覗く)、thread ID を末尾に付ける timestamp、min_wts/min_rts を更新する leader スレッド,cpu-cache,共有カウンタへの atomic fetch-and-add による 1 か所の cache line 競合を除く。論文は『単一 record への atomic fetch-and-add は毎秒 55M 回、条件付き read timestamp 更新は 23 億回』と比較 (§3.4 末尾),timestamp を、スレッド局所の時計 (直前の増分からの実測経過時間だけ加算) と clock boost と thread ID から組み立てる。共有カウンタを使わないので timestamp 採番で core 間通信が起きない。時計のずれは、他スレッド時計への one-sided な追従 (遅い時計だけ追いつく) と、abort 後の一時的な clock boost で補正する。,"begin 時に採番 (read phase の前)。時計は TSC で測る経過時間だけ加算し、増分を (0,1 時間] に制限。timestamp = 調整後時計の下位 56 bit + 8 bit の thread ID。read-write は thread.wts、read-only は thread.rts (=min_wts-1) を使う。",自前の optimistic multi-version timestamp ordering (Cicada 本体)。比較は DBx1000 上の Silo0/TicToc/2PL/Hekaton ほか,serializable。Cicada のバージョン検証の直列化可能性を Appendix A で証明 (Theorem 1: timestamp 順の直列スケジュールと等価)。この技法自体の正しさへの影響は論文に個別の議論なし。時計が同期していなくても unique かつスレッド内単調なら足りる (§3.1),False,"YCSB read-intensive、1 要求/txn、skew 0.99、28 thread で 56.5 M tps。共有カウンタ版へ差し替えると 6.22 M tps (§4.6, Fig.7 本文)。Hekaton など集中採番の MVCC は 28 thread で 3.50-5.10 M tps (§4.6)",書かれている限り、低速 workload での悪化は示されていない (Table 1 は高速 workload でのみ効果あり、他は中立と表示),一部,なし,cc/cicada/include/time_stamp.hh:30 generateTimeStamp ; cc/cicada/transaction.cc:34 begin (:45-61 の one-sided 同期はコメントアウト),localClock_ を rdtscp との差分で進め (実質 TSC)、clockBoost_ と thread id を付ける点は同じ。thread 間の one-sided 同期は disabled (cc/cicada/transaction.cc:45)。,ccbench-present,時計と clock boost と thread id から timestamp を作る要は cc/cicada にある (thread 間の one-sided 同期は無効化されている)。Silo は timestamp を割り当てないので対象外。,n/a,conditional:Cicada は開始時 timestamp の順が直列化順で commit 順と一致しないため、版 ID に書き手の wts を使い版順・直列化順を timestamp で取る差し込み点に合わせれば,原典の根拠は Cicada §4.6 と Fig. 7 (共有 counter 版は 6.22 M tps に落ちる)。stock の cicada で比較できる。,"Abstract, §1, §2.1-2.4, §3.1-3.9, §4.1-4.6 (Fig.3-11, Table 2), §5, Appendix A(定理の主張と証明の骨子), Appendix B"
cicada-mv-validation,B-mvcc-ccbench,"Serializable multi-version validation (pending install, rts update, version consistency check)",protocol-core,Cicada: Dependably Fast Multi-Core In-Memory Transactions,SIGMOD 2017,2017,DOI 10.1145/3035918.3064015,"§3.2, §3.4, Appendix A",record ごとの version 連結リスト (wts 降順、head は record 配列の要素)、version ごとの wts/rts/status(PENDING/COMMITTED/ABORTED/UNUSED/DELETED),none,3 分類のいずれでもなく、直列化検証の中核。読みは in-place 更新を避けるので extra read を要さない (§2.1) が、この効果は個別に測られていない,検証を (1) PENDING version を CAS で version リストへ install、(2) read set の各 version の rts を tx.ts 以上へ CAS 更新、(3) 読んだ version が現在も visible であること・書く対象の visible version の rts が tx.ts 以下であることの検査、の 3 段で行う。timestamp 順の直列スケジュールと等価にする。deadlock が起きない (install の優先が timestamp 順)。,read phase: version 検索 (PENDING は spin-wait、ABORTED は飛ばす)。validation: 上記 3 段。write phase: status を COMMITTED へ。abort 時は install 済みなら ABORTED、未 install なら即再利用。rts 更新は条件付き書き込みなので、既に大きければ書かない。,自前の optimistic multi-version timestamp ordering (Cicada 本体)。比較は DBx1000 上の Silo0/TicToc/2PL/Hekaton ほか,serializable。Cicada のバージョン検証の直列化可能性を Appendix A で証明 (Theorem 1: timestamp 順の直列スケジュールと等価)。この技法自体の正しさへの影響は論文に個別の議論なし,False,TPC-C 1 warehouse で Cicada は次点の最大 3 倍 (§4.4 本文、Fig.3a)、YCSB write-intensive skew 0.99 28 thread で TicToc より 37.1% 高い (Fig.6a 本文)。ただし multi-version 単独の寄与は ablation されておらず、複合効果,低競合 TPC-C (warehouse = thread 数) では MVCC のオーバーヘッドで FOEDUS/MOCC (TPC-C 専用最適化つき) より最大 11.1% 遅い (Fig.3c 本文)。1 要求/txn の write-intensive YCSB では TicToc より 8.7% 低い (Appendix B),あり,なし,cc/cicada/transaction.cc:463 validation (pending install :479、rts 更新 :536 -> cc/cicada/include/transaction.hh:295、version 整合 :539-),,ccbench-present,既にある (cc/cicada の validation)。多版前提で Silo には対象が無い。,n/a,conditional:Cicada は開始時 timestamp の順が直列化順で commit 順と一致しないため、版 ID に書き手の wts を使い版順・直列化順を timestamp で取る差し込み点に合わせれば,stock の cicada で比較できる。原典の根拠は Cicada Fig. 3a と Fig. 6a (多版単独の ablation は無い)。,"Abstract, §1, §2.1-2.4, §3.1-3.9, §4.1-4.6 (Fig.3-11, Table 2), §5, Appendix A(定理の主張と証明の骨子), Appendix B"
cicada-best-effort-inlining,B-mvcc-ccbench,Best-effort inlining,optimization,Cicada: Dependably Fast Multi-Core In-Memory Transactions,SIGMOD 2017,2017,DOI 10.1145/3035918.3064015,"§3.3, Fig.2, Fig.8 と §4.6",record 配列の head node に小さな version (最大 216 byte の record data) を埋め込める領域と、その status (UNUSED など)、min_rts,cpu-cache,version リストへの間接参照 (cache miss) を減らす。論文の動機は『間接参照が LLC miss なら高価』(§2.2),書き込み時に head 内の inline 領域が UNUSED なら CAS で PENDING へ取って使い、取れなければ動的確保。読んだ version が min_rts より古く (v.wts < min_rts) inline 領域が UNUSED なら、読みを RMW に昇格させて inline 領域へ同じ値を書き込む (promotion)。頻繁に書かれる record・全く読まれない record は効果がない/競合点になるので対象を絞る。,小さい record だけ対象 (最大 216 byte、head node 4 cache line)。promotion は読み専用寄りで古い version にだけ行い、頻繁に更新される record の競合点を作らない。inline 領域は latest である必要はなく、解放時に UNUSED へ戻す。,自前の optimistic multi-version timestamp ordering (Cicada 本体)。比較は DBx1000 上の Silo0/TicToc/2PL/Hekaton ほか,serializable。Cicada のバージョン検証の直列化可能性を Appendix A で証明 (Theorem 1: timestamp 順の直列スケジュールと等価)。この技法自体の正しさへの影響は論文に個別の議論なし。inline 化の正しさは個別の議論なし (通常の version と同じ扱い、§3.3),False,read-intensive YCSB、16 要求/txn、一様分布、28 thread で、小 record ほど効き、record が大きいほど利得が減る (Fig.8)。scan は inline 有り 356 M rps、無し 203 M rps (§4.6 本文)。低 skew ほど効き、高 skew では working set が小さく利得が減る (§4.5),高 skew では LLC miss が減るので利得が縮む (§4.5)。大きい record は inline の対象外 (§3.3),あり,なし,cc/cicada/include/transaction.hh:201 inlineVersionPromotion (#if INLINE_VERSION_OPT && INLINE_VERSION_PROMOTION) ; cc/cicada/include/transaction.hh:217 newVersionGeneration ; cc/cicada/include/tuple.hh:56 getInlineVersionRight,Cicada の既定は INLINE_VERSION_OPT=0 (cmake/Options.cmake の CCBENCH_INLINE_VERSION_OPT_CICADA)。Oze は 1。,ccbench-present,既にある (cc/cicada の INLINE_VERSION_OPT、既定 0)。単版 Silo の相当物は値の inline 配置 (A-occ の silo-inline-record-data)。,n/a,conditional:Cicada は開始時 timestamp の順が直列化順で commit 順と一致しないため、版 ID に書き手の wts を使い版順・直列化順を timestamp で取る差し込み点に合わせれば,原典の根拠は Cicada Fig. 8 (小 record・一様分布の read-intensive YCSB)。CCBench では build option の切替で比較できる。,"Abstract, §1, §2.1-2.4, §3.1-3.9, §4.1-4.6 (Fig.3-11, Table 2), §5, Appendix A(定理の主張と証明の骨子), Appendix B"
cicada-early-abort-and-latest-only,B-mvcc-ccbench,Early abort during version search (rts precheck; write-latest-version-only rule),optimization,Cicada: Dependably Fast Multi-Core In-Memory Transactions,SIGMOD 2017,2017,DOI 10.1145/3035918.3064015,"§3.2, Table 2 ('No-latest'), §4.6",version の wts/rts/status。read の時点で visible version と後続 version を見られること,none,abort 後の無駄仕事 (garbage になる pending version の生成) の削減。競合時の待ち時間の変更ではなく、abort を検証より前に前倒しする,read phase の version 検索中に、書く対象の visible version v が rts > tx.ts なら、検証で必ず落ちるので即 abort する。RMW には write-latest-version-only rule を適用し、tx.ts より後の COMMITTED または PENDING の version があれば abort する (それが後で自分を abort させる可能性が高いため)。,version 検索 (read phase) の最中に判定する。garbage を作る前に abort するため、rollback と GC の仕事が減る。,自前の optimistic multi-version timestamp ordering (Cicada 本体)。比較は DBx1000 上の Silo0/TicToc/2PL/Hekaton ほか,serializable。Cicada のバージョン検証の直列化可能性を Appendix A で証明 (Theorem 1: timestamp 順の直列スケジュールと等価)。この技法自体の正しさへの影響は論文に個別の議論なし。抑制側の追加検査 (検証は残る) なので serializable は変わらない,False,contended YCSB (16 要求/txn、50% read/50% RMW、skew 0.99、28 thread) で write-latest-version-only rule を外すと -4.9% (Table 2 'No-latest'),,あり,なし,"cc/cicada/transaction.cc:250 update (Early abort check, rts > tx.ts で即 abort) ; cc/cicada/transaction.cc:242,485,512 (WRITE_LATEST_ONLY, 既定 0)",,ccbench-present,既にある (cc/cicada の update の早期 abort と WRITE_LATEST_ONLY、既定 0)。多版の rts が前提で Silo には対象が無い。,n/a,conditional:Cicada は開始時 timestamp の順が直列化順で commit 順と一致しないため、版 ID に書き手の wts を使い版順・直列化順を timestamp で取る差し込み点に合わせれば,原典の根拠は Cicada Table 2 'No-latest' (-4.9%、16 要求/txn、50/50、skew 0.99)。,"Abstract, §1, §2.1-2.4, §3.1-3.9, §4.1-4.6 (Fig.3-11, Table 2), §5, Appendix A(定理の主張と証明の骨子), Appendix B"
cicada-spinwait-pending,B-mvcc-ccbench,Wait (spin) on PENDING versions instead of speculative ignore/read,optimization,Cicada: Dependably Fast Multi-Core In-Memory Transactions,SIGMOD 2017,2017,DOI 10.1145/3035918.3064015,"§3.2, Table 2 ('No-wait')",version ごとの status (PENDING が短時間で終わること),delay-on-conflict,PENDING version に当たったとき、投機的に無視・利用せず待つ、という競合時の待ち方の選択,PENDING version は install 前に early consistency check を通っているので COMMITTED になる公算が高く、無視すると自分が abort する危険が高い。投機的に利用すると連鎖 abort が起こり得る。よって status が確定するまで spin-wait する (Hekaton などの投機的判断と対比)。,version 検索で status が PENDING の version に当たったら確定まで spin。待ちが短いのは、PENDING は validation の短い間だけだから。,自前の optimistic multi-version timestamp ordering (Cicada 本体)。比較は DBx1000 上の Silo0/TicToc/2PL/Hekaton ほか,serializable。Cicada のバージョン検証の直列化可能性を Appendix A で証明 (Theorem 1: timestamp 順の直列スケジュールと等価)。この技法自体の正しさへの影響は論文に個別の議論なし,False,contended YCSB (16 要求/txn、50/50、skew 0.99、28 thread) で Hekaton 流の 'No-wait' (PENDING を投機的に無視) にすると -13.2% (Table 2),,あり,なし,cc/cicada/transaction.cc:111 read_internal (pending の間 spin) ; cc/cicada/transaction.cc:539- validation (pending を spin),,ccbench-present,既にある (cc/cicada の read_internal と validation で PENDING を spin)。Silo の read も lock bit の間は spin する (近い形)。,n/a,conditional:Cicada は開始時 timestamp の順が直列化順で commit 順と一致しないため、版 ID に書き手の wts を使い版順・直列化順を timestamp で取る差し込み点に合わせれば,原典の根拠は Cicada Table 2 'No-wait' (-13.2%)。,"Abstract, §1, §2.1-2.4, §3.1-3.9, §4.1-4.6 (Fig.3-11, Table 2), §5, Appendix A(定理の主張と証明の骨子), Appendix B"
cicada-write-set-sort-by-contention,B-mvcc-ccbench,Sorting the write set by contention (partial sort of top-k),optimization,Cicada: Dependably Fast Multi-Core In-Memory Transactions,SIGMOD 2017,2017,DOI 10.1145/3035918.3064015,"§3.5(1), Table 2 ('No-sort')",record の最新 version の wts (競合度の近似)。deadlock を避ける順序に縛られない検証 (pending install が timestamp 優先),none,競合が疑われる record を先に検証して、他の record に version を install する前に abort する。無駄な install/garbage を減らす仕事量の削減で、待ち時間の制御ではない,最新 version の wts が大きい record ほど競合度が高いと近似し、write set を競合度の降順に (先頭 k=8 だけ部分ソートし O(n log k)) 並べ替えて検証する。Silo/TicToc/FOEDUS/MOCC は deadlock 回避のため全体を大域一貫順に並べる必要があり、全ソート O(n log n) で順序も自由でない、と論文は対比する。,validation の最初、install より前。競合が少ない間は次の early check とあわせて省略 (別カード)。,自前の optimistic multi-version timestamp ordering (Cicada 本体)。比較は DBx1000 上の Silo0/TicToc/2PL/Hekaton ほか,serializable。Cicada のバージョン検証の直列化可能性を Appendix A で証明 (Theorem 1: timestamp 順の直列スケジュールと等価)。この技法自体の正しさへの影響は論文に個別の議論なし,False,contended YCSB (16 要求/txn、50/50、skew 0.99、28 thread) で外すと -12.7% (Table 2 'No-sort'),低競合では無駄なオーバーヘッドになり得るので、直近の連続 commit で自動的に省略する (§3.5)。省略時の測定値は示されていない,一部,なし,cc/cicada/include/transaction.hh:254 precheckInValidation (partial_sort) ; cc/cicada/include/cicada_op_element.hh:53 WriteElement::operator<,"partial_sort の比較は (storage, key) の順序で、最新 version の wts (競合度) ではない。対象は先頭 k=8 でなく write set の前半 (size/2)。",absent-silo-feasible,CCBench の cicada は key 順の部分 sort で、競合度順の sort は無い。Silo は既定で no-wait 施錠 (待たずに abort) なので、施錠順を key 順から外しても deadlock は起きず、競合度 (tuple の TID word の新しさ) の降順に施錠して早く失敗させる形で入る見込み。v1 の施錠衝突 hook で待つ場合は deadlock の代わりに上限つき再試行の空転が起きうる。,extend:施錠順を開き、比較に tuple の TID word (競合度の近似) を見せる,observable (施錠順の変更で通す条件は変わらない),YCSB で zipf skew 0.99、rratio 0.5、max_ope 16、thread 28 程度で作れる。原典の根拠は Cicada Table 2 'No-sort' (-12.7%)。,"Abstract, §1, §2.1-2.4, §3.1-3.9, §4.1-4.6 (Fig.3-11, Table 2), §5, Appendix A(定理の主張と証明の骨子), Appendix B"
cicada-early-version-consistency-check,B-mvcc-ccbench,Early version consistency check (precheck before installing pending versions),optimization,Cicada: Dependably Fast Multi-Core In-Memory Transactions,SIGMOD 2017,2017,DOI 10.1145/3035918.3064015,"§3.5(2), Table 2 ('No-precheck')",version の wts/rts、write set の並べ替え (前カード) が前提の順序,none,garbage になる pending version の install 前に abort を検出する。仕事量の削減で、待ちの制御ではない (TicToc の preemptive abort に着想と明記),並べ替えた write set 上で、本検証と同一の version consistency check を install より前に一度行い、ほとんどの abort を install 前に検出する。,validation の最初 (sort の直後、pending install の前)。,自前の optimistic multi-version timestamp ordering (Cicada 本体)。比較は DBx1000 上の Silo0/TicToc/2PL/Hekaton ほか,serializable。Cicada のバージョン検証の直列化可能性を Appendix A で証明 (Theorem 1: timestamp 順の直列スケジュールと等価)。この技法自体の正しさへの影響は論文に個別の議論なし。本検証は別に残るので抑制側の追加検査,False,contended YCSB (16 要求/txn、50/50、skew 0.99、28 thread) で外すと -9.5% (Table 2 'No-precheck'),低競合では改善せずオーバーヘッドになり得る。適応的省略 (次カード) で対応,あり,なし,cc/cicada/include/transaction.hh:247 precheckInValidation ; cc/cicada/transaction.cc:473 validation (install の前に呼ぶ),検査対象は sort した前半 (size/2) のみ。,ccbench-present,既にある (cc/cicada の precheckInValidation、sort した前半のみ)。Silo の相当物は施錠前の read set 再検査 (A-occ の tictoc-preemptive-abort)。,n/a,conditional:Cicada は開始時 timestamp の順が直列化順で commit 順と一致しないため、版 ID に書き手の wts を使い版順・直列化順を timestamp で取る差し込み点に合わせれば,原典の根拠は Cicada Table 2 'No-precheck' (-9.5%)。,"Abstract, §1, §2.1-2.4, §3.1-3.9, §4.1-4.6 (Fig.3-11, Table 2), §5, Appendix A(定理の主張と証明の骨子), Appendix B"
cicada-adaptive-skip-of-sort-precheck,B-mvcc-ccbench,Adaptive omission of sort and precheck under low contention,optimization,Cicada: Dependably Fast Multi-Core In-Memory Transactions,SIGMOD 2017,2017,DOI 10.1145/3035918.3064015,§3.5 (2) 末尾,スレッドごとの直近 commit 連続数の記録,delay-on-conflict,競合の程度に応じて防御的検査 (sort/precheck) を入れる/外す。待ちではなく検査の on/off を競合の観測で切り替える適応機構 (分類は近似),各スレッドが、直近の transaction が連続して commit している間 (実装では 5 連続) は write set の並べ替えと early check の両方を省略し、abort が出れば有効に戻す。,スレッド局所のカウンタで validation 冒頭の分岐を決める。,自前の optimistic multi-version timestamp ordering (Cicada 本体)。比較は DBx1000 上の Silo0/TicToc/2PL/Hekaton ほか,serializable。Cicada のバージョン検証の直列化可能性を Appendix A で証明 (Theorem 1: timestamp 順の直列スケジュールと等価)。この技法自体の正しさへの影響は論文に個別の議論なし。検査の省略で追加検査が減るだけで、本検証は残る,False,論文は、低競合で両技法が無駄なオーバーヘッドになるための対策として述べる。省略の効果を単独で測った表・図は無い,,一部,なし,cc/cicada/include/transaction.hh:267 (CONTINUING_COMMIT_THRESHOLD=5 未満の record だけ precheck) ; cc/cicada/include/tuple.hh:32 continuing_commit_,連続 commit の判定が thread 単位でなく record ごとの continuing_commit_ で、省略されるのは precheck だけ (partial_sort は常に実行)。,ccbench-present,連続 commit で precheck を省く要は cc/cicada にある (thread 単位でなく record ごと、sort は常に実行)。Silo には省く precheck が無い。,n/a,conditional:Cicada は開始時 timestamp の順が直列化順で commit 順と一致しないため、版 ID に書き手の wts を使い版順・直列化順を timestamp で取る差し込み点に合わせれば,単独の測定は原典に無い。,"Abstract, §1, §2.1-2.4, §3.1-3.9, §4.1-4.6 (Fig.3-11, Table 2), §5, Appendix A(定理の主張と証明の骨子), Appendix B"
cicada-incremental-version-search,B-mvcc-ccbench,Incremental version search (remember later_version),optimization,Cicada: Dependably Fast Multi-Core In-Memory Transactions,SIGMOD 2017,2017,DOI 10.1145/3035918.3064015,§3.5(3),wts 降順で整列した version リスト、read phase の検索結果,cpu-cache,pending install と consistency check での version リスト全走査 (競合 record では新規 version が cache 外) の再走査を避ける,read phase の検索で、tx.ts の直後の wts を持つ later_version を覚えておき、以後の検索はそこから再開する。リストは wts 降順なので、自分を abort させ得る新しい version は必ず later_version の後に現れる。,later_version を version 検索のたびに更新し、install と check の検索の開始点にする。,自前の optimistic multi-version timestamp ordering (Cicada 本体)。比較は DBx1000 上の Silo0/TicToc/2PL/Hekaton ほか,serializable。Cicada のバージョン検証の直列化可能性を Appendix A で証明 (Theorem 1: timestamp 順の直列スケジュールと等価)。この技法自体の正しさへの影響は論文に個別の議論なし。リストの順序性に基づく論拠を本文で述べる (§3.5),False,個別の測定値なし (Table 2 にも含まれない),個別の測定値なし,あり,なし,cc/cicada/transaction.cc:104 read_internal (later_ver を記憶) ; cc/cicada/transaction.cc:268 update ; cc/cicada/transaction.cc:479- validation (later_ver_ から再開),,ccbench-present,既にある (cc/cicada の later_ver)。版の連結リストが前提で Silo には対象が無い。,n/a,conditional:Cicada は開始時 timestamp の順が直列化順で commit 順と一致しないため、版 ID に書き手の wts を使い版順・直列化順を timestamp で取る差し込み点に合わせれば,単独の測定は原典に無い。,"Abstract, §1, §2.1-2.4, §3.1-3.9, §4.1-4.6 (Fig.3-11, Table 2), §5, Appendix A(定理の主張と証明の骨子), Appendix B"
cicada-rapid-gc,B-mvcc-ccbench,"Rapid garbage collection (fine-grained quiescence, per-record GC lock)",optimization,Cicada: Dependably Fast Multi-Core In-Memory Transactions,SIGMOD 2017,2017,DOI 10.1145/3035918.3064015,"§3.8, Fig.9 と §4.6","per-thread の wts/rts、min_wts/min_rts (leader が更新)、per-thread の GC queue、record ごとの (GC lock, min_wts) の小構造 (head と別)",version-lifetime,古い version を短い遅延で回収して version の生存時間を縮め、working set を小さく保つ (cache 効率),epoch でなく細粒度 timestamp で回収可否を判定する。各スレッドは 10 µs ごとに quiescent flag を立て、leader が全員の flag を見て min_wts/min_rts を更新する。各スレッドは自分の GC queue の先頭項目の wts < min_rts なら、その record の古い version を回収する。record ごとの GC lock が取れなければ項目を捨て、競合 record への過剰な GC を避ける。,"maintenance (transaction 間) で実行。commit した version の (ポインタ, wts) を queue へ。GC lock の取得と (v.wts) > (record.min_wts) の両方が成立するときだけ version リストの後ろを切り離す。",自前の optimistic multi-version timestamp ordering (Cicada 本体)。比較は DBx1000 上の Silo0/TicToc/2PL/Hekaton ほか,serializable。Cicada のバージョン検証の直列化可能性を Appendix A で証明 (Theorem 1: timestamp 順の直列スケジュールと等価)。この技法自体の正しさへの影響は論文に個別の議論なし。回収の安全性は min_rts の定義に基づく (§3.8),False,28 thread TPC-C で GC 間隔を 10 µs から 100 ms へ広げると 28 warehouse で -36.0%、4 warehouse で -27.2%、1 warehouse で -2.2% (Fig.9 と §4.6)。空間オーバーヘッドは 100 ms 間隔で 9.89%、Cicada 既定で 1.83% (§4.6),競合が高く throughput が低い 1 warehouse では GC 間隔の影響が小さい (Fig.9、-2.2%)。1 要求/txn の write-intensive YCSB では Cicada は TicToc より 8.7% 低く、論文は version 回収などの out-of-transaction 処理の多さを原因に挙げる (Appendix B、GC だけの寄与とは書かれていない),あり,なし,"cc/cicada/util.cc:281 cicadaLeaderWork (全 thread の flag が揃ったら min_wts/min_rts 更新) ; cc/cicada/transaction.cc:806 gc_versions (record ごとの GC right :cicada/include/tuple.hh:40) ; cc/cicada/transaction.cc:884 (gc_inter_us=10us, cicada/include/common.hh:42)",,ccbench-present,既にある (cc/cicada の gc_versions と cicadaLeaderWork、10 µs 間隔)。Silo は単版なので対象外。,n/a,conditional:Cicada は開始時 timestamp の順が直列化順で commit 順と一致しないため、版 ID に書き手の wts を使い版順・直列化順を timestamp で取る差し込み点に合わせれば,原典の根拠は Cicada Fig. 9 (TPC-C で GC 間隔を広げると -36.0%)。,"Abstract, §1, §2.1-2.4, §3.1-3.9, §4.1-4.6 (Fig.3-11, Table 2), §5, Appendix A(定理の主張と証明の骨子), Appendix B"
cicada-contention-regulation,B-mvcc-ccbench,"Contention regulation (globally coordinated maximum backoff, hill climbing)",optimization,Cicada: Dependably Fast Multi-Core In-Memory Transactions,SIGMOD 2017,2017,DOI 10.1145/3035918.3064015,"§3.9, Fig.10 と §4.6, §4.4",スレッドごとの commit 数カウンタ、leader スレッド (maintenance に同居)、abort 時のランダム backoff,delay-on-conflict,abort した transaction の再実行を遅らせる backoff の最大値を、全体の commit throughput を最大化するよう自動調整する,abort 後はランダム時間 (0 から最大 backoff の間) 待つ。最大 backoff は leader が 5 ms ごとに全スレッドの commit 数を集計し、山登り法で調整する: 直近 2 期間の throughput 変化を最大 backoff の変化で割った勾配が正なら 0.5 µs 増、負なら 0.5 µs 減、0 か未定義なら向きをランダムに選ぶ。,abort 後 (再投入前) の待ち時間を決める。最大値は全スレッド共通の 1 値。,自前の optimistic multi-version timestamp ordering (Cicada 本体)。比較は DBx1000 上の Silo0/TicToc/2PL/Hekaton ほか,serializable。Cicada のバージョン検証の直列化可能性を Appendix A で証明 (Theorem 1: timestamp 順の直列スケジュールと等価)。この技法自体の正しさへの影響は論文に個別の議論なし。待ち時間のみの制御なので serializable への影響なし,False,TPC-C 4 warehouse、TPC-C-NP 4 warehouse、write-intensive YCSB 1 要求/txn skew 0.99 (すべて 28 thread) で、手動で最良の固定 backoff にほぼ一致 (Fig.10)。最適 backoff は workload 依存で、0 に近いことも多い (Fig.10)。TPC-C 1 warehouse で ERMIA が 12 thread 後に崩れるのに対し、Cicada の contention regulation が過剰並列を自動回避すると論文は説明 (§4.4 本文。ERMIA との差を全て contention regulation に帰する ablation ではない),手動最適が backoff 0 の workload では、abort 率は高いまま throughput が最大になる (Fig.10)。調整自体の悪化を示す図は無い,あり,なし,"include/backoff.hh:44 update_backoff (gradient による山登り) ; include/backoff.hh:94 backoff, :112 leaderBackoffWork ; cc/cicada/include/transaction.hh:161 backoff / cc/cicada/transaction.cc:770 (#if BACK_OFF)",刻み 100 us・更新周期 10 us・上限 1000 us (論文は 0.5 us・5 ms 周期)。勾配ゼロ時は commit 数の偶奇で乱択。,ccbench-present,全体共有の最大 backoff を山登りで決める要は include/backoff.hh にあり Silo でも使われる (刻み ±100 µs、乱数なしで全体の 1 値を待つ)。0〜最大の乱数で待つ部分は無く、worker ごとの乱数つきの待ちは v1 の abort 後 hook で表せるが、全体の throughput は v1 から見えない。,n/a,observable (待ち時間だけで読み書きの意味は変わらない),原典の根拠は Cicada Fig. 10 (TPC-C 4 warehouse と YCSB write-intensive skew 0.99 で最良の固定 backoff にほぼ一致)。,"Abstract, §1, §2.1-2.4, §3.1-3.9, §4.1-4.6 (Fig.3-11, Table 2), §5, Appendix A(定理の主張と証明の骨子), Appendix B"
cicada-clock-boost-on-abort,B-mvcc-ccbench,Temporary clock boosting on abort,optimization,Cicada: Dependably Fast Multi-Core In-Memory Transactions,SIGMOD 2017,2017,DOI 10.1145/3035918.3064015,§3.1,スレッドごとの clock boost 量、one-sided 同期,delay-on-conflict,abort 後の再実行の timestamp を前へ進め、『timestamp が早すぎて競合 record に書けない』失敗の繰り返しを減らす。待ち時間の増減ではなく再実行の timestamp の選び方 (分類は近似),conflict による abort が起きたら clock boost を固定量 (実装では 1 µs、one-sided 同期後の残差スキューより大きい値) にし、commit で 0 に戻す。timestamp は (ローカル時計 + boost) を直前の値より大きくして作る。,abort 後の再開時の timestamp 採番だけを変える。,自前の optimistic multi-version timestamp ordering (Cicada 本体)。比較は DBx1000 上の Silo0/TicToc/2PL/Hekaton ほか,serializable。Cicada のバージョン検証の直列化可能性を Appendix A で証明 (Theorem 1: timestamp 順の直列スケジュールと等価)。この技法自体の正しさへの影響は論文に個別の議論なし。timestamp の unique 性・単調性は保たれる (§3.1),False,個別の測定値なし,個別の測定値なし,あり,なし,cc/cicada/transaction.cc:760 abort (set_clockBoost(clocks_per_us)) ; cc/cicada/transaction.cc:910 writePhase (0 に戻す) ; cc/cicada/include/time_stamp.hh:37,,ccbench-present,既にある (cc/cicada の abort と writePhase)。timestamp を持たない Silo には対象が無い。,n/a,conditional:Cicada は開始時 timestamp の順が直列化順で commit 順と一致しないため、版 ID に書き手の wts を使い版順・直列化順を timestamp で取る差し込み点に合わせれば,単独の測定は原典に無い。,"Abstract, §1, §2.1-2.4, §3.1-3.9, §4.1-4.6 (Fig.3-11, Table 2), §5, Appendix A(定理の主張と証明の骨子), Appendix B"
cicada-multiversion-index-deferred-update,B-mvcc-ccbench,Multi-version indexes with deferred index updates,optimization,Cicada: Dependably Fast Multi-Core In-Memory Transactions,SIGMOD 2017,2017,DOI 10.1145/3035918.3064015,"§3.6, Fig.3 vs Fig.4",index node を Cicada の table record として持つこと (node に wts/rts)、read-own-writes 機構 (thread-local hash),none,abort する transaction が共有 index を書き換えない (index contention の除去)。3 分類のどれにも当たらない (競合 index の書き込み減),index node の書き込みを validation まで thread-local に保ち、commit 直前に検証・反映する。index node を通常 record と同様に wts/rts で検証して phantom を防ぐ。他システム (Silo など) は read phase で index を書き換えるため abort が多い局面で index が競合すると論文は述べる。,insert/delete 時は node の局所コピーを作る。検証で index node の read/write を通常 record と同様に扱う。,自前の optimistic multi-version timestamp ordering (Cicada 本体)。比較は DBx1000 上の Silo0/TicToc/2PL/Hekaton ほか,serializable。phantom 回避を index node 検証で行う (§3.6)。個別の証明は付録 A の対象外 (insert/delete は省略と明記),False,"TPC-C 高競合 (1 / 4 warehouse) で他方式は early index update で悪化 (Fig.3a,3b、§4.4 本文)。他方式も延期更新・phantom 回避なしにした Fig.4 では差が縮み、Cicada は 1 warehouse で Silo0 より 33.2% 高く 443 k tps (§4.4 本文)",single-version index (延期なし) の方が memory access が少なく軽量と論文は述べる (§3.6)。低競合では multi-version index の優位は示されていない (Fig.4c の +10.7% は single-version index 構成),なし,なし,,"index は Masstree で、insert は read phase 中に即 insert_value し、phantom は Silo と同じ node_map_ の version 検証で守る (cc/cicada/transaction.cc:319,596)。index node を wts/rts 付きで thread-local に溜めて validation で反映する経路は無い。",absent-prereq-mismatch,index node を wts/rts つきの record として多版で検証する前提で、単版の Silo と合わない。YCSB の点読み・点書きは insert を出さないので効きようもない。,n/a,not-observable:index node の変更と述語 (phantom) は trace に記録されない,"YCSB では発火しない。原典の根拠は Cicada Fig. 3a, 3b と Fig. 4 (TPC-C 高競合)。","Abstract, §1, §2.1-2.4, §3.1-3.9, §4.1-4.6 (Fig.3-11, Table 2), §5, Appendix A(定理の主張と証明の骨子), Appendix B"
cicada-read-only-snapshot,B-mvcc-ccbench,Read-only transactions at thread.rts (no read tracking or validation),optimization,Cicada: Dependably Fast Multi-Core In-Memory Transactions,SIGMOD 2017,2017,DOI 10.1145/3035918.3064015,§3.1,min_wts、thread.rts の維持 (leader による更新),none,read-only transaction の read 追跡・検証を全く行わない。3 分類のどれにも当たらない (検証仕事の除去),read-only transaction は thread.rts (= min_wts - 1) を timestamp とし、read set を追跡も検証もしない。並行・将来の read-write の timestamp は min_wts 以上で、thread.rts より後になるため常に一貫した読みになる。,begin 時に read-only と宣言されたときだけ。,自前の optimistic multi-version timestamp ordering (Cicada 本体)。比較は DBx1000 上の Silo0/TicToc/2PL/Hekaton ほか,serializable。Cicada のバージョン検証の直列化可能性を Appendix A で証明 (Theorem 1: timestamp 順の直列スケジュールと等価)。この技法自体の正しさへの影響は論文に個別の議論なし (§3.1 の論拠),True,TPC-C の OrderStatus/StockLevel の平均 staleness 117 µs、99.9 パーセンタイル 724 µs (§4.6 本文)。Silo の epoch snapshot は 1 秒周期・平均 0.5 秒と対比。スループット増は個別には測られていない,read-only の事前宣言が必要 (呼び出し側が read-only を宣言),あり,なし,cc/cicada/transaction.cc:39-41 begin (rts_ = MinWts - 1) ; cc/cicada/transaction.cc:93 read_internal (is_ronly_ なら rts_ で読む) ; cc/cicada/transaction.cc:934 commit (検証せず終了) ; cc/mvto/transaction.cc:46,read set への記録自体は read_internal で行われ、commit で clear するだけ (追跡コストは残る)。,ccbench-present,既にある (cc/cicada の is_ronly_ 経路で rts_ = MinWts - 1)。Silo では旧版が無いので対象外。,n/a,conditional:Cicada は開始時 timestamp の順が直列化順で commit 順と一致しないため、版 ID に書き手の wts を使い版順・直列化順を timestamp で取る差し込み点に合わせれば,YCSB で read-only 取引を宣言する経路が要る。原典に throughput の単独測定は無い (Cicada §4.6 の staleness のみ)。,"Abstract, §1, §2.1-2.4, §3.1-3.9, §4.1-4.6 (Fig.3-11, Table 2), §5, Appendix A(定理の主張と証明の骨子), Appendix B"
ermia-si-ssn-protocol,B-mvcc-ccbench,Snapshot isolation with SSN certifier as the CC layer,protocol-core,ERMIA: Fast Memory-Optimized Database System for Heterogeneous Workloads,SIGMOD 2016,2016,DOI 10.1145/2882903.2882905,"§1.1, §3.6.1-3.6.2, Algorithm 1, Fig.1,2,5-9",commit LSN (global order)、version ごとの cstamp/pstamp/sstamp、TID table、SI の first-updater-wins,none,protocol の中核。read-mostly transaction を writer と競合させず (SI)、serializability を安価な certifier (SSN) で足す,SI では read と write が互いをブロックしない。更新は先頭 version の TID stamp が write lock を兼ね、first-updater-wins で write-write 競合を各更新時に即検出する。serializability は SSN の exclusion window test (π(T) ≤ η(T) なら abort) を pre-commit で行う。,forward processing: version 連鎖を辿り begin LSN と cstamp で可視性判定。更新は CAS で先頭に新 version を install。pre-commit: commit LSN 採番 → SSN (Algorithm 1) → status を committed。post-commit: TID stamp を commit LSN で置換。,ERMIA (自前の memory-optimized engine)、SI もしくは SI+SSN。比較対象は Silo,SI+SSN は serializable (SSN の証明は [48]=SSN 論文に委譲、本文 §3.6.2)。phantom は Silo の tree node version 検証を継承,False,read-mostly transaction を混ぜた TPC-C-hybrid/TPC-E-hybrid で Silo は read-mostly transaction が飢餓 (Fig.2 右、Fig.5 中・右、Fig.6)。Q2* サイズ 40% 以上で Silo は ERMIA より 2 桁少ない commit (§4.3 本文)。10k 読みで更新比 0.1%〜1% で Silo は大きく低下 (§1.1、Fig.1),標準 TPC-C/TPC-E では Silo が最良で、ERMIA は間接参照の cache miss と SSN の分だけ低い (Fig.7、§4.4)。TPC-C-hybrid で ERMIA-SSN は ERMIA-SI より全サイズで遅い (Fig.5 左、§4.3 本文),あり,なし,"cc/ermia/transaction.cc:177 install_version (first-updater-wins, 先頭 version が write lock 兼用) ; cc/ermia/transaction.cc:594 ssn_parallel_commit ; cc/ermia/transaction.cc:855 verify_exclusion_or_abort ; cc/si/transaction.cc:471 si_commit (SSN 無しの SI)",,ccbench-present,既にある (cc/ermia、SSN なしは cc/si)。多版前提で Silo の置換になる。,n/a,conditional:ERMIA (SI+SSN) の版 ID は cstamp で、SI は古い版を読むため、版 ID に書き手の cstamp を使い版順を cstamp で取る差し込み点に合わせれば,stock の ermia で比較できる。原典の根拠は ERMIA Fig. 1・Fig. 2・Fig. 5・Fig. 6 (read-mostly 混在で Silo が飢餓)。YCSB の点読み・点書きで長い read-mostly 取引を作るには max_ope を大きくする。,"Abstract, §1, §2, §3.1-3.7 (Algorithm 1 含む), §4.1-4.5 (Fig.1,2,5-12, Table 1), §5-6"
ermia-indirection-array,B-mvcc-ccbench,Latch-free indirection arrays (OID -> version chain),optimization,ERMIA: Fast Memory-Optimized Database System for Heterogeneous Workloads,SIGMOD 2016,2016,DOI 10.1145/2882903.2882905,"§2 (Latch-free indirection arrays), §3.2, Fig.3, §4.4 (Fig.11)",table/index ごとの OID 配列 (各 slot が version 連鎖の先頭ポインタ)、index の leaf に OID を保持,version-lifetime,version の install/置換を配列 slot 1 か所の CAS にまとめ、index の更新を除く。version の置き場所が変わっても index は不変。3 分類のどれにも厳密には当たらない (推測: 版の連鎖の管理方式の選択、version-lifetime に最も近い),record を OID で識別し、slot が version 連鎖の先頭 (メモリ上または log 上) を指す。更新は先頭に新 version を CAS で install し、未 commit の先頭 version が write lock を兼ねる。index には OID を置くので、更新は index に波及せず、log と index の競合が減る。,read: index → OID → slot → 先頭 version → 連鎖を辿る (CC が可視性を決める)。insert: 新 OID を取り slot に書く (競合なし)。update: 先頭に CAS。delete: tombstone。GC は配列を走査して不要 version を除去。,ERMIA (自前の memory-optimized engine)、SI もしくは SI+SSN。比較対象は Silo,SI/SSN の正しさは CC 層の議論 (§3.6)。indirection 自体の正しさは個別の議論なし,False,更新が index に波及しないので、index 競合が減る (§3.2 の主張)。この利得の定量値は本文に無い,追加の間接参照の分だけ cache miss が増える。TPC-C で indirection は cycle の 16%、LLC miss の 32% (Fig.11、§4.4 本文),一部,なし,cc/ermia/include/tuple.hh:11 latest_ (chain 先頭) ; cc/ermia/transaction.cc:177 install_version (CAS で先頭へ install),OID 添字の indirection array は無く、Masstree が chain 先頭を持つ Tuple object を直接指す。log 上の version への遅延 load はない。更新が index に波及しない点と uncommitted 先頭が lock を兼ねる点は同じ。,ccbench-present,更新が index に波及しない要と、未 commit の先頭版が lock を兼ねる要は cc/ermia にある (OID 配列は無い)。Silo は in place 上書きで index が変わらないので対象外。,n/a,conditional:ERMIA (SI+SSN) の版 ID は cstamp で、SI は古い版を読むため、版 ID に書き手の cstamp を使い版順を cstamp で取る差し込み点に合わせれば,定量値は原典に無い (ERMIA §3.2)。,"Abstract, §1, §2, §3.1-3.7 (Algorithm 1 含む), §4.1-4.5 (Fig.1,2,5-12, Table 1), §5-6"
ermia-three-epoch-manager,B-mvcc-ccbench,Lightweight multi-timescale epoch managers (three-epoch tracking),optimization,ERMIA: Fast Memory-Optimized Database System for Heterogeneous Workloads,SIGMOD 2016,2016,DOI 10.1145/2882903.2882905,"§2 (Epoch-based resource management), §3.4, §4.4",スレッド局所の active/quiescent 報告、開いている epoch/closing/closed の 3 状態、条件付き quiescent 点,version-lifetime,version・TID・log buffer の回収を epoch の quiesce で行う。回収の遅延と straggler 処理の頻度を減らす,epoch を 3 本同時に追跡する。新 epoch が始まると、その時点で active なスレッドは 'closing' epoch に入り無視される。3 本目が始まって初めて 'closing' が 'closed' になり straggler を検査する。よって忙しいスレッドは本物の straggler と区別され、高価な straggler 手順に巻き込まれない。時間尺の違う 3 つの manager (version GC・RCU による物理メモリ・TID の再利用) を同時に走らせる。,スレッドが報告する quiescent 点は条件付き (epoch が閉じようとしていなければ共有変数 1 個の read のみ)。GC は epoch が確定した後に worker または daemon が実行。,ERMIA (自前の memory-optimized engine)、SI もしくは SI+SSN。比較対象は Silo,個別の正しさの議論は無い (ABA を避ける目的、§3.3-3.4),False,epoch manager のコストは 1% 未満 (§4.4 本文、Fig.11)。細粒度でも競合しない,回収の最悪遅延は最後の straggler が離れるまで (§3.4),なし,なし,,ERMIA/SI の GC は MinQueuedCstamp と TMT の txid 範囲 (GC_threshold_) で行い、epoch manager は無い。,absent-prereq-mismatch,多版の版 GC・RCU・TID 再利用のための epoch 管理で、単版の Silo には対象が無い (Silo の epoch は別の目的で既にある)。,n/a,conditional:ERMIA (SI+SSN) の版 ID は cstamp で、SI は古い版を読むため、版 ID に書き手の cstamp を使い版順を cstamp で取る差し込み点に合わせれば,原典の根拠は ERMIA Fig. 11 (コスト 1% 未満)。YCSB の点読み・点書きで効きようが無い。,"Abstract, §1, §2, §3.1-3.7 (Algorithm 1 含む), §4.1-4.5 (Fig.1,2,5-12, Table 1), §5-6"
ermia-single-faa-log-manager,B-mvcc-ccbench,Centralized log with a single fetch-and-add per transaction (holes allowed in LSN space),optimization,ERMIA: Fast Memory-Optimized Database System for Heterogeneous Workloads,SIGMOD 2016,2016,DOI 10.1145/2882903.2882905,"§2 (Scalable centralized logging), §3.3, Fig.4, Fig.10",transaction ごとの private log buffer、LSN = 論理 offset + 下位 bit の log segment 番号、中央 log buffer,cpu-cache,global な同期点を 1 transaction あたり 1 回の atomic fetch-and-add に減らす (共有カウンタ競合の縮小)。分類は近似 (推測),commit LSN の採番と log 領域の予約を 1 回の atomic fetch-and-add で行う。LSN は単調だが連続でなくてよい (hole を許す) とすることで、segment 満杯・切替の corner case をその場で処理する。in-flight 中の log は private に持ち、大きな塊にして中央 log へ入れる。,pre-commit の入口で LSN 採番 (CC が commit 順を得る)。abort なら skip record を書く。,ERMIA (自前の memory-optimized engine)、SI もしくは SI+SSN。比較対象は Silo,個別の正しさの議論は無い (log の順序性による),False,log manager のコストは cycle の 8-9% で 24 thread 全域で一定 (§4.4、Fig.11)。per-operation logging (操作ごとに log buffer 往復) は 24 thread までスケールしない (Fig.10 と §4.4 本文),global counter の 1 点競合が 32 core 超で問題になるかは未検証で、著者は『skyrocket しないと期待』と述べるだけ (§4.4),一部,なし,cc/ermia/transaction.cc:602 ssn_parallel_commit (cstamp_ = ++Lsn) ; cc/si/transaction.cc:479,commit LSN の採番を 1 回の atomic fetch-add でする点だけ。log 領域の予約・segment 切替・hole 許容・private な in-flight log の塊化は無い (log manager 自体が無い)。,absent-prereq-mismatch,中央 log の領域予約と log segment が要る log manager で、ディスク log が前提。Silo は共有 counter を避ける設計で合わない。,n/a,not-observable:log の書込みは commit 済み取引の読み書き trace に現れない,原典の根拠は ERMIA Fig. 10・Fig. 11 (log manager のコストは 8-9%)。,"Abstract, §1, §2, §3.1-3.7 (Algorithm 1 含む), §4.1-4.5 (Fig.1,2,5-12, Table 1), §5-6"
ermia-tid-table-generations,B-mvcc-ccbench,TID table with generation numbers and recycling,optimization,ERMIA: Fast Memory-Optimized Database System for Heterogeneous Workloads,SIGMOD 2016,2016,DOI 10.1145/2882903.2882905,§3.5,固定長 (64k entry) の TID table、TID = table offset + epoch (世代)、entry ごとに begin/end timestamp と status,none,TID stamp された version の可視性照会を lock 無しで処理する管理構造。3 分類のどれにも当たらない,transaction は TID を version の作成 timestamp に書き、post-commit で commit LSN に置換する。他 transaction は TID stamp の version に当たったら TID table を引き、in flight / 終了 (end stamp) / 無効 (旧世代) の 3 つの答えを得る。旧世代なら version を読み直す。slot は解放されるまで再利用しない (遅い transaction は複数世代にまたがれる)。,照会も割当ても lock-free。TID の割当時の straggler は TID 時間尺の epoch manager が処理。,ERMIA (自前の memory-optimized engine)、SI もしくは SI+SSN。比較対象は Silo,個別の正しさの議論なし,False,個別の測定値なし,個別の測定値なし,一部,なし,"cc/ermia/transaction.cc:24 begin (TMT 要素の再利用 :43-57, :81 storeRelease(TMT[thid_])) ; cc/ermia/garbage_collection.cc:144 gcTMTelement",thread ごとの TMT slot を要素 object の差し替えで持ち、gc で再利用する。generation 番号による「旧世代の TID」判定は無く、GC_threshold_ (txid 範囲) で回収を判断する。,absent-prereq-mismatch,版に TID stamp を仮置きする多版 (ERMIA) の前提で、単版の Silo には対象が無い。,n/a,conditional:ERMIA (SI+SSN) の版 ID は cstamp で、SI は古い版を読むため、版 ID に書き手の cstamp を使い版順を cstamp で取る差し込み点に合わせれば,単独の測定は原典に無い。,"Abstract, §1, §2, §3.1-3.7 (Algorithm 1 含む), §4.1-4.5 (Fig.1,2,5-12, Table 1), §5-6"
ssn-exclusion-window-test,B-mvcc-ccbench,SSN exclusion window test (pi(T) <= eta(T)),protocol-core,Efficiently making (almost) any concurrency control mechanism serializable,"The VLDB Journal 2017 (読んだ版は arXiv v5, 2017-05-04)",2017,arXiv:1605.04292,"§3.1-3.4 (Definition 1, Theorem 4-7), Fig.2,3",transaction ごとの cstamp/pstamp(η)/sstamp(π)、version ごとの cstamp/pstamp/sstamp/prev,none,protocol の中核 (certifier)。3 分類のどれにも当たらない。棄却する条件が SSI や 2PL より狭い (偽陽性が少ない) というのが論文の主張,T の後継者 (back edge の先) の最古の commit 時刻 π(T) と、T より前に commit した直接先行者の最大 commit 時刻 η(T) を保持し、π(T) ≤ η(T) なら abort する。先行者 U が同時に後継者でもあれば、U が T の exclusion window を侵す。直接依存だけを見るのでコストは footprint に比例。abort 後の即時再実行は同じ依存で再び落ちない (safe retry、Theorem 7)。,"read: η(T) を version の cstamp で更新、version が既に上書き済みなら π(T) を version の sstamp で更新。write: η(T) を prev.pstamp で更新。pre-commit: 全 read/write を見て π,η を確定し検査。post-commit: version の pstamp/sstamp/cstamp を更新。",任意の CC (論文の実装は ERMIA 上の SI に重ねた SI+SSN、他に RC+SSN のシミュレーション)。条件: lost write と dirty read を禁じる CC (RC 以上),任意の certifiable scheduler (lost write と dirty read が無い) 上で serializable (§3.3 の定理、証明は本文)。safe retry は §3.2 と Theorem 7,False,TPC-EH (60 thread) で OCC は SI の 20% 未満、SSN は SI に近い (Fig.11 左と §8.4)。高競合 TPC-CC の 60 thread で SSN の serialization failure による abort は SSI より約 60% 少ない (§8.5 本文)。StockLevel の commit 率は SSI より 17% 高い (§8.5、Fig.16),OCC が最速となる低競合 TPC-C では SI+SSN は OCC に劣り、SI にも劣る (§8.3、Fig.10)。SSN にも false positive があり (Fig.2(d))、その例示がある,あり,なし,cc/ermia/transaction.cc:710 ssn_parallel_commit (pstamp_ < sstamp_) ; cc/ermia/transaction.cc:855 verify_exclusion_or_abort (read 中にも検査) ; cc/ermia/transaction.cc:532 ssn_commit (latch 版),,ccbench-present,既にある (cc/ermia の ssn_parallel_commit と verify_exclusion_or_abort)。多版 SI が前提で Silo には対象が無い。,n/a,conditional:ERMIA (SI+SSN) の版 ID は cstamp で、SI は古い版を読むため、版 ID に書き手の cstamp を使い版順を cstamp で取る差し込み点に合わせれば,stock の ermia で比較できる。原典の根拠は SSN Fig. 11 (TPC-EH) と Fig. 16。,"Abstract, §1, §3.1-3.4 (定義・定理の主張), §4.1-4.2 (Algorithm 1-3), §5.1-5.3, §6.1-6.2, §7 の一部 (7.6 / Fig.9), §8.1-8.5 (Fig.10-16, Table 3 の周辺)"
ssn-latch-free-parallel-commit,B-mvcc-ccbench,Latch-free parallel commit protocol,optimization,Efficiently making (almost) any concurrency control mechanism serializable,"The VLDB Journal 2017 (読んだ版は arXiv v5, 2017-05-04)",2017,arXiv:1605.04292,"§4.2 (4.2.1-4.2.3), Algorithm 3",transaction status に COMMITTING を追加、TID table (スレッド→TID/cstamp)、overwritten version の sstamp に overwriter の TID を仮置きする,cpu-cache,commit 検証をラッチ 1 個で直列化せず並列化して core 間の競合を減らす。分類は近似 (推測),ラッチ付き Algorithm 2 は commit 全体を 1 ラッチで直列化するため、スケーラビリティを損なうとして latch-free 版を設計する。π(T) の確定では、read set の version の sstamp が TID なら、その overwriter U の cstamp を待って比較し、U が先に commit したなら U の結果 (committed なら u.sstamp) を採用。η(T) は readers bitmap 上の並行 reader (次カード) を確認する。,pre-commit: status = COMMITTING → cstamp 採番 → π 確定 (overwriter を spin で待つ) → η 確定 (reader を待つ) → 検査 → COMMITTED。post-commit: pstamp を CAS で更新、sstamp を確定値へ。,任意の CC (論文の実装は ERMIA 上の SI に重ねた SI+SSN、他に RC+SSN のシミュレーション)。条件: lost write と dirty read を禁じる CC (RC 以上),serializable を維持 (§4.2 で happens-before の論拠、正式な証明は §3.3 の範囲),False,個別の測定値なし。ERMIA に実装した SI+SSN の実行 (Fig.10-16) は全て latch-free 版。ラッチ付き版との比較値は無い,spin で相手の pre-commit 完了を待つ (§4.2.2)。待ちが長い場合の悪化は測られていない,あり,なし,cc/ermia/transaction.cc:594 ssn_parallel_commit (commit() が :905 で呼ぶ),"latch 版 ssn_commit (SsnLock, :503) は commit() から使われず、実際は latch-free 版。",ccbench-present,既にある (cc/ermia の ssn_parallel_commit)。,n/a,conditional:ERMIA (SI+SSN) の版 ID は cstamp で、SI は古い版を読むため、版 ID に書き手の cstamp を使い版順を cstamp で取る差し込み点に合わせれば,latch 版との比較値は原典に無い。,"Abstract, §1, §3.1-3.4 (定義・定理の主張), §4.1-4.2 (Algorithm 1-3), §5.1-5.3, §6.1-6.2, §7 の一部 (7.6 / Fig.9), §8.1-8.5 (Fig.10-16, Table 3 の周辺)"
ssn-readers-bitmap,B-mvcc-ccbench,Readers bitmap (v.readers) indexed by thread,optimization,Efficiently making (almost) any concurrency control mechanism serializable,"The VLDB Journal 2017 (読んだ版は arXiv v5, 2017-05-04)",2017,arXiv:1605.04292,"§4.2.3, Fig.5",version ごとの readers bitmap (bit i = スレッド i)、スレッド→transaction の対応表,cpu-cache,version の reader 集合を timestamp の配列でなく bitmap で持ち、metadata の肥大を抑える。分類は近似,スレッドは version を初めて読むとき自分の bit を立て、transaction 終了で下ろす。overwriter は commit 時に bitmap の立った bit を BSR 命令で走査し、各 reader の cstamp を対応表から引いて η(T) を確定する。bit の再利用による誤認を避けるため v.pstamp も最後に見る (保守側に倒れ、偽陽性が増え得る)。,read 時: bit 設定。commit 時 (overwriter): bit 走査+ reader の pre-commit 待ち。,任意の CC (論文の実装は ERMIA 上の SI に重ねた SI+SSN、他に RC+SSN のシミュレーション)。条件: lost write と dirty read を禁じる CC (RC 以上),保守的な近似 (偽陽性が増えるが安全側)。serializable を壊さない,False,『bitmap の利得が欠点を上回る』と本文が述べる (§4.2.3)。比較の数値は無い,bit 再利用により v.pstamp が大きくなり偽陽性が増える可能性 (§4.2.3、実測なし),あり,なし,cc/ermia/include/version.hh:97 readers_ ; cc/ermia/include/transaction.hh:119 upReadersBits / :130 downReadersBits ; cc/ermia/transaction.cc:668 (overwriter が bit を走査し reader の cstamp を TMT から引く),走査は BSR でなく全 thread の loop。1 << thid_ が int 幅のため 32 thread 超で bit が立たない疑い (推測: 未確認)。,ccbench-present,既にある (cc/ermia の readers_、走査は全 thread の loop)。照合は 1 << thid_ が int 幅のため 32 thread 超で bit が立たない疑いを記録している (未確認)。,n/a,conditional:ERMIA (SI+SSN) の版 ID は cstamp で、SI は古い版を読むため、版 ID に書き手の cstamp を使い版順を cstamp で取る差し込み点に合わせれば。32 thread 超の bitmap の疑いは thread 数を振った正例で確かめる必要がある,比較の数値は原典に無い (SSN §4.2.3)。,"Abstract, §1, §3.1-3.4 (定義・定理の主張), §4.1-4.2 (Algorithm 1-3), §5.1-5.3, §6.1-6.2, §7 の一部 (7.6 / Fig.9), §8.1-8.5 (Fig.10-16, Table 3 の周辺)"
ssn-single-word-stamp,B-mvcc-ccbench,Sharing one machine word for pstamp and sstamp; reuse of existing version metadata,optimization,Efficiently making (almost) any concurrency control mechanism serializable,"The VLDB Journal 2017 (読んだ版は arXiv v5, 2017-05-04)",2017,arXiv:1605.04292,§5.1,MVCC が既に持つ version の cstamp と prev ポインタ,cpu-cache,version metadata の空間 (1 version あたりの追加 byte) の縮小。分類は近似,SSN が version に持つ 4 語のうち cstamp と prev は MVCC が既に持つ。残る pstamp と sstamp は同時には要らない (version が上書きされたら pstamp は使われない) ので 1 語に同居させる。,version header の 1 語を、上書きされるまでは pstamp、上書き後は sstamp として使う。,任意の CC (論文の実装は ERMIA 上の SI に重ねた SI+SSN、他に RC+SSN のシミュレーション)。条件: lost write と dirty read を禁じる CC (RC 以上),個別の議論なし,False,追加は version あたり 16 byte、100 万 version で 16MB 未満 (§4.1 脚注 5 の見積り),,あり,なし,cc/ermia/include/version.hh:18 Psstamp (pstamp と sstamp を 1 つの 64-bit word、低 bit を TID flag),32 bit ずつ 2 つを 1 word に同居させる形で、論文の「同時に要らないので 1 語を共用」ではなく並置。cstamp と prev は MVCC の既存 field を流用。,ccbench-present,pstamp と sstamp を 1 word に置く要は cc/ermia にある (共用でなく 32 bit ずつの並置)。,n/a,conditional:ERMIA (SI+SSN) の版 ID は cstamp で、SI は古い版を読むため、版 ID に書き手の cstamp を使い版順を cstamp で取る差し込み点に合わせれば,原典は空間の見積りだけで性能の数値は無い。,"Abstract, §1, §3.1-3.4 (定義・定理の主張), §4.1-4.2 (Algorithm 1-3), §5.1-5.3, §6.1-6.2, §7 の一部 (7.6 / Fig.9), §8.1-8.5 (Fig.10-16, Table 3 の周辺)"
ssn-safe-snapshot,B-mvcc-ccbench,Active safe snapshots for read-only transactions,optimization,Efficiently making (almost) any concurrency control mechanism serializable,"The VLDB Journal 2017 (読んだ版は arXiv v5, 2017-05-04)",2017,arXiv:1605.04292,"§5.2, §7.6 (Fig.9)",read-only snapshot を提供できる CC、safe snapshot の timestamp を保持するグローバル変数,none,read-only transaction を SSN の依存追跡から完全に外す。追跡の仕事の除去,要求に応じて system が能動的に safe snapshot を取り、timestamp を global 変数に保持する。SSN は snapshot を『全 record を読んだ transaction』として扱い、その時点で in-flight の update transaction に read anti-dependency を与える。update は snapshot の version を上書きしてよいが、snapshot より前に作られた version への read anti-dependency も持つなら abort する。既存の受動型 safe snapshot (in-flight の終了を待つ) を能動化して待ちをなくした。,read-only は snapshot 上を読み、SSN の read set や pstamp 更新を行わない。,任意の CC (論文の実装は ERMIA 上の SI に重ねた SI+SSN、他に RC+SSN のシミュレーション)。条件: lost write と dirty read を禁じる CC (RC 以上),safe snapshot を SSN の枠組みで扱い serializable を維持 (§5.2 の論拠),True,シミュレーション (Fig.9) で、snapshot を update transaction の期待所要より長い間隔で取れば snapshot kill による abort は 1% 未満。10 ms 程度に 1 回ならほぼ影響なし (§7.6 本文)。30 client、Python simulator の値で実 DB の値ではない,snapshot 間隔が update の期待所要時間より短いと writer の abort が増える (Fig.9、§7.6),なし,なし,,,absent-prereq-mismatch,多版の snapshot と read-only の区別が前提で、単版の Silo と合わない。,n/a,conditional:ERMIA (SI+SSN) の版 ID は cstamp で、SI は古い版を読むため、版 ID に書き手の cstamp を使い版順を cstamp で取る差し込み点に合わせれば。snapshot 取引の直列化位置も記録する必要がある,原典の根拠は Python simulator の値 (SSN Fig. 9) で実 DB の値ではない。,"Abstract, §1, §3.1-3.4 (定義・定理の主張), §4.1-4.2 (Algorithm 1-3), §5.1-5.3, §6.1-6.2, §7 の一部 (7.6 / Fig.9), §8.1-8.5 (Fig.10-16, Table 3 の周辺)"
ssn-readonly-cstamp-at-snapshot,B-mvcc-ccbench,Read-only transaction with empty write set takes c(T) = snapshot time,optimization,Efficiently making (almost) any concurrency control mechanism serializable,"The VLDB Journal 2017 (読んだ版は arXiv v5, 2017-05-04)",2017,arXiv:1605.04292,§5.2 末尾,snapshot 時刻 (begin timestamp),none,read-only な predecessor が update transaction を落とす確率を下げる。効果は abort 頻度の低下で 3 分類外,write set が空のまま pre-commit に入る transaction は c(T) を自分の snapshot 時刻にする。v.pstamp が小さく保たれ、後続の上書きが exclusion window 違反を起こす確率が下がる。SSI の同種最適化と違い、SSN では update transaction を read-only の先行者から守る形になる。,pre-commit で cstamp を採番せず snapshot 時刻を使う。,任意の CC (論文の実装は ERMIA 上の SI に重ねた SI+SSN、他に RC+SSN のシミュレーション)。条件: lost write と dirty read を禁じる CC (RC 以上),個別の議論は無い,True,個別の測定値なし,個別の測定値なし,なし,なし,,ssn_parallel_commit は write set が空でも ++Lsn で新しい cstamp を取る (cc/ermia/transaction.cc:602)。is_ronly_ は宣言のみ。,absent-prereq-mismatch,SSN の pstamp と SI の snapshot 時刻が前提で、Silo には対象が無い。CCBench の ermia には入れる余地がある (今は write set が空でも ++Lsn で新しい cstamp を取る)。,n/a,conditional:ERMIA (SI+SSN) の版 ID は cstamp で、SI は古い版を読むため、版 ID に書き手の cstamp を使い版順を cstamp で取る差し込み点に合わせれば,単独の測定は原典に無い。YCSB で rratio 100 の取引を混ぜれば ermia 上で作れる。,"Abstract, §1, §3.1-3.4 (定義・定理の主張), §4.1-4.2 (Algorithm 1-3), §5.1-5.3, §6.1-6.2, §7 の一部 (7.6 / Fig.9), §8.1-8.5 (Fig.10-16, Table 3 の周辺)"
ssn-read-mostly-cold-read-skipping,B-mvcc-ccbench,Skipping read tracking of stale (cold) versions for read-mostly transactions (SI+SSN-R),optimization,Efficiently making (almost) any concurrency control mechanism serializable,"The VLDB Journal 2017 (読んだ版は arXiv v5, 2017-05-04)",2017,arXiv:1605.04292,"§5.3, §8.4 (Fig.11,12, Table 3)",スレッド単位の last cstamp (対応表)、readers bitmap、sstamp の最上位 bit を lock として使う CAS/fetch-and-or、『最近上書きされていない version』の閾値,none,長い read-mostly transaction の pre-commit での read set 検査 (LLC miss の主因) を省く。read 追跡の仕事の削減で 3 分類外,最近上書きされていない version (閾値で判定、実装では約 1MB 分の書込み) を stale とみなし read set に入れない。すると reader は pstamp を更新できず上書き検査もできなくなるので、reader が commit 時に自スレッドの last cstamp に cstamp を反映し (スレッド内の read-mostly を代表)、updater が readers bitmap と last cstamp から η(T) を求め、reader の sstamp を CAS で更新する (最上位 bit が 1 なら updater が abort)。偽陽性は許容する。,read: stale version は read set 非登録 (bitmap の bit は立て、下ろさない)。updater の pre-commit: bitmap の立つ thread の last cstamp を η に反映。reader の pre-commit 終端で sstamp の MSB を立ててから検査。,任意の CC (論文の実装は ERMIA 上の SI に重ねた SI+SSN、他に RC+SSN のシミュレーション)。条件: lost write と dirty read を禁じる CC (RC 以上),serializable を維持する論拠を §5.3 で述べる。正式な証明は本文に無い。偽陽性が増える (別 transaction を誤って見る) と明記,False,TPC-EH (60 thread) で SI+SSN-R は全体 throughput が SI に近い (Fig.11 左、§8.4 本文)。SI+SSN は SI に劣る (Fig.11 左)。閾値は workload に応じて調整が必要 (§8.4、実験では 0xFFFFF),reader の公平性を少し犠牲にする (Table 3、§8.4 本文)。read-mostly transaction が長いほど updater の偽陽性 abort が増える恐れ (§5.3),なし,なし,,read set への追加は sstamp が TID か未上書きの version に限るが (cc/ermia/transaction.cc:146 read_internal)、「最近上書きされていない version を read set に入れず thread の last cstamp で代替する」経路は無い。,absent-prereq-mismatch,SSN の readers bitmap・sstamp・thread の last cstamp が前提で、Silo には対象が無い。,n/a,conditional:ERMIA (SI+SSN) の版 ID は cstamp で、SI は古い版を読むため、版 ID に書き手の cstamp を使い版順を cstamp で取る差し込み点に合わせれば。read set に入れない読みが差し込み点を通るか確かめる必要がある,原典の根拠は SSN Fig. 11 (TPC-EH で SI+SSN-R が SI に近い)。,"Abstract, §1, §3.1-3.4 (定義・定理の主張), §4.1-4.2 (Algorithm 1-3), §5.1-5.3, §6.1-6.2, §7 の一部 (7.6 / Fig.9), §8.1-8.5 (Fig.10-16, Table 3 の周辺)"
ssn-hierarchical-tracking,B-mvcc-ccbench,Hierarchical dependency tracking (table-level R lock with pstamp),optimization,Efficiently making (almost) any concurrency control mechanism serializable,"The VLDB Journal 2017 (読んだ版は arXiv v5, 2017-05-04)",2017,arXiv:1605.04292,"§6.1, Table 2",table 等の階層粒度の pseudo-version と lock mode (R/IR/IW/W),none,大きな scan の追跡を table 粒度の 1 個にまとめる (lock escalation の SSN 版)。追跡の粒度の選択で 3 分類外,table の大半を読む transaction は table に R lock (table 単位の pstamp のみ更新) を取り、update は IW/W を取って sstamp のみ更新するが、table と version の両方の pstamp を検査する。reader 競合が問題なら pseudo-version を複製 (SQL Server の super-latching 流)。,pre-commit の検査対象に table 粒度の stamp を追加。,任意の CC (論文の実装は ERMIA 上の SI に重ねた SI+SSN、他に RC+SSN のシミュレーション)。条件: lost write と dirty read を禁じる CC (RC 以上),個別の議論なし,False,論文中に評価が無い (記述のみ。§6 は設計提案で §8 の実験に含まれない),評価が無い,なし,なし,,,absent-prereq-mismatch,table 単位の R/IR/IW/W lock と SSN の pstamp が前提。YCSB は単一 table の点読み・点書きで、table の大半を読む取引が無い。,n/a,not-observable:table 単位の読み (述語に近い読み) は tuple 単位の trace に現れない,原典に評価が無い (SSN §6 の設計提案)。,"Abstract, §1, §3.1-3.4 (定義・定理の主張), §4.1-4.2 (Algorithm 1-3), §5.1-5.3, §6.1-6.2, §7 の一部 (7.6 / Fig.9), §8.1-8.5 (Fig.10-16, Table 3 の周辺)"
oze-decentralized-mvsg,B-mvcc-ccbench,Decentralized multi-version serialization graph (record-local and transaction-local graphs),protocol-core,Oze: Decentralized Graph-based Concurrency Control for Long-running Update Transactions (Extended Version),PVLDB 18 (arXiv 拡張版)。依頼文の題名 'Real-world Long Transactions on BoM Benchmark' は同論文の旧題,2025,arXiv:2210.04179 (v3),"§3.1-3.2, §4.1-4.3, Algorithm 2-3, Fig.5,7",record ごとの latch・version リスト (serialization order で整列)・record-local graph、transaction ごとの transaction-local graph (read_follower/write_follower/from、read set),none,protocol の中核。false abort を減らすために制約順序 (commit 順など) に縛られず MVSG を探索する。3 分類外,MVSG (multi-version serialization graph) を record ごとの sub-graph に分散し、validation で transaction の追従者 (followers) の触れた record の graph を統合して非循環を検査する。read では循環しない最新 version を選び (必要なら古い version へ rw 辺)、validation で version order を決める。計算量は O(|X_i|(|V|+|E|))。,read phase: record latch 下で graph に wr 辺を足して循環判定 (循環なら古い version へ)。validation: write set の record で version order を決め (order forwarding、別カード)、read set の record の graph を target 集合として繰り返し統合。finalizing: pending version を committed に。,Oze (CCBench 上、MVSG 方式) と OCC (Silo ベース) の動的切替。比較は Silo/TicToc/MOCC/ERMIA(SSN)/Cicada/2PL-No-Wait/D2PL,serializable (MVSG の非循環 iff serializable の古典結果に依拠、§3.1)。正しさの議論は §4.3.3 (Correctness sketch)。並行実装は偽陽性 abort を増やし得る (§4.3.1),False,BoMB (長い更新 transaction L1 と短い transaction) で、Oze だけが L1 を commit させつつ短い transaction の throughput を維持。OCC/MVCC より 4 桁高く 2PL より最大 5 倍 (abstract)。L1 の長さ 50〜200 product の静的 BoM で最高 (Fig.8a)、動的 BoM でも同様 (Fig.9),TPC-C で protocol switching 無しの Oze (Oze-NoPS) は graph 管理が重く性能が低い (Fig.12)。graph が大きいと throughput は operation 数と graph 大きさの積にほぼ反比例 (Fig.14a),あり,なし,"cc/oze/include/tuple.hh:45 graph_ (record-local) ; cc/oze/transaction.cc:684 write_validation (merge :705, cycle 判定) ; cc/oze/include/transaction.hh:837 merge",,ccbench-present,既にある (cc/oze の record-local graph と write_validation)。多版・graph 前提で Silo の置換になる。,n/a,conditional:Oze は版順を validation で決め (order forwarding で commit 順と異なる直列化順を取る)、版順・直列化順を validation の決定どおりに記録する差し込み点に合わせれば,原典の根拠は Oze Fig. 8a・Fig. 9 (BoMB の長い更新取引)。YCSB の点読み・点書きで長い取引を作るには max_ope を大きくする。,"Abstract, §1, §2 冒頭と §2.6 の要旨, §3.1-3.4, §4.1-4.6, §5.1-5.5 (Fig.8-14), §6-7"
oze-order-forwarding,B-mvcc-ccbench,Order forwarding (dynamic version ordering: postpose then prepose),optimization,Oze: Decentralized Graph-based Concurrency Control for Long-running Update Transactions (Extended Version),PVLDB 18 (arXiv 拡張版)。依頼文の題名 'Real-world Long Transactions on BoM Benchmark' は同論文の旧題,2025,arXiv:2210.04179 (v3),"§3.3, Fig.6, Algorithm 3 (Lines 21-38), §5.4 (Fig.13)",record-local graph 上の readers/writers 情報、version リスト、epoch を含む txid,none,serialization order の探索空間を広げて abort を減らす。3 分類外,validation で version order を決めるとき、まず新 version を後ろへ置く (postpose、reader に rw 辺) を試し、循環になるなら前へ置く (prepose、reader が読んだ version の writer に ww 辺) を試す。これで chronological order と異なる直列順を取れる (MVSGT より広い MVSR 空間)。linearizability のため epoch 内に限定し、epoch をまたぐなら abort。,validation の choose_version_order 内。循環なら rw 辺を除き find_writers で ww 辺を足して再判定。epoch が違えば abort。,Oze (CCBench 上、MVSG 方式) と OCC (Silo ベース) の動的切替。比較は Silo/TicToc/MOCC/ERMIA(SSN)/Cicada/2PL-No-Wait/D2PL,serializable (MVSG の非循環 iff serializable の古典結果に依拠、§3.1)。正しさの議論は §4.3.3 (Correctness sketch)。並行実装は偽陽性 abort を増やし得る (§4.3.1)。線形化可能性は epoch 内制限で保つ (§4.3.1),False,合成 workload (40 thread、MVSG mode) で order forwarding により throughput 約 3%、abort 率約 20% 改善 (Fig.13、§5.4 本文),BoMB と TPC-C では発火せず効果が観測されなかった (§5.4)。record 数が thread 数より少ない、多すぎる場合も効果は限定的 (§5.4、Fig.13),あり,なし,cc/oze/transaction.cc:731 write_validation (循環時に forwarding、FLAGS_forwarding 既定 true: cc/oze/include/common.hh:53) ; cc/oze/transaction.cc:741,,ccbench-present,既にある (cc/oze の write_validation、FLAGS_forwarding 既定 true)。,n/a,conditional:Oze は版順を validation で決め (order forwarding で commit 順と異なる直列化順を取る)、版順・直列化順を validation の決定どおりに記録する差し込み点に合わせれば,原典の根拠は Oze Fig. 13 (合成 workload で throughput 約 3%、abort 率約 20% 改善)。,"Abstract, §1, §2 冒頭と §2.6 の要旨, §3.1-3.4, §4.1-4.6, §5.1-5.5 (Fig.8-14), §6-7"
oze-dynamic-protocol-switching,B-mvcc-ccbench,Dynamic protocol switching between OCC mode and MVSG mode,optimization,Oze: Decentralized Graph-based Concurrency Control for Long-running Update Transactions (Extended Version),PVLDB 18 (arXiv 拡張版)。依頼文の題名 'Real-world Long Transactions on BoM Benchmark' は同論文の旧題,2025,arXiv:2210.04179 (v3),"§3.4, §4.1 (Dynamic Protocol Switching), §5.2.3 (Fig.10), §5.3 (Fig.12)",OCC mode (Silo ベース) と MVSG mode の両実装、長い transaction の検出 (read/write set が閾値超)、遷移 mode、epoch,none,graph 管理のコストを、長い更新 transaction がある間だけ払う。3 分類外,普段は OCC mode で動き、長い transaction が abort すると MVSG mode へ移行する。長い transaction が一定期間見えなくなると OCC mode へ戻る。移行中は遷移 mode を経由し各 worker は quiesce せず処理を続ける。遷移 mode では graph の管理を続けつつ OCC で検証する (OCC の探索空間の方が狭いので正しさは保たれる)。,read/validation の分岐を mode で切り替え。graph の GC は OCC mode に戻ってから (32 thread で 10 秒未満)。,Oze (CCBench 上、MVSG 方式) と OCC (Silo ベース) の動的切替。比較は Silo/TicToc/MOCC/ERMIA(SSN)/Cicada/2PL-No-Wait/D2PL,serializable (MVSG の非循環 iff serializable の古典結果に依拠、§3.1)。正しさの議論は §4.3.3 (Correctness sketch)。並行実装は偽陽性 abort を増やし得る (§4.3.1)。OCC が MVSG より狭い空間なので混在しても serializable (§3.4),False,BoMB で 10 thread OCC 開始、15 秒後に L1 投入 → 約 1 秒後に abort → MVSG へ移行 → 30 秒後に L1 commit → OCC へ戻る (Fig.10、§5.2.3)。TPC-C で Oze のピークは Silo より約 27% 低いが妥当 (Fig.12、§5.3 本文),MVSG mode 中は throughput が下がり、graph サイズが線形に増える (Fig.10)。GC 中と OS の page 回収中にも throughput が下がる (Fig.10、§5.2.3),一部,なし,cc/oze/include/cc_mode.hh (OCC_MODE/OZE_MODE/TO_OCC_MODE/TO_OZE_MODE) ; cc/oze/include/transaction.hh:1173 get_next_cc_mode ; cc/oze/include/transaction.hh:1157 should_switch_to_occ (常に false の TODO) ; cc/oze/transaction.cc:1024 validation_occ,mode 遷移の機構は実装済みだが、遷移を起こす条件 (should_switch_to_occ / should_switch_to_oze) は常に false で、起動時の --cc_mode で固定される。「長い transaction の abort で MVSG mode へ」の動的切替は無い。,absent-prereq-mismatch,mode 遷移の機構は cc/oze にあるが、切替の条件は常に false で起動時の --cc_mode で固定され、要 (長い取引の abort で MVSG mode へ移る動的切替) は無い。MVSG mode (多版・graph) が前提で Silo 単独には入らない。CCBench の oze には条件を実装する余地がある。,n/a,conditional:Oze は版順を validation で決め (order forwarding で commit 順と異なる直列化順を取る)、版順・直列化順を validation の決定どおりに記録する差し込み点に合わせれば。mode 遷移中の取引も同じ差し込み点を通す必要がある,原典の根拠は Oze Fig. 10 (BoMB) と Fig. 12 (TPC-C で Silo より約 27% 低い)。,"Abstract, §1, §2 冒頭と §2.6 の要旨, §3.1-3.4, §4.1-4.6, §5.1-5.5 (Fig.8-14), §6-7"
oze-parallel-validation,B-mvcc-ccbench,Parallel validation (multiple validator threads merge graphs),optimization,Oze: Decentralized Graph-based Concurrency Control for Long-running Update Transactions (Extended Version),PVLDB 18 (arXiv 拡張版)。依頼文の題名 'Real-world Long Transactions on BoM Benchmark' は同論文の旧題,2025,arXiv:2210.04179 (v3),"§4.4, §5.2.4 (Fig.11)",validator スレッド群、validator-local graph,none,長い transaction の validation 時間 (graph 統合と循環判定) を複数スレッドで分担して短くする。3 分類外 (並列度の話),worker が merge 対象 record を validator に等分し、各 validator が validator-local graph を record-local graph へ統合して循環判定し追加 target を見つける。全 validator の終了後に worker が統合結果を transaction-local graph へ merge して循環判定し、追加 target を再配分する。target が尽きるまで繰り返す。,validation の target record 統合 (Algorithm 3 の Line 11-20) だけを並列化。,Oze (CCBench 上、MVSG 方式) と OCC (Silo ベース) の動的切替。比較は Silo/TicToc/MOCC/ERMIA(SSN)/Cicada/2PL-No-Wait/D2PL,serializable (MVSG の非循環 iff serializable の古典結果に依拠、§3.1)。正しさの議論は §4.3.3 (Correctness sketch)。並行実装は偽陽性 abort を増やし得る (§4.3.1),False,静的 BoM の L1 (50/100 product、20 worker) は validator 1 本では timeout で commit できず、validator を増やすと commit できる (Fig.11、§5.2.4)。短い transaction の throughput は安定,validator を増やすと統合と循環判定のオーバーヘッドで利得が逓減 (Fig.11、§5.2.4),あり,なし,cc/oze/transaction.cc:599-625 validation (validation_threshold 超で std::thread、:617) ; cc/oze/transaction.cc:455 validation_worker ; cc/oze/include/common.hh:54-55 validation_threshold / validation_th_num,既定の validation_th_num は 1。,ccbench-present,既にある (cc/oze の validation_worker、既定の validator 数は 1)。,n/a,conditional:Oze は版順を validation で決め (order forwarding で commit 順と異なる直列化順を取る)、版順・直列化順を validation の決定どおりに記録する差し込み点に合わせれば,原典の根拠は Oze Fig. 11 (長い取引の commit)。,"Abstract, §1, §2 冒頭と §2.6 の要旨, §3.1-3.4, §4.1-4.6, §5.1-5.5 (Fig.8-14), §6-7"
oze-precision-locking-phantom,B-mvcc-ccbench,Precision-locking variant for phantom avoidance (insert validates scan histories),optimization,Oze: Decentralized Graph-based Concurrency Control for Long-running Update Transactions (Extended Version),PVLDB 18 (arXiv 拡張版)。依頼文の題名 'Real-world Long Transactions on BoM Benchmark' は同論文の旧題,2025,arXiv:2210.04179 (v3),"§4.5, §5.2.2",range scan の predicate と insert の履歴の局所/大域領域,none,phantom 回避を index node の版検証に頼らず依存を正確に追跡するための方式選択。3 分類外,precision locking の変形を使い、HyPer とは逆に insert 側が他 transaction の scan 履歴を validate する (writer が potential anti-dependency に基づき version order を決める Oze に合うため)。,insert transaction の validation で scan 履歴の predicate と照合。,Oze (CCBench 上、MVSG 方式) と OCC (Silo ベース) の動的切替。比較は Silo/TicToc/MOCC/ERMIA(SSN)/Cicada/2PL-No-Wait/D2PL,serializable (MVSG の非循環 iff serializable の古典結果に依拠、§3.1)。正しさの議論は §4.3.3 (Correctness sketch)。並行実装は偽陽性 abort を増やし得る (§4.3.1) (phantom の扱いを §4.5 で述べる),False,動的 BoM の実験で使用 (§5.2.2)。単独の効果測定は無い,単独の測定値なし,あり,なし,cc/oze/transaction.cc:802 insert_validation (insert 側が scan 履歴を検査) ; cc/oze/transaction.cc:400 scan (addScanEntry) ; cc/oze/transaction.cc:823 ScanHistory,,ccbench-present,既にある (cc/oze の insert_validation と ScanHistory)。,n/a,not-observable:述語 (phantom) は trace に記録されず今の検査器では見えない,YCSB の点読み・点書きでは発火しない。単独の効果測定は原典に無い。,"Abstract, §1, §2 冒頭と §2.6 の要旨, §3.1-3.4, §4.1-4.6, §5.1-5.5 (Fig.8-14), §6-7"
oze-epoch-limited-graph-gc,B-mvcc-ccbench,Epoch-based graph and version garbage collection (edges into old epochs prohibited),optimization,Oze: Decentralized Graph-based Concurrency Control for Long-running Update Transactions (Extended Version),PVLDB 18 (arXiv 拡張版)。依頼文の題名 'Real-world Long Transactions on BoM Benchmark' は同論文の旧題,2025,arXiv:2210.04179 (v3),"§4.6 (GC の項), §5.2.3",txid の epoch、worker ごとの local epoch、graph GC スレッド,version-lifetime,graph と version の回収を epoch で区切る。回収可能性を保つために古い epoch への辺を禁じる,回収対象の epoch e_r (全 worker の最小 local epoch - 1) 以前に対しては、(1) 最新以外の e_r 以前の version を読まない、(2) e_r 以前の version への order forwarding をしない、として入辺の追加を禁じる。version は e_r 以下のものを最新 (serialization order) 以外回収するが、MVSG を調べ並行 transaction が読んでいる version は保持する。,epoch 境界を越える forwarding は abort (Algorithm 3、Line 33-35)。graph の GC は MVSG mode から OCC mode へ戻ったのち 32 thread で実行。,Oze (CCBench 上、MVSG 方式) と OCC (Silo ベース) の動的切替。比較は Silo/TicToc/MOCC/ERMIA(SSN)/Cicada/2PL-No-Wait/D2PL,serializable (MVSG の非循環 iff serializable の古典結果に依拠、§3.1)。正しさの議論は §4.3.3 (Correctness sketch)。並行実装は偽陽性 abort を増やし得る (§4.3.1),False,OCC mode 復帰後の graph GC が 32 thread で 10 秒未満で完了 (§5.2.3 本文、Fig.10),GC 中と page 回収中に throughput が低下 (Fig.10、§5.2.3)。長い transaction 中は GC が進まず graph が増え続けて validation が止まらなくなり得る (§4.4),あり,なし,cc/oze/include/transaction.hh:889 gc (graph/version の epoch GC) ; cc/oze/include/transaction.hh:867 get_min_epoch ; cc/oze/transaction.cc:741 (前 epoch より前への forwarding を禁止),,ccbench-present,既にある (cc/oze の gc と get_min_epoch)。,n/a,conditional:Oze は版順を validation で決め (order forwarding で commit 順と異なる直列化順を取る)、版順・直列化順を validation の決定どおりに記録する差し込み点に合わせれば,原典の根拠は Oze Fig. 10 (graph GC が 10 秒未満で完了)。,"Abstract, §1, §2 冒頭と §2.6 の要旨, §3.1-3.4, §4.1-4.6, §5.1-5.5 (Fig.8-14), §6-7"
wu-cc-protocol,B-mvcc-ccbench,Concurrency control protocol: MVTO / MVOCC / MV2PL / SI+SSN (serialization certifier),design-dimension,An Empirical Evaluation of In-Memory Multi-Version Concurrency Control,"PVLDB 10(7), 2017",2017,PVLDB Vol.10 No.7 pp.781-792,"§3.1-3.5, §7.2, Fig.6-10, §8",tuple header に txn-id/begin-ts/end-ts と、MVTO の read-ts、MV2PL の read-cnt。SI+SSN は SSN の metadata と transaction 状態の中央 hash table,none,protocol 選択の次元。版の可視性判定・abort 検出の時期の違いで、3 分類外 (none)。MVOCC は read set 検証を validation で行い高競合で無駄仕事を生む,MVTO: Tid で直列順を事前決定し read-ts を version に記録。MVOCC: 読み書きに coordination を作らず validation で read set を検査。MV2PL: tuple 内の txn-id (write lock) と read-cnt (read lock)、no-wait で deadlock 回避。SI+SSN: anti-dependency を追跡して危険構造を除く。,各 protocol を同一の Peloton 上に、N2O・txn-level GC・logical pointer に固定して実装 (§7.2)。,Peloton (自前の in-memory MVCC DBMS)、各次元を固定した上で 1 次元ずつ変える。既定は N2O append-only、txn-level GC、logical pointer (§7),全て serializable のみを対象 (§2.1)。この論文に個別の正しさの議論はない,,TPC-C 10 warehouse (高競合) で MVTO は他 protocol より 45%-120% 高い (Fig.10a、§7.2 本文)。read-intensive YCSB θ<0.7 では全 protocol 同等 (Fig.7a)。read-only を事前宣言しない異種混合 YCSB で SI+SSN は read-write の abort が少なく MVTO/MV2PL より良い (Fig.8a)、事前宣言ありでは SI+SSN が MV2PL/MVTO の 1.6 倍 (Fig.9a、§7.2 本文),"θ>=0.7 で MVOCC は約 50% 低下 (Fig.7a、§7.2)。read-only 宣言なしの異種混合で MVOCC の read-only 側の性能は MVTO より 2 倍と 28 倍低い (Fig.8b、§7.2 本文の 'by 2× and 28×, respectively' で、どの条件がどちらかは原文の対応が曖昧)。MV2PL は異種混合で読み手が書き手を abort させ read-write が崩れる (Fig.8a)。短い transaction では SI+SSN が中央 hash table で頭打ち (Fig.6a、§7.2 本文)",一部,なし,cc/mvto/transaction.cc:275 validation (MVTO) ; cc/cicada/transaction.cc:463 validation (MVOCC 系) ; cc/ermia/transaction.cc:594 (SI+SSN),MVTO・MVOCC (Cicada)・SI+SSN はあるが、MV2PL (tuple 内 txn-id/read-cnt による no-wait 2PL の多版版) は無い (2PL は単一 version の ss2pl/d2pl のみ)。,ccbench-present,MVTO (cc/mvto)、MVOCC 系 (cc/cicada)、SI+SSN (cc/ermia) はある。MV2PL は無い。いずれも多版で Silo の置換になる。,n/a,conditional:多版方式は版 ID が commit TID と対応せず古い版を読むため、版 ID と版順・直列化順 (timestamp 順) を protocol の決定どおりに記録する差し込み点に合わせれば,stock の各 protocol で比較できる。原典の根拠は Wu Fig. 7a・Fig. 8a・Fig. 9a・Fig. 10a。YCSB の zipf skew と rratio で作れる。,"Abstract, §1-§8 (Table 1, Fig.1-25)、§9-10"
wu-version-storage,B-mvcc-ccbench,Version storage: append-only / time-travel / delta,design-dimension,An Empirical Evaluation of In-Memory Multi-Version Concurrency Control,"PVLDB 10(7), 2017",2017,PVLDB Vol.10 No.7 pp.781-792,"§4.1-4.4, §7.3, Fig.11-17, §8",version の置き場 (同一 table / 別の time-travel table / delta storage)。append-only は物理 version を共有し、delta は master version を in-place 更新,none,版の置き場所・コピー量の選択で、寿命の管理そのものではないので none,append-only: 新 version を同一領域に丸ごとコピー。time-travel: 旧 version を別 table へコピーし master を更新。delta: master は table、更新した属性の旧値のみ delta storage に置き in-place 更新。,各方式で更新時のメモリ確保量・chain 走査量が異なる。メモリ領域を core ごとに分割して確保する最適化を各方式に適用。,Peloton (自前の in-memory MVCC DBMS)、各次元を固定した上で 1 次元ずつ変える。既定は N2O append-only、txn-level GC、logical pointer (§7),全て serializable のみを対象 (§2.1)。この論文に個別の正しさの議論はない,,属性 100 で delta は append-only/time-travel の約 2 倍 (Fig.13b、§7.3 本文)。変更属性が少ないほど delta が良い (Fig.14)。delta は memory 空間数に鈍感 (Fig.16)。append-only の TPC-C throughput が最良 (Fig.17a),read 属性数が多いと delta が悪化 (Fig.15a)。table scan は append-only/time-travel が delta より 25-47% 低い latency (Fig.17b、40 thread)。属性 10 では append-only と delta は同等 (Fig.13a),一部,なし,cc/cicada/include/transaction.hh:217 newVersionGeneration (write ごとに Version 全体を新規/再利用) ; cc/cicada/include/version.hh:15 Version,append-only (新 version に丸ごと持つ) のみ。time-travel table・delta storage は無い。,absent-prereq-mismatch,CCBench には append-only だけがあり、time-travel と delta storage は無い。いずれも多版の版の置き場の選択で、単版の Silo には対象が無い。,n/a,conditional:多版方式は版 ID が commit TID と対応せず古い版を読むため、版 ID と版順・直列化順 (timestamp 順) を protocol の決定どおりに記録する差し込み点に合わせれば,原典の根拠は Wu Fig. 13b・Fig. 14 (属性数・変更属性数に依存)。YCSB の値は単一で属性の分割が無い。,"Abstract, §1-§8 (Table 1, Fig.1-25)、§9-10"
wu-version-chain-ordering,B-mvcc-ccbench,Version chain ordering: oldest-to-newest (O2N) vs newest-to-oldest (N2O),design-dimension,An Empirical Evaluation of In-Memory Multi-Version Concurrency Control,"PVLDB 10(7), 2017",2017,PVLDB Vol.10 No.7 pp.781-792,"§4.1, §7.3 (Fig.12)",append-only 領域の version 連鎖、HEAD の向き。N2O は HEAD が変わるたび index を更新するか indirection が要る,cpu-cache,連鎖の走査長 (cache 汚染) に効く。3 分類では cpu-cache に最も近い (論文は cache 汚染に言及、§4.1),O2N は HEAD が最古で index 更新は不要だが最新に至るまで連鎖を走る。N2O は HEAD が最新で連鎖走査が短い代わり index の指す先が更新ごとに変わる。,chain の向きを固定して、YCSB 10 op/txn、40 thread、contention level θ を変えて比較 (txn-level background vacuuming GC)。,Peloton (自前の in-memory MVCC DBMS)、各次元を固定した上で 1 次元ずつ変える。既定は N2O append-only、txn-level GC、logical pointer (§7),全て serializable のみを対象 (§2.1)。この論文に個別の正しさの議論はない,,N2O は read-intensive/update-intensive の両方で常に O2N より良い (Fig.12)。θ=0.9 で 2.4-3.4 倍 (Fig.12 の本文)。長い chain は transaction を長くし競合も増やす (§7.3),書かれている限り、N2O が O2N に劣る条件は示されていない (index 更新の追加コストは chain 走査コストに隠れる、§7.3),一部,なし,"cc/cicada/include/tuple.hh:30 latest_ (先頭が最新, next_ で古い方へ) ; cc/ermia/include/version.hh:96 prev_",newest-to-oldest のみ。oldest-to-newest は無い。,ccbench-present,良い側の newest-to-oldest は cc/cicada と cc/ermia にある (oldest-to-newest は無い)。多版前提で Silo には対象が無い。,n/a,conditional:多版方式は版 ID が commit TID と対応せず古い版を読むため、版 ID と版順・直列化順 (timestamp 順) を protocol の決定どおりに記録する差し込み点に合わせれば,原典の根拠は Wu Fig. 12 (N2O が常に良い)。,"Abstract, §1-§8 (Table 1, Fig.1-25)、§9-10"
wu-noninline-attribute-sharing,B-mvcc-ccbench,Non-inline attribute storage: full copy vs shared with reference counters,design-dimension,An Empirical Evaluation of In-Memory Multi-Version Concurrency Control,"PVLDB 10(7), 2017",2017,PVLDB Vol.10 No.7 pp.781-792,"§4.1, §7.3 (Fig.11)",非 inline 属性 (BLOB など) の参照カウンタ,none,更新でコピーする量を減らす。version の寿命ではなくコピー量の削減で none,append-only では未更新の非 inline 属性も新 version へコピーされる。複数の物理 version が同じ非 inline データを指し、参照カウンタが 0 になったときだけ削除する。,YCSB (100 byte の VARCHAR 属性を可変個)、θ=0.2、40 thread、10 op/txn、各 op は 1 属性のみ (Fig.11)。,Peloton (自前の in-memory MVCC DBMS)、各次元を固定した上で 1 次元ずつ変える。既定は N2O append-only、txn-level GC、logical pointer (§7),全て serializable のみを対象 (§2.1)。この論文に個別の正しさの議論はない,,"参照カウンタ方式は常に良い (Fig.11)。read-intensive で属性 50 個時に約 40%、update-intensive で 100% 超の差 (Fig.11a,b、§7.3 本文)",書かれている限り、悪化する条件は示されていない,なし,なし,,version の値は 1 つの TupleBody (key + HeapObject) で、属性ごとの非 inline data の共有・参照 counter は無い。,absent-prereq-mismatch,多版の append-only と、属性ごとの非 inline data が前提。YCSB の値は単一の値で属性の分割が無く、効きようが無い。,n/a,conditional:多版方式は版 ID が commit TID と対応せず古い版を読むため、版 ID と版順・直列化順 (timestamp 順) を protocol の決定どおりに記録する差し込み点に合わせれば,"原典の根拠は Wu Fig. 11a, 11b (属性 50 個の場合)。","Abstract, §1-§8 (Table 1, Fig.1-25)、§9-10"
wu-per-core-memory-spaces,B-mvcc-ccbench,Memory allocation: separate per-thread memory spaces for version storage,design-dimension,An Empirical Evaluation of In-Memory Multi-Version Concurrency Control,"PVLDB 10(7), 2017",2017,PVLDB Vol.10 No.7 pp.781-792,"§4.4, §7.3 (Fig.16), §8",table/delta storage を複数の固定増分の独立領域に分け、worker が 1 つを使う,cpu-cache,共有領域の確保競合を除く。cpu-cache に近い (集中データ構造の競合),全 worker が集中の table や delta storage から確保すると競合する。領域を固定増分で複数持ち、各 worker は 1 つの領域から確保するので、集中競合点が消える。,領域数を 1 から 20 に変えて測定 (512 KB 増分、YCSB θ=0.2、40 thread、10 op/txn)。,Peloton (自前の in-memory MVCC DBMS)、各次元を固定した上で 1 次元ずつ変える。既定は N2O append-only、txn-level GC、logical pointer (§7),全て serializable のみを対象 (§2.1)。この論文に個別の正しさの議論はない,,append-only と time-travel は領域数 1 → 20 で 1.6-4 倍 (Fig.16、§7.3 本文),delta は領域数に鈍感で改善なし (Fig.16、§7.3 本文),一部,なし,"cc/cicada/include/transaction.hh:186,217 (worker ごとの reuse_version_from_gc_) ; cc/cicada/include/common.hh:50 pre_reserve_version",worker ごとの version 再利用 pool はあるが、共有 table を固定増分の領域に分けて worker に割り当てる方式ではない (確保は operator new)。,ccbench-present,worker ごとの版の再利用 pool は cc/cicada にある (共有 table を固定増分の領域に分ける形ではない)。多版の版確保が前提で、単版の Silo は YCSB 実行中の確保が少ない。,n/a,conditional:多版方式は版 ID が commit TID と対応せず古い版を読むため、版 ID と版順・直列化順 (timestamp 順) を protocol の決定どおりに記録する差し込み点に合わせれば,原典の根拠は Wu Fig. 16 (領域数 1 から 20 で 1.6-4 倍)。,"Abstract, §1-§8 (Table 1, Fig.1-25)、§9-10"
wu-gc-detection-vac-vs-coop,B-mvcc-ccbench,Tuple-level GC: background vacuuming (VAC) vs cooperative cleaning (COOP),design-dimension,An Empirical Evaluation of In-Memory Multi-Version Concurrency Control,"PVLDB 10(7), 2017",2017,PVLDB Vol.10 No.7 pp.781-792,"§5.1, §7.4 (Fig.18,19)",VAC: 全 DB 走査 (または dirty block bitmap)。COOP: transaction が chain 走査中に期限切れ version を登録 (O2N append-only 限定)、'dusty corners' 対策の低頻度の全走査,version-lifetime,version の回収時期を決める方式で version-lifetime,VAC は GC スレッドが期限切れ version を探す (大規模 DB でスケールしない)。COOP は worker が走査中に見つけた期限切れ version を登録し、GC スレッドは見つける手間が無い。,MVTO、append-only O2N (COOP がこれのみ対応)、update-intensive を含む YCSB、40 thread + GC 1 thread。,Peloton (自前の in-memory MVCC DBMS)、各次元を固定した上で 1 次元ずつ変える。既定は N2O append-only、txn-level GC、logical pointer (§7),全て serializable のみを対象 (§2.1)。この論文に個別の正しさの議論はない,,COOP は read-intensive で VAC より 45% 高い throughput (Fig.18)、version あたりメモリが 30-60% 少ない (Fig.19)、GC の負荷が複数スレッドに分散し throughput が安定 (§7.4 本文),COOP は O2N append-only にしか使えず、O2N は N2O より大幅に遅い (Fig.12)。chain を辿られない tuple の版は回収されない (dusty corners、§5.1)。GC 無効だと時間とともに chain 延伸で性能低下 (Fig.18),あり,なし,cc/cicada/transaction.cc:806 gc_versions (worker が自分の gcq_ から回収) ; cc/cicada/transaction.cc:859 mainte ; cc/cicada/util.cc:281 (leader は min ts の更新だけ),cooperative 型のみ。background vacuum 型は無い。,ccbench-present,cooperative 型は cc/cicada にある (background vacuum 型は無い)。多版前提。,n/a,conditional:多版方式は版 ID が commit TID と対応せず古い版を読むため、版 ID と版順・直列化順 (timestamp 順) を protocol の決定どおりに記録する差し込み点に合わせれば,原典の根拠は Wu Fig. 18・Fig. 19。,"Abstract, §1-§8 (Table 1, Fig.1-25)、§9-10"
wu-gc-granularity-tuple-vs-txn,B-mvcc-ccbench,GC granularity: tuple-level vs transaction-level,design-dimension,An Empirical Evaluation of In-Memory Multi-Version Concurrency Control,"PVLDB 10(7), 2017",2017,PVLDB Vol.10 No.7 pp.781-792,"§5.1-5.3, §7.4 (Fig.20,21), §8",transaction-level: epoch ごとの transaction の read/write set の追跡。tuple-level: version の可視性を個別に検査,version-lifetime,version の回収粒度で version-lifetime,transaction-level は epoch が終わると、その epoch の transaction が作った version をまとめて回収する (同期回数が少ない)。tuple-level は個別に可視性を確認する。,append-only N2O、YCSB (高競合 θ=0.8)、worker 40 thread、VAC は GC 1 thread。,Peloton (自前の in-memory MVCC DBMS)、各次元を固定した上で 1 次元ずつ変える。既定は N2O append-only、txn-level GC、logical pointer (§7),全て serializable のみを対象 (§2.1)。この論文に個別の正しさの議論はない,,"transaction-level は read-intensive でやや良く、update-intensive で 20% 良い (Fig.20)。どちらも GC 無しより 20-30% 良く、メモリ量も抑える (Fig.20,21、§7.4 本文)。transaction-level が最良の性能と最小のメモリ (§8)",transaction-level は read/write set の追跡が必要 (§5.2)。長い transaction があると全方式で回収が止まり性能が落ちる (§5.3)。GC は throughput とメモリの振動を起こす (§8),一部,なし,"cc/cicada/transaction.cc:806 gc_versions (version ごと, tuple-level) ; cc/oze/include/transaction.hh:889 gc (epoch 単位)",Cicada/MVTO/ERMIA は version 単位の tuple-level。epoch 単位の回収は Oze (graph と version) と Silo (record) にあり、同一 protocol で選べる切替ではない。,absent-prereq-mismatch,多版の transaction 単位の GC は同一 protocol 内に無い (Cicada 系は tuple 単位、epoch 単位は Oze の graph と Silo の削除 record のみ)。多版の版 GC が前提で、単版の Silo には対象が無い。,n/a,conditional:多版方式は版 ID が commit TID と対応せず古い版を読むため、版 ID と版順・直列化順 (timestamp 順) を protocol の決定どおりに記録する差し込み点に合わせれば,原典の根拠は Wu Fig. 20・Fig. 21。,"Abstract, §1-§8 (Table 1, Fig.1-25)、§9-10"
wu-index-pointers-logical-vs-physical,B-mvcc-ccbench,Index management: logical pointers (indirection: PKey / TupleId) vs physical pointers,design-dimension,An Empirical Evaluation of In-Memory Multi-Version Concurrency Control,"PVLDB 10(7), 2017",2017,PVLDB Vol.10 No.7 pp.781-792,"§6.1-6.3, §7.5 (Fig.22,23), §8",logical: 不変の識別子 (PKey または 64 bit TupleId) と latch-free hash の間接参照層。physical: append-only の物理 version アドレスを index に直接格納,none,index 更新回数の選択。none,logical は更新しても secondary index は更新しない (指す先は chain の HEAD、走査が要る)。physical は新 version ごとに全 secondary index に entry を挿入する (読みは正確、更新が重い)。,"MVTO・append-only N2O・txn-level COOP で、secondary index 数を 0〜20 に変え、update-intensive YCSB を測定 (Fig.22,23)。",Peloton (自前の in-memory MVCC DBMS)、各次元を固定した上で 1 次元ずつ変える。既定は N2O append-only、txn-level GC、logical pointer (§7),全て serializable のみを対象 (§2.1)。この論文に個別の正しさの議論はない,,logical は高競合で physical より 25% 高い (Fig.22b)、低競合 θ=0.2 で secondary index 20 個のとき差は 40% (Fig.22a)、8 index の高競合で 45% (Fig.23)。logical は常に高 throughput (§7.5、§8),thread 数が増えると差は縮む (Fig.23、§7.5 本文)。physical は read-intensive では正確な version を指すため有利 (§6.3 の考察のみ、実験の数値は無い)。index-only scan は version 情報の埋め込みなしでは不可 (§6.3),一部,なし,cc/cicada/include/tuple.hh:30 latest_ (Masstree は Tuple を指し、更新しても index は不変) ; include/tpcc/tpcc_tx_payment.hh:115 (secondary index も Tuple を指す),logical pointer (indirection) のみ。version ごとに全 secondary index へ entry を入れる physical pointer 方式は無い。,ccbench-present,良い側の logical pointer (index が Tuple を指し更新で index が変わらない) はある。physical pointer は無い。Silo は in place 上書きで index が変わらない。,n/a,conditional:多版方式は版 ID が commit TID と対応せず古い版を読むため、版 ID と版順・直列化順 (timestamp 順) を protocol の決定どおりに記録する差し込み点に合わせれば,"原典の根拠は Wu Fig. 22a, 22b・Fig. 23 (secondary index が多いほど差)。YCSB は secondary index が無い。","Abstract, §1-§8 (Table 1, Fig.1-25)、§9-10"
hekaton-mvo-backward-validation,C-mvcc-engines-gc,Optimistic MV (MV/O): 終了時の再可視性検査による backward validation,protocol-core,High-Performance Concurrency Control Mechanisms for Main-Memory Databases,PVLDB 5(4),2011,DOI 10.14778/2095686.2095689,"§3.1–§3.3, Fig. 3 (validation の 4 場合), §2.6",版ごとの Begin/End (timestamp または tx ID を 1 bit で区別)、tx ごとの ReadSet / ScanSet / WriteSet、tx 状態 (Active/Preparing/Committed/Aborted)、グローバル単調増加 timestamp カウンタ,none,3 分類のどれでもなく、validation の方式 (何をどう再確認するか) そのもの。read set を他 tx の write set と突き合わせず、読んだ版が終了時点でも可視かを再確認する,読み取り時は begin time で可視な版を読み ReadSet に版へのポインタを記録する。commit 時に end timestamp を取り、ReadSet の各版が end timestamp でも可視かを確認し (read stability)、ScanSet の走査を繰り返して終了時点で可視になった新しい版が無いかを確認する (phantom)。更新は版の End に自分の tx ID を CAS で書く first-writer-wins で、別の write phase は要らない。,read: RT=tx の begin time で可視な版を読む。write: 新版を作り旧版 End に tx ID を CAS (失敗なら abort)。validation: ReadSet の可視性再確認 + ScanSet 再走査。commit: redo log 書出し後に状態を Committed にし、postprocessing で Begin/End を end timestamp に置換。abort 後は新版の Begin を無限大にして不可視化。,自前 MVCC (Hekaton 試作エンジン、ハッシュ索引上の版連結),"シリアライザビリティ。正しさの証明は論文本文に無く『online addendum and at [27]』に置かれる (§1, p.298)。本文側の議論は §2.5 (可視性の場合分け) と §3 の validation の説明",False,"Table 3: serializable で MV/O は 1,120,722 tx/s (RC の 1,387,140 に対し 19.2% 低下)。Fig. 8/§5.2.2: long read-only tx が 1 本入ると single-version locking の update スループットは 75% 落ち、MV 方式は 5% (MV は 1V の 2 倍速)。Fig. 5/§5.1.2: N=1,000 行の hotspot で MV/O は 1V・MV/L をわずかに上回る",Fig. 4/§5.1.1: 低競合の update-only では 1V の方が高く (1V は 2M tx/s 超)、MV 方式は版管理と GC の分だけ低い。Table 3: serializable の追加費用は 1V の 1.8% に対し MV/O は 19.2% (scan と read を再実行するため)。Fig. 8 の x=0 で 1V は MV の 2 倍速,一部,一部,cc/cicada/transaction.cc:463 validation (read_set_ の可視版が commit ts でも現行可視版か検査) ; cc/mvto/transaction.cc:275 validation ; cc/silo/transaction.cc:383 validationPhase,Hekaton は end timestamp 時点の再可視性検査と scan の再実行で phantom を見る。CCBench の Cicada/MVTO は版の可視性の再検査で read stability を見て、phantom は Masstree node version (node_map_) の照合で代替する。Silo は単一版なので TID 不変の検査になる。,ccbench-present,要 (commit 時に読んだ版がまだ現行かを再確認する backward validation) は Cicada/MVTO の validation にあり、Silo の validationPhase は単版での同型 (read set の TID 不変の検査)。Silo への移植は不要。,n/a,conditional:多版の版 ID (版の timestamp) と直列化順 (timestamp 順、commit 順と一致しない) を trace の差し込み点に合わせれば読みの正しさは見える。Silo の TID 再検査は observable,"効く条件は長い read-only tx の混在 (Fig. 8・§5.2.2) と N=1,000 行の hotspot (Fig. 5)。後者は tuple 数を小さく skew を強めて作れるが、前者は YCSB の均一な tx では作れない。",§1、§2.1–§2.7、§3.1–§3.4、§4.1–§4.5、§5.1–§5.3、§6 (本文と Table 3・4、Fig. 4–9 の本文側の記述)
hekaton-mvl-pessimistic-locking,C-mvcc-engines-gc,Pessimistic MV (MV/L): 版の read lock と bucket lock による multiversion locking,protocol-core,High-Performance Concurrency Control Mechanisms for Main-Memory Databases,PVLDB 5(4),2011,DOI 10.14778/2095686.2095689,"§4.1–§4.5, Fig. 5–9 の比較",版の End フィールド内の record lock (NoMoreReadLocks / ReadLockCount / WriteLock)、hash bucket の LockCount と LockList、tx ごとの WaitForCounter と WaitingTxnList、wait-for graph による deadlock 検出,delay-on-conflict,競合する tx を wait-for 依存として commit 前まで待たせる方式。待ちを ロック待ちでなく precommit の前に集約する点が競合時の遅延に効く,serializable の tx は読んだ最新版に read lock、走査した bucket に bucket lock を取り、read stability と phantom をロックで守る。更新側は read lock 済みの版も eager に更新でき、代わりに wait-for 依存を負って precommit を遅らせる。validation は不要。,read: 最新版には ReadLockCount を atomic 加算 (失敗で abort)。write: End の WriteLock に tx ID を書き、read lock があれば WaitForCounter を加算。precommit: WaitForCounter が 0 になるまで待つ。deadlock は blocked 集合から wait-for graph を作り Tarjan の SCC で検出。,自前 MVCC (同一エンジン上で MV/O と併存可、§4.5),シリアライザビリティ。証明は online addendum (本文に無い),False,"Table 3: serializable で MV/L は 877,338 tx/s (RC の 974,512 に対し 10.0% 低下) と MV/O (19.2% 低下) より落ちが小さい。§4.5: optimistic と pessimistic の tx を混在できる","§5.1.1/Fig. 4: MV/L は MV/O より 30% 低い (依存と lock の追跡による書込みでメモリ通信が増える。同じ命令数で 20% 多い cycle、命令数も 10% 増)。Table 4 (TATP): 1V 4,220,119 tx/s に対し MV/L 3,129,816、MV/O 3,121,494 tx/s",なし,なし,,,absent-prereq-mismatch,版単位の read lock・bucket lock・wait-for graph が前提の多版 2PL で、Silo の単版 OCC と合わない。CCBench の悲観 lock は単版 tuple lock (ss2pl は tuple 内の RW lock、既定 build は DLR1 の no-wait) だけ。,n/a,conditional:多版の版 ID (版の timestamp) と直列化順 (timestamp 順、commit 順と一致しない) を trace の差し込み点に合わせれば読みの正しさは見える。bucket lock が守る phantom は見えない,Table 3・Table 4 の比較で MV/L は MV/O より 30% 低い (Fig. 4)。YCSB は点アクセスのみで bucket lock の phantom 防止は効きようがない。,§1、§2.1–§2.7、§3.1–§3.4、§4.1–§4.5、§5.1–§5.3、§6 (本文と Table 3・4、Fig. 4–9 の本文側の記述)
hekaton-speculative-read-commit-dependency,C-mvcc-engines-gc,Speculative read / speculative ignore と commit dependency (register-and-report),optimization,High-Performance Concurrency Control Mechanisms for Main-Memory Databases,PVLDB 5(4),2011,DOI 10.14778/2095686.2095689,"§2.5 (Table 1・2), §2.7",tx ごとの CommitDepCounter・AbortNow・CommitDepSet、tx の end timestamp (Preparing 状態で確定済み)、Begin/End に tx ID が入る版,delay-on-conflict,他 tx が Preparing (end timestamp 確定済み・未 commit) の版に出会ったとき、その場で待たず推測で進み、待ちを commit 直前の 1 か所へ後ろ倒しする。競合時の遅延の置き場所を変える,Begin/End に tx ID がある版を見つけたら相手 tx の状態を確認する。相手が Preparing なら、その end timestamp を版の begin/end とみなした可視性判定を行い、真なら speculatively read、偽なら speculatively ignore として commit dependency を負う。依存先 tx が abort すれば AbortNow で連鎖 abort する。,依存の登録は自 tx の CommitDepCounter を増やし相手の CommitDepSet に自 ID を足す。相手は commit で各依存 tx の counter を減らし、abort で AbortNow を立てる。tx は counter が 0 か AbortNow まで commit を待つ。older が younger を待たないため deadlock は起きない。,Hekaton MV/O と MV/L の両方,依存の向きが younger→older のみで deadlock 不能という議論を §2.7 に置く。全体の正しさ証明は online addendum,False,"評価図は本技法の有無を切り替えた ablation を含まない。論文の主張は『normal processing 中に block しない』設計上の性質 (§2.5, §2.7) で、この技法単独の数値は無い",cascading abort が起きうる (§2.7)。単独の悪化条件を示す実験は無い (推測: 依存先が abort しやすい高競合では連鎖 abort が増える),一部,なし,cc/cicada/transaction.cc:79 read_internal (pending 版は status が確定するまで spin 待ち) ; cc/mvto/include/transaction.hh:178 get_latest_previous_version (pending 版を spin 待ち),Hekaton は Preparing の tx の版を speculative に読み commit dependency を負って進む。CCBench の Cicada/MVTO は pending 版の確定を待つだけで、依存の登録と abort 連鎖は無い。,absent-prereq-mismatch,Preparing 状態の tx の版を読んで commit dependency を負う機構で、tx 状態表・依存 counter・連鎖 abort と未確定値の読みが要る。Silo は値を lock 下で in-place に書くため未確定の新値を読む経路が無く、CCBench の Cicada/MVTO も待つだけ。,n/a,not-observable:依存先が abort したときの未確定値の読み (G1a) は、abort した取引が trace に残らないため見えない,単独の ablation は論文に無い (§2.5・§2.7 の設計上の主張のみ)。性能根拠となる表・図が無い。,§1、§2.1–§2.7、§3.1–§3.4、§4.1–§4.5、§5.1–§5.3、§6 (本文と Table 3・4、Fig. 4–9 の本文側の記述)
hekaton-eager-update-wait-for-dependency,C-mvcc-engines-gc,Eager update と wait-for dependency (read lock 済みの版・lock 済み bucket でも先に更新し、precommit を遅らせる),optimization,High-Performance Concurrency Control Mechanisms for Main-Memory Databases,PVLDB 5(4),2011,DOI 10.14778/2095686.2095689,"§4.2, §4.2.1, §4.2.2",版 End の ReadLockCount、tx ごとの WaitForCounter / NoMoreWaitFors / WaitingTxnList、bucket の LockList,delay-on-conflict,読み手と書き手の衝突で更新側をその場で block せず、precommit の直前で待つ (thread 切替を避ける)。競合時の待つ位置を変える,更新 tx TU は read lock された版に対しても write lock を取り新版を作れる。ただし read lock が全て外れるまで end timestamp を取れない (wait-for)。逆に読み手 TR は既に write lock された版にも read lock を取れ、TU の precommit を遅らせる。NoMoreReadLocks / NoMoreWaitFors フラグで飢餓を防ぐ。,更新時: 版の WriteLock に tx ID、ReadLockCount>0 なら自 WaitForCounter を加算。読み手が最後の read lock を外すとき NoMoreReadLocks を立て TU の counter を減らす。bucket 挿入時は bucket の LockList の各 tx に対して wait-for 依存を張る。,Hekaton MV/L,deadlock は wait-for graph で検出 (§4.4)。正しさ証明は online addendum,False,"この技法単独の ablation は無い。設計理由は『thread switch は数千命令かかる』(§4.2, p.304) で、MV/L 全体の性能は Table 3・Table 4 に現れる","MV/L 全体が MV/O より 30% 低い (Fig. 4, §5.1.1)。この技法単独の悪化条件は示されない",なし,なし,,,absent-prereq-mismatch,MV/L の版 read lock と wait-for 依存 (WaitForCounter・WaitingTxnList) が前提で、Silo に lock 表も版も無い。,n/a,conditional:多版の版 ID (版の timestamp) と直列化順 (timestamp 順、commit 順と一致しない) を trace の差し込み点に合わせれば読みの正しさは見える,単独の ablation は無い。MV/L 全体が MV/O より 30% 低い (Fig. 4・§5.1.1)。,§1、§2.1–§2.7、§3.1–§3.4、§4.1–§4.5、§5.1–§5.3、§6 (本文と Table 3・4、Fig. 4–9 の本文側の記述)
hekaton-lock-embedded-in-end-field,C-mvcc-engines-gc,版の End フィールドへ record lock を埋め込む (別 lock table を持たない),optimization,High-Performance Concurrency Control Mechanisms for Main-Memory Databases,PVLDB 5(4),2011,DOI 10.14778/2095686.2095689,§4.1.1,版の End フィールド 64 bit の再解釈 (ContentType 1 bit、timestamp 63 bit または RecordLock 63 bit = NoMoreReadLocks 1 + ReadLockCount 8 + WriteLock 54),cpu-cache,lock 用の別表への参照 (cache miss) と追加領域を避け、版の既存ワードで lock を読み書きする,更新・削除は最新版にしか起きないので、read lock は最新版にだけ要る。多読者・単一書き手の lock を End の 64 bit に詰めることで追加領域と別 table 参照を無くす。,read lock は ReadLockCount の atomic 加算 (最大 255 か NoMoreReadLocks で失敗)。write lock は WriteLock に tx ID を atomic に書く。書込みが End を tx ID で上書きするので、write lock の解放は commit 時の End 更新と同時に起きる。,Hekaton MV/L,本文に個別の正しさ議論は無い,False,"この技法単独の ablation は無い。理由は『別 table に置くのは遅い』(§4.1.1, p.303) という設計上の主張のみ",read lock の上限が 255 で、越えると abort する (§4.1.1),一部,あり,cc/silo/include/tuple.hh:14 Tidword (lock bit を TID 語に埋込) ; cc/cicada/include/tuple.hh:25 Tuple (latest_/gc_lock_ を tuple 先頭に同居),Silo/TicToc は write lock bit を TID/timestamp 語へ埋め込む点で近いが、単一版の write lock だけで多読者 read lock の計数は持たない。Hekaton の End 語に read lock 数と writer ID を詰める形ではない。,ccbench-present,要 (別の lock table を持たず、lock を record 語に同居させる) は既にある: Silo は write lock bit を TID word に、ss2pl は tuple 内に RW lock (reader 数を含む) を置く。多読者 read lock の計数は Silo の OCC では不要で移植しない。,n/a,observable,単独の ablation は論文に無い (§4.1.1 の設計上の主張のみ)。,§1、§2.1–§2.7、§3.1–§3.4、§4.1–§4.5、§5.1–§5.3、§6 (本文と Table 3・4、Fig. 4–9 の本文側の記述)
hekaton-isolation-level-pay-as-you-go,C-mvcc-engines-gc,分離水準ごとの read time 選択と validation の省略 (高い分離水準を要求した tx だけが費用を払う),optimization,High-Performance Concurrency Control Mechanisms for Main-Memory Databases,PVLDB 5(4),2011,DOI 10.14778/2095686.2095689,"§3.4, Table 3, §4.3",tx ごとの isolation level 指定、ReadSet/ScanSet の記録を水準ごとに切り替える実装,none,3 分類のどれでもなく、要求された分離水準に応じて validation と read/scan の記録を丸ごと省く設計,Read Committed は現在時刻を read time にして記録も validation もしない。Snapshot Isolation は begin time を read time にして validation なし。Repeatable Read は ReadSet の再検査のみ (phantom 検査なし)。Serializable だけが scan の再実行まで行う。read-only tx は SI か RC で走らせる。,read time の選択 (begin time か現在時刻) と、ReadSet/ScanSet を記録するか否か、commit 前の validation 実行の有無を isolation level で分岐する。,Hekaton MV/O (MV/L でも同様の分岐),各水準の保証は §3.4 に記述。正しさ証明は online addendum,False,"Table 3: MV/O の RC→RR は 8.3% 低下、RC→Serializable は 19.2% 低下 (階段状に費用が付く)。read-only tx は snapshot を読み lock も validation も要らない (§5.2.1, Fig. 6・7)",Table 3 の 1V は RR・Serializable でも 1.8% しか落ちない (hash key 単位の lock が phantom も防ぐ)。すなわち MV/O の水準別費用は 1V に対する不利でもある,一部,なし,cc/cicada/transaction.cc:934 read-only tx は read_set_ を捨てて validation を省く ; cc/mvto/transaction.cc:465 同様 ; cc/si/transaction.cc:471 si_commit (別 protocol として SI),CCBench は分離水準を tx ごとに選ぶ仕組みを持たず、serializable 固定。read-only 宣言 tx の validation 省略と、別 protocol の SI が部分的に対応する。,absent-prereq-mismatch,serializable より下の分離水準を tx ごとに選ぶ機構で、serializable 固定の正しさゲートを緩める方向になる。serializable を保つ部分 (read-only tx の snapshot 読みで validation を省く) は多版の snapshot が要り、Silo 単版には無い (CCBench では Cicada/MVTO の read-only 宣言 tx にある)。,n/a,observable,Table 3 の階段状の費用 (RC→RR 8.3%、RC→SR 19.2%)。RC/RR/SI の tx を混ぜた実行の write skew は G2 閉路として検査器に見え、reject 対象になる。,§1、§2.1–§2.7、§3.1–§3.4、§4.1–§4.5、§5.1–§5.3、§6 (本文と Table 3・4、Fig. 4–9 の本文側の記述)
hyper-inplace-update-undo-buffer-versions,C-mvcc-engines-gc,In-place update と undo buffer 内の before-image delta による版保持,protocol-core,Fast Serializable Multi-Version Concurrency Control for Main-Memory Database Systems,SIGMOD 2015,2015,DOI 10.1145/2723372.2749436,"§2.1, §2.2, Fig. 1",tx ごとの undo buffer (物理 before-image delta)、relation の隠し列 VersionVector (版連鎖の先頭)、tx の transactionID (2^63 以上) / startTimestamp / commitTimestamp、undo buffer の版に付く timestamp,cpu-cache,最新版を relation に置いたまま (連続領域を保つ) 旧版だけを undo buffer に逃がす。scan の連続性 (cache/prefetch 効率) を守る配置。版の寿命管理は undo buffer 単位 (GC card 参照),更新は relation を in-place で書き換え、旧値 (変更列の before-image) を更新 tx の undo buffer へ置いて VersionVector の先頭に連結する。読み手は in-place の値から出発し、startTime を満たす版まで before-image を逆適用する。undo buffer は rollback のためにどのみち必要なので追加の版領域が要らない。,update: 変更列の delta を undo buffer へ、旧版を chain 先頭に挿入、新版は transactionID を timestamp に持つ (自分だけに可視)。read: chain を辿り `v.pred = null ∨ v.pred.TS = T ∨ v.pred.TS < T.startTime` を満たす版で停止。commit: 自分の undo buffer 内の版の timestamp を commitTimestamp に書換え (局所的で安い)。,自前 MVCC (HyPer、列/行ストア。in-place + undo buffer),read-only は snapshot 読みで serializable (§2.2)。更新 tx は commitTimestamp 順の serial mono-version schedule と conflict equivalent (§3.2 の定理と証明、precision locking validation 併用),False,"§4.1/Fig. 7・8: 現実的な dirty record 数では single-version 並みの scan throughput を保つ。§4.2: insert 4M/s・update 2M/s・delin 1M/s (single-version は 5.9M・3.4M・1.1M)。§4.3/Fig. 10a: TPC-C の費用は約 20%、Hekaton 型 MVCC の模擬は約 50k tx/s に対し本方式は 100k tx/s 超。§4.3 TATP: 407,564 tx/s (single-version 421,940、Hekaton 型模擬 340,715)。§4.2: 更新の性能は総版数に依らない (旧版を chain 先頭へ挿入するため)",§4.1/Fig. 7: GC を止めて dirty record が非常に多く (0.1% 級)・版が深い状況の scan は single-version より落ちる。§4.2: insert・update・delin は single-version より遅い (可視性検査と VersionVector 等の維持のため),なし,なし,,,absent-prereq-mismatch,in-place 更新に undo buffer の before-image を連結する多版方式で、版 chain と startTime による版の再構成が要る。Silo は単版で版が無く、機構の対象 (版 chain・版の置き場) が存在しない。,n/a,conditional:多版の版 ID (版の timestamp) と直列化順 (timestamp 順、commit 順と一致しない) を trace の差し込み点に合わせれば読みの正しさは見える。読んだ版を before-image の逆適用で再構成する箇所に差し込み点が要る,§4.3/Fig. 10a (TPC-C で Hekaton 型模擬の約 2 倍)、§4.2 の insert/update 性能。YCSB 点アクセスで単版に対する利点は出ない。,要旨、§1、§2.1–§2.7、§3.1–§3.2 (定理と証明)、§4.1–§4.4 (本文)
hyper-precision-locking-validation,C-mvcc-engines-gc,Precision locking による serializability validation (recently committed の undo buffer を read predicate と突合),protocol-core,Fast Serializable Multi-Version Concurrency Control for Main-Memory Database Systems,SIGMOD 2015,2015,DOI 10.1145/2723372.2749436,"§2.3, §2.3.1, Fig. 2・3・4, §3.2",read 時の predicate log (relation ごと)、recentlyCommitted tx の一覧と undo buffer への参照、commitTimestamp を startTimestamp と同じ列から採る採番、before/after image の両方を持つ undo delta,none,3 分類のどれでもなく、validation 費用を『read set の大きさ』から『最近 commit された書込みの数』に置換する方式,read set を記録せず、read した述語 (predicate) だけを記録する。commit 時に、自 tx の startTime 以降に commit された tx の undo buffer を古い順に辿り、各 write の before/after image が自 tx の predicate 空間に入るかを評価する。入れば abort (modification・deletion・creation の 3 種と phantom を検出)。,commit: commitTimestamp を採り、recentlyCommitted を走査して新規版は predicate 充足で phantom abort、削除は read set 所属で abort、更新は before と after の両方を検査。成功なら redo log へ commit を書き、undo buffer 内の timestamp を commitTimestamp に更新。write-write 衝突は即 abort (連鎖 rollback を避ける)。validation は commit timestamp が決まった後なら複数 tx で並行実行できる。,自前 MVCC (HyPer、列/行ストア。in-place + undo buffer),定理: 委ねた commitTimestamp 順の serial mono-version schedule と conflict equivalent (§3.2、読み-書き・書き-読み・書き-書きの場合分け証明),False,§4.4: TPC-C の predicate logging の費用は record-level (SR-RL) 5%、attribute-level (SR-AL) 7%、TATP は 1% と 2% (Fig. 10 の実験、単一ストリーム)。§4.4 の TPC-C top-customer 例: 読んだ全 record を追う方式なら最低 3 KB だが SR-AL は 100 B 未満で約 30 倍小さい。read set が大きい分析 tx ほど節約が大きい,§4.4/Fig. 10(b): 論理的に並行にした (tx を細分した) 実験では predicate 検証の費用が出る。Hekaton 型は index 経由の読みだけで表走査を扱えない (§4.1),なし,なし,,,absent-prereq-mismatch,startTime の snapshot を読む多版と、recentlyCommitted の undo buffer (before/after image) を述語と突き合わせる共有状態が前提。YCSB の点読みでは述語が key 一致に縮み、Silo の TID 再検査に対する利点が消える。,n/a,conditional:点読み・点書きに縮退した部分は版 ID を commit timestamp に合わせれば見える。機構の要である述語 (phantom) の検出は検査器に見えない,利点は read set の大きい分析 tx (§4.4 の top-customer 例で約 30 倍小さい記録)。YCSB の点アクセスでは効きようがない。,要旨、§1、§2.1–§2.7、§3.1–§3.2 (定理と証明)、§4.1–§4.4 (本文)
hyper-attribute-level-predicate-log,C-mvcc-engines-gc,Attribute-level predicate log (SR-AL) による偽陽性 abort の削減,optimization,Fast Serializable Multi-Version Concurrency Control for Main-Memory Database Systems,SIGMOD 2015,2015,DOI 10.1145/2723372.2749436,"§2.3.2, §4.4, Fig. 10",predicate log に『制限なしで読んだ属性』も記録、属性ごと 64 bit の整数比較 summary (文字列は 64 bit ハッシュ)、undo delta が変更した属性の情報,none,3 分類のどれでもなく、validation の粒度を record から属性へ細かくして偽の abort を減らす,record 単位の検査 (SR-RL) では、読んだ属性と書かれた属性が交わらなくても衝突と判定して偽 abort する。読んだ属性も predicate log に記録し、validation 時に、読まれていない属性を変更した版の検査を省く。,predicate log に制限属性 (述語) に加え、制限なしで読んだ属性の集合を記録する。validation で undo delta の変更属性が読み属性集合と交わらなければその版を skip。比較は 64 bit 整数の summary で行う。,自前 MVCC (HyPer、列/行ストア。in-place + undo buffer),§3.2 の定理は述語の充足検査に基づく。属性粒度の拡張の正しさは本文では個別に証明せず、偽陽性の削減として述べる (推測: 保守側の緩和ではなく検査の絞り込み),False,§4.4/Fig. 10(c): SR-AL は SR-RL より abort rate (CC abort) を下げる (図は読めず、本文は『reduce the number of false positives』とだけ記す)。§4.4: predicate logging の費用は SR-AL 7%、SR-RL 5% (TPC-C)、TATP 2% と 1%,predicate logging の費用が SR-RL より 2 ポイント高い (TPC-C 7% 対 5%、TATP 2% 対 1%)。短い tx (TPC-C) では predicate tree を作らず述語を直接適用する選択もありえたが常に predicate tree を使う (§4.4),なし,なし,,,absent-prereq-mismatch,属性 (列) 単位の述語記録と、変更属性を示す undo delta が要る。CCBench の YCSB の record は列を分けない 1 値で、属性の分離が存在しない。,n/a,not-observable:trace は key 単位で属性を持たないため、属性の分離で許した実行を偽の依存として G2 と判定しうる (偽陽性側に倒れる),Fig. 10(c) で SR-AL が SR-RL より偽 abort を減らす (軸値は読めない)。YCSB は列の分割が無く作れない。,要旨、§1、§2.1–§2.7、§3.1–§3.2 (定理と証明)、§4.1–§4.4 (本文)
hyper-predicate-tree-validation,C-mvcc-engines-gc,Predicate Tree (PT) を relation ごとに構築して validation を漸近的に安くする,optimization,Fast Serializable Multi-Version Concurrency Control for Main-Memory Database Systems,SIGMOD 2015,2015,DOI 10.1145/2723372.2749436,"§2.3.2, Fig. 4, §4.4",relation ごとの predicate log、各節が単一属性の述語 (AND で辺、根から葉の経路の OR が述語空間) の木,none,3 分類のどれでもなく、validation の照合費用を述語数に対し木で抑える実装上の最適化,commit 時に predicate log から relation ごとの PT を作り、undo buffer の各データ点が PT の経路のどれかを満たすかを評価する。同じ根を共有する同一述語の節は併合する。,validation 開始時に PT を構築 (述語ごとの単純適用よりも tx が複雑になったとき速い)。データ点ごとに木を辿り、ある経路を満たせば衝突。,自前 MVCC (HyPer、列/行ストア。in-place + undo buffer),§3.2 の定理の実装手段。個別の証明は無い,False,§4.4: 『The predicate tree has much better asymptotic behavior』で tx が複雑になると速く頑健。数値の図は Fig. 10(b) (軸値は読めない),§4.4: TPC-C の短い tx では PT を作らず述語を直接適用する方が速い可能性を著者自身が認めるが、常に PT を使う選択をしている,なし,なし,,,absent-prereq-mismatch,relation ごとの predicate log と predicate tree が前提で、述語による validation そのものが Silo・CCBench に無い。YCSB の点アクセスでは効きようがない。,n/a,not-observable:述語 (phantom) の検査は検査器に見えない,§4.4 の漸近的な利点の主張のみで、Fig. 10(b) の軸値は読めない。YCSB では作れない。,要旨、§1、§2.1–§2.7、§3.1–§3.2 (定理と証明)、§4.1–§4.4 (本文)
hyper-versioned-positions-synopsis,C-mvcc-engines-gc,VersionedPositions synopsis による版付き record 範囲の分離 scan,optimization,Fast Serializable Multi-Version Concurrency Control for Main-Memory Database Systems,SIGMOD 2015,2015,DOI 10.1145/2723372.2749436,"§2.6, Fig. 1・7・8・9, §4.1",固定長範囲 (既定 1024 record) ごとの 32 bit synopsis (先頭の版付き位置が上位 16 bit、末尾が下位 16 bit)、VersionVector、LLVM で生成した scan コード,cpu-cache,版の有無の分岐を record ごとに行うのをやめ、版の無い区間を分岐なしで最高速に走査する。scan の分岐と cache 効率に効く,版付き record の位置の synopsis を範囲ごとに持ち、隣接した版なし record を 1 つの区間にまとめる。区間内は版検査の分岐なしに scan し、版付きの範囲だけ VersionVector を引いて可視版を再構成する。synopsis の更新は少数の論理演算で、削除は fuzzy に扱い次の scan で補正する。,"scan コード生成時に synopsis を参照して『先頭の版付き位置まで』『版付き範囲』『次の版なし範囲』に分割する。GC で大半の範囲は [x,x) (版なし) になる。",自前 MVCC (HyPer、列/行ストア。in-place + undo buffer),可視性の再構成は §2.2 と同じ。synopsis は性能最適化で正しさの主張は付さない (fuzzy 削除は次の scan で補正),False,§4.1/Fig. 8: VersionedPositions を使わない場合に比べ scan 性能が 5.5 倍超。1024 record が sweet spot (範囲を増やしても減らしても scan 性能が落ちる)。Fig. 9 で cycle 内訳、本文に IPC 2.8 と記載,§4.1/Fig. 8: 範囲の大きさを 1024 より増減すると悪化。§4.2: 版の維持のため insert/update は single-version より低い (insert 4M/s 対 5.9M/s、update 2M/s 対 3.4M/s)。点アクセス中心の Hekaton 型は scan に不向きと論文は主張 (§4.1、DBMS-X の scan は 10k dirty で 2.5M records/s),なし,なし,,,absent-prereq-mismatch,版付き record の位置の synopsis と列ストアの scan (LLVM 生成コード) が前提の多版 scan 最適化。CCBench の YCSB は scan を使わず、Silo は単版で版が無く、機構の対象 (版 chain・版の置き場) が存在しない。,n/a,not-observable:scan (範囲の読み) の正しさは述語 phantom を含み検査器に見えない,§4.1/Fig. 8 で scan 5.5 倍超。YCSB の点アクセスでは効きようがない。,要旨、§1、§2.1–§2.7、§3.1–§3.2 (定理と証明)、§4.1–§4.4 (本文)
hyper-undo-buffer-gc,C-mvcc-engines-gc,Commit ごとに行う undo buffer 単位の lock-free GC (oldest visible transactionID まで),optimization,Fast Serializable Multi-Version Concurrency Control for Main-Memory Database Systems,SIGMOD 2015,2015,DOI 10.1145/2723372.2749436,"§2.4, §2.7",recentlyCommitted 一覧と activeTransactions 一覧 (timestamp 順)、undo buffer への tombstone マーク、high water mark,version-lifetime,旧版が可視な間だけ版 (undo buffer) を保持し、可視でなくなったら tx 単位でまとめて回収する。版の寿命を tx 単位の watermark で決める,commit のたびに『現在の最古の可視 transactionID』を求め、それより古い commit 済み tx を recentlyCommitted から外し、undo buffer への参照を版 chain から atomic に外して tombstone を付ける。tombstone 済み buffer は chain 走査の終端に必要なため、oldest active tx が mark より後に開始したことを確認できるまで再利用しない。,commit 後の hook として foreground で実行する。tx 単位の粒度なので個々の版を chain 内で特定する必要が無い。undo buffer の再利用可否は high water mark で判定。,自前 MVCC (HyPer、列/行ストア。in-place + undo buffer),版の可視性は §2.2 と同じ。GC の安全性は『全 active tx が停止後開始』の条件による,False,§2.4 と §4.1: 実際の版付き record は 『continuously garbage collect』により全体のごく一部。数値の表・図は GC 単独の ablation を含まない,長い active tx が oldest visible を止めると、その間の undo buffer は回収されない (Steam §2.1・Fig. 2 が同じ設計の弱点を実験で示す。Steam card を参照),一部,なし,cc/cicada/transaction.cc:806 gc_versions ; cc/si/garbage_collection.cc:53 gcVersion ; cc/mvto/transaction.cc:358 gc_versions,HyPer は commit ごとに最古可視 tx を求め、recentlyCommitted の undo buffer 単位で外す。CCBench は thread ごとの gcq に版を積み、leader が定期に決める全体閾値 (MinRts、SI/ERMIA では GC_threshold_) を下回る分を interval (gc_inter_us) ごとに回収する。undo buffer 単位でも commit ごとでもない。,absent-prereq-mismatch,commit ごとに undo buffer 単位で回収する要は CCBench に無い (Cicada/SI/MVTO は thread 別 gcq と全体閾値の周期回収)。Silo は単版で版が無く、機構の対象 (版 chain・版の置き場) が存在しない。,n/a,conditional:多版の版 ID と直列化順の差し込み点を合わせれば、早すぎる回収で snapshot が別の版を読んだ場合は依存の食い違いとして見える。回収した版の再利用で値が化けた場合は read の値を記録しないため見えない,長寿命の読み tx と短い更新 tx の混在で効く機構で、CCBench の YCSB は全 tx が同じ max_ope・rratio のため混在を作れない。Silo は版を持たず段 A の候補にならない。,要旨、§1、§2.1–§2.7、§3.1–§3.2 (定理と証明)、§4.1–§4.4 (本文)
steam-eager-pruning-of-obsolete-versions,C-mvcc-engines-gc,EPO (Eager Pruning of Obsolete Versions): 版 chain を触るたびに active timestamp 集合と交差して中間版を刈る,optimization,Scalable Garbage Collection for In-Memory MVCC Systems,PVLDB 13(2),2019,DOI 10.14778/3364324.3364328,"§4.3, §4.3.2, Fig. 6, §5.1, §5.7, Table 5",thread ごとの sorted な active 開始 timestamp 一覧 (他 thread の局所最小値から取得)、版の起点 timestamp と Attribute Mask 付き delta の版 record、chain の latch (更新時にどのみち取る)、N2O 順の chain,version-lifetime,high watermark では回収できない『chain 中間の、どの active tx にも見えない版』を、chain が伸びる更新の時点で刈る。版が生きる期間を短くし chain 長を active tx 数以下に抑える,版 chain を更新・挿入で触るとき、active tx の startTs ごとに可視版を求め、その手前の版 (現行と可視版の間) を chain から外す。delta 保存のため、外す版の属性が可視版に無ければ可視版へ併合する。chain は timestamp 昇順・重複なしなので各版に 1 回しか触れない。,更新時 (chain が既に latch されている) に piggyback で実行する。active timestamp 集合は thread ごとに再利用し古くなりすぎたら更新 (§4.3.1)。他 thread の局所最小値を atomic 64 bit で読むだけで同期は不要。,HyPer の MVCC (undo log 版、interval + watermark) 上に実装した GC (各 GC 方式を HyPer に移植して比較),"GC の安全性: 各 active tx の可視版だけを残す (§2.1, §4.3)。形式証明は無い",False,§5.7/Table 5: CH benchmark で EPO により 5 倍速く処理し、chain の最大長が 30287 から 2 に下がる。§5.1/Fig. 7: 書込み throughput が次点比でおよそ 3 倍、書込みが 354% 増えるのに対し版数は 42% 増。Fig. 9 (OLAP thread 増加) で他 GC を上回る。Fig. 11: skew を強めても頑健 (HANA・Hekaton は周期 GC のため悪化),§4.3.1: 全 tx が同程度に短い workload では commit timestamp と最古 active が乖離せず効かない (通常の watermark GC で足りる)。§5.3: OLAP thread が増えると、保持すべき版が増え write 性能はわずかに落ちる。EPO 自体の overhead は、active 集合を作る数 cycle 分が高頻度の micro-benchmark で見える (§4.3.1),一部,なし,cc/cicada/transaction.cc:806 gc_versions (chain の尾を切り離す) ; cc/cicada/include/transaction.hh:173 gcAfterThisVersion,CCBench の GC は全体の最小 read timestamp より古い尾を一括で切るだけで、active tx ごとの可視版に挟まれた中間版は刈らない。chain を更新で触った時点の刈り込み (on-touch) でもない。,absent-prereq-mismatch,active tx の startTs 集合と版 chain の交差で中間版を刈る要は CCBench に無い (Cicada は最小 rts より古い尾を一括で切るだけ)。Silo は単版で版が無く、機構の対象 (版 chain・版の置き場) が存在しない。,n/a,conditional:多版の版 ID と直列化順の差し込み点を合わせれば、早すぎる回収で snapshot が別の版を読んだ場合は依存の食い違いとして見える。回収した版の再利用で値が化けた場合は read の値を記録しないため見えない,§5.7/Table 5 (CH で 5 倍、chain 最大長 30287→2)・§5.1/Fig. 7。長寿命の読み tx と短い更新 tx の混在で効く機構で、CCBench の YCSB は全 tx が同じ max_ope・rratio のため混在を作れない。Silo は版を持たず段 A の候補にならない。,要旨、§1、§2、§3 (Table 1)、§4.1–§4.4 (Table 2・3、EPO アルゴリズム)、§5.1–§5.7
steam-thread-local-txn-lists,C-mvcc-engines-gc,Thread-local な tx list と局所最小値の atomic 公開 (global mutex を無くす GC 同期),optimization,Scalable Garbage Collection for In-Memory MVCC Systems,PVLDB 13(2),2019,DOI 10.14778/3364324.3364328,"§4.2, Fig. 5, §5.2 (Fig. 8), §5.4",thread ごとの active / committed tx list、thread ごとの minStartTs (atomic 64 bit)、idle thread の GC を誘発する scheduler の定期検査,cpu-cache,全 thread が共有する tx list と mutex を持たず、thread 局所の list と atomic 1 語だけを共有する。cache line 競合と global 同期を減らす,各 thread は自分が管理する tx だけを局所 list に持つ。global minimum は各 thread の局所最小値を O(#threads) で走査して求める。GC で版を『少し長く残す』ことは正しさに影響しないという性質を使い、同期なしに次の周期で回収する。,thread の局所最小 = 局所 active list の先頭 (無ければ 2^64−1)。GC は各 thread が自分の commit 済み tx について foreground で行う。idle thread は scheduler が検査して GC を起動。,HyPer の MVCC (undo log 版、interval + watermark) 上に実装した GC (各 GC 方式を HyPer に移植して比較),GC の安全性は『global minimum 以下の版のみ回収』で、古い最小値を使っても回収が遅れるだけ (§4.2),False,§5.2/Fig. 8: TPC-C で foreground 型 (Ermia・Deuteronomy・Steam) が最もスケールし、HANA は global mutex の Snapshot Tracker で、Hekaton は背景 thread の調整でそれぞれ遅れる (数値は図)。§5.5: 安価な key-value 更新では global epoch の維持が顕著な bottleneck になる (Fig. 11),idle になった thread が回収を遅らせる副作用 (§4.2)。scheduler による補正が必要,一部,なし,cc/cicada/util.cc:285 leader が ThreadRtsArray/ThreadWtsArray の thread 別公開値から MinRts/MinWts を計算 ; cc/si/garbage_collection.cc:37 decideFirstRange (TMT[i] を走査),thread ごとの局所値を公開し O(#threads) で全体最小を求める点は同じだが、CCBench は leader thread が集約して全体変数へ公開する (global mutex は無い)。局所 list の各 thread による自前管理ではない。,ccbench-present,要 (thread ごとの局所値を公開し O(#threads) の走査で全体最小を得る、global mutex なし) は Cicada の util.cc (ThreadRtsArray→MinRts) と SI の decideFirstRange にある。Silo の leader も worker 別 ThLocalEpoch を走査して epoch と ReclamationEpoch を進める同型で、移植不要。,n/a,conditional:多版の版 ID と直列化順の差し込み点を合わせれば、早すぎる回収で snapshot が別の版を読んだ場合は依存の食い違いとして見える。回収した版の再利用で値が化けた場合は read の値を記録しないため見えない,§5.2/Fig. 8 (TPC-C で foreground 型がスケール)。Silo では epoch 更新が相当し、YCSB で thread 数を増やす条件で見られるが、既にある機構のため段 A の新候補ではない。,要旨、§1、§2、§3 (Table 1)、§4.1–§4.4 (Table 2・3、EPO アルゴリズム)、§5.1–§5.7
steam-foreground-on-creation-pruning,C-mvcc-engines-gc,Foreground GC (commit 直後の回収) と on-creation pruning ('polluters が片付ける'),optimization,Scalable Garbage Collection for In-Memory MVCC Systems,PVLDB 13(2),2019,DOI 10.14778/3364324.3364328,"§3 (Removal / Frequency and Precision), §5.4, Fig. 10",commit 済み tx list、worker thread が GC を実行できる構造 (undo log 版が tx の所有物であること),version-lifetime,回収を背景 thread の周期に任せず、版を作る側・commit する側が即座に行う。周期設定に依らず回収の頻度が更新量に追随する,commit 後に worker が自分の tx の版を回収し (interspersed)、更新時には chain を刈る (on-creation)。背景型・epoch 型は周期や閾値の設定が要り、設定次第で性能が大きく変わることを実験で示す。,commit ごとに GC を差し込む。GC の周期・閾値パラメータを持たない。,HyPer の MVCC (undo log 版、interval + watermark) 上に実装した GC (各 GC 方式を HyPer に移植して比較),GC の安全性は EPO・watermark に同じ,False,§5.4/Fig. 10: 背景 thread の周期や epoch の閾値を変えると 500 倍超の差が出る (TPC-C 20 OLTP thread)。どの方式も可能な限り頻繁に GC する設定が最良で、Steam は周期が不要,§3: 読み手ではなく更新側が GC を負担するため commit latency がわずかに増える (『slightly increased commit latency』),一部,なし,cc/cicada/transaction.cc:859 mainte (commit 後に worker が自 gcq を回収) ; cc/si/transaction.cc:618 mainte,commit 後に worker 自身が自分の版を回収する foreground 型の点は同じ。ただし更新時の chain 刈り込み (on-creation pruning) は無く、回収は gc_inter_us 周期の間引きつきで、閾値が進んだときだけ走る。,ccbench-present,要のうち foreground 回収 (commit 後に worker が自分の版を回収) は Cicada/SI の mainte にある。on-creation pruning (更新時の chain 刈り) は無く、それは EPO と同じく版 chain が前提。Silo は版が無く移植対象が無い。,n/a,conditional:多版の版 ID と直列化順の差し込み点を合わせれば、早すぎる回収で snapshot が別の版を読んだ場合は依存の食い違いとして見える。回収した版の再利用で値が化けた場合は read の値を記録しないため見えない,§5.4/Fig. 10 (背景型の周期依存で 500 倍超の差)。長寿命の読み tx と短い更新 tx の混在で効く機構で、CCBench の YCSB は全 tx が同じ max_ope・rratio のため混在を作れない。Silo は版を持たず段 A の候補にならない。,要旨、§1、§2、§3 (Table 1)、§4.1–§4.4 (Table 2・3、EPO アルゴリズム)、§5.1–§5.7
steam-version-record-layout,C-mvcc-engines-gc,版 record の layout (Attribute Mask による delta、bulk insert の共有版 record),optimization,Scalable Garbage Collection for In-Memory MVCC Systems,PVLDB 13(2),2019,DOI 10.14778/3364324.3364328,"§4.4, Table 3",版 record の Type / Version (commit 時に timestamp、lock bit)、RelationId・TupleId・Next Pointer、64 bit の Attribute Mask (列 64 未満のとき) または属性 id 列、insert 用の tuple id 列/範囲,version-lifetime,版の保持量と GC 中の被覆判定の費用を減らす。版を delta で持ち、被覆判定を 1 回のビット OR で行う。分類は厳密でなく、版の寿命そのものより保持コスト側に効く (推測),更新版は変更属性だけ (before image) を保持し、Attribute Mask で示す。EPO の併合判定 (『vx の全属性を vy が覆うか』) は attribute mask の OR が vx の mask に等しいかで 1 命令で判る。bulk insert では 1 つの版 record に挿入 tuple id 列 (範囲圧縮可) を持たせ、1 つの Version 更新で複数版を atomic に commit する。,版 record の Version を commit 時に commit timestamp へ書換える (lock bit で複数版の atomic commit)。insert は Next Pointer を tuple id 列に転用。,HyPer の MVCC (undo log 版、interval + watermark) 上に実装した GC (各 GC 方式を HyPer に移植して比較),個別の正しさ議論は無い,False,個別の ablation は無く、layout は『insert は共有により memory と commit latency が下がる』(§4.4) と説明される。数値は無い,属性 64 以上の relation では mask の利点が減り id 列に切り替える (§4.4),なし,なし,,,absent-prereq-mismatch,変更属性だけの delta と Attribute Mask、bulk insert の共有版 record が要る。YCSB の record は列を分けず、Silo は単版で版が無く、機構の対象 (版 chain・版の置き場) が存在しない。,n/a,conditional:多版の版 ID と直列化順の差し込み点を合わせれば、早すぎる回収で snapshot が別の版を読んだ場合は依存の食い違いとして見える。回収した版の再利用で値が化けた場合は read の値を記録しないため見えない,個別の ablation・数値は論文に無い (§4.4)。YCSB では作れない。,要旨、§1、§2、§3 (Table 1)、§4.1–§4.4 (Table 2・3、EPO アルゴリズム)、§5.1–§5.7
steam-active-timestamp-set-reuse,C-mvcc-engines-gc,Active timestamp 一覧の thread 内再利用 (EPO の取得費用を短い tx で償却),optimization,Scalable Garbage Collection for In-Memory MVCC Systems,PVLDB 13(2),2019,DOI 10.14778/3364324.3364328,§4.3.1,thread ごとの active tx timestamp の sorted list と更新周期 (5 ms が実験値)、read-only thread は commit 版が無ければ取得しない (§5.6),none,3 分類のどれでもなく、EPO 自身の実行費用 (数 cycle の load と sort) を償却する最適化,thread が active tx 一覧を毎 tx 取得せず、十分新しい間は再利用する。長い tx の集合は active list の更新より頻繁には変わらないので EPO の効果は落ちない。,更新周期は micro-benchmark で 5 ms まで下げても overhead が測れなかったと述べる。read-only thread は自分の commit 版が無ければ取得を省く (§5.6)。,HyPer の MVCC (undo log 版、interval + watermark) 上に実装した GC (各 GC 方式を HyPer に移植して比較),GC の安全性に影響なし (古い一覧はより保守的側)。個別の証明は無い,False,§4.3.1: 1 ms 超の tx では取得費用は無視できる。5 ms 周期で overhead 測定不能 (本文の記述。数値表は無い)。§5.6/Fig. 12: read-only では同期が無く Steam が最良,10 thread の系で active list の作成が『高頻度の micro-benchmark でまだ目に付く』(§4.3.1),一部,なし,cc/cicada/util.cc:285 MinRts を全 thread の GC flag が揃ったときだけ更新 ; cc/si/transaction.cc:618 mainte (閾値が前回と同じなら GC を飛ばす),CCBench は tx ごとに active 一覧を取得せず、周期的に更新される全体最小値だけを使う。Steam の『取得費用の償却』に対応する構造は既にあるが、EPO 用の active 集合そのものは持たない。,absent-prereq-mismatch,EPO 用の active timestamp 集合の再利用で、EPO (版 chain の刈り込み) が前提。CCBench は周期更新の全体最小だけを持ち、EPO の active 集合は無い。Silo は単版で版が無く、機構の対象 (版 chain・版の置き場) が存在しない。,n/a,conditional:多版の版 ID と直列化順の差し込み点を合わせれば、早すぎる回収で snapshot が別の版を読んだ場合は依存の食い違いとして見える。回収した版の再利用で値が化けた場合は read の値を記録しないため見えない,§4.3.1 の本文の記述のみで数値表は無い。長寿命の読み tx と短い更新 tx の混在で効く機構で、CCBench の YCSB は全 tx が同じ max_ope・rratio のため混在を作れない。Silo は版を持たず段 A の候補にならない。,要旨、§1、§2、§3 (Table 1)、§4.1–§4.4 (Table 2・3、EPO アルゴリズム)、§5.1–§5.7
steam-gc-design-dimensions,C-mvcc-engines-gc,GC の設計次元 (追跡粒度・頻度/精度・版の置き場・識別・回収) の比較,design-dimension,Scalable Garbage Collection for In-Memory MVCC Systems,PVLDB 13(2),2019,DOI 10.14778/3364324.3364328,"§3, Table 1, §5 (Table 4, Fig. 7–12)",各 GC (BOHM・Deuteronomy・ERMIA・HANA・Hekaton・HyPer・Peloton・Steam) を HyPer 上に実装できること,version-lifetime,版をいつ・どの粒度で回収するかを比較した評価軸そのもの,追跡粒度 (tuple/tx/epoch/table)、頻度と精度 (watermark か interval か、periodic か continuous か)、版の置き場 (undo log か global hash table)、識別 (global txn list、map、local list、epoch guard)、回収 (foreground か background) の各次元で GC を分類し、同一エンジン (HyPer) 上に各方式を移植して比較する。,比較対象は Table 4 (Deuteronomy=epoch 無限、ERMIA=3 phase epoch、Hana=interval を背景、Hekaton=背景+foreground、Steam=eager)。,HyPer の MVCC (undo log 版、interval + watermark) 上に実装した GC (各 GC 方式を HyPer に移植して比較),評価であり正しさの主張は付さない,,§5.1/Fig. 7: CH benchmark で watermark 系は長い OLAP で『vicious cycle』(§1) に入り、Steam+EPO が最良。§5.2/Fig. 8: TPC-C は foreground 型が優位。§5.4/Fig. 10: 背景型の周期依存は 500 倍超,§5.3/Fig. 9: OLAP thread が増えると Steam の write 性能は少し低下。§5.4: epoch 型でも閾値を最小にするのが最良だが global epoch の更新費用が残る (Deuteronomy),一部,なし,cc/cicada/transaction.cc:806 gc_versions ; cc/si/garbage_collection.cc:53 gcVersion ; cc/mvto/transaction.cc:358 gc_versions,GC の設計次元の比較。CCBench は 1 点 (thread ごとの追跡、interval 型の watermark、版は heap、識別は thread 別配列 + leader、回収は foreground) を実装し、他の次元は切替できない。,absent-prereq-mismatch,GC の設計次元の比較で、CCBench は 1 点 (thread 別追跡・interval 型 watermark・heap の版・leader 集約・foreground) だけを持ち、次元を切り替えられない。Silo は単版で版が無く、機構の対象 (版 chain・版の置き場) が存在しない。,n/a,conditional:多版の版 ID と直列化順の差し込み点を合わせれば、早すぎる回収で snapshot が別の版を読んだ場合は依存の食い違いとして見える。回収した版の再利用で値が化けた場合は read の値を記録しないため見えない,§5 (Table 4、Fig. 7–12)。長寿命の読み tx と短い更新 tx の混在で効く機構で、CCBench の YCSB は全 tx が同じ max_ope・rratio のため混在を作れない。Silo は版を持たず段 A の候補にならない。,要旨、§1、§2、§3 (Table 1)、§4.1–§4.4 (Table 2・3、EPO アルゴリズム)、§5.1–§5.7
hana-interval-gc,C-mvcc-engines-gc,Interval garbage collector (SI): 連続する版の可視区間と active snapshot 集合の merge 交差,optimization,Hybrid Garbage Collection for Multi-Version Concurrency Control in SAP HANA,SIGMOD 2016,2016,DOI 10.1145/2882903.2903734,"§3.1, Definition 1, Algorithm 1, §4.2",版ごとの CID、active snapshot timestamp の ordered set (global STS tracker から取得)、record ごとの N2O 版 chain、chain 全体を辿れること,version-lifetime,global 最小値では回収できない『どの active snapshot の可視区間にも入らない中間版』を回収し、長い chain と version space の肥大を抑える,"版 T[i] の可視区間 [T[i], T[i+1]) に active snapshot が 1 つも入らないなら garbage とする。ordered な 2 列 S (snapshot) と T (版) の merge で O(|T|+|S|)。",GroupCommitContext のうち CID が S の最小値と最大値の間のものから到達する版の chain を highest-CID-first で辿り、Algorithm 1 で T∩ を求めて回収する。RID hash table 経由で version space を論理分割すれば複数 thread で並行実行できる。HANA では背景 thread が周期 (実験では 10 s) で実行。,SAP HANA row store の MVCC (Stmt-SI と Trans-SI の snapshot isolation、version space + RID hash table、oldest 版は table space),GC の安全性は可視区間による定義 (§3.1)。形式証明は無い,False,§5.2/Fig. 10・11: long-duration cursor 下で GT は 1 版も回収せず、TG は 3.79 億版・SI は 1.18 億版を 1000 s に回収 (本文)。HG (=GT+TG+SI) は版数がほぼ一定。§5.5: Trans-SI では TG が効かず SI だけが回収 (Fig. 16・17),"§5.6: 全 GC 周期 1 s のとき HG は GT に対し約 0.8% の overhead (長い snapshot が無い場合)。GC 周期を長くすると hash 衝突が増え TPC-C が大きく落ちる (§5.3, §5.6)。Steam §4.3.2 は HANA の interval GC を背景実行のため chain が次の起動まで伸びると比較して述べる (他論文の主張)",一部,なし,cc/cicada/transaction.cc:806 gc_versions (min_wts 以前の尾を切る),CCBench は最小 snapshot より古い版の尾を切るだけで、active snapshot 集合との可視区間の交差で中間版を garbage とする merge は無い。,absent-prereq-mismatch,active snapshot 集合と版の可視区間の merge 交差で中間版を回収する要は CCBench に無い。Silo は単版で版が無く、機構の対象 (版 chain・版の置き場) が存在しない。,n/a,conditional:多版の版 ID と直列化順の差し込み点を合わせれば、早すぎる回収で snapshot が別の版を読んだ場合は依存の食い違いとして見える。回収した版の再利用で値が化けた場合は read の値を記録しないため見えない,§5.2/Fig. 10・11 (long cursor 下で SI が 1.18 億版を回収)。長寿命の読み tx と短い更新 tx の混在で効く機構で、CCBench の YCSB は全 tx が同じ max_ope・rratio のため混在を作れない。Silo は版を持たず段 A の候補にならない。,要旨、§1、§2、§3.1–§3.2 (Algorithm 1)、§4.1–§4.4、§5.1–§5.6、§6 (本文)
hana-group-gc,C-mvcc-engines-gc,Group garbage collector (GT): 同じ commit の版を GroupCommitContext 単位でまとめて回収,optimization,Hybrid Garbage Collection for Multi-Version Concurrency Control in SAP HANA,SIGMOD 2016,2016,DOI 10.1145/2882903.2903734,"§3.2, §4.1, Fig. 7",版が TransContext (tx 単位) と GroupCommitContext (group commit 単位) を指すこと、CID 昇順の GroupCommitContext list,version-lifetime,版を 1 件ずつ検査せず、同じ CID を共有する版の群を context の比較だけで回収する。回収の検査費用を減らす,同一 GroupCommitContext の版は同じ CID を持つので、その CID が global 最小 snapshot timestamp より小さければ群全体が garbage。GroupCommitContext の CID 順 list を先頭から見て、最小値より大きい CID に達したら止める。実体 (版・TransContext・GroupCommitContext) の解放は背景で行う。,global STS tracker の先頭から最小 snapshot timestamp を得て、GroupCommitContext list を走査し、条件を満たした群を一括で削除対象にする。,SAP HANA row store の MVCC (Stmt-SI と Trans-SI の snapshot isolation、version space + RID hash table、oldest 版は table space),GC の安全性は timestamp 比較 (§3.1),False,"§5 は GT 単独を対照 (GT vs GT+TG vs HG) として使う。GT が実行される 1 s 周期の間は overhead が小さい (§5.6, HG の追加 overhead 0.8% の基準が GT)",long-lived snapshot があると global 最小が進まず GT は回収できない (§5.2、GT は 1000 s 間 0 版)。HyPer の undo log GC は『各群が単一 tx の GT』、Silo は『epoch 内 tx の群の GT』と著者は位置づける (§6),一部,なし,cc/si/garbage_collection.cc:53 gcVersion (cstamp 順の per-thread queue を閾値まで先頭から回収),cstamp 順の list を先頭から見て閾値に達したら止める形は同じだが、単位は版 1 件の GCElement で、同じ commit の版群 (GroupCommitContext) をまとめて 1 判定で回収しない。,absent-prereq-mismatch,同じ commit の版群を GroupCommitContext 単位で 1 判定で回収する要は CCBench に無い (SI の gcVersion は版 1 件ずつ)。Silo は単版で版が無く、機構の対象 (版 chain・版の置き場) が存在しない。 著者は Silo の epoch 単位回収を GT の一種と位置づける (§6) が、CCBench の Silo の ReclamationEpoch は削除 record 向けで版の回収ではない。,n/a,conditional:多版の版 ID と直列化順の差し込み点を合わせれば、早すぎる回収で snapshot が別の版を読んだ場合は依存の食い違いとして見える。回収した版の再利用で値が化けた場合は read の値を記録しないため見えない,GT 単独の評価は無く、§5 の対照として使われる。長寿命の読み tx と短い更新 tx の混在で効く機構で、CCBench の YCSB は全 tx が同じ max_ope・rratio のため混在を作れない。Silo は版を持たず段 A の候補にならない。,要旨、§1、§2、§3.1–§3.2 (Algorithm 1)、§4.1–§4.4、§5.1–§5.6、§6 (本文)
hana-table-gc,C-mvcc-engines-gc,Table garbage collector (TG): snapshot が触れる table を事前に知り table ごとの最小 snapshot timestamp で回収,optimization,Hybrid Garbage Collection for Multi-Version Concurrency Control in SAP HANA,SIGMOD 2016,2016,DOI 10.1145/2882903.2903734,"§4.3, Fig. 8",snapshot が触れる table 集合の事前確定 (Stmt-SI では compile 済み plan、Trans-SI では事前 compile 済み stored procedure や宣言 API)、per-table STS tracker、system monitor による long-lived snapshot 検出,version-lifetime,長い snapshot の影響を、その snapshot が実際に触る table にだけ閉じ込め、無関係な table の版を回収する,long-lived snapshot を見つけ、触れる table が確定していれば、その timestamp を global STS tracker から per-table STS tracker へ移す。table ごとの最小 timestamp と版の CID を比較して、global GC では回収できなかった版を回収する。,版に table ID を持たせ、比較に使う最小 timestamp を table ID で切替える。他 GC の最小値計算は per-table tracker も含めた union (事前 materialize) を使う。宣言していない table にアクセスするとエラー (§4.3)。,SAP HANA row store の MVCC (Stmt-SI と Trans-SI の snapshot isolation、version space + RID hash table、oldest 版は table space),GC の安全性は可視性による。宣言外アクセスをエラーにして守る (§4.3),True,§5.2/Fig. 10・11: long cursor が STOCK 表だけを対象にした実験で GT+TG は GT より多く回収 (TG が 3.79 億版を回収)。列ストアの長い OLAP が行ストアの OLTP 版の GC を邪魔しない用途で特に有用 (§4.3),§5.5/Fig. 16: Trans-SI で触れる table を事前に予測できない場合、TG は GT に対して利得が無い。§4.3: 一般には snapshot 開始時に table 全集合は分からない,なし,なし,,,absent-prereq-mismatch,snapshot が触れる table 集合の事前確定 (事前宣言) と per-table tracker が前提。YCSB は 1 table で効きようがなく、Silo は単版で版が無く、機構の対象 (版 chain・版の置き場) が存在しない。,n/a,conditional:多版の版 ID と直列化順の差し込み点を合わせれば、早すぎる回収で snapshot が別の版を読んだ場合は依存の食い違いとして見える。回収した版の再利用で値が化けた場合は read の値を記録しないため見えない,§5.2/Fig. 10・11 (STOCK 表だけを触る long cursor)。YCSB は 1 table のため作れない。,要旨、§1、§2、§3.1–§3.2 (Algorithm 1)、§4.1–§4.4、§5.1–§5.6、§6 (本文)
hana-hybridgc-combination,C-mvcc-engines-gc,HybridGC: GT・TG・SI を別周期で独立に起動し、TG・SI は内部でまず GT を実行,optimization,Hybrid Garbage Collection for Multi-Version Concurrency Control in SAP HANA,SIGMOD 2016,2016,DOI 10.1145/2882903.2903734,"§4.4, Fig. 9, §5.1, §5.6, Fig. 18・19",GT・TG・SI の 3 collector、collector ごとの起動周期 (実験は GT 1 s、TG 3 s、SI 10 s)、global と per-table STS tracker の union,version-lifetime,軽い順 (GT、TG、SI) に collector を組み合わせ、安価な群回収で大半を回し、重い interval 回収は残りにだけ使う,3 種を別周期で独立に起動する。TG または SI 起動時は内部で先に GT を実行し、残った版に対して TG・SI が回収を試みる。GT は version space 全体の region A、TG は region B、SI は残り region C を担当する。,GroupCommitContext list と RID hash table のどちらからでも走査できる。各 collector は table ID や RID で論理分割して並行実行できる。,SAP HANA row store の MVCC (Stmt-SI と Trans-SI の snapshot isolation、version space + RID hash table、oldest 版は table space),GC の安全性は各 collector の定義による,False,§5.2/Fig. 10: long cursor 下で HG は版数がほぼ一定 (GT・GT+TG は増加)。§5.4/Fig. 14・15: incremental 取得 (cursor の FETCH) の latency が HG ではほぼ一定 (GT・GT+TG は上昇)。§5.5: Trans-SI の query latency は HG が最短,"§5.6/Fig. 18: 長い snapshot が無い場合、全周期 1 s で HG は約 0.8%、GT+TG は約 0.3% の overhead (本文)。GT の周期を長くすると hash 衝突で throughput が大きく落ちる (§5.3, §5.6)",なし,なし,,,absent-prereq-mismatch,GT・TG・SI の 3 種の GC を別周期で併用する機構で、版の GC と per-table tracker が前提。Silo は単版で版が無く、機構の対象 (版 chain・版の置き場) が存在しない。,n/a,conditional:多版の版 ID と直列化順の差し込み点を合わせれば、早すぎる回収で snapshot が別の版を読んだ場合は依存の食い違いとして見える。回収した版の再利用で値が化けた場合は read の値を記録しないため見えない,§5.2/Fig. 10、§5.4/Fig. 14・15、§5.6/Fig. 18 (overhead 0.8%)。長寿命の読み tx と短い更新 tx の混在で効く機構で、CCBench の YCSB は全 tx が同じ max_ope・rratio のため混在を作れない。Silo は版を持たず段 A の候補にならない。,要旨、§1、§2、§3.1–§3.2 (Algorithm 1)、§4.1–§4.4、§5.1–§5.6、§6 (本文)
hana-global-sts-tracker,C-mvcc-engines-gc,Global snapshot timestamp tracker (参照カウント付き順序 list),optimization,Hybrid Garbage Collection for Multi-Version Concurrency Control in SAP HANA,SIGMOD 2016,2016,DOI 10.1145/2882903.2903734,"§4.1, Fig. 6",snapshot ごとに tracker 内 timestamp object への pointer、参照カウント、ordered list (先頭が global 最小),version-lifetime,global 最小 snapshot timestamp を O(1) で取り、同じ timestamp の snapshot をまとめて数える。GC の入力 (最小値と active 集合) の供給方法,snapshot 開始時に取得した timestamp が list に既にあれば参照カウントを増やし、無ければ挿入する。終了時に減らし、0 で削除する。snapshot が object へ pointer を持つので走査なしで更新できる。最小値は先頭を見るだけ。,interval GC は tracker の全 timestamp を S として取得する。,SAP HANA row store の MVCC (Stmt-SI と Trans-SI の snapshot isolation、version space + RID hash table、oldest 版は table space),個別の証明は無い,False,個別の評価は HANA 論文に無い。Steam §5.2 は、この tracker が global mutex を要するためスケールで Steam・epoch 型に劣ると報告する (他論文の主張、Steam Fig. 8),"global mutex のためスケールが劣る (Steam §5.2, Fig. 8。HANA 論文自身の記述ではない)",一部,なし,cc/si/garbage_collection.cc:37 decideFirstRange (TMT[i] の txid を走査して最小) ; cc/cicada/util.cc:285 MinRts の集約,全体の最小 snapshot timestamp を得る目的は同じだが、CCBench は thread 別に公開された値を leader が走査する。HANA の参照カウント付き ordered list への登録・削除による走査なし最小取得ではない。,absent-prereq-mismatch,参照カウント付き ordered list による snapshot timestamp の追跡で、多版の snapshot が前提。CCBench は thread 別公開値の leader 走査で同じ目的を果たす。Silo は単版で版が無く、機構の対象 (版 chain・版の置き場) が存在しない。,n/a,conditional:多版の版 ID と直列化順の差し込み点を合わせれば、早すぎる回収で snapshot が別の版を読んだ場合は依存の食い違いとして見える。回収した版の再利用で値が化けた場合は read の値を記録しないため見えない,HANA 論文に個別評価は無い。Steam §5.2/Fig. 8 は global mutex のためスケールで劣ると報告。,要旨、§1、§2、§3.1–§3.2 (Algorithm 1)、§4.1–§4.4、§5.1–§5.6、§6 (本文)
hana-indirect-cid-assignment,C-mvcc-engines-gc,TransContext / GroupCommitContext を介した atomic な間接 CID 付与,optimization,Hybrid Garbage Collection for Multi-Version Concurrency Control in SAP HANA,SIGMOD 2016,2016,DOI 10.1145/2882903.2903734,"§2.2, Fig. 4",版が tx 単位の TransContext を指し、group commit の TransContext が同じ GroupCommitContext を指す構造、GroupCommitContext から個別版への backward link,cpu-cache,commit 時に全版へ CID を書き戻す作業を、1 つの context への書込みに置換する。write set を commit 時に再訪しない,commit 時に GroupCommitContext へ CID を 1 回書くと、指す全 TransContext と版が同時に可視になる。版が context へ 1 段の間接参照を要するが、CID を非同期に各版へ伝搬 (backward link 利用) して費用を下げる。,lock も latch も使わず atomic に CID を付ける。個々の版への伝搬は非同期。,SAP HANA row store の MVCC (Stmt-SI と Trans-SI の snapshot isolation、version space + RID hash table、oldest 版は table space),本文に個別の正しさ議論は無い,False,個別の数値は無い (『efficient』の主張のみ)。LeanStore 論文 (§2.4) は HANA を含む in-memory 系の commit protocol が write set を再訪する費用を要すると整理する (他論文の主張),間接参照が 1 段増える (§2.2 自身が指摘)。非同期伝搬でこの費用を最小化する,一部,なし,cc/si/transaction.cc:471 si_commit (TMT[thid_] の cstamp/status を 1 回書いて commit を確定) ; cc/si/include/transaction_table.hh TransactionTable,SI/ERMIA は TransactionTable (TMT) を介して tx の commit 状態を 1 か所で確定させる点で近いが、各版が context へ間接参照する構造ではなく、版が自分の cstamp を保持する。,absent-prereq-mismatch,版が TransContext/GroupCommitContext を間接参照する多版構造が前提。Silo の単版 in-place では値の書込みで write set を必ず再訪するため、間接 CID の利得の源 (版の timestamp の書き戻しの省略) が無い。,n/a,conditional:版 ID を context 経由で決まる CID に対応づける差し込み点を合わせれば,個別の数値は論文に無い (『efficient』の主張のみ)。,要旨、§1、§2、§3.1–§3.2 (Algorithm 1)、§4.1–§4.4、§5.1–§5.6、§6 (本文)
hana-is-versioned-flag,C-mvcc-engines-gc,record の is-versioned flag による RID hash table 参照の省略,optimization,Hybrid Garbage Collection for Multi-Version Concurrency Control in SAP HANA,SIGMOD 2016,2016,DOI 10.1145/2882903.2903734,"§2.2, §5.3",table space の record ごとの flag (version space に追加版がある間だけ立つ)、RID hash table,cpu-cache,版が無い record の読みで hash table への間接参照 (cache miss) を省く,record が version space に追加版を持つときだけ flag を立て、flag が無ければ hash table 検索を飛ばす。GC が版を全て回収すれば flag が下がる。,read で flag を確認してから RID hash table を引く。,SAP HANA row store の MVCC (Stmt-SI と Trans-SI の snapshot isolation、version space + RID hash table、oldest 版は table space),個別の正しさ議論は無い,False,個別の ablation は無い。§5.3 は RID hash table の衝突比 (bucket あたりの chain 数) が TPC-C throughput に効くことを示す (Fig. 12・13、GT のみで長い cursor があると衝突比が増え throughput が低下),GC が回らないと flag が立ったまま hash の衝突が増え、flag の利得が薄れる (§5.3),なし,なし,,,absent-prereq-mismatch,version space に追加版がある record だけ hash 表を引く最適化で、多版の版の置き場が前提。Silo は単版で版が無く、機構の対象 (版 chain・版の置き場) が存在しない。,n/a,conditional:多版の版 ID と直列化順の差し込み点を合わせれば、早すぎる回収で snapshot が別の版を読んだ場合は依存の食い違いとして見える。回収した版の再利用で値が化けた場合は read の値を記録しないため見えない,個別の ablation は無い (§5.3/Fig. 12・13 は hash 衝突比の影響)。Silo では効きようがない。,要旨、§1、§2、§3.1–§3.2 (Algorithm 1)、§4.1–§4.4、§5.1–§5.6、§6 (本文)
vdriver-dead-zone-version-pruning,C-mvcc-engines-gc,Complete Version Pruning Theorem と dead zone に基づく版の刈り込み,optimization,Long-lived Transactions Made Less Harmful [Technical Report],SIGMOD 2020 (技術報告版を読んだ。camera-ready と本文が同一である保証はない),2020,https://github.com/hyu-scslab/vDriver/raw/master/vdriver_techreport.pdf,"§3.1 (Definition 3.1–3.4, Theorem 3.5), §3.3 (Dead zone-based version pruning), §4.3",版ごとの可視 start/end timestamp (または read-view から導く条件)、live tx の begin timestamp の sorted 集合から作る dead zone 集合 ZT (周期更新),version-lifetime,最古 tx だけを基準にする watermark でなく、live tx の begin timestamp 間の全 dead zone を使い、可視区間が dead zone に収まる版を全て回収する,"版 v の可視区間 (start,end) が、隣り合う 2 つの live tx の begin timestamp で囲まれた dead zone に含まれれば、v はどの snapshot にも属さず回収できる (必要十分)。live tx が無ければ全版を空にできる。版が in-row から off-row へ移る時点で日和見的に検査する。",ZT は tx の開始・終了のたびでなく周期的に更新し、精度と競合のトレードオフを取る (少し古くても、短い tx 中心では大半が z1 か z2 で識別できる)。MySQL は既存の read view の写しを定期作成、PostgreSQL は共有の read-view 配列を新設。,MySQL-8.0 (InnoDB) と PostgreSQL-12.0 に統合した version 管理層。分離水準は REPEATABLE READ (SI 系),Theorem 3.5 の必要性 (completeness) と十分性 (prunability) を §3.1 で証明。定義 3.1–3.4 に基づく,False,"§5.2.1/Fig. 13: 長い tx (LLT) が居ても vDriver 版はスループットと低い空間使用を保つ (図の軸値は読めない)。Fig. 14: 版 chain 長の CDF で最大 35 (skew 下)。本文: skew 下で最大 chain 長が vDriver では 100 未満に保たれ、標準エンジンは 10^4 に達して LLT が居る限り伸びる。§5.2.2: Zipfian 1.1 まで 『1st prune』で v(r,1→2) の 92% 超を刈る",刈り込みの精度と性能はトレードオフ (§3.3)。ZT の更新を周期にするため精度が下がる。disk 主体の設計で、in-memory 系 (Steam・HANA) との差は主に I/O 費用の回避 (§2.2),一部,なし,cc/cicada/transaction.cc:806 gc_versions,CCBench は最古の live tx の timestamp より前の尾しか刈らない。隣り合う 2 つの live tx の間 (dead zone) に収まる中間版を刈る判定は無い。,absent-prereq-mismatch,隣り合う live tx の begin timestamp で囲まれた dead zone に入る版を刈る要は CCBench に無い。Silo は単版で版が無く、機構の対象 (版 chain・版の置き場) が存在しない。,n/a,conditional:多版の版 ID と直列化順の差し込み点を合わせれば、早すぎる回収で snapshot が別の版を読んだ場合は依存の食い違いとして見える。回収した版の再利用で値が化けた場合は read の値を記録しないため見えない,§5.2.1/Fig. 13・14 (skew 下で chain 長 100 未満)。長寿命の読み tx と短い更新 tx の混在で効く機構で、CCBench の YCSB は全 tx が同じ max_ope・rratio のため混在を作れない。Silo は版を持たず段 A の候補にならない。,要旨、§1、§2、§3.1–§3.5、§4、§5.1、§5.2.1–§5.2.2 (本文)
vdriver-siro-versioning,C-mvcc-engines-gc,SIRO-versioning (Single In-row Remaining Off-row): 最初の旧版だけ record と同じ page、他は off-row,optimization,Long-lived Transactions Made Less Harmful [Technical Report],SIGMOD 2020 (技術報告版を読んだ。camera-ready と本文が同一である保証はない),2020,https://github.com/hyu-scslab/vDriver/raw/master/vdriver_techreport.pdf,"§1.3, §3.2, §3.3, §4.1, Fig. 5・6・11",record ごとの placeholder 領域と toggle bit (どちらが current かを示す)、in-place update、off-row 版 space (vBuffer と LLB)。PostgreSQL は out-of-place update を in-place へ改変が要る,cpu-cache,版の探索を大半の短い tx で in-row の 1 版で済ませる (探索局所性) 一方、版の burst が主 index を変更しないよう off-row へ逃がす。主に disk 主体の I/O と index 更新費用への対処で、in-memory への移植は推測,"更新時に current を新 record にし、旧 current を 1st old version として同じ位置に残す。以前の 1st old (v(r,1→2)) を off-row 空間へ押し出す前に dead zone 検査で刈り、残れば version classification で cluster へ入れる。abort 時は toggle bit を戻すだけ、crash 後は off-row を全て空にする。",MySQL は in-place update なので領域確保のみ。PostgreSQL は page layout 改変と tuple 複製 (page latch 下)。undo log は commit まで保持して recycle する (§4.2)。,MySQL-8.0 (InnoDB) と PostgreSQL-12.0 に統合した version 管理層。分離水準は REPEATABLE READ (SI 系),"版が到達可能であるという representation invariant を守る (§1.2, §3.4)。形式証明は Theorem 3.5 のみ",False,§5.2.1/Fig. 13: PostgreSQL と MySQL の両方で LLT 下のスループットと空間使用を維持。MySQL では undo 空間の冗長を除くため vanilla より速い (本文),in-row の 1 版を持つため PostgreSQL では out-of-place を in-place へ変更する費用がある (§4.1)。索引・page 構造に強く依存し、in-memory の hash 版連鎖へそのまま移せる保証は無い (推測),一部,なし,cc/cicada/include/tuple.hh:28 inline_ver_ (#if INLINE_VERSION_OPT) ; cc/cicada/transaction.cc:128 inline version promotion (#if INLINE_VERSION_PROMOTION),Cicada の inline version は tuple と同じ場所に 1 版を置く点で SIRO に近いが、現行の最新版を inline に置く設計で、『最初の旧版を同 page に残す』設計ではない。dead zone 検査による押し出し前の刈りと版分類も無い。,absent-prereq-mismatch,最初の旧版だけ同じ page に置く版の置き場と off-row 空間 (disk page 前提) が要る。Cicada の inline version は最新版を inline に置く別設計。Silo は単版で版が無く、機構の対象 (版 chain・版の置き場) が存在しない。,n/a,conditional:多版の版 ID と直列化順の差し込み点を合わせれば、早すぎる回収で snapshot が別の版を読んだ場合は依存の食い違いとして見える。回収した版の再利用で値が化けた場合は read の値を記録しないため見えない,§5.2.1/Fig. 13 (MySQL・PostgreSQL 上)。disk 主体の設計で、in-memory の YCSB では作れない。,要旨、§1、§2、§3.1–§3.5、§4、§5.1、§5.2.1–§5.2.2 (本文)
vdriver-version-classification,C-mvcc-engines-gc,Version classification (VC_hot / VC_cold / VC_LLT の 3 cluster への分類),optimization,Long-lived Transactions Made Less Harmful [Technical Report],SIGMOD 2020 (技術報告版を読んだ。camera-ready と本文が同一である保証はない),2020,https://github.com/hyu-scslab/vDriver/raw/master/vdriver_techreport.pdf,"§3.3 (Version classification), Fig. 7, §5.2.3",版の start/end timestamp、LLT の判定閾値 δ_LLT (平均 tx 長の倍数)、hot/cold の閾値 δ_hot (平均更新間隔の倍数)、cluster ごとの version segment (既定 64 KB),version-lifetime,寿命の似た版を同じ segment にまとめ、長生きの版 (LLT が見る版) が短命の版の回収を止めないようにする。版の寿命によって置き場を分ける,relocate される版を、(1) LLT の snapshot に属すか、(2) 可視区間が δ_hot 未満か、で VC_LLT・VC_hot・VC_cold に分ける。同じ class の版はまとめて消せる。LLT になる前に書かれた版は誤分類されうる (vulnerability window)。,分類は relocate 時に行う。segment 単位で管理し (VS descriptor に v_min・v_max)、segment 単位の cleaning に結びつける。,MySQL-8.0 (InnoDB) と PostgreSQL-12.0 に統合した version 管理層。分離水準は REPEATABLE READ (SI 系),分類は性能目的。誤分類しても正しさには影響せず、cleaning が遅れるのみ (§3.3),False,§5.2.2/Fig. 15: HOT 版の大半が 1st prune か 2nd (segment) prune で刈られる。LLT があると VC_LLT は刈られない。§5.2.3 で誤分類の影響を評価するが該当部分は未読,誤分類の代償は該当 class の cleaning が止まり空間が増えること (§3.3)。閾値 δ_hot の決め方は『more research needed』と著者が述べる,なし,なし,,,absent-prereq-mismatch,版を LLT・hot・cold の cluster に分ける仕組みで、版の segment と LLT の判定が前提。Silo は単版で版が無く、機構の対象 (版 chain・版の置き場) が存在しない。,n/a,conditional:多版の版 ID と直列化順の差し込み点を合わせれば、早すぎる回収で snapshot が別の版を読んだ場合は依存の食い違いとして見える。回収した版の再利用で値が化けた場合は read の値を記録しないため見えない,§5.2.2/Fig. 15。長寿命の読み tx と短い更新 tx の混在で効く機構で、CCBench の YCSB は全 tx が同じ max_ope・rratio のため混在を作れない。Silo は版を持たず段 A の候補にならない。,要旨、§1、§2、§3.1–§3.5、§4、§5.1、§5.2.1–§5.2.2 (本文)
vdriver-segment-cleaning-vcutter,C-mvcc-engines-gc,vCutter: version segment 単位の cleaning (v_min/v_max が 1 つの dead zone に収まる segment を丸ごと削除),optimization,Long-lived Transactions Made Less Harmful [Technical Report],SIGMOD 2020 (技術報告版を読んだ。camera-ready と本文が同一である保証はない),2020,https://github.com/hyu-scslab/vDriver/raw/master/vdriver_techreport.pdf,"§3.4, Fig. 8, §3.2",VS descriptor (seg_id・v_min = 最小 start・v_max = 最大 end)、per-record の版 locator chain (llink/rlink)、Location Lookaside Buffer (LLB) の chain 先頭と末尾,version-lifetime,個々の版でなく segment を dead zone との包含だけで回収し、回収の検査費用と I/O を減らす。完全性を少し犠牲にして回収の一括化を取る,"segment の [v_min, v_max] が ZT のいずれかの dead zone に含まれれば丸ごと削除する。版 chain が切れた穴は、穴が複数できると孤立版ができるため、Cut-II 時に fix-up で前後を繋ぎ直す (0-hole/1-hole 状態機械)。",cleaner が segment を切る間、chain の穴が高々 1 か所なら head と tail の両方向から到達できる。fix-up は dead 版に出会うたびに行う。,MySQL-8.0 (InnoDB) と PostgreSQL-12.0 に統合した version 管理層。分離水準は REPEATABLE READ (SI 系),representation invariant (必要な版は常に到達可能) の維持として Fig. 8 の状態機械で議論 (§3.4),False,§5.2.2: 2nd prune (segment pruning) で HOT 版の残りの多くが刈られ、真に version space へ至る版は少ない (Fig. 15)。数値の軸は読めない,segment 内に live な版が 1 つでもあれば、その segment 内の dead 版は消えない (完全性の低下、§3.4 自身が認める)。cleaning は『time-critical でない』ため遅延を許す,なし,なし,,,absent-prereq-mismatch,version segment 単位の丸ごと削除と版 chain の fix-up が前提。Silo は単版で版が無く、機構の対象 (版 chain・版の置き場) が存在しない。,n/a,conditional:多版の版 ID と直列化順の差し込み点を合わせれば、早すぎる回収で snapshot が別の版を読んだ場合は依存の食い違いとして見える。回収した版の再利用で値が化けた場合は read の値を記録しないため見えない,§5.2.2 (Fig. 15、軸値は読めない)。長寿命の読み tx と短い更新 tx の混在で効く機構で、CCBench の YCSB は全 tx が同じ max_ope・rratio のため混在を作れない。Silo は版を持たず段 A の候補にならない。,要旨、§1、§2、§3.1–§3.5、§4、§5.1、§5.2.1–§5.2.2 (本文)
vdriver-collaborative-cleaning-tas,C-mvcc-engines-gc,Collaborative version cleaning: cleaner と版の挿入側が test-and-set の勝者に処理を委ねる,optimization,Long-lived Transactions Made Less Harmful [Technical Report],SIGMOD 2020 (技術報告版を読んだ。camera-ready と本文が同一である保証はない),2020,https://github.com/hyu-scslab/vDriver/raw/master/vdriver_techreport.pdf,"§3.4 (Collaborative version cleaning), Fig. 9",版 node ごとの flag と TAS 命令、vCutter footprint と vSorter footprint (敗者の意図を勝者へ伝える),delay-on-conflict,chain 全体を latch する代わりに、競合した 2 者の一方が両方の作業を行う。cleaner と foreground の待ちを減らす,vCutter が版を削除して隣接 pointer を直す間に vSorter が同じ chain へ版を挿入する競合を、flag への TAS の勝者が両方を実行することで解く。vCutter が勝てば fix-up 後に戻り、vSorter は spin-wait 後に中断分を実行する。,flag の TAS で勝者を決める。敗者は自分の footprint を残す。dead 版は勝者が必ず削除するという invariant を守る。,MySQL-8.0 (InnoDB) と PostgreSQL-12.0 に統合した version 管理層。分離水準は REPEATABLE READ (SI 系),invariant (dead 版は勝者が削除する) を §3.4 で述べる。形式証明は無い,False,個別の評価は読んだ範囲に無い (§5.2.3 以降は未読)。理由は『transactions outnumber vCutter』で latch 競合と fix-up 遅延を避ける (§3.4),vCutter を優先する非対称な方針 (vSorter が spin-wait する、§3.4),一部,なし,cc/cicada/include/tuple.hh:40 getGCRight (gc_lock_ の CAS) ; cc/si/garbage_collection.cc:64 gc_lock_ compare_exchange_strong,cleaner 同士が tuple の gc_lock_ を CAS で取り合い、負けた側は諦める点は近い。ただし版の挿入側 (vSorter) との競合を勝者に委ねる協調は無く、挿入は別経路 (CAS install) で行う。,absent-prereq-mismatch,cleaner と版の挿入側の競合を TAS の勝者に委ねる要は CCBench に無い (Cicada/SI の gc_lock_ は cleaner 同士の排他のみ)。版 chain への挿入と削除が前提で、Silo は単版で版が無く、機構の対象 (版 chain・版の置き場) が存在しない。,n/a,conditional:多版の版 ID と直列化順の差し込み点を合わせれば、早すぎる回収で snapshot が別の版を読んだ場合は依存の食い違いとして見える。回収した版の再利用で値が化けた場合は read の値を記録しないため見えない,個別の評価は読んだ範囲に無い (§3.4 の設計理由のみ)。,要旨、§1、§2、§3.1–§3.5、§4、§5.1、§5.2.1–§5.2.2 (本文)
leanstore-osic-commit-protocol,C-mvcc-engines-gc,OSIC (Ordered Snapshot Instant Commit): worker ごとの Commit Log と LCB による O(1) 可視性判定,protocol-core,Scalable and Robust Snapshot Isolation for High-Performance Storage Engines,PVLDB 16(6),2023,DOI 10.14778/3583140.3583157,"§3.1, Table 1, Fig. 3, Listing 1, §4 (Fig. 11)",Global Logical Clock (atomic 64 bit)、worker ごとの固定サイズ Commit Log (commit timestamp の順序配列。mutex で保護)、版の WorkerID と TSstart、thread-local な snapshot cache,cpu-cache,commit 時に write set を再訪 (再 stamping) せず、可視性判定を整数比較 1 回にする。他 worker の log を参照する回数 (cross-thread 通信) も抑える,"版が持つ (WorkerID, TSstart) について、同じ worker の『snapshot 前に最後に commit した tx』(LCB) の commit timestamp を求め、LCB(w, ts) > vts なら可視とする (Transitive Commit Invariant)。snapshot は start timestamp 1 つで決まり、状態は最大 #W^2 に抑える。",commit は自 worker の log を排他 lock し、commit timestamp を採って log に追記してから unlock。可視性判定は他 worker の版に最初に出会ったときだけ LCB を引き、以後は cache する。log が満杯なら各 active tx の LCB だけ残して削除。abort は start timestamp を再利用。,LeanStore (B-tree、buffer 管理、out-of-memory) 上の SI。first-writer-wins。Basic は PostgreSQL・InnoDB・WiredTiger 型の commit protocol,SI (first-writer-wins により validation なしで recoverable、§3.1)。Transitive Commit Invariant に基づく議論を §3.1 に置く,False,Table 1: post-commit 費用 Θ(1) (in-memory 系は Θ(write set))、可視性判定 Θ(1)。§4/Fig. 11: warehouse affinity で OSIC は他 worker の log を見ずに済み Basic より速い。NoSteal (commit timestamp を write set へ刻む in-memory 型) は index 走査が 1.6 倍で最遅。Bulk loading: NoSteal は buffer が足りるとき 1.5 倍、超えると 2 倍超の overhead (Fig. 12 冒頭の本文),§4/Fig. 11: warehouse をまたぐ tx では他 worker の log を引かざるを得ず、OSIC の利得は縮む。Table 1: snapshot 取得 Ω(1)〜O(T log T)、memory Θ(T^2) (in-memory 型は Θ(T)),なし,なし,,,absent-prereq-mismatch,"worker ごとの Commit Log と LCB による可視性判定で、多版の版 (WorkerID, TSstart) と SI (serializable でない) が前提。Silo の単版 OCC と合わない。",n/a,"conditional:版 ID の (WorkerID, TSstart) を commit timestamp へ写す差し込み点を合わせれば。SI の write skew は G2 として見え reject 対象",§4/Fig. 11 (warehouse affinity の TPC-C)、Table 1 の漸近費用。YCSB には worker と key の affinity が無く、利点の条件を作れない。,要旨、§1、§2.1–§2.4、§3.1–§3.5、§4 のうち評価設定と Fig. 9–11・Out-of-Memory Breakdown 表・Bulk Loading の冒頭
leanstore-graveyard-index,C-mvcc-engines-gc,Graveyard Index: OLTP に不要になった tombstone を補助 index へ移す,optimization,Scalable and Robust Snapshot Isolation for High-Performance Storage Engines,PVLDB 16(6),2023,DOI 10.14778/3583140.3583157,"§3.2, Fig. 5・6, §2.2 (neworder problem), §4 (Fig. 9)",index ごとの Graveyard Index (同じ key)、worker ごとの Tombstone Index (tombstone の todo list)、OLTP と OLAP の区別 (上位層が決める)、oldest_oltp と oldest_tx の 2 つの watermark,version-lifetime,長い tx が見続ける tombstone の寿命を、OLTP の主要経路から切り離す。tombstone を skip する費用が queue 型 workload で無限に増えるのを防ぐ,delete の tombstone が OLTP の watermark より古くなったら、worker が between-transaction で main index から Graveyard Index へ移す。OLTP は Graveyard を参照しない。OLAP は leaf page の範囲で Graveyard と merge して読む。どの tx にも不要になれば両 index から物理削除する。,Tombstone Index (per-worker の append 最適化 B+ tree) で tombstone を追跡し、watermark 更新は各 tx 後に確率 1/#W で refresh、start timestamp の最上位 bit で OLTP/OLAP を区別。,LeanStore (B-tree、buffer 管理、out-of-memory) 上の SI。first-writer-wins。Basic は PostgreSQL・InnoDB・WiredTiger 型の commit protocol,SI の意味は保つ (OLAP が Graveyard を見ることで可視な版を落とさない、§3.2)。形式証明は無い,False,§4/Fig. 9: long-running OLAP がある TPC-C で Graveyard だけが OLTP throughput を安定化 (FatTuple は OLAP のみ安定化)。§4/Fig. 11: Full で純 OLTP (OSIC) とほぼ同じ throughput。out-of-memory 表: Graveyard は index 操作を増やすが page fault は増やさず OLTP が『robust』,§3.2: OLAP が Graveyard を merge する費用がある。§4: 長い tx が無い場合は Graveyard は発動せず (純 OLTP なら OSIC と同等) 効果も無い,なし,なし,,,absent-prereq-mismatch,delete の tombstone を補助 index へ移す機構で、OLTP/OLAP の区別と二重 watermark、B-tree の範囲読みが前提。CCBench の YCSB は delete も scan も使わない。,n/a,not-observable:OLAP の範囲読み (Graveyard との merge) は述語 phantom を含み検査器に見えない,§4/Fig. 9 (長い OLAP がある TPC-C で OLTP を安定化)。YCSB では作れない。,要旨、§1、§2.1–§2.4、§3.1–§3.5、§4 のうち評価設定と Fig. 9–11・Out-of-Memory Breakdown 表・Bulk Loading の冒頭
leanstore-adaptive-version-storage-fattuple,C-mvcc-engines-gc,Adaptive version storage (Delta Index と FatTuple の切替) と OPGC,optimization,Scalable and Robust Snapshot Isolation for High-Performance Storage Engines,PVLDB 16(6),2023,DOI 10.14778/3583140.3583157,"§3.3, Fig. 7・8, §4 (Fig. 10, out-of-memory 表)",tuple ごとの #updates (1 B) と since_oldest_tx (2 B) による chain 長推定、worker ごとの Delta Index (off-row)、main index 内の FatTuple (delta を inline),version-lifetime,頻繁に更新される tuple の chain を inline の FatTuple にして中間版を precise に刈り、chain を短く保つ。off-row のままでは中間版の回収に別 tree の往復が要る,既定は最新値を main index に、旧版を worker ごとの Delta Index に置く。最古 tx が変わらないまま更新回数が worker 数を超えた tuple を FatTuple に変換し、delta を inline に持つ。満杯時に on-demand precise GC (OPGC) で dead zone の版を刈ってから拡張する。eviction 前に FatTuple を chained 形式へ戻す。,chain 長は tuple あたり 3 byte の heuristic で推定。FatTuple の delta 間の被覆は属性の併合で処理し、サイズが変わる更新は Delta Index の full copy への論理 pointer を保持。,LeanStore (B-tree、buffer 管理、out-of-memory) 上の SI。first-writer-wins。Basic は PostgreSQL・InnoDB・WiredTiger 型の commit protocol,SI の意味を保つ (可視性は commit timestamp と watermark に基づく)。形式証明は無い,False,§4/Fig. 10: 頻繁に更新される warehouse・district を scan する OLAP の throughput を FatTuple がほぼ維持 (図は軸値が読めない)。out-of-memory 表: OSIC+FatTuple で OLAP が robust。§4/Fig. 9: in-memory では FatTuple が Delta Index の traversal を省いて少し速い,"out-of-memory 表: FatTuple の payload が大きく page miss が増え (10.3 対 8.9 page read/tx)、TPC-C の transaction rate が OSIC 単独 (1,517 tx/s) に対し 1,322 tx/s と下がる。FatTuple は OLTP の robustness を与えない (Graveyard が要る)",なし,なし,,,absent-prereq-mismatch,Delta Index と FatTuple の版の置き場の切替と on-demand precise GC が前提。Silo は単版で版が無く、機構の対象 (版 chain・版の置き場) が存在しない。,n/a,conditional:多版の版 ID と直列化順の差し込み点を合わせれば、早すぎる回収で snapshot が別の版を読んだ場合は依存の食い違いとして見える。回収した版の再利用で値が化けた場合は read の値を記録しないため見えない,§4/Fig. 9・10、out-of-memory 表。長寿命の読み tx と短い更新 tx の混在で効く機構で、CCBench の YCSB は全 tx が同じ max_ope・rratio のため混在を作れない。Silo は版を持たず段 A の候補にならない。,要旨、§1、§2.1–§2.4、§3.1–§3.5、§4 のうち評価設定と Fig. 9–11・Out-of-Memory Breakdown 表・Bulk Loading の冒頭
leanstore-separate-oltp-olap-watermarks,C-mvcc-engines-gc,OLTP と OLAP の別 high watermark (oldest_oltp と oldest_tx) と vDriver の dead zone の併用,optimization,Scalable and Robust Snapshot Isolation for High-Performance Storage Engines,PVLDB 16(6),2023,DOI 10.14778/3583140.3583157,"§3.1 (Separate High Watermarks), Fig. 4, §3.3",全 active tx が公開する TSstart の global 配列 (最上位 bit で OLTP/OLAP を区別)、上位層による tx 種別の判定 (動的検出も可能と述べる),version-lifetime,長い OLAP が oldest_tx を止めても、OLTP の watermark は進み続けるため、OLTP に不要な版・tombstone を回収できる,watermark を oldest_tx (全 tx) と oldest_oltp (OLTP のみ) に分け、間の区間 (newest_olap と oldest_oltp の隙間) を vDriver の dead zone として中間版の回収に使う。,watermark 更新は 1 回の配列走査で全て計算し、各 tx 後に確率 1/#W で refresh する。,LeanStore (B-tree、buffer 管理、out-of-memory) 上の SI。first-writer-wins。Basic は PostgreSQL・InnoDB・WiredTiger 型の commit protocol,個別の正しさ議論は無い。SI の可視性は変えない,False,Graveyard Index と FatTuple の前提として §3.2・§3.3 が使う。単独の ablation は無い,OLTP か OLAP かが上位層で与えられる前提 (§3.1)。区別が難しい workload では前提が崩れる (推測),一部,なし,cc/cicada/util.cc:315 MinWts/MinRts の 2 本の全体最小 ; cc/cicada/transaction.cc:806 gc_versions (MinRts を使用),Cicada/MVTO は MinWts と MinRts の 2 本を持つが、read-only snapshot の読み時刻と GC 閾値の役割分担で、OLTP/OLAP の watermark 間の隙間を dead zone として回収する用途ではない。,absent-prereq-mismatch,OLTP と OLAP の別 watermark の間を dead zone として版を回収する機構で、tx 種別の区別と多版が前提。Silo は単版で版が無く、機構の対象 (版 chain・版の置き場) が存在しない。,n/a,conditional:多版の版 ID と直列化順の差し込み点を合わせれば、早すぎる回収で snapshot が別の版を読んだ場合は依存の食い違いとして見える。回収した版の再利用で値が化けた場合は read の値を記録しないため見えない,単独の ablation は無い。長寿命の読み tx と短い更新 tx の混在で効く機構で、CCBench の YCSB は全 tx が同じ max_ope・rratio のため混在を作れない。Silo は版を持たず段 A の候補にならない。,要旨、§1、§2.1–§2.4、§3.1–§3.5、§4 のうち評価設定と Fig. 9–11・Out-of-Memory Breakdown 表・Bulk Loading の冒頭
leanstore-cooperative-gc-worker-lcb,C-mvcc-engines-gc,Cooperative GC: 各 worker が自分の作った版だけを LCB で回収,optimization,Scalable and Robust Snapshot Isolation for High-Performance Storage Engines,PVLDB 16(6),2023,DOI 10.14778/3583140.3583157,"§3.1 (Cooperative GC using Worker LCB), §3.5 (GC between / within transactions)",worker ごとの Commit Log と LCB、oldest_tx と oldest_oltp、背景 GC thread を持たない設計,version-lifetime,回収を各 worker が自分の版に対して行い、他 worker の版への同期を減らす。版の寿命を worker と watermark の LCB で決める,"worker w は、LCB(w, oldest_tx または oldest_oltp) より前に開始した自分の tx が作った版を削除できる。tx 間の GC、tx 内 (更新時に chain 推定が閾値超で precise GC)、page eviction 時の GC の 3 種を実行場所ごとに使い分ける。",背景 GC thread を使わず foreground に interspersed する。,LeanStore (B-tree、buffer 管理、out-of-memory) 上の SI。first-writer-wins。Basic は PostgreSQL・InnoDB・WiredTiger 型の commit protocol,個別の正しさ議論は無い,False,個別の ablation は無い。LeanStore の全構成が背景 GC thread を持たない (§4 Implementation),個別に示された条件は無い (推測: worker が idle だと自分の版の回収が遅れる。Steam §4.2 は同型の問題を scheduler で補正している),一部,なし,cc/cicada/transaction.cc:717 自 tx の版を自 thread の gcq_ に積む ; cc/si/transaction.cc:521 gcq_for_version_ へ積む,各 worker が自分の作った版を tx 間で回収する点は同じ。tx 内 (更新時の chain 長推定) と page eviction 時の GC、LCB による判定は無い。,ccbench-present,要のうち『背景 GC thread を持たず各 worker が自分の作った版を tx 間で回収する』は Cicada/SI にある。LCB による判定と tx 内・page eviction 時の GC は無く、LCB は OSIC の Commit Log が前提。Silo は版が無く移植対象が無い。,n/a,conditional:多版の版 ID と直列化順の差し込み点を合わせれば、早すぎる回収で snapshot が別の版を読んだ場合は依存の食い違いとして見える。回収した版の再利用で値が化けた場合は read の値を記録しないため見えない,単独の ablation は無い。長寿命の読み tx と短い更新 tx の混在で効く機構で、CCBench の YCSB は全 tx が同じ max_ope・rratio のため混在を作れない。Silo は版を持たず段 A の候補にならない。,要旨、§1、§2.1–§2.4、§3.1–§3.5、§4 のうち評価設定と Fig. 9–11・Out-of-Memory Breakdown 表・Bulk Loading の冒頭
leanstore-early-lock-release,C-mvcc-engines-gc,Early Lock Release (commit timestamp を log に入れた時点で write lock を解放、hardened_commit_ts で持続性を保つ),optimization,Scalable and Robust Snapshot Isolation for High-Performance Storage Engines,PVLDB 16(6),2023,DOI 10.14778/3583140.3583157,§3.4,worker ごとの hardened_commit_ts (atomic counter)、それらの最小を追う global watermark、tx 間の依存追跡付き WAL,delay-on-conflict,log flush の待ちを lock 保持時間から外し、skew 下の lock 競合を減らす。競合相手の待ち時間を短くする,commit timestamp を Commit Log へ入れた直後に write lock を解放し、log の hardening を待たない。durability のため、自 tx が読んだ相手の tx の WAL が hardened になるまで commit 完了を通知しない (hardened_commit_ts の最小の watermark で判定)。,worker ごとに atomic counter を持ち、全 worker の最小値を global watermark とする。,LeanStore (B-tree、buffer 管理、out-of-memory) 上の SI。first-writer-wins。Basic は PostgreSQL・InnoDB・WiredTiger 型の commit protocol,"耐久性と回復可能性を守る手順 (§3.4)。ELR 自体は既知の技法 [15, 28] を実装したもので、本論文の新規技法ではない",False,個別の ablation は無い。§3.4 は『skewed workloads では log-induced lock contention が scalability を制限する』ことを理由とする,個別の悪化条件は示されない,一部,一部,cc/silo/transaction.cc:636 wal(maxtid) の後に 660 で TID を書いて unlock (#if WAL),Silo は commit 中の lock 保持を write の直後に終える (log の hardening を待たない) が、他 tx の WAL が hardened になるまで結果通知を遅らせる仕組み (hardened_commit_ts) は持たない。,ccbench-present,要 (log の hardening を待たず write lock を解放する) は Silo の write phase にある (#if WAL の wal() の後に値を書いて TID word で unlock、hardening は待たない)。既定 build は CCBENCH_WAL=0 で log 自体が無い。他 tx の WAL の hardening まで完了通知を遅らせる部分 (hardened_commit_ts) は無い。,n/a,not-observable:守る性質は持続性 (crash 後に依存先の log が失われない) で、直列化可能性の trace に現れない,単独の ablation は論文に無い (§3.4 の設計理由のみ)。CCBench の既定 build は log を書かないため lock 保持時間への効果が出ない。,要旨、§1、§2.1–§2.4、§3.1–§3.5、§4 のうち評価設定と Fig. 9–11・Out-of-Memory Breakdown 表・Bulk Loading の冒頭
freitag-local-mapping-tables,C-mvcc-engines-gc,Page ごとの local mapping table (tuple id → 版 chain) と版情報の非永続化,optimization,Memory-Optimized Multi-Version Concurrency Control for Disk-Based Database Systems,PVLDB 15(11),2022,DOI 10.14778/3551793.3551832,"§3.1, §3.1.1, Fig. 2, Table 1",buffer frame から指す page ごとの mapping table (安定な tuple id を版 chain へ写す。page に版付き tuple が無ければ表も無い)、evict された page の表を持つ orphan hash table、tx の version buffer への raw pointer,cpu-cache,版付きでない page では版の検査分岐を省いた最適 scan を使え、版の有無を page 粒度の 1 か所で判定できる。ディスクに版を書かない点は disk 主体特有 (in-memory へは移転しない),page には最新版だけ置き、版 chain は tx ごとの version buffer に置く。page の版付き tuple は mapping table 経由で chain を引く。mapping table が無い page は全 tuple がグローバル可視であり、版検査なしの scan を使う。commit 時に mapping table は更新しない (page latch を避ける)。,mapping table は lazy に生成し、page latch 1 回で page と表の両方へアクセスする。読みでは表が存在するときだけ lookup。,Umbra (LeanStore 由来の buffer manager) 上の HyPer 型 MVCC (in-place + tx ごとの version buffer の before-image、SI)。前提: ディスク主体で page が evict されうる。インメモリへ持ち込める技法だけを card にしている,SI (§3.3.2)。serializability は precision locking で可能と述べる (bulk tx は例外)。回復は WAL のみ (§3.1.3),False,Table 1: 1 client と 24 client の TPC-C で、MVCC の各要素を足した費用: transaction lists で 1.04・1.03 倍、shared writer latch で 1.05 倍、snapshot isolation 有効化で 1.22・1.23 倍 (非 transactional の 32.8 k・452.0 k tx/s に対して)。§4.3.2: buffer pool を絞った out-of-memory の TPC-C で約 340 k tx/s (in-memory は約 370 k tx/s),in-memory 移転上の限定: page と版の対応づけ (mapping table) 自体が disk 系の要請で、raw pointer を版に張れる純 in-memory では不要 (§3.1 自身が HyPer は raw pointer で版を繋ぐと述べる)。版付き page 判定の発想 (HyPer の VersionedPositions と同型) だけが移転候補 (推測),なし,なし,,,absent-prereq-mismatch,page ごとの mapping table と evict される page (disk 主体) が前提で、in-memory の Silo に page 概念が無い。Silo は単版で版が無く、機構の対象 (版 chain・版の置き場) が存在しない。,n/a,conditional:多版の版 ID と直列化順の差し込み点を合わせれば、早すぎる回収で snapshot が別の版を読んだ場合は依存の食い違いとして見える。回収した版の再利用で値が化けた場合は read の値を記録しないため見えない,Table 1 (TPC-C の MVCC 要素の費用)、§4.3.2。YCSB の in-memory 構成では作れない。,要旨、§1、§2、§3.1–§3.3、§4.1、§4.2、§4.3.1 (Table 1)、§4.3.2 の冒頭
freitag-mapping-table-pruning-on-page-access,C-mvcc-engines-gc,Page access 時の mapping table 刈り込み (空 chain の割合が閾値超で実行) と buffer manager による cold page の刈り込み,optimization,Memory-Optimized Multi-Version Concurrency Control for Disk-Based Database Systems,PVLDB 15(11),2022,DOI 10.14778/3551793.3551832,"§3.1.2, Fig. 3, Fig. 4",page latch を既に持つ page access の契機、mapping table ごとの空 chain 数の統計 (閾値の例 5%)、orphan mapping table への同様の刈り込み (disk IO 時),version-lifetime,latch を追加で取らず、回収済みで空になった対応表を、既に latch 済みの契機に刈る。版に付随する管理構造の寿命を短くする,commit 時の GC は version buffer だけを回収し mapping table には触れない。mapping table は page が access されるとき (latch 取得済み) に、空 chain の mapping を捨て、空になれば表ごと破棄する。空 chain の割合が閾値 (例 5%) を超えたときだけ走査する。,Steam の EPO で chain の版を刈る (個々の版の刈り込みは Steam に同じ) と併用。thread ごとの local tx list に multi-thread tx だけ global list を使う (§3.1.4)。,Umbra (LeanStore 由来の buffer manager) 上の HyPer 型 MVCC (in-place + tx ごとの version buffer の before-image、SI)。前提: ディスク主体で page が evict されうる。インメモリへ持ち込める技法だけを card にしている,空 chain の record は定義上グローバル可視で、刈っても正しさは変わらない (§3.1.2),False,Fig. 3・Fig. 7: mapping table と版の memory が有界に保たれる。§4.3.2 本文: 平均約 38 MB の mapping table (続きは未読)。数値は本文と図の一部のみ,cold な page は access されないので刈られない (buffer manager の刈り込みで補う、§3.1.2)。in-memory へは mapping table が無いので直接は移転しない,なし,なし,,,absent-prereq-mismatch,page access 時の mapping table の刈り込みで、page と mapping table が前提。CCBench に page 概念が無い。,n/a,conditional:多版の版 ID と直列化順の差し込み点を合わせれば、早すぎる回収で snapshot が別の版を読んだ場合は依存の食い違いとして見える。回収した版の再利用で値が化けた場合は read の値を記録しないため見えない,Fig. 3・Fig. 7 (memory の有界性)。YCSB の in-memory 構成では作れない。,要旨、§1、§2、§3.1–§3.3、§4.1、§4.2、§4.3.1 (Table 1)、§4.3.2 の冒頭
freitag-bulk-op-virtual-versions,C-mvcc-engines-gc,Bulk operation の virtual version (page の reference epoch と create/delete flag、物理版なし),optimization,Memory-Optimized Multi-Version Concurrency Control for Disk-Based Database Systems,PVLDB 15(11),2022,DOI 10.14778/3551793.3551832,"§3.2, Fig. 5, §3.2.1–§3.2.4, Table 2",central な bulk operation epoch (永続、log 済み)、page header の reference bulk load epoch、tuple id の未使用 bit に詰めた 2 つの Boolean flag、database 全体の global mutex (bulk は排他、通常 write は共有),version-lifetime,版を物理的に作らず、bulk 書込みの版を page の flag として持つ。メモリを使わず大きな write tx を隔離でき、版の寿命は page の epoch が globally visible になれば終わる。主にディスク主体の大 write 向けで、in-memory への移転は限定的,bulk tx は database への排他 write を取り、page の reference epoch を自分の start epoch にして create/delete flag を立てる。読み手は flag を virtual version として通常の可視性判定に含める。GC は page access 時に reference epoch が globally visible なら flag を消す。次の bulk は前の bulk が globally visible になるまで開始しない。,bulk 検出は明示指示 (SET TRANSACTION BULK WRITE)、optimizer の推定、version buffer の消費量による abort の 3 段。,Umbra (LeanStore 由来の buffer manager) 上の HyPer 型 MVCC (in-place + tx ごとの version buffer の before-image、SI)。前提: ディスク主体で page が evict されうる。インメモリへ持ち込める技法だけを card にしている,SI (§3.3.2)。serializability 検証では bulk tx は read の再実行に落ちる (page の epoch で高速化可),False,§3.2.1: 版の物理割当てが無く『arbitrarily large write transactions』を処理可能。Table 2: MVCC を有効にし bulk 方式を使うと TPC-H SF10 のロードで version memory が 0 (bulk 方式なしは 2.9 GB)、時間は 13.0 s 対 15.0 s (bulk 方式なし)、MVCC 無しは 11.7 s (表は列が崩れ、値の対応は推測を含む),bulk 同士は同時に走れない (前の bulk が globally visible になるまで待つ、§3.2.2)。長い reader が次の bulk を遅らせる (著者は望ましい副作用と位置づける),なし,なし,,,absent-prereq-mismatch,bulk tx の database 全体の排他 write と page の reference epoch が前提。YCSB に bulk 操作が無い。,n/a,conditional:page の flag から決まる仮想版を版 ID として trace に出す差し込み点を合わせれば,Table 2 (TPC-H SF10 のロード)。YCSB では作れない。,要旨、§1、§2、§3.1–§3.3、§4.1、§4.2、§4.3.1 (Table 1)、§4.3.2 の冒頭
freitag-inplace-vs-append-only-versions,C-mvcc-engines-gc,版の置き場の次元: in-place + before-image (別置き) と append-only (同一 storage に全版) の比較,design-dimension,Memory-Optimized Multi-Version Concurrency Control for Disk-Based Database Systems,PVLDB 15(11),2022,DOI 10.14778/3551793.3551832,"§3.1, §4.3.1, Table 1 (最終行 '− in-place updates')",Umbra 上で in-place update を無効化して全版を relation 内に物理具体化する設定 (PostgreSQL・Hekaton の append-only 型の模擬),version-lifetime,版をどこに置くか (寿命の管理と write 費用) の次元。append-only は版が永続 storage に載り write amplification を起こすと論文は主張する。分類は版の置き場のため厳密には none に近い,同一エンジンで in-place を無効化し、全版を relation と同じ storage に実体化する設定と比べる。commit 時の再 timestamp や GC のしやすさが異なる。,Table 1 の最終行として、in-place を止めたときの TPC-C throughput を測る。,Umbra (LeanStore 由来の buffer manager) 上の HyPer 型 MVCC (in-place + tx ごとの version buffer の before-image、SI)。前提: ディスク主体で page が evict されうる。インメモリへ持ち込める技法だけを card にしている,評価であり正しさの主張は付さない,,Table 1: TPC-C throughput は in-place あり (SI 有効) 27.0 k (1 client)・366.0 k tx/s (24 client)、in-place なし 6.4 k・86.2 k tx/s (5.13・5.24 倍の低下)。本文: scan 中心の workload では利得がさらに大きいと予想 (実測ではない),本文の実験は Umbra 上の TPC-C のみで、in-memory 専用エンジンでの同種の差は示されない。Hekaton 型 MVCC 模擬との比較は HyPer 論文 (Fig. 10a) にある,一部,なし,cc/silo/transaction.cc:658 in-place memcpy (単一版) ; cc/cicada/transaction.cc:687 cpv (新版を追加),版の置き場の 2 方式は protocol が別ごとに存在する (Silo/TicToc の in-place 単一版と Cicada/SI の追加型) が、同一 engine で切り替えて比較する設定は無い。,absent-prereq-mismatch,多版の中での in-place + before-image と append-only の比較で、CCBench には両方式が別 protocol として (Silo の単版 in-place と Cicada/SI の追加型) あるが、多版 in-place は無く同一 engine での切替も無い。Silo は単版で比較の対象外。,n/a,conditional:多版の版 ID (版の timestamp) と直列化順 (timestamp 順、commit 順と一致しない) を trace の差し込み点に合わせれば読みの正しさは見える,Table 1 (TPC-C で in-place なしは 5.13・5.24 倍低い)。YCSB の点アクセスでは多版の置き場の差は小さいと見込まれる (推測)。,要旨、§1、§2、§3.1–§3.3、§4.1、§4.2、§4.3.1 (Table 1)、§4.3.2 の冒頭
bamboo-lock-retire,D-contention,"Lock retire (early lock release, violating 2PL)",protocol-core,Releasing Locks As Early As You Can: Reducing Contention of Hotspots by Violating Two-Phase Locking (Extended Version),SIGMOD 2021,2021,arXiv:2103.09906v1; DOI 10.1145/3448016.3457294,"§3.1-3.2.2, Fig. 2, Algorithm 1-2 (LockRetire)",tuple ごとの lock entry に owners / waiters / retired の 3 リスト (retired は timestamp 順)。read 要求ごとの local copy。transaction ごとの timestamp。土台は Wound-Wait 2PL,delay-on-conflict,hotspot の lock を書込み後すぐ retire し、後続 transaction の lock 待ち時間を削る。待ちを abort (cascading abort) と交換する設計 (§4.2 は wait time と abort time の交換と述べる),書込みを終えた tuple の lock を owners から retired へ移し、後続 transaction が未 commit の dirty write を読めるようにする。dirty read の依存は retired リストの順序で記録し、依存先が commit するまで後続は commit できない。LockRetire の呼び出しは任意で、一度も呼ばなければ Wound-Wait に退化する。,lock 取得段: retired と owners の両方に対し Wound-Wait の wound を行う。書込み後: LockRetire で owners から retired へ移し PromoteWaiters を呼ぶ。commit 段: commit_semaphore が 0 になるまで待ってから log と lock 解放。abort 後: EX で retire 済みの txn が abort するとき、その後ろの retired / owners を連鎖 abort させる。,Wound-Wait 2PL (DBx1000 上),serializable。§3.6 で commit point の順序 (Lemma 1) から Theorem 2 を証明。deadlock-free は Wound-Wait に依拠 (証明は本論文の範囲外と §3.6 が述べる),False,単一 hotspot を transaction 先頭に置く合成 workload で Wound-Wait 比最大 19x、thread 数・transaction 長・hotspot 位置が早いほど大きい (§5.2 の Summary、Fig. 3)。YCSB 高 skew (theta > 0.7) で 2PL 系より高く、Wound-Wait 比で最大 72% (Fig. 8a、stored-procedure mode)。TPC-C 1 warehouse で Wound-Wait 比最大 2x (Fig. 10a)、interactive mode で最良の baseline 比最大 4x (Fig. 10b)。,低 contention では Wound-Wait 比で約 10% 低下 (Fig. 8a、§5.4)。stored-procedure mode の YCSB で thread 数 96 超では Silo を下回る (Fig. 6、§5.4)。hotspot が transaction 末尾なら利得は小さく、2 つ目の hotspot が末尾にあると BAMBOO-base は overhead を被る (Fig. 4-5、§5.3)。,なし,なし,,,absent-prereq-mismatch,2PL の lock 表 (owners / waiters / retired)・Wound-Wait・未 commit 値の読み (dirty read) が前提。Silo は lock 表も read lock も持たず、未 commit 値を読ませる経路が無い,n/a,not-observable:未 commit 版の読み (dirty read) と連鎖 abort の漏れ (G1a) は commit した取引だけの trace に現れない,YCSB zipf 0.7 超・高 thread で効くが、効果の主因である hotspot の位置 (取引の先頭) は YCSB の引数で作れない。根拠は Fig. 3、Fig. 8a、Fig. 10。,§3 (3.1-3.6)、§4.1-4.2、§5.1-5.4 (5.4 は YCSB 部分)、§5.5 の冒頭部
bamboo-commit-semaphore-cascading-abort,D-contention,commit_semaphore による commit 順序保証と cascading abort,protocol-core,Releasing Locks As Early As You Can: Reducing Contention of Hotspots by Violating Two-Phase Locking (Extended Version),SIGMOD 2021,2021,arXiv:2103.09906v1; DOI 10.1145/3448016.3457294,"§3.1 (Challenge 1-2), §3.2.1, §4, Algorithm 1 lines 4-5, Algorithm 2 LockRelease / PromoteWaiters",transaction ごとの 64-bit commit_semaphore (atomic 増減)。retired リストの順序,none,dirty read を許す代償として必要になる依存追跡と連鎖 abort の機構で、3 分類のどれにも当たらない。効果は保険 (serializability の維持) と abort 範囲の決定,retired 内の conflict する先行 txn の数だけ後続 txn の commit_semaphore を増やし、先行が retired から抜けたとき減らす。semaphore が 0 になるまで後続は commit できない。retire 済み EX lock を持つ txn が abort すると、その後ろの txn を連鎖 abort させる。SH lock 保持者の abort は連鎖しない。,PromoteWaiters: owners に昇格した txn が retired 内の conflict と衝突するなら semaphore を増やす。LockRelease: abort かつ EX なら all_owners の後続に abort を通知し、retired の先頭が抜けたら新しい heads の semaphore を減らす。commit 直前: semaphore が 0 になるまで pause で待つ。,Wound-Wait 2PL,serializable。Lemma 1 (commit point ordering) と Theorem 2 (§3.6),False,abort chain の長さは高 contention で同時実行 transaction 数まで伸びうる (§4.2 の記述、図なし)。semaphore の操作 cost は 120 thread・高 contention で全実行時間の 0.2% 以内 (§3.2.1 の記述、表・図なし)。,cascading abort により abort time が増える。Wound-Wait 比で wait time を減らし abort time を増やす (§4.2)。§4.2 の模型は、deadlock 確率が conflict 確率より十分小さい (データ数 D が同時実行数 N・access 数 K より桁違いに大きい) とき利得が出ると述べる。,なし,なし,,,absent-prereq-mismatch,2PL の lock 表 (owners / waiters / retired)・Wound-Wait・未 commit 値の読み (dirty read) が前提。Silo は lock 表も read lock も持たず、未 commit 値を読ませる経路が無い。txn ごとの commit_semaphore と連鎖 abort も要る,n/a,not-observable:未 commit 版の読み (dirty read) と連鎖 abort の漏れ (G1a) は commit した取引だけの trace に現れない,単体の性能根拠は無い (§3.2.1 の cost 記述と §4.2 の模型のみ)。,§3 (3.1-3.6)、§4.1-4.2、§5.1-5.4 (5.4 は YCSB 部分)、§5.5 の冒頭部
bamboo-retire-point-synthesis,D-contention,最後の write の後で retire する点を program analysis で合成する (retire 条件の合成、loop fission),optimization,Releasing Locks As Early As You Can: Reducing Contention of Hotspots by Violating Two-Phase Locking (Extended Version),SIGMOD 2021,2021,arXiv:2103.09906v1; DOI 10.1145/3448016.3457294,"§3.3, Listing 1-4",transaction program の全体 (stored procedure)。制御・データ依存解析。tuple の主キーが query から読み取れること,none,lock を retire する時点を決める静的解析で、同一 tuple を 2 回書く場合の cascading abort を避けるためのもの。3 分類のどれにも当たらない,同一 tuple が後で再度書かれうるか判定する条件式を program に合成し、条件が偽なら直ちに retire する。key の計算を retire 点より前へ移動し、固定回数の for loop には loop fission と内側 loop で can_retire を求める。,実行前: data-flow 解析で tuple access を同定し、後続 access と key が同じかを調べる条件を生成。実行中: 条件が真なら LockRetire、偽なら保持。loop 回数が実行中に変わる loop は対象外 (future work と述べる)。,Wound-Wait 2PL,§3.3 は「最後の書込み後に retire すれば再書込みで abort を起こさない」との説明。再書込み後は先に見た側を abort すれば serializable と述べる。証明は §3.6 の一般証明に含まれる,True,この技法単体の ablation は読んだ範囲に無い。,この技法単体の評価は読んだ範囲に無い。for loop の回数が実行中に変わる場合は適用しないと §3.3 が述べる。,なし,なし,,,absent-prereq-mismatch,取引 program 全体の静的解析 (stored procedure) と Bamboo の retire が前提。Silo には retire の対象となる lock 保持が無い,n/a,not-observable:未 commit 版の読み (dirty read) と連鎖 abort の漏れ (G1a) は commit した取引だけの trace に現れない,単体評価は無い。YCSB は 1 取引内で同じ key を再度書くことが稀で、条件合成の出番が少ない。,§3 (3.1-3.6)、§4.1-4.2、§5.1-5.4 (5.4 は YCSB 部分)、§5.5 の冒頭部
bamboo-opt1-no-latch-read-retire,D-contention,Optimization 1: No extra latches for read operations,optimization,Releasing Locks As Early As You Can: Reducing Contention of Hotspots by Violating Two-Phase Locking (Extended Version),SIGMOD 2021,2021,arXiv:2103.09906v1; DOI 10.1145/3448016.3457294,§3.5 Optimization 1,read ごとの local copy。retired リスト,cpu-cache,read の retire で lock entry の latch を余分に取らない。共有 latch 行への書込みを減らす (推測: cache line 競合の削減。論文は latch 取得 cost を主に述べる),read は LockAcquire の中で owner になれた時点で retired へ直接置く。read の abort は連鎖 abort を起こさないので abort は増えない。,read 要求ごとに local copy を保持 (自分が書いた tuple を除く)。LockAcquire 内で owners を経由せず retired に入れ、別途 LockRetire (latch 取得) を呼ばない。,Bamboo (Wound-Wait 2PL),§3.5 は abort が増えない理由のみ述べ、別証明は無い (§3.6 の一般証明に従う),False,extra latch のcost は 120 core・高 contention で全実行時間の 0.8% 以内。copy cost は 0.1% 未満 (§3.5 の記述。表・図なし)。この技法単体の ablation 図は読んだ範囲に無い。,,なし,なし,,,absent-prereq-mismatch,2PL の lock 表 (owners / waiters / retired)・Wound-Wait・未 commit 値の読み (dirty read) が前提。Silo は lock 表も read lock も持たず、未 commit 値を読ませる経路が無い。read の local copy と retired リストへの直接登録が要る,n/a,not-observable:未 commit 版の読み (dirty read) と連鎖 abort の漏れ (G1a) は commit した取引だけの trace に現れない,単体 ablation は無い (§3.5 の cost 記述のみ)。,§3 (3.1-3.6)、§4.1-4.2、§5.1-5.4 (5.4 は YCSB 部分)、§5.5 の冒頭部
bamboo-opt2-skip-retire-tail-writes,D-contention,Optimization 2: No retire when there is no benefit (最後の delta 割合の write を retire しない),optimization,Releasing Locks As Early As You Can: Reducing Contention of Hotspots by Violating Two-Phase Locking (Extended Version),SIGMOD 2021,2021,arXiv:2103.09906v1; DOI 10.1145/3448016.3457294,"§3.5 Optimization 2, §5.1 (delta の選定), §5.3 Fig. 4-5",transaction 内の access 位置 (何番目の access か)。commit_semaphore の待ち時間計測,none,retire の bookkeeping (latch・list 操作) と連鎖 abort の可能性を、利得が無い末尾 write で避ける。3 分類のどれにも当たらない,transaction の最後の delta (0 ≤ delta ≤ 1) の割合の write は retire しない。末尾の hotspot は長い blocking を起こさないので retire に利得が無い。ただし commit_semaphore の待ちが全実行時間の delta を超えたら、それら末尾 write も retire する。,write access の通し番号が末尾 delta 割合に入るなら LockRetire を省く。commit_semaphore 待ち時間を監視し、超過したら末尾 write の retire を再開する。論文は delta = 0.15 を全 workload に採用した (§5.1)。,Bamboo (Wound-Wait 2PL),retire は任意呼び出し (§3.2.2) なので正しさへの影響は無いと読める。個別の証明は無い,False,2 つ目の hotspot が transaction 末尾にあり 1 つ目の hotspot が先頭付近の workload で、BAMBOO-base (この最適化無し) が bookkeeping overhead で不利になるのを避ける (§5.3 の「Fix One Hotspot at the End」、Fig. 4-5)。,delta を大きくすると低 contention で overhead が下がるが、高 contention では lock 待ちが増え 13% 未満の低下 (§5.1 の記述、微小 benchmark。図番号なし)。,なし,なし,,,absent-prereq-mismatch,2PL の lock 表 (owners / waiters / retired)・Wound-Wait・未 commit 値の読み (dirty read) が前提。Silo は lock 表も read lock も持たず、未 commit 値を読ませる経路が無い。retire する write を取引内の位置で選ぶ,n/a,not-observable:未 commit 版の読み (dirty read) と連鎖 abort の漏れ (G1a) は commit した取引だけの trace に現れない,根拠は Fig. 4-5 (hotspot を末尾に固定)。YCSB では hotspot の位置を固定できない。,§3 (3.1-3.6)、§4.1-4.2、§5.1-5.4 (5.4 は YCSB 部分)、§5.5 の冒頭部
bamboo-opt3-no-raw-abort,D-contention,Optimization 3: Eliminate aborts due to read-after-write conflicts,optimization,Releasing Locks As Early As You Can: Reducing Contention of Hotspots by Violating Two-Phase Locking (Extended Version),SIGMOD 2021,2021,arXiv:2103.09906v1; DOI 10.1145/3448016.3457294,§3.5 Optimization 3,read と write の local copy (tuple ごとに未 commit の版が複数存在しうること),none,共有 lock 取得時の不要な abort の除去。3 分類のどれにも当たらない (版が複数あるので version-lifetime に近いが、効果は abort 削減),基本 Bamboo は共有 lock 取得時に retired と owners にある低優先度 transaction の write を全て abort する。local copy があるため、新しい read は他 transaction の local copy を読めば abort を起こさずに済む。,read 要求時に、abort 通知を出さず、順序上直前の未 commit 版 (local copy) を読む。read-modify-write over dirty data と、1 tuple 上の複数の未 commit 更新を許す。,Bamboo (Wound-Wait 2PL),個別の証明は無い。§3.5 は「既存 2PL には適用しにくい (未 commit を読めず版が 1 つだから)」と述べる,False,5% の長い read-only transaction (1000 tuples) と 95% の read-write を混ぜた YCSB で、read-only が write を block せず連鎖 abort も起こさないことに寄与し、Wound-Wait 比最大 5x (Fig. 7a。この最適化単体の ablation ではない)。,,なし,なし,,,absent-prereq-mismatch,1 tuple 上の複数の未 commit 版 (local copy) と dirty read が要り、Silo の単版と合わない。Bamboo の lock 表も前提,n/a,not-observable:未 commit 版の読み (dirty read) と連鎖 abort の漏れ (G1a) は commit した取引だけの trace に現れない,根拠は Fig. 7a (5% の長い read-only 取引の混合、単体 ablation ではない)。CCBench Silo の ronly_ratio と max_ope で混合自体は作れる。,§3 (3.1-3.6)、§4.1-4.2、§5.1-5.4 (5.4 は YCSB 部分)、§5.5 の冒頭部
bamboo-opt4-dynamic-timestamp,D-contention,Optimization 4: Assign timestamps to a transaction on its first conflict,optimization,Releasing Locks As Early As You Can: Reducing Contention of Hotspots by Violating Two-Phase Locking (Extended Version),SIGMOD 2021,2021,arXiv:2103.09906v1; DOI 10.1145/3448016.3457294,"§3.5 Optimization 4, Algorithm 3",transaction ごとの timestamp 領域 (UNASSIGNED 値)、global_ts counter、CAS,none,conflict の無い transaction は timestamp を取らず、global counter を叩かない。abort を最初の conflict まで先送りする。3 分類のどれにも当たらない (推測: global counter の競合削減は cpu-cache 寄りの副次効果),transaction は開始時に timestamp を持たず、最初の conflict で retired / owners / waiters にいる全 transaction と要求元の timestamp を CAS で割り当てる。,LockAcquire の冒頭に Algorithm 3 の 5 行を足す。conflict があれば 3 リストの全 txn に set_ts_if_unassigned を適用し、最後に自分に割り当てる。割当は compare_and_swap 1 回。,Bamboo (Wound-Wait 2PL),個別の証明は無い (既存手法の適用と述べる),False,この技法単体の ablation は読んだ範囲に無い。,Bamboo 以外の 2PL 系は cascading abort が無いため、この最適化から得る利得は小さい (§5.1 の記述。図・表なし)。,なし,なし,,,absent-prereq-mismatch,Wound-Wait の timestamp と lock 表の 3 リストが前提。Silo は取引 timestamp で優先を決めない,n/a,not-observable:未 commit 版の読み (dirty read) と連鎖 abort の漏れ (G1a) は commit した取引だけの trace に現れない,単体評価は無い。Bamboo 以外の 2PL 系では利得が小さいと §5.1 が述べる。,§3 (3.1-3.6)、§4.1-4.2、§5.1-5.4 (5.4 は YCSB 部分)、§5.5 の冒頭部
rr-passive-retire,D-contention,Passive Retire (retire を待ち側の要求で起動する),protocol-core,Rebirth-Retire: A Concurrency Control Protocol Adaptable to Different Levels of Contention,PVLDB 18(9): 3162-3174,2025,DOI 10.14778/3746405.3746435,"§3.1.1, §3.2.2 (PromoteWaiters), Algorithm 1 (LockRetire 削除), Algorithm 3",Wound-Retire (Bamboo) の retired リスト。tuple version ごとの ready flag (書込み完了の印),none,Bamboo の retire 操作 (latch・list 移動) のうち、待ち手が居ない場合の無駄を省く。lock 待ちを増やさず overhead を減らす。3 分類のどれにも当たらない,lock 保持者は自分で retire せず、その lock を待つ transaction が PromoteWaiters の中で保持者を retired に移す。待ち手が居なければ保持者は commit まで lock を持つので retire の cost が発生しない。EX の場合は保持者の書込み完了 (version.ready) を待ってから retire する。,lock 取得段の PromoteWaiters で、owner と conflict する waiter が現れたとき (EX なら version.ready を待って) owner を retired に移し、その後 waiter を owners に昇格する。transaction 側の LockRetire 呼び出しは削除。,Wound-Retire (Bamboo) を拡張、DBx1000 上,serializable。§3.3 で Bamboo の commit point 順序の証明に倣い Theorem 1,False,YCSB の低・中 contention で active retire 比の throughput が 10% と 36% 高い (§5.3、Fig. 3)。retire の時間割合は低 contention で Wound-Active Retire 3.58% に対し Wound-Passive Retire 0.09% (Table 4)。高 contention でも active retire より throughput が高く abort rate が低い (§5.3、Fig. 3)。,読んだ範囲では悪化する条件の記述は無い (「どの scenario でも上回る」と §5.3 が述べる)。,なし,なし,,,absent-prereq-mismatch,Wound-Retire (Bamboo) の lock 表と retired リスト、dirty read が前提で、Silo の単版 OCC と合わない,n/a,not-observable:未 commit 版の読み (dirty read) と連鎖 abort の漏れ (G1a) は commit した取引だけの trace に現れない,YCSB 低・中 contention で active retire 比 +10%・+36% (Fig. 3、Table 4)。Silo へ入らないので段 A の候補にならない。,§1、§2.1-2.3、§3 (3.1-3.3)、§4 (O1-O4)、§5.1-5.5 (Table 1-4、Fig. 2-9 の本文記述)、§6-7
rr-rebirth,D-contention,Rebirth (older が younger を abort せず自分に大きい timestamp を振り直す),protocol-core,Rebirth-Retire: A Concurrency Control Protocol Adaptable to Different Levels of Contention,PVLDB 18(9): 3162-3174,2025,DOI 10.14778/3746405.3746435,"§2.3, §3.1.2, §3.2.2 (TxnRebirth), Algorithm 2 lines 9-13, Algorithm 4",transaction ごとの parents / children リスト (実際の依存関係)。timestamp を後から変更できること。topological sort (Kahn 法),none,Wound-Wait 系の 'older kills younger' が起こす不要な abort を、deadlock が確定する場合のみに限る。3 分類のどれにも当たらない,older が younger の保持する lock に conflict したとき、まず自分と自分の子孫 (自分に依存する全 txn) を topological sort する。younger が sort 結果に含まれる (= 振り直すと deadlock になる) 場合のみその younger を abort し、それ以外は sort 済みの txn に大きい timestamp を順に振る。,lock 取得段: conflict を検出したら 1 回だけ TxnRebirth を実行し、timestamp が変わらなければ deadlock と判断して younger を wound する。timestamp は system 最大値 + 1 を順に付与 (Largest 戦略。O3 で変更可)。,Wound-Retire (Bamboo) を拡張,serializable。§3.3 で Theorem 1 (deadlock 回避の議論は本文 §3.1.2),False,YCSB 中 contention で Rebirth-Active Retire は Wound-Active Retire 比 throughput +49%、abort rate -84%。高 contention で約 1.90x (§5.3、Fig. 3)。passive retire と併用して Wound-Retire 比 2.9x、abort rate -53% (§5.3)。topological sort の時間割合は高 contention でも Table 4 の Rebirth 1.88-2.38%、Sort 1.62-2.64% に収まる。,低 contention では差は僅か (Rebirth-Active Retire が「やや高い」と §5.3 が述べる)。read_ratio = 1 (conflict 無し) では OCC 系 (Silo、TicToc) が上回る (§5.4、Fig. 6)。,なし,なし,,,absent-prereq-mismatch,Wound-Retire (Bamboo) の lock 表と retired リスト、dirty read が前提で、Silo の単版 OCC と合わない。取引ごとの parents / children リストと timestamp の振り直しも要る,n/a,not-observable:未 commit 版の読み (dirty read) と連鎖 abort の漏れ (G1a) は commit した取引だけの trace に現れない,YCSB 中・高 contention で効く (Fig. 3、Table 4)。read_ratio = 1 では Silo・TicToc が上回る (Fig. 6)。,§1、§2.1-2.3、§3 (3.1-3.3)、§4 (O1-O4)、§5.1-5.5 (Table 1-4、Fig. 2-9 の本文記述)、§6-7
rr-parents-children-dependency-lists,D-contention,commit_semaphore を parents / children の依存リストに置き換える,optimization,Rebirth-Retire: A Concurrency Control Protocol Adaptable to Different Levels of Contention,PVLDB 18(9): 3162-3174,2025,DOI 10.14778/3746405.3746435,"§3.2.1, Algorithm 1 lines 4-5, Algorithm 3 lines 12-16",transaction ごとの parents リスト (自分が更新) と children リスト (複数 thread が更新)。tuple version ごとの ready flag,none,依存の個数でなく実際の依存関係を保持し、Rebirth の deadlock 判定 (topological sort) の入力とする。3 分類のどれにも当たらない,counter は「依存の数」しか持たず deadlock 検出に使えないので、依存先 (parents) と依存元 (children) を保持する。commit 時は parents の全てが終了したかを自分で確認するため、終了側から通知を送る必要が無い。,PromoteWaiters: owners に昇格する txn は retired 内の最後の conflict txn との依存のみ登録する。commit 前: parents が全て terminate するまで pause。abort 時: children を連鎖 abort。,Wound-Retire (Bamboo),serializable (§3.3、Lemma 1 は parents の terminate 後の commit を用いる),False,この技法単体の ablation は無い (O1 の latch-free 化が Table 3 で評価される)。,counter より更新 cost が高いと §3.2.1 が述べる (数値なし)。,なし,なし,,,absent-prereq-mismatch,Wound-Retire (Bamboo) の lock 表と retired リスト、dirty read が前提で、Silo の単版 OCC と合わない。依存リストは retired リストの順序から作る,n/a,not-observable:未 commit 版の読み (dirty read) と連鎖 abort の漏れ (G1a) は commit した取引だけの trace に現れない,単体 ablation は無い。,§1、§2.1-2.3、§3 (3.1-3.3)、§4 (O1-O4)、§5.1-5.5 (Table 1-4、Fig. 2-9 の本文記述)、§6-7
rr-o1-latch-free-dependency-tracking,D-contention,O1: Latch-free Dependency Tracking (children を 8 byte atomic word の bit で持つ),optimization,Rebirth-Retire: A Concurrency Control Protocol Adaptable to Different Levels of Contention,PVLDB 18(9): 3162-3174,2025,DOI 10.14778/3746405.3746435,"§4.1, Table 3",worker thread ごとの固有 bit (thread ID mod 64)、transaction manager が各 worker の実行中 txn object を保持,cpu-cache,children リストの latch と TBB 並行 list を、8 byte の atomic 1 語への atomic bit 設定に替え、更新 cost を下げる (共有 cache line への書込みが 1 語になる。cache 効果は論文が明言せず、推測),children への追加を、worker thread に割り当てた bit を atomic 命令で 1 にする操作にする。topological sort の際、bit が立った worker の txn の parents に自分が含まれるか確認し、含まれなければ bit を 0 に戻す。thread ID mod 64 で bit が重なる worker は全て確認する。,依存登録段: atomic 1 語への bit set。topological sort 段: bit の立った worker を走査し依存が解消済みなら clear。,Rebirth-Retire,重なった bit は余分な確認を要するだけで正しさには影響しないと §4.1 が述べる,False,YCSB (Table 2 の低/中/高 contention) の throughput 改善は +1.27% / +3.70% / +8.22% (Table 3、§5.2)。,低 contention では改善が小さい (Table 3: +1.27%)。,なし,なし,,,absent-prereq-mismatch,Wound-Retire (Bamboo) の lock 表と retired リスト、dirty read が前提で、Silo の単版 OCC と合わない。children の bit 表現は Rebirth-Retire の依存追跡の最適化,n/a,not-observable:未 commit 版の読み (dirty read) と連鎖 abort の漏れ (G1a) は commit した取引だけの trace に現れない,YCSB 低/中/高 contention で +1.27% / +3.70% / +8.22% (Table 3)。,§1、§2.1-2.3、§3 (3.1-3.3)、§4 (O1-O4)、§5.1-5.5 (Table 1-4、Fig. 2-9 の本文記述)、§6-7
rr-o2-optimistic-read-descendant,D-contention,O2: Optimistic Read Descendant (子孫 txn object を lock せず Version で楽観読みする),optimization,Rebirth-Retire: A Concurrency Control Protocol Adaptable to Different Levels of Contention,PVLDB 18(9): 3162-3174,2025,DOI 10.14778/3746405.3746435,"§4.2, Table 3",transaction object ごとの Version counter,none,Rebirth の timestamp 振り直しで子孫 txn を lock する時間を短縮し、他 txn の rebirth の遅延を減らす。3 分類のどれにも当たらない,topological sort 中は子孫 txn object の Version を記録するだけで lock せず、timestamp 付与時に Version が変わっていなければ更新する。変わっていれば sort をやり直す。lock は timestamp と Version の更新時だけにする。,Rebirth 段: sort 時に Version を記録 → 付与時に lock して Version を比較 → 一致なら更新、不一致なら再 sort。,Rebirth-Retire,個別の証明は無い (楽観読みの一般手法に依拠),False,YCSB の throughput 改善は +0.79% / +1.89% / +4.16% (低/中/高 contention。Table 3、§5.2)。,低 contention では改善が小さい (Table 3: +0.79%)。,なし,なし,,,absent-prereq-mismatch,Wound-Retire (Bamboo) の lock 表と retired リスト、dirty read が前提で、Silo の単版 OCC と合わない。子孫の topological sort (Rebirth) が前提,n/a,not-observable:未 commit 版の読み (dirty read) と連鎖 abort の漏れ (G1a) は commit した取引だけの trace に現れない,YCSB で +0.79% / +1.89% / +4.16% (Table 3)。,§1、§2.1-2.3、§3 (3.1-3.3)、§4 (O1-O4)、§5.1-5.5 (Table 1-4、Fig. 2-9 の本文記述)、§6-7
rr-o3-assign-larger-timestamps,D-contention,O3: Assign Larger Timestamps (Largest でなく Larger 戦略、hybrid timestamp),optimization,Rebirth-Retire: A Concurrency Control Protocol Adaptable to Different Levels of Contention,PVLDB 18(9): 3162-3174,2025,DOI 10.14778/3746405.3746435,"§4.3, Table 3",timestamp に worker thread ID を含む hybrid timestamp。lock を保持し conflict する txn の timestamp の最大値,none,Rebirth で振る timestamp を system の最大値でなく conflict 相手の最大値より少し大きい値にし、timestamp 割当の集中 (global counter) とそれに伴う tail latency を避ける。3 分類のどれにも当たらない,"Largest 戦略 (現在の system 最大 timestamp を順に付与) は最低優先度になるが、timestamp 割当の bottleneck と tail latency を招きうる。Larger 戦略は、保持者のうち conflict する最大 timestamp が t なら t+1, t+2, ... を順に付与する。同一 timestamp の重複は worker thread ID を含む hybrid timestamp で防ぐ。",Rebirth 段の timestamp 付与を差し替える。,Rebirth-Retire,個別の証明は無い,False,YCSB の throughput 改善は +0.68% / +3.54% / +7.57% (Table 3、§5.2)。,低 contention では改善が小さい (Table 3: +0.68%)。,なし,なし,,,absent-prereq-mismatch,Wound-Retire (Bamboo) の lock 表と retired リスト、dirty read が前提で、Silo の単版 OCC と合わない。Rebirth の timestamp 付与の差し替え,n/a,not-observable:未 commit 版の読み (dirty read) と連鎖 abort の漏れ (G1a) は commit した取引だけの trace に現れない,YCSB で +0.68% / +3.54% / +7.57% (Table 3)。,§1、§2.1-2.3、§3 (3.1-3.3)、§4 (O1-O4)、§5.1-5.5 (Table 1-4、Fig. 2-9 の本文記述)、§6-7
rr-o4-version-prefetching,D-contention,O4: Version Prefetching (version chain に jump pointer を持たせ software prefetch),optimization,Rebirth-Retire: A Concurrency Control Protocol Adaptable to Different Levels of Contention,PVLDB 18(9): 3162-3174,2025,DOI 10.14778/3746405.3746435,"§4.4, Table 3",tuple version ごとの jump pointer field。heap 上の version chain (timestamp で読む版を選ぶ multi-version),cpu-cache,長い version chain の走査で起きる cache miss を software prefetch (__mm_prefetch 等) で減らす,hotspot への同時更新で version chain が長くなると、heap に散った版の走査で cache miss が多発する。各版に「次に prefetch すべき版」を指す jump pointer を持たせ、prefetch 命令を発行して走査中の miss を隠す。,read 段: 読む版を chain から探す際に jump pointer 先を prefetch する。,Rebirth-Retire (multi-version),性能最適化のみ。個別の議論は無い,False,YCSB の throughput 改善は +0.08% / +0.54% / +2.06% (Table 3、§5.2)。長い read-only transaction の 5x (Fig. 7、Wound-Retire 比) を「version 走査の memory latency を隠す最適化」に帰する記述が §5.4 にある (単体 ablation ではない)。,§5.2 は「O4 は改善が限定的」と述べる (Table 3: 最大でも +2.06%)。,なし,なし,,,absent-prereq-mismatch,版の連結リスト (多版) が前提。Silo の tuple は TID word と値だけで版の chain が無い,n/a,conditional:多版の読んだ版の ID を trace に記録する差し込み点を合わせれば (prefetch 自体は正しさに関与しない),YCSB で最大 +2.06% (Table 3)。Silo に版の chain が無いので対象が無い。,§1、§2.1-2.3、§3 (3.1-3.3)、§4 (O1-O4)、§5.1-5.5 (Table 1-4、Fig. 2-9 の本文記述)、§6-7
polaris-priority-reservation,D-contention,Priority reservation in the tuple TID word (SILO_PRIO),protocol-core,Polaris: Enabling Transaction Priority in Optimistic Concurrency Control,"SIGMOD 2023 (PACMMOD 1(1), Article 44)",2023,"DOI 10.1145/3588724 (本文 PDF は未取得。source: 原典 repo github.com/chenhao-ye/polaris (main) の README.md と concurrency_control/row_silo_prio.{h,cpp}。読んだのは fork github.com/ssya23/polaris の同じ 3 file で、2026-09-29T01:14Z に原典 repo の 3 file と SHA-256 が一致することを親が確かめた)",row_silo_prio.h TID_prio_t (l.14-100)、Row_silo_prio::access (row_silo_prio.cpp l.14-50)、lock/try_lock (row_silo_prio.h l.143-170)。source から取り、論文本文からではない,tuple ごとの 64 bit TID word に latch 1 bit、prio_ver、prio (16 段階)、ref_cnt、data_ver を詰める。transaction ごとの priority,none,優先度の高い transaction が commit しやすくなるよう、read の時点で tuple に予約 (priority と参照数) を書き込む。tail latency と abort の配分を変える機構で、3 分類に当たらない,read / write の access 時に、自分の優先度が tuple の現在の priority 以上なら priority を更新し ref_cnt を増やして予約する。書込みは自分より高い priority の予約があれば abort し、write lock 取得 (lock / try_lock) も高い priority の予約があれば LOCK_ERR_PRIO で失敗する。reader は終了時に予約を解放し、ref_cnt が 0 になれば priority を 0 に戻し prio_ver を進める。,read 段: access で TID word を読み、write で高優先の予約があれば Abort、そうでなければ acquire_prio し CAS で予約 (reservation の書込みが read 経路に入る)。validation 段: lock 取得は priority 判定つき、data_ver 比較は Silo と同じ。commit 後・abort 後: writer_release_commit / writer_release_abort で priority を 0 に戻し prio_ver を進める。,Silo (DBx1000 と DBx1000-Bamboo の上で実装),source からは判定できない (論文本文を読んでいない)。README は Silo に基づくとだけ述べる,False,論文本文を読んでいないため、数値を書かない。(検索ツールが返した要約は「高優先度 transaction の p999 tail latency を低優先度より大幅に下げる」と述べるが、原典で確認していない),論文本文を読んでいないため不明 (null 相当)。,なし,なし,,,absent-silo-feasible,TID word に prio・ref_cnt を置く空き bit が要る (Silo の 64 bit は lock・latest・absent・tid・epoch で埋まるので、tid か epoch の bit を削るか別の語を足す)。read の経路で予約の CAS を書くことが要る (Silo の read は共有メモリに書かない) と、取引ごとの priority も要る,extend:tuple メタデータ (TID word に priority 予約) と read の経路を開き、方策の出力に取引 priority を足す,conditional:TID word を詰め直した後も trace が記録する版 ID が commit TID と対応し続けること (予約は abort 条件を足すだけ),主目的は高優先度取引の tail latency で、YCSB に priority の概念が無いため abort 回数で priority を上げる方策 (polaris-abort-aware-priority-increment) と組にしないと効く workload を作れない。論文本文は未読で表・図番号は無い。,README.md、concurrency_control/row_silo_prio.h (217 行)、concurrency_control/row_silo_prio.cpp (55 行) (原典 repo chenhao-ye/polaris と SHA-256 一致)。論文本文は取得できず読んでいない
polaris-no-reserve-lowest-prio,D-contention,Lowest-priority optimization (SILO_PRIO_NO_RESERVE_LOWEST_PRIO),optimization,Polaris: Enabling Transaction Priority in Optimistic Concurrency Control,"SIGMOD 2023 (PACMMOD 1(1), Article 44)",2023,"DOI 10.1145/3588724 (本文 PDF は未取得。source: 原典 repo github.com/chenhao-ye/polaris (main) の README.md と concurrency_control/row_silo_prio.{h,cpp}。読んだのは fork github.com/ssya23/polaris の同じ 3 file で、2026-09-29T01:14Z に原典 repo の 3 file と SHA-256 が一致することを親が確かめた)",row_silo_prio.h acquire_prio (l.73-88)、README の build parameter 欄。source から取り、論文本文からではない,Polaris の priority 予約 (TID word の prio / ref_cnt),cpu-cache,推測: 最低優先度 (0) の transaction が tuple の TID word へ予約 (ref_cnt の CAS 書込み) をしなくて済むので、read 経路の共有 cache line への書込みが減る。source の comment は「予約する必要が無い」とだけ述べる,自分が最低優先度 (prio == 0) で、tuple の現在の priority も 0 のとき、acquire_prio は false を返し予約 (ref_cnt の増加) をしない。最低優先度は他の誰も abort させないので予約が要らない。,read 段: is_reserved が false なら CAS を発行せず、TID word を再読して一致を確認するだけで抜ける (row_silo_prio.cpp l.40-44)。,Polaris (Silo),source からは判定できない,False,README は「常に true にすること (この最適化の利得を測る場合を除く)」と述べる。論文本文を読んでおらず数値は無い。,,なし,なし,,,absent-silo-feasible,polaris-priority-reservation (TID word の priority 予約) が入っていることが前提。予約を省く判定自体は取引の priority と tuple の priority の比較だけ,extend:tuple メタデータ (TID word に priority 予約) と read の経路を開く,conditional:TID word を詰め直した後も trace が記録する版 ID が commit TID と対応し続けること (予約は abort 条件を足すだけ),最低優先度の read で予約 CAS を省き read 経路の cost を下げる最適化。論文本文は未読で数値は無い (README は常に有効化を推奨)。,README.md、concurrency_control/row_silo_prio.h (217 行)、concurrency_control/row_silo_prio.cpp (55 行) (原典 repo chenhao-ye/polaris と SHA-256 一致)。論文本文は取得できず読んでいない
polaris-abort-aware-priority-increment,D-contention,Abort-aware priority assignment (abort 回数に応じた priority の引き上げ),optimization,Polaris: Enabling Transaction Priority in Optimistic Concurrency Control,"SIGMOD 2023 (PACMMOD 1(1), Article 44)",2023,"DOI 10.1145/3588724 (本文 PDF は未取得。source: 原典 repo github.com/chenhao-ye/polaris (main) の README.md と concurrency_control/row_silo_prio.{h,cpp}。読んだのは fork github.com/ssya23/polaris の同じ 3 file で、2026-09-29T01:14Z に原典 repo の 3 file と SHA-256 が一致することを親が確かめた)",README の build parameter 欄 (SILO_PRIO_FIXED_PRIO、SILO_PRIO_ABORT_THRESHOLD_BEFORE_INC_PRIO、SILO_PRIO_INC_PRIO_AFTER_NUM_ABORT)。source から取り、論文本文からではない。方策の実装 (txn 側) は読んでいない,transaction ごとの abort counter と priority。Polaris の priority 予約,none,退避 (backoff) ではなく再試行時の優先度を上げる方策。abort を重ねた transaction が勝ちやすくなる。3 分類のどれにも厳密には当たらない,SILO_PRIO_FIXED_PRIO が false のとき、transaction の abort 回数が閾値に達するまで priority を上げず、閾値後は指定回数の abort ごとに priority を 1 段上げる。,abort 後 (再試行の開始時): abort counter に応じて priority を更新。実装の所在は本調査で読んでいない。,Polaris (Silo),source からは判定できない,False,論文本文を読んでいないため数値を書かない (検索ツールの要約は abort-aware 方策で throughput と tail latency の改善を述べるが、原典で未確認)。,,なし,なし,,,absent-silo-feasible,priority 予約 (polaris-priority-reservation) が前提。abort 回数の数え上げ自体は v1 の worker ごとの持続状態 (abort hook で加算、commit hook で reset) で書ける,extend:方策の出力に取引 priority を足す (priority 予約の tuple メタデータも要る),conditional:TID word を詰め直した後も trace が記録する版 ID が commit TID と対応し続けること (予約は abort 条件を足すだけ),zipf 0.99・rmw・高 thread で連続 abort が出る条件が対象の見込み。論文本文は未読で表・図番号は無い。,README.md、concurrency_control/row_silo_prio.h (217 行)、concurrency_control/row_silo_prio.cpp (55 行) (原典 repo chenhao-ye/polaris と SHA-256 一致)。論文本文は取得できず読んでいない
plor-optimistic-reading,D-contention,Pessimistic locking and optimistic reading (read-write conflict を read 段で無視し private buffer に書く),protocol-core,"Plor: General Transactions with Predictable, Low Tail Latency",SIGMOD 2022,2022,DOI 10.1145/3514221.3517879,§3 (Key insight)、§4.1.1-4.1.3、Fig. 2c、Fig. 3-5,record ごとの lock manager (現 writer w、writer 待ち行列、reader リスト)。worker ごとの private write buffer。worker ごとの 64 bit ctx (wid、47 bit ts、status),delay-on-conflict,read が write lock を無視して block されないので read 段の待ちが減る。conflict の解決は commit 段まで遅らせる,read lock 要求は現 writer を無視して reader リストに入る。書込みは private buffer に貯めるので、reader が未 commit や不完全な値を読むことは無い。commit 段で write lock を EX に upgrade し、reader を走査して、自分より timestamp が大きい reader を kill し小さい reader の解放を待つ (Wound-Wait)。,read 段: LockRd は reader リストへ挿入するだけ。書込みは buffer。commit 段: (1) write-set の lock を EX 化して reader を走査し kill / 待ち、(2) read lock を解放、(3) buffer を DB へ書き lock を解放。,Wound-Wait 2PL と OCC の混成 (自前 DBx1000 系の実装),conflict serializable。§4.3 で 2PL の証明に倣い induction (Theorem 1),False,YCSB-A (theta = 0.99、stored-procedure) で 2PL 系より peak throughput が 25%-42% 高く Silo に 9%、TicToc に 19% 及ばない (§6.2.1、Fig. 6)。YCSB-B' (theta = 0.8、read 中心) で read-write conflict 検出を避けることが throughput を 35% 押し上げる (§6.4、Fig. 11a)。,median 等の非 tail の latency は悪化する (§3 Limitations)。stored-procedure mode の YCSB-A で peak throughput は Silo に 9%、TicToc に 19% 及ばない (§6.2.1、Fig. 6)。,一部,一部,cc/silo/transaction.cc:195 read (lock を取らず TID 照合で読む) ; cc/silo/transaction.cc:145 lockWriteSet (write は commit 段で施錠),OCC の read は writer を無視して読み commit 時に検査する点は近い。Plor は read lock 要求を reader リストへ登録し commit 段で writer が timestamp の大きい reader を wound する。CCBench の OCC 系には reader 登録も wound も無い。,absent-prereq-mismatch,record ごとの reader リスト (read lock の表) と Wound-Wait の kill が前提。Silo は read lock を持たない。writer を無視して読み commit 時に検査する部分は Silo の read (cc/silo/transaction.cc read) に既にある,n/a,observable (書込みは private buffer に貯めるので未 commit 値は読まれない),YCSB-A theta 0.99 で Silo に 9%、TicToc に 19% 劣る (Fig. 6)。主眼は 999p tail latency で throughput の候補ではない。,§1 (Limitations を含む)、§2.3 の要点、§3 (Plor の要点)、§4.1-4.2、§4.3 の冒頭 (証明は要旨のみ)、§6.2.1-6.2.2、§6.4 (Factor Analysis)
plor-delayed-conflict-detection,D-contention,Delayed conflict detection with Wound-Wait timestamps (commit 段で timestamp 順に commit させる),protocol-core,"Plor: General Transactions with Predictable, Low Tail Latency",SIGMOD 2022,2022,DOI 10.1145/3514221.3517879,§3、§4.1.3 (Commit Phase)、§4.1.3 Liveness,read 段で取得した lock に載る timestamp (abort 後も元の timestamp で再実行)。ctx の status と ts を同じ 64 bit 語に置くこと,none,古い transaction が必ず先に commit できるようにして tail latency を予測可能にする。abort の配分を変える機構で、3 分類に当たらない,conflict の検出と解決を commit 段へ遅らせ、lock に残した timestamp で Wound-Wait を行う。abort した transaction は元の timestamp のまま再実行され、やがて最古になって commit する (starvation-free)。,commit 段で、writer 側が younger reader を kill し older reader を待つ。read 段で kill された transaction は PollOnce で自分の status を確認し自ら abort する。,Wound-Wait 2PL,§4.1.3 Liveness が「最古の txn は他に block も abort もされない」ため commit できると述べる。serializability は §4.3,False,tail latency (999p) の低減が主目的。Fig. 6 (YCSB-A) の 999p 対 throughput 曲線で確認 (§6.2.1)。数値は読んだ範囲で図から取れず記載しない。,stored-procedure mode では commit 段へ揃うので abort が増えうる (DWA 併用時、§6.4)。,なし,なし,,,absent-prereq-mismatch,record ごとの reader リスト (read lock の表) と Wound-Wait の kill が前提。Silo は read lock を持たない。lock に載る timestamp で commit 段に Wound-Wait を行う,n/a,observable (commit 順に直列化する 2PL 系で未 commit 値を読まない),主目的は 999p tail latency (Fig. 6)。throughput の数値は図から取れない。,§1 (Limitations を含む)、§2.3 の要点、§3 (Plor の要点)、§4.1-4.2、§4.3 の冒頭 (証明は要旨のみ)、§6.2.1-6.2.2、§6.4 (Factor Analysis)
plor-latch-free-locker,D-contention,Latch-free locker (reader リストを 8 byte word の bit で持つ),optimization,"Plor: General Transactions with Predictable, Low Tail Latency",SIGMOD 2022,2022,DOI 10.1145/3514221.3517879,§4.2、Fig. 4、§6.4 Fig. 11b / Fig. 12,worker ごとに 1 bit を割り当てた 8 byte atomic word (最大 63 worker、末尾 bit は excl_sig)。write lock 用の atomic word w,cpu-cache,lock 取得と conflict 検出を別段に分けたため、lock 状態の更新を latch 無しの atomic 命令で行える。共有 lock 状態への更新の cost を下げる (cache 効果は論文が明言せず、推測),reader 追加は fetch_and_add で自分の bit を立て、excl_sig が立っていれば bit を戻して待つ。writer は CAS で w を取る。lock 取得と conflict 検出が別の段にあるため、各段の原子性だけで足りる。,read 段: bit set と excl_sig 確認。commit 段: reader word の excl_sig を立て、それ以前の reader を走査。,Plor,§4.2 が atomic 性の要件と不整合な場合の処理 (waiter が w と自分の timestamp を繰り返し比較して owner を kill) を述べる,False,YCSB-A で Baseline Plor 比 throughput +25%、locking overhead が 4.4% から 0.1% 未満 (§6.4、Fig. 11b、Fig. 12)。,中 contention の YCSB-B' では改善が限られる (§6.4、Fig. 11a)。63 worker を超えると lock-free queue が必要 (§4.2)。,なし,なし,,,absent-prereq-mismatch,record ごとの reader リスト (read lock の表) と Wound-Wait の kill が前提。Silo は read lock を持たない。reader bitmap は read lock の実装で、worker 数 63 が上限,n/a,observable (lock 実装の差し替えで読み書きの記録は変わらない),YCSB-A で Baseline Plor 比 +25% (Fig. 11b、Fig. 12)。Silo に read lock が無いので対象が無い。,§1 (Limitations を含む)、§2.3 の要点、§3 (Plor の要点)、§4.1-4.2、§4.3 の冒頭 (証明は要旨のみ)、§6.2.1-6.2.2、§6.4 (Factor Analysis)
plor-delayed-write-lock-acquisition,D-contention,Delayed write-lock acquisition (DWA: write lock を commit 段まで遅らせる),optimization,"Plor: General Transactions with Predictable, Low Tail Latency",SIGMOD 2022,2022,DOI 10.1145/3514221.3517879,§3 (Fig. 2c の T3、T4)、§4.1.4、§6.2.2、§6.4,blind write と read-modify-write の区別。commit 段で得られる完全な write-set,delay-on-conflict,write-write conflict による read 段の block を無くす。write-set が揃うので global order で lock を取り deadlock も避けられる。代わりに conflict は commit 段に集まる,blind write は write lock を commit 段で取り、read-modify-write は read 段の shared lock を commit 段で EX に upgrade する。read 段は lock による block が無く OCC と同様になる。,read 段: write の lock 取得を省く。commit 段: write-set を sort し global order で lock を取り、その後 conflict 検出。,Plor,§4.3.1 が DWA の有無の両方を前提に証明を組むと述べる (証明本文は未読),False,interactive mode の YCSB-A で Plor に対し throughput がさらに 2x (§6.2.2、Fig. 8a)。TPC-C 1 warehouse では Silo と同じ peak で、999p latency は 4x 低い (§6.2.2、Fig. 8b)。,stored-procedure mode では write-write conflict 割合は 63% から 29% (36 thread) に下がるが、peak throughput は +LF Locker よりやや低く thread 増で collapse、abort ratio が大幅に高い (§6.4、Fig. 11b、Fig. 12b)。本文はこの mode で既定を無効にしたと述べる (§6.2)。,一部,あり,cc/silo/transaction.cc:145 lockWriteSet (write lock を commit 段で取得) ; cc/tictoc/transaction.cc:548 lockWriteSet,OCC 系 (Silo/TicToc) は write lock を commit 段まで遅らせる点が同じ。Plor は read 段で shared lock を取り commit 段で EX に upgrade するのが違いで、CCBench の OCC は read lock 自体を持たない。SS2PL は read/write とも即時取得 (cc/ss2pl/transaction.cc:172)。,ccbench-present,既にある (cc/silo/transaction.cc の lockWriteSet は write lock を commit 段で取る)。Silo は read lock を持たないので shared から EX への upgrade は該当しない。移植は不要,n/a,observable,原典の利得は interactive mode (Fig. 8a) で、CCBench の stored-procedure 型の実行には無い。,§1 (Limitations を含む)、§2.3 の要点、§3 (Plor の要点)、§4.1-4.2、§4.3 の冒頭 (証明は要旨のみ)、§6.2.1-6.2.2、§6.4 (Factor Analysis)
plor-read-only-dynamic-validation,D-contention,Read-only transaction: 最初は validation、3 回 abort したら read lock を使う,optimization,"Plor: General Transactions with Predictable, Low Tail Latency",SIGMOD 2022,2022,DOI 10.1145/3514221.3517879,§4.1.3 (Read-only transactions),Silo 型の read validation の経路と、read lock の経路の両方,none,read-only の throughput と tail latency の両立。abort が続く read-only にだけ lock を使い starvation を避ける。3 分類に当たらない,read-only transaction はまず Silo 同様に validation で実行し、複数回 (実装では 3 回) abort した後にだけ read lock を使う。MVCC で abort を無くす手もあるが version 管理の overhead があるため範囲外と述べる。,read 段: abort 回数が閾値未満なら lock 無しの validation 経路、閾値以上なら read lock 経路。,Plor / Silo,個別の議論は無い (§4.3 の全体証明に含まれるかは未確認),False,この技法単体の評価は読んだ範囲に無い。,,一部,なし,cc/mocc/transaction.cc:903 construct_RLL (abort 後は前回の read/write set を RLL にして次回を施錠つきで実行) ; cc/cicada/transaction.cc:934 read-only tx の validation 省略,Plor は read-only tx が 3 回 abort した後だけ read lock を使う。MOCC は abort 後に該当 record を悲観 lock で再実行する点が近いが、read-only 限定でも 3 回閾値でもない (record 温度 + RLL)。,ccbench-present,近い機構は MOCC にある (cc/mocc/transaction.cc の construct_RLL: abort 後に前回の read/write set を施錠つきで再実行)。read-only 限定・3 回閾値ではない。Silo へ移すには MOCC 型の read lock と read-only の判定が要る,n/a,observable,単体評価は無い。CCBench Silo には ronly_ratio flag があり read-only 取引の混合は作れる。,§1 (Limitations を含む)、§2.3 の要点、§3 (Plor の要点)、§4.1-4.2、§4.3 の冒頭 (証明は要旨のみ)、§6.2.1-6.2.2、§6.4 (Factor Analysis)
plor-atomic-ctx-word,D-contention,status と ts を同じ 64 bit 語に置き、kill を語全体の CAS で行う,optimization,"Plor: General Transactions with Predictable, Low Tail Latency",SIGMOD 2022,2022,DOI 10.1145/3514221.3517879,§4.1.3 (Liveness),worker ごとの ctx (wid 16 bit、ts 47 bit、status 1 bit) を 64 bit で構成,none,commit 済みの transaction を誤って kill して次の transaction が abort する不要な abort を防ぐ。3 分類に当たらない,commit 段に入った transaction は status を確認しなくなるため、他 txn に kill されると次の transaction が誤って abort する。status と ts を同じ語にして、kill は「元の timestamp を使い続けている場合のみ成功」する CAS とする。,kill 段: ctx 語全体を CAS で aborted へ。abort 確認段: PollOnce。,Plor,§4.1.3 が abort の誤射を防ぐと述べる,False,この技法単体の評価は読んだ範囲に無い。,,なし,なし,,,absent-prereq-mismatch,record ごとの reader リスト (read lock の表) と Wound-Wait の kill が前提。Silo は read lock を持たない。status と ts を同じ語に置くのは kill の誤射を防ぐため,n/a,observable (kill の誤射は abort を増やすだけ),単体評価は無い。,§1 (Limitations を含む)、§2.3 の要点、§3 (Plor の要点)、§4.1-4.2、§4.3 の冒頭 (証明は要旨のみ)、§6.2.1-6.2.2、§6.4 (Factor Analysis)
stov2-commit-time-updates,D-contention,Commit-time updates (CU: read-modify-write を updater 付きの blind write にする),optimization,Opportunities for Optimism in Contended Main-Memory Multicore Transactions,PVLDB 13(5): 629-642,2020,DOI 10.14778/3377369.3377373,§6.1、§6.3、Fig. 10、§7.1-7.2、Fig. 12,record 型ごとの updater (関数 object)。transaction が値を他で観測しない read-modify-write であること。MVCC では delta version と flattening、GC の対応,none,increment 等を read + write でなく blind write として表すことで read-set 要素を減らし、意味上不要な conflict を除く。3 分類に当たらない,read-modify-write を updater として write set に入れ、commit 時 (OCC/TicToc は install 段の lock 中、MVCC は delta version として version chain に追加) に実行する。read set が縮み、read-write 依存辺と conflict が減る。,実行段: updater を write-set に登録し値を読まない。commit 段: OCC/TicToc は Phase 3 で updater を呼ぶ。MVCC は delta version を挿入し、read 時に flatten (最古から updater を適用)。,OSTO (Silo 型 OCC)、TSTO (TicToc)、MSTO (Cicada 型 MVCC) の 3 つで評価,個別の証明は無い。serializable な各 CC の枠内で blind write と同様に扱うと述べる。commutativity とは別で、非可換な演算も扱える,False,64 thread・高 contention の throughput (Ktxns/sec、Fig. 12g)。OSTO: TPC-C 276 に対し CU 単独 286 (1.04x)、YCSB 473 に対し 855 (1.81x)、Wikipedia 170 に対し 487 (2.86x)、RUBiS 1378 に対し 1924 (1.40x)。MSTO: YCSB 326 に対し 1851 (5.68x)、Wikipedia 128 に対し 311 (2.43x)。TPC-C new-order の read set が 30%、payment が 50% 縮む (§6.3)。,MSTO の高 contention TPC-C では CU 単独が 0.62x (431 に対し 269、Fig. 12g)。conservative 実装で MVCC transaction が過去の時刻で実行され conflict が増えるため (§7.2)。低 contention TPC-C で MSTO は CU+TS で約 30% の overhead (delta version chain の GC、§7.1)。OSTO・TSTO は約 10% の overhead (§7.1)。,なし,なし,,,absent-silo-feasible,write set に updater を置いて write phase (lock 中) で直前版に適用する経路と、RMW の read を read set に入れない経路が要る。CCBench の YCSB の RMW は旧値をそのまま写すだけ (include/ycsb.hh の READ_MODIFY_WRITE) なので updater は恒等写像になり、効果は RMW の blind write 化そのものになる,extend:read の経路と write phase を開く (RMW を updater つきの blind write にする),conditional:updater が適用した直前版を trace に記録する差し込み点を足せば (read として記録しないと lost update が依存グラフに出ない),親の注記: 原典は OSTO の YCSB で 473 から 855 Ktxns/s (1.81x、Fig. 12g)。ただし CCBench の YCSB の RMW は旧値をそのまま写すので updater が恒等写像になり、効果は RMW の read を消すことそのものになる。意味のある比較には RMW を実際に値を変える更新 (例: 加算) にする workload 側の変更が要る (CCBench の改変になる)。,Abstract、§1、§2 (2.1-2.3)、§3、§4 (4.1-4.7、Fig. 4、Fig. 7)、§5 (5.1-5.3 の本文)、§6 (6.1-6.3、Fig. 10-11)、§7 (Fig. 12 の表 12g を含む)、§8、§9 (9.1-9.4)
stov2-timestamp-splitting,D-contention,Timestamp splitting (TS: record の列を部分集合に分け、部分集合ごとに timestamp を持つ),optimization,Opportunities for Optimism in Contended Main-Memory Multicore Transactions,PVLDB 13(5): 629-642,2020,DOI 10.14778/3377369.3377373,§6.2、Fig. 11、§6.3、§7.1-7.2、Fig. 12,record ごとに複数の timestamp (論文の評価は 2 つ)。transaction program が access する列の宣言。列の部分集合は互いに素であること (現実装)。MVCC は vertical partitioning で実装,none,同じ record の別の列を読む・書く transaction 同士の偽の conflict を除く。3 分類に当たらない,record の列を頻繁に更新する集合と稀にしか変わらない集合に分け、それぞれに timestamp を置く。書込みは重なる全 timestamp を更新し、観測は必要な列を覆う timestamp だけを見る。,read / validation 段: 観測した列を覆う timestamp だけを read set に入れ検査。write 段: 変更列に重なる timestamp を更新。列と timestamp の対応は library が自動で扱う。,OSTO、TSTO、MSTO,個別の証明は無い,True,OSTO の TPC-C 高 contention で TS 単独 432 (1.57x)、CU+TS で 1001 (3.63x)。MSTO は CU と TS が単独では悪化 (0.62x、0.95x) し、CU+TS で 1456 (3.38x) (すべて 64 thread、Fig. 12g)。TS は CU の適用機会を広げる (§6.2)。,YCSB、Wikipedia、RUBiS では TS 単独で効果がほぼ無い (OSTO: 0.99x、0.98x、0.99x、Fig. 12g)。3 つ目の timestamp は評価した全 benchmark で 2 つより悪い (§6.2)。MSTO の TS は vertical partitioning で index 探索が増える (§7.1)。,なし,なし,,,absent-prereq-mismatch,列の分割と取引が触る列の宣言が要る。CCBench の YCSB の値は 1 塊で列の区別が無い,n/a,not-observable:列単位の依存は key 単位の今の trace に現れない,YCSB では OSTO で TS 単独 0.99x (Fig. 12g) で効かない。,Abstract、§1、§2 (2.1-2.3)、§3、§4 (4.1-4.7、Fig. 4、Fig. 7)、§5 (5.1-5.3 の本文)、§6 (6.1-6.3、Fig. 10-11)、§7 (Fig. 12 の表 12g を含む)、§8、§9 (9.1-9.4)
stov2-contention-aware-index,D-contention,Contention-aware indexes (key の成分ごとに 8 byte を割り当て、別の B-tree 層へ写す),optimization,Opportunities for Optimism in Contended Main-Memory Multicore Transactions,PVLDB 13(5): 629-642,2020,DOI 10.14778/3377369.3377373,§4.5、Fig. 5、Fig. 6、Fig. 7,Masstree (trie 状の B-tree)。複数成分の key。範囲 scan と末尾 insert が別 range に分かれる workload,none,phantom 保護のために disjoint な key 範囲同士が偽の conflict を起こすのを、index 構造で避ける。3 分類に当たらない,key の各成分を 8 byte に揃えると Masstree の別の層に写り、ある範囲の scan が他の範囲の insert と phantom 保護上 conflict しない。key サイズが 8 byte から 24 byte に増える代わりに偽の index conflict が消える。,index 設計段: 複数成分 key の各成分に 8 byte を予約する。read / validation 段の phantom 保護の node 集合の共有が減る。,OSTO / TSTO / MSTO (Masstree),phantom 保護そのものの正しさは Silo と同じ node-set 検査に依拠 (本節の主張は偽 conflict の除去),False,TPC-C の NEW ORDER 表の new-order (末尾 insert) と delivery (先頭 scan) で、この技法が無いと 1 warehouse の高 contention で delivery が「ほぼ完全に starve」する (Fig. 6)。,TPC-C 全体の throughput には大きく効かない (§4.5 の記述)。低 contention で key サイズ増の overhead は無視できる程度 (§4.5)。,なし,なし,,,absent-prereq-mismatch,範囲 scan と末尾 insert が別範囲に分かれる workload と複数成分の key が要る。YCSB の点読み・点書きでは node set の偽 conflict が起きない,n/a,not-observable:述語 (phantom) の依存は今の検査器に見えない,根拠は Fig. 6 (TPC-C の new-order と delivery)。YCSB の引数では作れない。,Abstract、§1、§2 (2.1-2.3)、§3、§4 (4.1-4.7、Fig. 4、Fig. 7)、§5 (5.1-5.3 の本文)、§6 (6.1-6.3、Fig. 10-11)、§7 (Fig. 12 の表 12g を含む)、§8、§9 (9.1-9.4)
stov2-basis-memory-allocation,D-contention,Basis factor: Memory allocation (スケーラブルな汎用 allocator を基準にする),design-dimension,Opportunities for Optimism in Contended Main-Memory Multicore Transactions,PVLDB 13(5): 629-642,2020,DOI 10.14778/3377369.3377373,§4.1、Fig. 4、Fig. 7,スケーラブルな汎用 allocator (rpmalloc)。DBx1000 のような全領域の事前確保は非推奨,cpu-cache,推測: allocator 内部の共有 pool への競合と TLB 圧力に対する差で、cache 競合の側面を含む。論文は「hidden additional contention」と述べる。version-lifetime とも関連 (MVCC は更新ごとに確保するため影響が大きいと §4 が述べる),allocator の選択が、高 core 数での record と index の確保・解放の競合に効く。事前確保は index の大きさが変わらない等の system 挙動を変えるため避けるべきと論文は述べる。,実行の全段 (確保・解放を伴う insert、版の作成、RCU 解放) に効く。,OSTO (TSTO、MSTO も同様と述べる),該当しない (実装要因),,OSTO の高 contention TPC-C で rpmalloc が glibc allocator の 1.6x。低 contention では glibc allocator が bottleneck で scaling を止める (§4.1、Fig. 4)。,,あり,あり,cmake/ProtocolHelpers.cmake:39 ccbench::mimalloc を全 target に link ; cmake/ThirdParty.cmake:90 mimalloc の取り込み,,ccbench-present,既にある (cmake/ProtocolHelpers.cmake で mimalloc を全 target に link)。移植は不要,n/a,observable,根拠は Fig. 4 (rpmalloc が glibc の 1.6x)。CCBench の YCSB は insert が無く、確保は取引ごとの値の allocate だけ。,Abstract、§1、§2 (2.1-2.3)、§3、§4 (4.1-4.7、Fig. 4、Fig. 7)、§5 (5.1-5.3 の本文)、§6 (6.1-6.3、Fig. 10-11)、§7 (Fig. 12 の表 12g を含む)、§8、§9 (9.1-9.4)
stov2-basis-contention-regulation,D-contention,Basis factor: Contention regulation (retry の前の randomized exponential backoff),design-dimension,Opportunities for Optimism in Contended Main-Memory Multicore Transactions,PVLDB 13(5): 629-642,2020,DOI 10.14778/3377369.3377373,§4.2、Fig. 4、Fig. 7,abort 後の再実行の前に待つ仕組み (randomized exponential backoff),delay-on-conflict,conflict で abort した後の retry を遅らせ、cache line の invalidation の連鎖を抑える,abort 後の再試行を遅らせることで repeated な cache line invalidation を避ける。過剰に早い retry は contention collapse を、過剰な遅延は core の遊休を招く。論文は randomized exponential backoff を基準に推奨する。,abort 後段。,OSTO,該当しない (実装要因),,backoff 無しは「高い性能ばらつきと、contention が極端になると collapse」を招く (§4.2、Fig. 4 の 'No contention regulation')。数値は読んだ範囲の本文に無い。,中 contention では exponential backoff が遊休を招くことがあり最適ではない (§4.2)。,一部,あり,include/backoff.hh:44 update_backoff (全体の commit 数勾配で待ち時間を動かす) ; cc/silo/transaction.cc:42 #if BACK_OFF で abort 後に Backoff::backoff ; cc/silo/transaction.cc:720 leaderBackoffWork,論文は abort した tx ごとの randomized exponential backoff を基準とする。CCBench の BACK_OFF は全 thread 共通の待ち時間を leader が commit 数の勾配で山登りし (増減幅 kIncrBackoff=100 固定)、指数でも tx ごとの乱数でもない (Cicada の contention regulation に相当)。,absent-silo-feasible,CCBench の BACK_OFF は全体共有の 1 値を commit 数の勾配で ±100 µs 山登りするだけで (include/backoff.hh)、worker ごとの乱数つき指数 backoff は無い。Silo は abort 後に待つ位置を既に持つので、待ち時間の決め方を差し替えるだけで入る,v1,observable,v1 の abort hook (待ち上限 1000 µs、乱数、連続 abort 数を worker 状態に持ち commit hook で reset) で書ける。zipf 0.99・rmw・thread 数最大で効く見込み。原典の根拠は Fig. 4 の No contention regulation (数値は本文に無い)。,Abstract、§1、§2 (2.1-2.3)、§3、§4 (4.1-4.7、Fig. 4、Fig. 7)、§5 (5.1-5.3 の本文)、§6 (6.1-6.3、Fig. 10-11)、§7 (Fig. 12 の表 12g を含む)、§8、§9 (9.1-9.4)
stov2-basis-abort-mechanism,D-contention,Basis factor: Abort mechanism (C++ 例外でなく戻り値の明示検査で abort する),design-dimension,Opportunities for Optimism in Contended Main-Memory Multicore Transactions,PVLDB 13(5): 629-642,2020,DOI 10.14778/3377369.3377373,§4.3、Fig. 4、Fig. 7,abort を戻り値の明示検査で伝える実装,none,C++ 例外の実行時が取る global lock に abort する transaction が全員で競合する隠れた lock を避ける。3 分類に当たらない (abort 経路の実装コスト),C++ 例外は dynamic linker によるデータ構造の並行変更から保護するため language runtime の global lock を取ることがあり、abort が多い高 contention で全 abort が競合する。戻り値の明示検査で abort を伝える。,abort 後 (unwinding) 段。,OSTO,該当しない (実装要因),,高 contention で 1.2-1.5x の throughput (§4.3、Fig. 4a)。STOv1、Silo、ERMIA は例外で abort すると表 (Fig. 7) が示す。,,あり,あり,cc/silo/transaction.cc:383 validationPhase (bool 戻り値で abort を伝える) ; include/status.hh Status 列挙,,ccbench-present,既にある (cc/silo/transaction.cc の validationPhase は bool 戻り値、include/status.hh の Status 列挙)。移植は不要,n/a,observable,根拠は Fig. 4a (高 contention で 1.2-1.5x)。,Abstract、§1、§2 (2.1-2.3)、§3、§4 (4.1-4.7、Fig. 4、Fig. 7)、§5 (5.1-5.3 の本文)、§6 (6.1-6.3、Fig. 10-11)、§7 (Fig. 12 の表 12g を含む)、§8、§9 (9.1-9.4)
stov2-basis-index-types,D-contention,Basis factor: Index types (hash table を使える所で使う),design-dimension,Opportunities for Optimism in Contended Main-Memory Multicore Transactions,PVLDB 13(5): 629-642,2020,DOI 10.14778/3377369.3377373,§4.4、Fig. 4、Fig. 7,範囲 scan の無い index に hash table を使える workload,cpu-cache,推測: hash table は O(1) 探索で、B-tree の O(log N) より memory access が少ない。論文は探索の計算量と ops/sec で述べ、cache は明言しない,範囲 scan に使わない index に hash table を使い、必要な所だけ B-tree 系を使う。,read 段・write 段の record 探索。,OSTO,該当しない (実装要因),,hash index は任意の contention で 1.2x の throughput (§4.4、Fig. 4)。hash table 単体は B-tree より 2.5x 以上の ops/sec ('relatively easy workload' の記述)。,探索が transaction 実行時間の支配項ではないため TPC-C で 2.5x まで届かず 1.2x (§4.4)。,一部,一部,include/ycsb.hh:175 #if MASSTREE_USE (index を Masstree か否かで切替),MASSTREE_USE=0 で Masstree を使わない経路はあるが、hash table を使う索引ではなく (推測: 配列表)、range scan 不要な表だけ hash にする使い分けでもない。,absent-silo-feasible,CCBench の YCSB 表は MASSTREE_USE に関わらず Masstree に入る (include/ycsb.hh の partTableInit)。hash 索引を足し、scan を使わない YCSB で node set 検証を省く経路が要る,extend:索引 (YCSB 表の Masstree を hash 表へ差し替える) を開く,observable (点読み・点書きに限る。scan を混ぜると phantom 保護が消えるので scan つき workload では使えない),任意の contention で 1.2x (Fig. 4)。tuple 数を LLC を超える大きさに取ると探索の cache miss が効く見込み。,Abstract、§1、§2 (2.1-2.3)、§3、§4 (4.1-4.7、Fig. 4、Fig. 7)、§5 (5.1-5.3 の本文)、§6 (6.1-6.3、Fig. 10-11)、§7 (Fig. 12 の表 12g を含む)、§8、§9 (9.1-9.4)
stov2-basis-deadlock-avoidance,D-contention,Basis factor: Deadlock avoidance (write set の sort でなく bounded spinning),design-dimension,Opportunities for Optimism in Contended Main-Memory Multicore Transactions,PVLDB 13(5): 629-642,2020,DOI 10.14778/3377369.3377373,§4.6 (Other factors)、Fig. 7,lock 取得を一定回数の spin で打ち切り abort する仕組み,none,OCC の commit 段の write lock 取得で deadlock を避ける方式の選択。3 分類に当たらない (sort の cost と false positive の abort の交換),write set を全順序で sort して lock を取る方式は sort の cost が高い。bounded spinning は false positive の abort を含むが overhead が低く、同じ record を取り合う 2 番目の transaction は早く abort する利点もある。,commit 段の write lock 取得 (validation 前)。,OSTO,該当しない (実装要因),,write set sort の影響は TPC-C で約 10% (§4.6 の記述)。DBx1000 OCC の primary key 比較の O(n^2) bubble sort は高 contention TPC-C の総実行時間の約 30% (§4.6 の記述、図なし)。,bounded spinning は deadlock でない場合も abort を出しうる (false positive、§4.6)。,一部,あり,cc/silo/transaction.cc:408 sort(write_set_) (全順序で施錠) ; cc/silo/transaction.cc:161 #if NO_WAIT_LOCKING_IN_VALIDATION (lock 中なら即 abort) ; cc/tictoc/transaction.cc:338 NO_WAIT_LOCKING_IN_VALIDATION,Silo は既定で write set を sort してから施錠し、no-wait flag では待たず abort する。論文の推奨 bounded spinning (sort せず一定回数だけ待って abort) は無い。NO_WAIT_OF_TICTOC は unlock して再試行する別形。,absent-silo-feasible,上限つきで待ってから abort する経路は CCBench のどの protocol にも無い (Silo は NO_WAIT_LOCKING_IN_VALIDATION=1 で即 abort、NO_WAIT_OF_TICTOC=1 は全解放して上限なく取り直す)。bounded spinning の部分は v1 の lock hook で書けるが、要である write set の sort の省略は v1 の外,extend:施錠順 (write set の sort の省略) を開く,observable (sort を外しても施錠と validation の意味は変わらない),max_ope を大きくすると sort の cost が効く。原典は TPC-C で約 10% (§4.6、図なし)。v1 の lock hook (1 回 50 µs・1 tuple 32 回まで) だけでも bounded spinning 部分は段 A に出せる。,Abstract、§1、§2 (2.1-2.3)、§3、§4 (4.1-4.7、Fig. 4、Fig. 7)、§5 (5.1-5.3 の本文)、§6 (6.1-6.3、Fig. 10-11)、§7 (Fig. 12 の表 12g を含む)、§8、§9 (9.1-9.4)
stov2-basis-transaction-internals,D-contention,Basis factor: Transaction internals (read / write set を hash table で管理する),design-dimension,Opportunities for Optimism in Contended Main-Memory Multicore Transactions,PVLDB 13(5): 629-642,2020,DOI 10.14778/3377369.3377373,§4.6 (Other factors)、Fig. 7,論理 record ID から物理 in-memory 位置への高速な hash table,cpu-cache,推測: read / write set の管理の memory access の差。論文は cache に言及せず、性能差のみ述べる,read set と write set の維持機構。論文は高速 hash table で論理 record ID を物理位置へ写す設計を既定に推奨する。,read 段・write 段・validation 段の set 操作。,OSTO,該当しない (実装要因),,STO の作り込んだ internals を Cicada のやや単純な版に替えると性能が 5% 低下 (§4.6 の記述、図なし)。他の要因より影響は小さい。,,なし,なし,,,absent-silo-feasible,Silo の read/write set の検索は vector の線形走査 (cc/silo/transaction.cc の searchReadSet / searchWriteSet)。hash 表化は取引内部のデータ構造の変更で、CC の前提とは衝突しない,extend:read/write set の管理 (取引内部のデータ構造) を開く,observable,max_ope を大きくすると線形走査の cost が効く見込み。原典の差は 5% (§4.6、図なし) と小さい。,Abstract、§1、§2 (2.1-2.3)、§3、§4 (4.1-4.7、Fig. 4、Fig. 7)、§5 (5.1-5.3 の本文)、§6 (6.1-6.3、Fig. 10-11)、§7 (Fig. 12 の表 12g を含む)、§8、§9 (9.1-9.4)
shirakami-write-preservation,D-contention,Write preservation (WP: S-LTX が書込み領域を table 単位で予告し、S-OCC が read 時と commit 時に検査する),optimization,Shirakami: A Hybrid Concurrency Control Protocol for Tsurugi Relational Database System,"arXiv preprint (v3, 2 Jul 2026 の版を読んだ)",2026,arXiv:2303.18142v3,§3.1.2、§3.1.4-3.1.5、§3.3.2、Algorithm 2 (wp_conflict)、§3.7,table ごとの WP metadata (worker 数長の固定長 array)。epoch。S-LTX による書込み領域の事前宣言。S-LTX に高い優先度を与える 2 段階の priority,none,高優先度の long transaction の将来の write を、低優先度の short transaction が読む前に検知して abort させ、long transaction の commit を守る。read 経路の cache への影響は論文が別に議論する (§3.6)。3 分類に当たらない,S-LTX は開始時に書込み領域を WP として登録し、次 epoch 以降で有効になる。S-OCC は read 時に (本文) WP を観測し、commit の validation でも WP との conflict を検査し、conflict なら abort する (Algorithm 2 は commit 段の wp_conflict のみを示す。本文 §3.1.2 は read 段でも abort できると述べる)。粒度は table 単位。,"S-OCC の validation 段: Silo の read set 検査に wp_conflict(key, commit_epoch) を追加。WP の登録・観測・削除は楽観 lock で行う (§3.6)。",Silo (S-OCC),serializable。S-OCC は Silo に検査を足すだけで「abort 条件が増える」ため安全 (§3.7),True,短い transaction が多数・長い read-write transaction が少数の混合 workload。S-LTX (WP 使用) は S-OCC 単独に対し long-TX throughput が長さ 1000 ops で 16x、Long-ratio 0.0001 では長さ 8000 ops まで維持し OCC は 0 (§5.2 の WL1、Fig. 9-10)。これは WP 単独でなく S-LTX 全体の効果。,table 単位の WP は S-OCC の read validation に偽陽性の abort を生じる。設計上避けられないと §3.1.5 が述べる。長さ 1000 ops 未満の long TX では LTX の overhead が大きい (LTX/OCC = 0.32-0.02、§5.2、Fig. 10)。,なし,なし,,,absent-prereq-mismatch,S-LTX (事前宣言した書込み領域と epoch 単位の多版 snapshot を持つ長い取引) が前提。Silo 単体には LTX が無く、使い手が無い。S-OCC 側の wp_conflict 検査は Silo に足せるが、宣言する側が無いと効果が無い,n/a,conditional:S-LTX の直列化 epoch (commit 順と異なる) を trace の順序として差し込めば,根拠は長い read-write 取引の混合 (Fig. 9-10、S-LTX 全体の効果)。一部の取引だけ max_ope を大きくする混合は今の YCSB 引数で作れない。,Abstract、§1-2 の要点、§3 (3.1-3.7)、§5 (Environment、Workload、結果本文)、§6.1 の要点
shirakami-reader-epoch-metadata,D-contention,Reader-epoch metadata (record ごとに最新の read epoch だけを atomic に持つ),optimization,Shirakami: A Hybrid Concurrency Control Protocol for Tsurugi Relational Database System,"arXiv preprint (v3, 2 Jul 2026 の版を読んだ)",2026,arXiv:2303.18142v3,§3.3.1、§3.3.2 (register_reader_epoch)、§3.7、Algorithm 1 の write validation 部、Algorithm 2 の commit 段,record ごとの std::atomic<epoch>。S-OCC が commit 時に read set の reader epoch を登録する段 (register_reader_epoch),cpu-cache,読んだ record の全履歴でなく最新 epoch 1 つだけを in-place で持つことで、メモリ使用量と cache 汚染を抑え GC を不要にする (論文が cache 汚染と GC の不要を理由に挙げる),S-OCC が commit した後で S-LTX が order forwarding により直列化順で先行する可能性があるため、S-LTX の write validation が S-OCC の read を検査できるよう read 情報を残す。各 record は最新 read epoch だけを保持し、更新は max 値のみ。S-LTX の write validation は commit epoch が max_reader_epoch 以下なら abort する。,S-OCC の commit 段 (validation 後・write lock 解放前): register_reader_epoch で read set の record に epoch を記録。S-LTX の validation 段: 書込み key の max_reader_epoch と commit epoch を比較 (order forwarding を行った場合のみ)。,Silo (S-OCC),S-OCC の Silo との差は abort 条件の追加のみで安全 (§3.7)。S-LTX が forward したときの write validation でこの metadata を使う,False,「Silo が read 情報をこの形で保存すると worst-case で約 5% の性能低下」と §3.3.1 が述べる (本文の記述。表・図なし)。,read epoch を保持するため read 経路に共有 metadata への更新が入る (worst-case 約 5% の低下が §3.3.1 の述べる cost)。,一部,なし,cc/tictoc/include/tuple.hh TsWord (rts を record ごとに保持) ; cc/mvto/include/transaction.hh:197 update_rts (版ごとの最新 read timestamp を max 更新),record/版ごとに最新の read 時刻だけを max で持つ点は TicToc の rts・MVTO の版 rts と同じ。Shirakami は S-LTX の write validation が S-OCC の read を見るための epoch で、用途が違う。,absent-prereq-mismatch,S-LTX (事前宣言した書込み領域と epoch 単位の多版 snapshot を持つ長い取引) が前提。Silo 単体には LTX が無く、使い手が無い。S-OCC の read epoch は S-LTX の order forwarding 後の write validation のためにある,n/a,conditional:S-LTX の直列化 epoch (commit 順と異なる) を trace の順序として差し込めば,Silo で worst-case 約 5% の低下 (§3.3.1、図なし)。単体では利得が無い。,Abstract、§1-2 の要点、§3 (3.1-3.7)、§5 (Environment、Workload、結果本文)、§6.1 の要点
shirakami-wp-optimistic-lock-fixed-array,D-contention,WP の管理: 楽観 lock (LSB を lock bit、残りを version) と固定長 array,optimization,Shirakami: A Hybrid Concurrency Control Protocol for Tsurugi Relational Database System,"arXiv preprint (v3, 2 Jul 2026 の版を読んだ)",2026,arXiv:2303.18142v3,§3.6,table ごとの WP object。64 bit lock 語。worker thread 数に等しい長さの array (要素は活性化 epoch と S-LTX の ID),cpu-cache,record 単位の reader-writer lock (参照数の更新による cache miss) を避け、table 単位の WP の観測を lock-free に近い楽観読みにする。論文が record-local lock の cache miss を理由に挙げる,WP を変更する側は lock bit が 0 になるのを待って 1 にし、変更後に lock bit を 0 に戻し version を進める。観測側は lock bit が 0 であることを確認し、観測後にもう一度確認して失敗なら繰り返す。固定長 array にすることで data size の変化による unsafe な memory access を避ける。,S-OCC の read / validation 段の WP 観測は楽観読み。S-LTX の開始 (登録) と commit 後の削除は lock bit の CAS。,Shirakami (Silo 由来の S-OCC),§3.6 が unsafe memory access の回避を述べる。個別の証明は無い,False,この技法単体の評価は読んだ範囲に無い。,S-LTX 同士・S-OCC の連続的な write lock 保持で S-LTX が lock を取れず starvation する問題を、reader-writer lock の代わりに避けるとも述べる (§3.6)。,なし,なし,,,absent-prereq-mismatch,S-LTX (事前宣言した書込み領域と epoch 単位の多版 snapshot を持つ長い取引) が前提。Silo 単体には LTX が無く、使い手が無い。WP の管理構造の実装,n/a,conditional:S-LTX の直列化 epoch (commit 順と異なる) を trace の順序として差し込めば,単体評価は無い。,Abstract、§1-2 の要点、§3 (3.1-3.7)、§5 (Environment、Workload、結果本文)、§6.1 の要点
shirakami-order-forwarding,D-contention,Order forwarding (S-LTX の直列化 epoch の動的変更),protocol-core,Shirakami: A Hybrid Concurrency Control Protocol for Tsurugi Relational Database System,"arXiv preprint (v3, 2 Jul 2026 の版を読んだ)",2026,arXiv:2303.18142v3,§3.1.3、§3.2.2、Algorithm 1 lines 12-18、Fig. 1-2,epoch ごとの multiversion snapshot。S-LTX の priority (開始順)。WP。read set と WP 集合,none,S-LTX 同士で高優先度が書いた版を低優先度が読んだとき、低優先度を直列化順で前に置き換え abort を避ける。scheduling space の拡大で、3 分類に当たらない,低優先度の S-LTX が高優先度の書込みと conflict するとき、低優先度の serialization epoch を高優先度の epoch に合わせる。forward の下限 (lower limit) を超えれば abort する。forward した場合のみ write validation を行う。,commit 段: overtaken_set の高優先 LTX の完了を待ち、read set が高優先の書込みと交差するなら epoch を min で更新、max_read_epoch が新 epoch 以上なら abort。forward した場合のみ write validation。,MVSR (multiversion view serializability) 系の自前 S-LTX,§3.7: SSN と同様の依存 graph の議論。高優先度 S-LTX は abort されない (Liveness),True,Fig. 1 の例で S-LTX は 3 transaction を commit、S-OCC は 2、MVTO は 1 (§3.1.3 の構成例で実測ではない)。long transaction が大きく稀な混合 workload で LTX が OCC の最大 680x (§5.2、Fig. 10)。,長さ 1000 ops 未満の long TX では LTX/OCC が 0.32-0.02 (§5.2、Fig. 10)。S-LTX が多数あると S-OCC が starve する (§3.1.1)。,一部,なし,cc/oze/transaction.cc:731 順序 forwarding (FLAGS_forwarding、cycle 検出時に follower の前へ挿入) ; cc/oze/transaction.cc:740 forward 下限 (f.epoch < txid_.epoch - 1 なら abort),Oze は依存グラフで cycle が出たとき直列化順を後ろへずらす (forward) 点と、前 epoch より前へは forward しない下限がある点が同系統。優先度つき S-LTX の serialization epoch を高優先度へ合わせる設計ではない。,absent-prereq-mismatch,S-LTX (事前宣言した書込み領域と epoch 単位の多版 snapshot を持つ長い取引) が前提。Silo 単体には LTX が無く、使い手が無い。直列化 epoch の動的変更は多版 snapshot を要する。Oze (cc/oze) の forwarding は同系統だが優先度つき LTX ではない,n/a,conditional:S-LTX の直列化 epoch (commit 順と異なる) を trace の順序として差し込めば,long TX の混合で LTX が OCC の最大 680x (Fig. 10)。1000 ops 未満では LTX/OCC が 0.32-0.02。,Abstract、§1-2 の要点、§3 (3.1-3.7)、§5 (Environment、Workload、結果本文)、§6.1 の要点
shirakami-read-area-declaration,D-contention,S-LTX: Read area declaration,optimization,Shirakami: A Hybrid Concurrency Control Protocol for Tsurugi Relational Database System,"arXiv preprint (v3, 2 Jul 2026 の版を読んだ)",2026,arXiv:2303.18142v3,§3.5,S-LTX が開始時に「読まない領域」を宣言できること,delay-on-conflict,write validation のための read 待ち (高優先度 transaction の完了待ち) を無くす,低優先度 transaction が、自分が読まない領域を開始時に宣言すると、write validation の conflict が起こり得ないので高優先度の完了を待たずに commit できる。,開始段: 領域を宣言。validation 段: 待ち (wait_for_completion) を省く。,Shirakami-LTX,個別の議論は無い,True,この技法単体の評価は読んだ範囲に無い。,,なし,なし,,,absent-prereq-mismatch,S-LTX (事前宣言した書込み領域と epoch 単位の多版 snapshot を持つ長い取引) が前提。Silo 単体には LTX が無く、使い手が無い。読まない領域の開始時宣言 (事前宣言) が要る,n/a,conditional:S-LTX の直列化 epoch (commit 順と異なる) を trace の順序として差し込めば,単体評価は無い。,Abstract、§1-2 の要点、§3 (3.1-3.7)、§5 (Environment、Workload、結果本文)、§6.1 の要点
shirakami-on-demand-version-order,D-contention,S-LTX: On-demand version order determination (non-visible write rule による write と log の省略),optimization,Shirakami: A Hybrid Concurrency Control Protocol for Tsurugi Relational Database System,"arXiv preprint (v3, 2 Jul 2026 の版を読んだ)",2026,arXiv:2303.18142v3,§3.5、Fig. 2、§3.4.2,同一 epoch 内の S-LTX の版順序を動的に決められること。non-visible write rule,version-lifetime,直列化順で後の版が既にある場合に先行 transaction の write と log を省略し、版と log の圧力を減らす (論文は「unnecessary version pressure」と述べる),同一 epoch 内の S-LTX の版順序を on-demand で決め、order forwarding を積極的に行う。後の版がすでに書かれている場合、先行 transaction の write と log を non-visible write rule で省略する。,commit 段の write 適用と log 出力: 直列化順が後の版が既にあれば当該 write を省く。,Shirakami-LTX,誰も w2(d) を読まないことを、S-OCC が w1(d) 以降の版を読み S-LTX が epoch 単位の snapshot を読むことから論じる (§3.5),False,この技法単体の評価は読んだ範囲に無い。,,なし,なし,,,absent-prereq-mismatch,S-LTX (事前宣言した書込み領域と epoch 単位の多版 snapshot を持つ長い取引) が前提。Silo 単体には LTX が無く、使い手が無い。同一 epoch 内の版順序の後決めと non-visible write rule が要る,n/a,conditional:省略した write の版順序を trace に記録すれば (non-visible write は今の trace に出ない),単体評価は無い。,Abstract、§1-2 の要点、§3 (3.1-3.7)、§5 (Environment、Workload、結果本文)、§6.1 の要点
shirakami-epoch-lower-bound,D-contention,S-LTX: Lower bound of serialization order (begin timestamp の代わりに epoch を下限にする),optimization,Shirakami: A Hybrid Concurrency Control Protocol for Tsurugi Relational Database System,"arXiv preprint (v3, 2 Jul 2026 の版を読んだ)",2026,arXiv:2303.18142v3,§3.5,S-LTX が開始時に staging され begin timestamp が epoch と一致すること,cpu-cache,下限の情報を epoch に圧縮して memory cache の効率を上げる (論文が cache 効率を理由に述べる),理論上の直列化順の下限は anti-dependency の連鎖の起点の begin timestamp だが、staging により begin timestamp が epoch と一致するので、実装は epoch 情報を下限として使う。,validation 段の order forwarding の下限管理。,Shirakami-LTX,個別の議論は無い,False,この技法単体の評価は読んだ範囲に無い。,,一部,なし,cc/oze/transaction.cc:36 txid_.epoch を最遅 worker の epoch に揃える (get_min_epoch) ; cc/oze/transaction.cc:740 forward の epoch 下限,Oze も epoch を直列化位置の下限に使う (begin 時の epoch 揃えと forward 下限)。Shirakami は begin timestamp の代わりに epoch を下限にする理論的置換で、長期 tx の設計に属する。,absent-prereq-mismatch,S-LTX (事前宣言した書込み領域と epoch 単位の多版 snapshot を持つ長い取引) が前提。Silo 単体には LTX が無く、使い手が無い。order forwarding の下限管理,n/a,conditional:S-LTX の直列化 epoch (commit 順と異なる) を trace の順序として差し込めば,単体評価は無い。,Abstract、§1-2 の要点、§3 (3.1-3.7)、§5 (Environment、Workload、結果本文)、§6.1 の要点
shirakami-safe-snapshot,D-contention,In-memory snapshot: unsafe snapshot と safe snapshot (read-only は safe snapshot で validation を省く),optimization,Shirakami: A Hybrid Concurrency Control Protocol for Tsurugi Relational Database System,"arXiv preprint (v3, 2 Jul 2026 の版を読んだ)",2026,arXiv:2303.18142v3,§3.4.3,epoch ごとの multiversion な in-memory snapshot。read-only を指定する application,version-lifetime,epoch ごとの版の集合を保持して S-LTX と read-only の読みに使う。版の保持期間と GC (epoch の長さとのトレードオフ、§3.4.1) に関わる,S-LTX は開始 epoch の snapshot を読む。snapshot が後の order forwarding で変わりうる (unsafe) ため、不整合な snapshot を読むと abort する。epoch 末に order forwarding が無ければ safe snapshot となり、read-only transaction は read validation 無しで読める。,read 段: unsafe snapshot を読む (S-LTX)。read-only は safe snapshot を読み validation を省略。,Shirakami,safe snapshot は forward が無かった epoch の最新 committed version 集合,,この技法単体の評価は読んだ範囲に無い。,unsafe snapshot を読む S-LTX は abort の危険を負う (§3.4.3)。,一部,なし,cc/cicada/transaction.cc:934 read-only tx は snapshot (rts) で読み validation 省略 ; cc/mvto/transaction.cc:46 is_ronly_ は rts_ で読む,read-only tx が snapshot を読んで validation を省く点は同じ。Shirakami の unsafe/safe snapshot の区別 (order forwarding で変わりうる snapshot の検出) は無い。,absent-prereq-mismatch,epoch ごとの多版 in-memory snapshot が要り、Silo の単版と合わない。read-only が snapshot を読み validation を省く形は Cicada・MVTO にある,n/a,conditional:snapshot の版 ID と直列化順の差し込み点を合わせれば,単体評価は無い。,Abstract、§1-2 の要点、§3 (3.1-3.7)、§5 (Environment、Workload、結果本文)、§6.1 の要点
shirakami-reuse-deleted-records,D-contention,S-OCC: Reuse of deleted records,optimization,Shirakami: A Hybrid Concurrency Control Protocol for Tsurugi Relational Database System,"arXiv preprint (v3, 2 Jul 2026 の版を読んだ)",2026,arXiv:2303.18142v3,§3.5,index から外さずに残した削除済み record,none,delete と insert が別 transaction になる SQL の更新で、削除済み record を index から外さず再利用する。3 分類に当たらない (機構は phantom と index 操作の扱い),delete と insert が別 transaction に分かれる場合に備え、削除済み record を index から外さずに再利用する。観測された削除済み record は transactional read として扱う。,insert 段・read 段の削除済み record の扱い。,Shirakami-OCC,個別の議論は無い,False,この技法単体の評価は読んだ範囲に無い。,,なし,なし,,,absent-prereq-mismatch,delete と insert が別取引に分かれる workload が要る。CCBench の YCSB は点読み・点書き (と RMW) だけで delete / insert が無い,n/a,not-observable:delete / insert と削除済み record の読みは今の YCSB trace に現れない,YCSB の引数では作れない。単体評価も無い。,Abstract、§1-2 の要点、§3 (3.1-3.7)、§5 (Environment、Workload、結果本文)、§6.1 の要点
mv3c-predicate-graph-repair,E-repair-batch,MV3C: predicate graph と closure による validation 失敗時の部分再実行 (repair),protocol-core,Repairing Conflicts among MVCC Transactions (MV3C の arXiv v1 版。SIGMOD 2017 版 'Transaction Repair for Multi-Version Concurrency Control' の本文は未取得),arXiv preprint (cs.DB),2016,arXiv:1603.00542v1,"§3.2-3.5, Algorithm 1 (Validation), Algorithm 2 (Repair), Lemma 3.3-3.4",事前宣言: あり (template 注釈)。トランザクションプログラムを closure (predicate に束縛した code 片) に分け、predicate 間の依存を DAG (predicate graph) として持つ。注釈は利用者が手で付けるか、静的解析と再構成で付ける (§1)。read/write set 自体の事前宣言は要らない。版の連結リスト、commit 済み版を undo buffer から引く仕組み (OMVCC 由来)、版ごとの変更列リスト (属性単位検査の場合)。,none,効くのは validation 失敗後の再実行量 (abort 後にやり直す仕事量)。3 分類 (cpu-cache / delay-on-conflict / version-lifetime) のいずれにも当てはまらない。強いて言えば conflict 後の遅延に近いが、待ち時間ではなく再実行の範囲を縮める技法。,validation で失敗した predicate と、その子孫 predicate だけを特定し、それらが作った版を prune して closure を新しい start timestamp で再実行する。有効な predicate の closure は再実行しないので、abort-and-restart より再実行量が少ない。再実行後の結果は abort-and-restart と等価 (Lemma 3.4)。,read 中は各 lookup を predicate として graph に登録する。commit 時の critical section 内で validation (全 predicate を最後まで検査し、有効な集合 L1 と無効な集合 L2 に位相ソート) を行い、失敗なら新 start timestamp を取って repair (L2 のうち入辺の無い節点 F を prune し closure を再実行) を critical section の外で行い、再び validation する。,"OMVCC (Neumann, Muehlbauer, Kemper, SIGMOD 2015) の上に構築。自前の C++11 実装 (1 スレッド、片ごとに交互実行して並行を模擬)。",commit 順の serializable (§3.6 Theorem 3.1 と Lemma 3.3-3.4 の証明)。,True,"Trading の TradeOrder (暗号解除を再実行しない) で window が大きいほど OMVCC との差が広がる (Fig. 6a、値は図のみ)。conflict 率が高いほど差が広がる (Fig. 6b, Fig. 7b)。conflict の無い場合の overhead は OMVCC 比 1% 未満 (Fig. 6a, 7a, 7b、§7.2.1)。TATP は window が大きいときだけ差が出る (Fig. 8)。",軽いトランザクション (TransferMoney) では再実行が OMVCC の全再実行より大幅には安くない (§7.1.2、Fig. 7a)。並行数がある水準を超えると版連結リストの伸びで MV3C が劣化する (§7.1.2、Fig. 7a)。TATP は 80% が read-only で、小さい window では差が小さい (Fig. 8)。実装は 1 スレッドの交互実行の模擬で、多コア実測ではない (§7 冒頭)。,なし,なし,,,absent-prereq-mismatch,版の連結リスト (多版) と predicate graph の注釈 (事前宣言・静的解析) が要り、Silo の単版と合わない,n/a,conditional:repair 後に読んだ版の ID で trace を記録し直し、多版の版 ID と commit 順の差し込み点を合わせれば,根拠は Fig. 6-8 (値は図のみ)。原典は 1 スレッドの交互実行の模擬で多コア実測ではない。,"Abstract, §1 (動機の例), §3.2-3.6, §4, §5.1-5.2, §7 (7.1, 7.2.1 の本文と Fig. 6-8 の脚注)"
mv3c-write-write-conflict-tolerance,E-repair-batch,MV3C: write-write conflict で早期 abort せず blind write を許す,optimization,Repairing Conflicts among MVCC Transactions (MV3C の arXiv v1 版。SIGMOD 2017 版 'Transaction Repair for Multi-Version Concurrency Control' の本文は未取得),arXiv preprint (cs.DB),2016,arXiv:1603.00542v1,"§1 contribution 2, §3.3.1, §3.4.1, §7.1.1-7.1.2",事前宣言: 部分的 (predicate graph を要する点は core と同じ)。write が先行の read (predicate) を伴わない blind write であること。版連結リストの先頭に未 commit 版、後ろに commit 版という並び規則。,none,効くのは write-write conflict で起きる早期 abort の回避。副作用として未 commit 版が増え連結リストが伸びる (version-lifetime に影響しうるが、論文が効果として主張するのは abort の削減)。,OMVCC は write-write conflict を検出すると即座に abort して最初からやり直す。MV3C は blind write なら abort せず、read を伴う write は commit 時の validation で predicate 失敗として扱い repair する。設定で従来どおり早期 abort にも切り替えられる。,write 時に他の未 commit 版があっても新しい未 commit 版を連結リストへ積む。commit 時に自分の版を commit 済み版の並びの位置へ移す (§3.4.1)。利用者または解析器が、write-write conflict を待つか早期 abort にするかを選ぶ (§3.3.1、Example 3)。,OMVCC の上の MV3C (自前 C++11 実装、1 スレッド模擬)。,blind write は読み集合を変えないので、commit 時点に遅らせて置いても serializable (§3.6 の証明の場合分け Case 4)。,True,Trading の PriceUpdate は blind write で、MV3C では conflict にならず OMVCC では conflict になる (§7.1.1、Fig. 6a)。TATP の UpdateLocation は MV3C では互いに conflict せず OMVCC では abort になる (§7.1.2、Fig. 8)。値は図のみ。,並行数が増えると未 commit 版が並行数だけ積まれ、可視版の探索で連結リストをたどる費用が増えて劣化する (§7.1.2、Fig. 7a)。OMVCC では同じ対象の連結リスト長は高々 1。,一部,なし,cc/cicada/transaction.cc:250 Early abort check (write-write で先行 abort) ; cc/cicada/transaction.cc:242 WRITE_LATEST_ONLY で早期 abort 経路を選ぶ,Cicada は書込み時の版の順序違反で即 abort する early abort check を持つ。MV3C の『blind write は abort せず validation で repair』の切替はなく、repair 機構自体が無いため tolerate 側は無い。,absent-prereq-mismatch,1 tuple に複数の未 commit 版を積む版の連結リストと predicate graph が要る,n/a,conditional:repair 後に読んだ版の ID で trace を記録し直し、多版の版 ID と commit 順の差し込み点を合わせれば,根拠は Fig. 6a、Fig. 8 (値は図のみ)。並行数が増えると版の chain が伸びて劣化 (Fig. 7a)。,"Abstract, §1 (動機の例), §3.2-3.6, §4, §5.1-5.2, §7 (7.1, 7.2.1 の本文と Fig. 6-8 の脚注)"
mv3c-attribute-level-validation,E-repair-batch,MV3C: 属性 (列) 単位の predicate validation,optimization,Repairing Conflicts among MVCC Transactions (MV3C の arXiv v1 版。SIGMOD 2017 版 'Transaction Repair for Multi-Version Concurrency Control' の本文は未取得),arXiv preprint (cs.DB),2016,arXiv:1603.00542v1,"§5.1, §7.1.3 (TATP・TPC-C で使用)",事前宣言: 部分的 (predicate が使う列の印付けが要る。predicate graph と同じく注釈または解析)。版ごとに変更した列のリスト。,none,効くのは validation の偽陽性 (読んでいない列の更新による失敗) の削減。abort と repair の回数を減らす。,commit 版を predicate に照合するとき、行全体ではなく predicate が実際に使う列だけで照合する。版の変更列と predicate の監視列の積集合が空なら match しない。OMVCC (Neumann ら) が既に使っている技法を MV3C も採る (§5.1)。,predicate が使う列と選択条件の列を実行時監視の対象に印付けする。各版に変更列リストを持たせる。validation の match 前に積集合を計算する。,OMVCC で既出の技法を MV3C に持ち込んだもの。,読んでいない列の更新は結果集合を変えないので、偽の conflict を除くだけで serializable を保つ (推測: 論文は §5.1 で個別の証明を挙げていない)。,True,TATP と TPC-C の評価で有効化 (§7.1.3、§7.2.2)。この技法だけの ablation は無い。,,なし,なし,,,absent-prereq-mismatch,版ごとの変更列リストと predicate の監視列の印付けが要る。CCBench の YCSB の値は 1 塊で列の区別が無い,n/a,not-observable:列単位の依存は key 単位の今の trace に現れない,単体 ablation は無い。,"§5.1, §7 の使用箇所の記述"
mv3c-result-set-fixing,E-repair-batch,MV3C: 失敗した query の結果集合を作り直さず修正する (reuse previously read versions),optimization,Repairing Conflicts among MVCC Transactions (MV3C の arXiv v1 版。SIGMOD 2017 版 'Transaction Repair for Multi-Version Concurrency Control' の本文は未取得),arXiv preprint (cs.DB),2016,arXiv:1603.00542v1,"§1 contribution 3, §5.2, Example 2 (Bonus), Example 4",事前宣言: 部分的 (predicate graph が前提)。predicate ごとに前回の結果集合への参照を commit まで保持。predicate 種別ごとの結果集合の修正手順。,none,効くのは repair 時の再評価 (全表 scan など) の省略。conflict 後の再計算量を削る技法で、3 分類には当てはまらない。,validation で predicate に match した版が、conflict の唯一の原因であることを使い、前回の結果集合にその版を足し引きして結果集合を直す。非索引列の条件で全表を走査する query の再走査を避ける。,参照保持と修正手順が要るので既定では無効で、predicate 単位で有効化する。失敗確率の高い predicate にだけ有効化するという方針 (heuristic) を論文が述べる。修正は validation と同時に行う (照合が共通のため)。,MV3C 内の機構 (自前 C++11 実装)。,repair 後の predicate graph が abort-and-restart と等価 (Lemma 3.4) という主張の範囲。結果集合の修正の個別の正しさの証明は読んだ範囲に無い (推測)。,True,"動機の説明 (Example 2, 4) のみ。この技法単独の測定値は読んだ範囲に無い。",参照保持の費用があるため既定で無効 (§5.2)。,なし,なし,,,absent-prereq-mismatch,predicate graph と query の結果集合への参照保持が要る。YCSB に全表走査の query は無い,n/a,not-observable:述語の結果集合の修正は今の検査器に見えない,単体の測定値は無い。,§5.2 と §1 の該当例
healing-transaction-healing,E-repair-batch,Transaction Healing: validation 失敗時に非直列化演算だけを復元する healing phase,protocol-core,Transaction Healing: Scaling Optimistic Concurrency Control on Multicores,SIGMOD 2016,2016,DOI 10.1145/2882903.2915202 (取得元 https://www.comp.nus.edu.sg/~chancy/sigmod16-occ-healing.pdf),"§2 (Fig. 1-2), §3 (Fig. 3), §4.1-4.4, Algorithm 1-3, Fig. 8-10",事前宣言: あり (stored procedure の静的解析)。手続きから operation の依存 (key 依存と value 依存) を program dependency graph として取り出す (LLVM Pass で自動化、§5)。thread-local の access cache (演算ごとの入力・効果・出力と record アドレスの集合)。record ごとの timestamp・visibility bit・lock bit。read/write set 側に mode・R-timestamp・bookmark。,none,効くのは validation 失敗後の再実行量 (abort-and-restart の費用)。abort 後の仕事の再利用で、3 分類には当てはまらない。,OCC の validation で read の不整合を見つけたとき、abort せず、その read の影響を受ける演算 (依存グラフでたどる) だけを復元 (再計算) する healing phase を挟む。value 依存の演算は access cache の record アドレスを直接見て更新し、key 依存の演算は再実行して read/write set の構成を部分更新する。,read phase で access cache と read/write set を記録。validation は record をアドレス順にロックして timestamp を照合し、不整合なら healing (幅優先で依存グラフをたどり、各演算を 1 回だけ復元)。key 依存の復元でアドレス順に反する新 record が出たら no-wait で abort。write phase は Silo 流の epoch ベースの commit timestamp。,Silo 系の OCC (自前プロトタイプ THEDB)。,serializable。§4.4 に議論 (証明ではなく論拠のスケッチ、'sketches an argument')。,True,TPC-C で warehouse 数が少ない高 contention のとき、THEDB は validation 無効の OCC 上限に近い (Fig. 10)。本文 §5.2.1 は 46 core で THEDB-2PL の 2.3 倍・THEDB-Silo の 6.2 倍と述べる (Fig. 11、どの contention 設定かは未確認)。Smallbank の skew 変化は Fig. 14 (値は図のみ)。,read/write set の構成を部分更新する key 依存の復元は deadlock 防止の no-wait で abort しうる (§4.2.2)。ad-hoc transaction は通常の OCC で処理し healing の対象外 (§4.8)。lock thrashing は残る (§5.2.1)。,なし,なし,,,absent-silo-feasible,要は取引 program の依存グラフ (原典は静的解析)。YCSB では READ の値を後続が使わず RMW だけが値依存 (旧値を写す) なので、依存は固定で与えられる。validation 失敗時に該当 read を再読して read set と commit TID を直す経路が要る,extend:validation を開く (失敗した read の再読と再検証),conditional:修復後に読んだ版の ID で trace を記録し直せば (元の版のままだと偽の閉路、修復前の値を使った write が残ると見逃し),zipf 0.99・rratio 50% 前後・高 thread で read_tid の abort が多い条件が対象の見込み。原典は TPC-C 少 warehouse (Fig. 10、Fig. 11)。CCBench の YCSB の write は値を変えない (include/ycsb.hh) ので、修復は値の上で恒等になる。,"Abstract, §1, §2, §3, §4.1-4.8, §5 冒頭・§5.1・§5.2.1・§5.2.5 (Table 1)、付録 F・G (Fig. 19-20, Table 6)"
healing-access-cache,E-repair-batch,Transaction Healing: thread-local access cache による index lookup の省略,optimization,Transaction Healing: Scaling Optimistic Concurrency Control on Multicores,SIGMOD 2016,2016,DOI 10.1145/2882903.2915202 (取得元 https://www.comp.nus.edu.sg/~chancy/sigmod16-occ-healing.pdf),"§1, §4.1, §4.2.2 (Fig. 4-5), §5.2.5 Table 1",事前宣言: あり (core と同じ依存グラフ)。演算ごとの bookmark・入力・効果・出力・access set (record アドレス) を持つ thread-local 構造。,none,効くのは healing 時の再計算費用 (index lookup を省く)。CPU cache の話ではなく、record アドレスの再利用による探索の省略。,各演算が触った record のメモリアドレスを記録しておき、value 依存の演算を復元するとき index を引き直さずアドレスを直接読む。復元した演算の副作用 (読んだ値・書いた更新) も記録から再利用する。,read phase で演算ごとに access set を記録する。healing phase の value 依存の演算では記録済みアドレスを直接参照する。key 依存の演算では access set が変わるので再実行する (キャッシュを使わない)。,THEDB (Silo 系の OCC)。,core と同じ (§4.4)。access cache が結果を変えないという論拠は §4.2.2 の記述にある。,True,維持の overhead は小さい: 低 contention の TPC-C 46 core で 1139K tps (Normal) が 1087K tps (+Access Cache) (Table 1、§5.2.5)。,key 依存の演算には使えない (再実行で access set を更新する、§4.2.2)。,なし,なし,,,absent-silo-feasible,healing が前提。Silo の read set は既に tuple の pointer (ReadElement の rcdptr) と値の写しを持つので、YCSB では記録済みアドレスの再利用は追加の構造なしで満たせる,extend:validation を開く (healing と同じ),conditional:修復後に読んだ版の ID で trace を記録し直せば (元の版のままだと偽の閉路、修復前の値を使った write が残ると見逃し),原典の数値は維持の overhead のみ (Table 1)。単体の利得は無い。,"Abstract, §1, §2, §3, §4.1-4.8, §5 冒頭・§5.1・§5.2.1・§5.2.5 (Table 1)、付録 F・G (Fig. 19-20, Table 6)"
healing-false-invalidation-elimination,E-repair-batch,Transaction Healing: 偽の invalidation の除去 (read した列の局所コピーとの比較),optimization,Transaction Healing: Scaling Optimistic Concurrency Control on Multicores,SIGMOD 2016,2016,DOI 10.1145/2882903.2915202 (取得元 https://www.comp.nus.edu.sg/~chancy/sigmod16-occ-healing.pdf),"§4.5, Fig. 6, §5.2.5 Table 1 (+Read Copy)",事前宣言: あり (core と同じ)。read 演算ごとに読んだ列の局所コピー。,none,効くのは validation の偽陽性 (読んでいない列の更新) による不要な healing・membership 更新の削減。,validation で timestamp が変わっていても、局所コピーと現在値を比べ、読んだ列が変わっていなければ不整合とみなさない。列が違うだけの更新で dependent transaction が healing に入ることを避ける。,read 時に読んだ列の値を局所に保持し (メモリ確保が増える)、validation 失敗時に値を比較して偽 invalidation かを判定する。,THEDB (Silo 系の OCC)。,core と同じ。偽の invalidation を除くだけなので、実際に値が変わったものは従来どおり healing する。,True,維持の overhead は 2% 未満 (Table 1 の +Read Copy、§5.2.5)。この技法単独の効果を測る ablation は読んだ範囲に無い。,,なし,なし,,,absent-silo-feasible,Silo の read set は値の写し (ReadElement::val_) を持つので比較は足せる。ただし列の区別は無く値全体の比較になり、TID が変わっても値が同じなら新しい版を読んだとみなす扱い (commit TID を新しい TID から計算する) が要る,extend:validation を開く,conditional:値が一致して通した read の版 ID を新しい版の TID に付け替えて trace に記録すれば (元の版のままだと検査器が閉路を出し、付け替えを誤ると見逃す),親の注記: CCBench の YCSB は WRITE が新しく確保した値を、RMW が旧値の memcpy を書くだけで tuple の値が実質変わらない (include/ycsb.hh:128-143)。値の一致で検証を通す技法はこの YCSB ではほぼ全ての read_tid abort を消し、効果が workload の作りの産物になる。段 A の根拠にしない。原典の数値は overhead のみ (Table 1)。,"Abstract, §1, §2, §3, §4.1-4.8, §5 冒頭・§5.1・§5.2.1・§5.2.5 (Table 1)、付録 F・G (Fig. 19-20, Table 6)"
healing-validation-order-rearrangement,E-repair-batch,Transaction Healing: validation 順序の並べ替え (schema の木構造に沿った位相順),optimization,Transaction Healing: Scaling Optimistic Concurrency Control on Multicores,SIGMOD 2016,2016,DOI 10.1145/2882903.2915202 (取得元 https://www.comp.nus.edu.sg/~chancy/sigmod16-occ-healing.pdf),"§4.5, Fig. 7, 付録 G (Fig. 20, Table 6)",事前宣言: あり。schema の表アクセス順が木構造 (TPC-C なら Warehouse → District → Customer ...) で、stored procedure がその順に表を触ること。,delay-on-conflict,効くのは healing 中の membership 更新で起こる deadlock 防止 abort の減少。abort に伴う再実行遅延の削減としては delay-on-conflict に近いが、待ちの短縮ではない (境界事例)。,read/write set を、メモリアドレス順ではなく schema 木の位相順 (同一表内はアドレス順) にロック・validation する。key 依存の復元で新しく挿入される record が常に後ろの順になり、no-wait の lock 失敗による abort が減る。,validation の並びを表の位相順に変更する。healing 中に新 record をロックできなければ abort (no-wait) する仕組みは変えない。,THEDB (Silo 系の OCC)。,serializable を保つ (core の §4.4)。順序を変えても deadlock 回避の性質を保つという論拠は §4.5 に記述。,True,順序を逆にした最悪ケース (THEDB-W) に対し、並べ替えで約 25% 向上 (Fig. 20、付録 G)。deadlock 防止による abort 率は最悪ケースで 0.16 まで上がり、並べ替えありで 0.01 未満 (付録 G、Table 6)。,tree schema でない、または手続きが位相順に表を触らない workload には効くと示されていない (推測: 論文の評価は TPC-C)。,一部,あり,cc/silo/transaction.cc:408 sort(write_set_) (施錠順) ; cc/silo/include/silo_op_element.hh:67 WriteElement::operator< (比較関数),施錠/validation の順序を sort で決める点は同じ (Silo では EVOLVE-BLOCK の対象)。既定はアドレス比較で、論文の schema 木の位相順 (key 依存の復元で挿入される record を後ろに置く) ではない。,absent-prereq-mismatch,schema 木の位相順は複数表と healing の insert を前提にする。YCSB は 1 表で効きようがない。施錠順の比較関数自体は Silo の EVOLVE-BLOCK (WriteElement::operator<) で既に変えられる,n/a,observable (施錠順の変更は読み書きの記録を変えない),根拠は Fig. 20、Table 6 (TPC-C の最悪順序との比較)。YCSB の引数では作れない。,"Abstract, §1, §2, §3, §4.1-4.8, §5 冒頭・§5.1・§5.2.1・§5.2.5 (Table 1)、付録 F・G (Fig. 19-20, Table 6)"
healing-independent-txn-merged-validate-write,E-repair-batch,Transaction Healing: independent transaction の validation と write phase の融合,optimization,Transaction Healing: Scaling Optimistic Concurrency Control on Multicores,SIGMOD 2016,2016,DOI 10.1145/2882903.2915202 (取得元 https://www.comp.nus.edu.sg/~chancy/sigmod16-occ-healing.pdf),§4.6,事前宣言: あり (read/write set が入力引数から実行前に決まる independent transaction であること)。,delay-on-conflict,効くのは lock の保持時間の短縮 (validation を通った record から直ちに書き込みロックを解放する流れ)。conflict 相手の待ち時間を減らす。,key 依存が無い transaction は healing で abort しないので、validation を通った element の write を直ちに反映し、lock 保持を短くする。,validation と write phase を 1 本にまとめ、各 element の validation 通過後にその write を適用する。,THEDB (Silo 系の OCC)。,core の議論 (§4.4) に従う。この融合に固有の証明は読んだ範囲に無い。,True,論文は 'optimal performance' と述べるが、この技法単独の測定値は読んだ範囲に無い。,,なし,なし,,,absent-silo-feasible,healing (abort しない validation) が前提。Silo は全 read の検証後に commit TID を決めてから書くので、要素ごとに検証直後に書くには commit TID を先に決める必要がある。YCSB の取引は key が実行前に決まるので independent に当たる,extend:validation と write phase を開く,conditional:commit TID が修復後の全 read 版より大きいことと、書込み途中の値を lock 保持中に他が読まないことを trace の差し込み点で保てば,単体の測定値は無い (原典は optimal performance と述べるのみ)。,"Abstract, §1, §2, §3, §4.1-4.8, §5 冒頭・§5.1・§5.2.1・§5.2.5 (Table 1)、付録 F・G (Fig. 19-20, Table 6)"
ic3-constrained-interleaving,E-repair-batch,IC3: SC-graph の静的解析と runtime の直接依存の追跡・強制による piece 単位の交互実行,protocol-core,Scaling Multicore Databases via Constrained Parallel Execution,SIGMOD 2016 (読んだ版は NYU Technical Report TR2016-981),2016,DOI 10.1145/2882903.2882934 / https://cs.nyu.edu/media/publications/TR2016-981.pdf,"§1, §3.2, Algorithm 1-2, §3.5",事前宣言: あり (最大)。stored procedure を piece (1 つ以上の DB アクセスの原子単位) に分け、piece 間の SC-graph (static conflict graph、列単位の C-edge) を実行前に Python の解析器で作る。利用者は表名・列名を Get/Put/Scan API で明示する (§5.1)。runtime は transaction ごとの dependency queue、record ごとの accessor list、record ごとの stashed value を持つ。,delay-on-conflict,効くのは conflict した transaction の待ち時間の短縮 (2PL/OCC で直列化される conflict transaction を piece 単位で並行させる)。,各 piece は OCC で原子性を守り、transaction は piece 単位で進める。read/write で生じる直接依存だけを runtime が記録し、後続 piece の実行前に静的解析の情報で待ち方を決める: C-edge が無ければ待たない、依存先の特定 piece だけを待つ、それ以外は依存先の commit まで待つ。read は他 transaction の完了済み piece の書き込み (stashed value) を読める。,piece の commit phase で read/write set をロックして validation し、accessor list から直接の依存先を dependency queue に足す。wait phase (3 場合分け) → execute phase → commit phase の順。transaction の commit は依存先すべての commit を待つ。,Silo のコード基盤 (C++)。piece の原子性は Silo 流の OCC。,serializable。§3.5 に証明の概略、付録に厳密な証明 (未読)。,True,TPC-C の 1 warehouse・64 thread で 434K txn/s、2PL と OCC は 50K txn/s 未満 (Abstract、§1、Fig. 13)。warehouse を 64 から 1 に減らしたとき IC3 の低下は 32% (643K → 435K TPS、§6.3、Fig. 13a)。,1 transaction が 1 表しか触らない workload では利得が無い (§3.4)。低 contention の TPC-C では 2PL より 6% 低く、read-only の lock 取得で OCC より約 15% 低い (§6.3、Fig. 13a)。64 thread でも 1 warehouse では 32 → 64 core で 27% しか伸びない (§6.3、Fig. 13b)。,なし,なし,,,absent-prereq-mismatch,stored procedure の piece への分割と SC-graph の静的解析 (事前宣言) が要り、他取引の完了済み piece の値を読む,n/a,not-observable:他取引の完了済み piece の未 commit 書込み (stashed value) の読みと依存待ちは、commit した取引だけの trace では区別できない,TPC-C 1 warehouse・64 thread で 434K txn/s (Fig. 13)。1 表の YCSB では利得が無い (§3.4)。,"Abstract, §1, §2 (概要), §3.2, §3.4, §3.5, §4.1-4.5, §5.1, §6.3, §6.5 (Fig. 13, 16)"
ic3-optimistic-constraint,E-repair-batch,IC3: piece の実行でなく commit を制約する (constraining pieces optimistically),optimization,Scaling Multicore Databases via Constrained Parallel Execution,SIGMOD 2016 (読んだ版は NYU Technical Report TR2016-981),2016,DOI 10.1145/2882903.2882934 / https://cs.nyu.edu/media/publications/TR2016-981.pdf,"§4.1, Fig. 5, §6.5 Fig. 16a",事前宣言: あり (IC3 と同じ SC-graph)。piece が OCC で守られていること。,delay-on-conflict,効くのは静的解析に由来する不要な待ち (偽の制約) の削減。piece 実行を並行させ、待ちを commit の直前へ移す。,wait phase と execute phase の順を入れ替える。piece をまず待たずに実行し、その後で wait の規則に従って待ち、最後に validation と commit を行う。piece の commit 時間は実行時間より短いので、直列化される区間が縮む。,Algorithm 1 で wait phase を execute phase の後・commit phase の前に置く。,IC3 (Silo 基盤)。,IC3 の serializable の議論の範囲 (§3.5)。piece の原子性を OCC が守ることに依拠。,True,TPC-C の 1 warehouse で、Basic 224K に対し +Optimistic Constraint で 296K TPS、64 thread で 32% 向上 (§6.5、Fig. 16a)。,,なし,なし,,,absent-prereq-mismatch,IC3 の SC-graph と piece 単位の実行が前提,n/a,not-observable:他取引の完了済み piece の未 commit 書込み (stashed value) の読みと依存待ちは、commit した取引だけの trace では区別できない,TPC-C 1 warehouse で 224K から 296K TPS (Fig. 16a)。,"Abstract, §1, §2 (概要), §3.2, §3.4, §3.5, §4.1-4.5, §5.1, §6.3, §6.5 (Fig. 13, 16)"
ic3-commutative-operation,E-repair-batch,IC3: 可換な書き込み piece を制約なしに (commit 時まで遅延して) 実行する,optimization,Scaling Multicore Databases via Constrained Parallel Execution,SIGMOD 2016 (読んだ版は NYU Technical Report TR2016-981),2016,DOI 10.1145/2882903.2882934 / https://cs.nyu.edu/media/publications/TR2016-981.pdf,"§4.3, §6.3, §6.5 Fig. 16a","事前宣言: あり。利用者が可換性を Update(table, key, value, op) の API で明示する (op は加算などの可換な累積関数)。書き込み piece が後続 piece に使われる値を返さないこと。",delay-on-conflict,効くのは可換な書き込みへの不要な制約 (待ち) の除去。hot record の累積更新が並行に進む。,2 つの書き込み piece が可換なら実行順を制約しなくてよい。ただし Silo 流の背景 snapshot の read と可換でないため、可換演算の実行を transaction の commit phase へ遅らせる。,Update API で可換演算を宣言し、commit phase で適用する。,IC3 (Silo 基盤)。,遅延が常に可能なのは、可換な書き込み piece が後続に使う値を返さない場合に限る (§4.3 脚注)。,True,TPC-C の 1 warehouse で、可換演算を制約なしに走らせると 296K → 435K TPS (40% 向上、§6.5、Fig. 16a)。,可換性の宣言が要る。値を返す piece には使えない (§4.3 脚注)。,なし,なし,,,absent-prereq-mismatch,可換演算の型と Update API による宣言が要る。YCSB の点書きは通常の Put,n/a,not-observable:他取引の完了済み piece の未 commit 書込み (stashed value) の読みと依存待ちは、commit した取引だけの trace では区別できない,TPC-C 1 warehouse で 296K から 435K TPS (Fig. 16a)。,"Abstract, §1, §2 (概要), §3.2, §3.4, §3.5, §4.1-4.5, §5.1, §6.3, §6.5 (Fig. 13, 16)"
ic3-rendezvous-piece,E-repair-batch,IC3: rendezvous piece による待ち時間の短縮,optimization,Scaling Multicore Databases via Constrained Parallel Execution,SIGMOD 2016 (読んだ版は NYU Technical Report TR2016-981),2016,DOI 10.1145/2882903.2882934 / https://cs.nyu.edu/media/publications/TR2016-981.pdf,"§4.2, Fig. 6-7, §6.5 Fig. 16b",事前宣言: あり (SC-graph の解析で、他の transaction 型の piece ごとに rendezvous piece を求めて印付け)。,delay-on-conflict,効くのは依存先 transaction の commit を待つ場合の待ち時間の短縮。,piece p が依存先の特定 piece に C-edge を持たないとき、p より後ろの piece q と依存先の piece r に C-edge があれば、r を p の rendezvous piece とし、r の完了だけを待って p を進める。transaction 全体の commit を待つ場合より待ちが短い。,静的解析で merge 後に rendezvous piece を探して SC-graph に印を付け、runtime の wait phase で使う。,IC3 (Silo 基盤)。,IC3 の議論の範囲 (§3.5)。,True,TPC-C には rendezvous piece が無く、last-order-status を足した 50% new-order・50% last-order-status の混合で、基本プロトコルに対し 289K 対 235K TPS、64 core で 23% 向上 (§6.5、Fig. 16b)。,標準の TPC-C には効く場面が無い (§6.5)。,なし,なし,,,absent-prereq-mismatch,SC-graph の静的解析で rendezvous piece を求めることが前提,n/a,not-observable:他取引の完了済み piece の未 commit 書込み (stashed value) の読みと依存待ちは、commit した取引だけの trace では区別できない,標準 TPC-C には効く場面が無く、last-order-status を足した混合で +23% (Fig. 16b)。,"Abstract, §1, §2 (概要), §3.2, §3.4, §3.5, §4.1-4.5, §5.1, §6.3, §6.5 (Fig. 13, 16)"
ic3-online-analysis-transitional-scgraph,E-repair-batch,IC3: 新しい transaction 型を止めずに加える online analysis (transitional SC-graph),optimization,Scaling Multicore Databases via Constrained Parallel Execution,SIGMOD 2016 (読んだ版は NYU Technical Report TR2016-981),2016,DOI 10.1145/2882903.2882934 / https://cs.nyu.edu/media/publications/TR2016-981.pdf,"§4.5, Fig. 8-11",事前宣言: あり (SC-graph を実行中に更新する。旧と新の SC-graph の併用規則)。,none,効くのは運用上の適用範囲 (静的 workload の前提を外す) であり、性能の 3 分類には当てはまらない。,新しい transaction 型を加えて SC-graph を更新するとき、C-edge が増えるだけなら旧 workload の transaction を継続して処理してよい。piece の merge が起きる更新では、旧と新を合わせた transitional SC-graph (sub-piece を持つ入れ子の piece) を使い、全 worker が新 graph に移るまで旧 workload に適用する。,transitional SC-graph の sub-piece の実行を強制し、依存の追跡は sub-piece の末尾で行うが、validation と commit は外側の piece の終了時に行う。,IC3。,§4.5 に整合性の議論。詳細は別報 [51] とされる (未読)。,True,読んだ範囲に性能数値は無い。,,なし,なし,,,absent-prereq-mismatch,SC-graph を実行中に更新する IC3 の静的解析が前提,n/a,not-observable:他取引の完了済み piece の未 commit 書込み (stashed value) の読みと依存待ちは、commit した取引だけの trace では区別できない,性能数値は無い。,"Abstract, §1, §2 (概要), §3.2, §3.4, §3.5, §4.1-4.5, §5.1, §6.3, §6.5 (Fig. 13, 16)"
doppel-phase-reconciliation,E-repair-batch,Doppel: phase reconciliation (joined / split / reconciliation の 3 phase と per-core slice),protocol-core,Phase Reconciliation for Contended In-Memory Transactions,OSDI 2014,2014,https://www.usenix.org/system/files/conference/osdi14/osdi14-paper-narula.pdf,"§1, §4, §5.1-5.4, Fig. 1-4",事前宣言: なし (read/write set の事前宣言は要らない)。ただし transaction は 1 shot の手続き (途中で通信・disk I/O をしない)、record は型付き値で演算が型ごとに定義される (§3)。分割する record と演算は実行時に自動選定 (§5.5)。分割対象の演算は可換で、値を返さず、slice の大きさが演算数に依らないこと (§4)。,cpu-cache,効くのは hot record への書き込みが 1 本の cache line を奪い合う直列化 (論文が 'expensive cache line transfers' を挙げる)。core ごとの slice に書き込みを分散する。,contention の高い record を split 状態にし、split phase では各 core がその record への可換な演算を自分の slice に適用して並行に進める。reconciliation phase で slice を全体の record に O(core 数) で併合する。joined phase は Silo 流 OCC で任意の transaction を実行する。書き込みを split phase に、その record への read などを joined phase にまとめる。,coordinator が phase 遷移を全体で調整 (既定 20 ms 周期)。split 中に選定外の演算を split record に行う transaction は stash して次の joined phase で再実行。commit は split phase 版のアルゴリズム (split 書き込みを slice へ適用、ロックと validation は対象外)。,Silo 流の OCC (自前 Go 実装 Doppel)。,serializable。§5.6 に論拠 (phase を単位に考える議論、後半は未読)。,False,INCR1 で hot key への increment が 100% のとき、Doppel は Atomic の 6.2 倍、2PL の 19 倍、OCC の 38 倍 (§8.2、Fig. 8、20 core)。LIKE で偏りのある workload の read 50% では OCC の約 2 倍 (§8.6、Table 3 付近の本文)。,split 中の hot data への read は次の joined phase まで待ち、最大 20 ms の遅延 (§8.6、Table 3)。書き込みの少ない workload では split せず OCC と同等 (§8.2 Fig. 8 左端、§8.5 Fig. 12)。可換でない演算 (通常の Put) は split できない (§4)。,なし,なし,,,absent-prereq-mismatch,可換演算の型 (Add / Max 等) と record の per-core slice、phase の全体切替が要る。YCSB の点書きは通常の Put で split できない,n/a,not-observable:per-core slice への可換演算の適用は key ごとの read/write の版として記録されない,INCR1 (hot key への increment 100%) で OCC の 38x (Fig. 8)。YCSB の引数では作れない。,"Abstract, §1, §2, §3, §4, §5.1-5.6 (5.6 は冒頭のみ)、§8.1-8.2, §8.4-8.7 (Fig. 8-14, Table 3)"
doppel-splittable-commutative-operations,E-repair-batch,Doppel: 分割可能な演算の集合 (Max / Min / Add / OPut / TopKInsert) と 4 つの指針,optimization,Phase Reconciliation for Contended In-Memory Transactions,OSDI 2014,2014,https://www.usenix.org/system/files/conference/osdi14/osdi14-paper-narula.pdf,"§4, Fig. 5",事前宣言: 部分的 (利用者が演算を API で選ぶ。read/write set の宣言ではない)。演算が自身と可換、値を返さない、slice が演算数に依らない大きさ、split record ごとに 1 phase 1 演算を選ぶ。,cpu-cache,core と同じ: hot record の cache line 競合を、可換演算の slice 化で避ける。,slice の適用と併合の組み合わせが通常の演算と同じ効果になる演算だけを split の対象にする。順序付きタプル (OPut) や top-K 集合は、順序値と core ID で可換にする。,演算ごとに slice の初期化・適用・併合関数を実装する。split record に対し選定外の演算を行う transaction は stash する。,Doppel。,各演算が可換であること、値を返さないことが正しさの鍵 (§4、§5.6)。,False,"core と同じ (Fig. 8, Fig. 11)。",可換でない演算は対象外。read を伴う使い方では stash が増える (§8.5)。,なし,なし,,,absent-prereq-mismatch,演算ごとの slice の初期化・適用・併合と可換性が要る,n/a,not-observable:per-core slice への可換演算の適用は key ごとの read/write の版として記録されない,core と同じ根拠 (Fig. 8、Fig. 11)。YCSB の引数では作れない。,"Abstract, §1, §2, §3, §4, §5.1-5.6 (5.6 は冒頭のみ)、§8.1-8.2, §8.4-8.7 (Fig. 8-14, Table 3)"
doppel-contention-classification,E-repair-batch,Doppel: 標本による conflict の多い record の自動分類 (split / reconciled の切替),optimization,Phase Reconciliation for Contended In-Memory Transactions,OSDI 2014,2014,https://www.usenix.org/system/files/conference/osdi14/osdi14-paper-narula.pdf,"§5.5, §8.4 (Fig. 11, Table 2)",事前宣言: なし。joined 中の conflict した record と演算の標本カウンタ、split 中の stash と書き込みの標本。,none,効くのは 'どの record を split するか' の選定 (適用範囲の自動化)。性能の 3 分類とは別の、機構の適用判断。,joined phase で conflict (abort の原因) が多い record とその演算を標本で数え、次の split phase に向けて上位の record を split にする。split 中の stash と書き込みの標本で、split を戻す、または選定演算を変えるかを決める。手動の指定も可能だが評価では自動のみ。,coordinator が遷移時にカウンタを見て split 対象の一覧を作り、各 core が split phase の開始前に読む。,Doppel。,分類は正しさに関与しない (どの record を split してもよい)。正しさは §4-5.6 の演算の可換性に依る。,False,INCRZ (Zipf) で α が 0.8 を超えると分割が始まり、α が大きいと上位数 key を分割する (§8.4、Fig. 11、Table 2)。,hot key が read 中心だと分割が不利で、判断が難しい (§8.5、Fig. 12: 書き込み 30% 未満では分割しない)。,一部,なし,cc/mocc/transaction.cc:277 record の temperature (epotemp_) と閾値 FLAGS_temp_threshold で高競合 record を判別 ; cc/mocc/transaction.cc:297 高温 record は lock() で悲観制御に切替,conflict の多い record を標本 (abort に基づく温度) で見分けて扱いを変える点は近い。MOCC は高温 record を悲観 lock で守るだけで、Doppel の split (可換演算の core 別 slice 化) ではなく、split の解除や演算の選び直しも無い。,absent-prereq-mismatch,split (可換演算の slice 化) が前提。conflict の多い record を abort 標本で見分ける部分は MOCC の温度 (cc/mocc/transaction.cc の epotemp_) に近いが、分類した後の扱いが split である,n/a,not-observable:per-core slice への可換演算の適用は key ごとの read/write の版として記録されない,INCRZ で Zipf α 0.8 超から分割が始まる (Fig. 11、Table 2)。,"Abstract, §1, §2, §3, §4, §5.1-5.6 (5.6 は冒頭のみ)、§8.1-8.2, §8.4-8.7 (Fig. 8-14, Table 3)"
doppel-adaptive-phase-scheduling,E-repair-batch,Doppel: phase 遷移の周期と feedback による遅延・前倒し,optimization,Phase Reconciliation for Contended In-Memory Transactions,OSDI 2014,2014,https://www.usenix.org/system/files/conference/osdi14/osdi14-paper-narula.pdf,"§5.4, §8.6-8.7, Fig. 13-14, Table 3",事前宣言: なし。coordinator thread、worker の acknowledgement、stash した transaction の数。,delay-on-conflict,効くのは split record への read の待ち (latency) と phase 遷移費用のバランス。conflict した read の待ち時間の制御にあたる。,coordinator は既定 20 ms ごとに phase を切り替えるが、joined で conflict が少なければ split を遅らせ、split 中に stash が多すぎれば joined を前倒しする。worker は stash 済み transaction の処理が済むまで split の acknowledgement を遅らせられる。,全 worker が acknowledgement するまで待つ barrier 型の遷移。phase 長の下限は遷移に約 0.5 ms かかることで決まる。,Doppel。,正しさに関与しない (性能の調整)。,False,phase 長が短いほど read の latency は低い。良い throughput を保つ最短の phase 長は 5 ms (§8.7、Fig. 13-14 の本文)。,phase 長が極端に短いと遷移費用で throughput が下がる (§8.7、Fig. 14)。split 中の read は最大 20 ms 待つ (§8.6、Table 3)。,なし,なし,,,absent-prereq-mismatch,Doppel の coordinator と phase の barrier 型切替、split が前提,n/a,not-observable:per-core slice への可換演算の適用は key ごとの read/write の版として記録されない,最短の phase 長 5 ms (Fig. 13-14)。,"Abstract, §1, §2, §3, §4, §5.1-5.6 (5.6 は冒頭のみ)、§8.1-8.2, §8.4-8.7 (Fig. 8-14, Table 3)"
bohm-separated-cc-and-execution,E-repair-batch,BOHM: 並行性制御と transaction 実行の分離 (placeholder 版の事前作成と log 位置の timestamp),protocol-core,Rethinking serializable multiversion concurrency control,PVLDB 8(11),2015,"PVLDB Vol. 8, No. 11, pp. 1190-1201 (bohm-pvldb2015.pdf)","§1, §3, §3.1, §3.2.1-3.2.3, §3.3.1, Fig. 2-4",事前宣言: あり (最大)。transaction 全体を一括で投入する (cursor 型の分割投入は不可)。write set を実行前に決める (利用者宣言・DB 側の解析・試走の推測のいずれか)。batch 処理。read set は原則要らない (要ると版の参照付与の最適化が使える)。,cpu-cache,効くのは共有メモリへの競合する書き込みの排除 (中央 timestamp counter、read の記録、lock table)。論文の設計方針は 'write to shared memory を避ける' こと。,input log の位置を timestamp にして (単一 thread が採番)、CC thread が write set の各 record に対し内容未初期化の版 (placeholder) を実行前に作って連結する。実行 thread は log を読み、read は連結リストを辿って可視版を見つけ、未書き込みなら待つ。read は write を止めない。read の記録も validation も無い悲観的な設計。,CC thread は record を分割して担当し、thread 局所の状態で版を作る。実行 thread は transaction を Unprocessed / Executing / Complete の状態で分担し、読み依存が満たされないときは依存元の transaction を再帰的に実行する。,自前 C++ 実装 (multi-version、Hekaton・SI・Silo OCC・2PL と比較)。,serializable (timestamp 順の直列実行と等価)。log 位置順序を保つ設計に依る論拠 (§3)。厳密な証明の所在は読んだ範囲に無い。,True,YCSB 2RMW-8R の高 contention (theta 0.9) で SI・Hekaton を大きく上回る (Fig. 6 上、40 core)。SmallBank の低 contention で 40 thread のとき BOHM は 3M txn/s 超、Hekaton・SI は約 1M txn/s (§4.3 の本文、Fig. 9 下)。長い read-only を混ぜた場合、read-only が 1% のとき multi-version は OCC・locking の約 10 倍 (§4 の本文、Fig. 8)。,"10RMW の高 contention では locking に負ける: 版の作成 overhead が競合期間内に払われるため (§4.2、Fig. 5 上)。低 contention でも OCC に及ばない場合がある (Fig. 6 下、§4.2)。write set の事前決定と一括投入が要る (§1, §3)。",なし,なし,,,absent-prereq-mismatch,batch 投入・write set の事前決定・多版の placeholder が要り、Silo の単版 OCC と合わない,n/a,conditional:多版 (log 位置の timestamp) の版 ID と直列化順を trace に差し込めば,YCSB 2RMW-8R theta 0.9 で SI・Hekaton を上回る (Fig. 6)。事前宣言と batch は CCBench の実行形に無い。,"Abstract, §1, §2 冒頭 (2.1 は見出しのみ)、§3.1-3.3.2, §4 冒頭・§4.1-4.3 の本文 (Fig. 5-9)"
bohm-partitioned-cc-threads,E-repair-batch,BOHM: record を CC thread に分割して担当させる (intra-transaction parallelism と thread 局所の版参照),optimization,Rethinking serializable multiversion concurrency control,PVLDB 8(11),2015,"PVLDB Vol. 8, No. 11, pp. 1190-1201 (bohm-pvldb2015.pdf)",§3.2.2-3.2.3,事前宣言: あり (write set)。record の CC thread への論理分割 (同じ record は常に同じ thread)。,cpu-cache,効くのは版連結の更新で起きる cache coherence traffic の除去と、thread ごとの cache footprint の縮小。,各 CC thread は全 transaction の write set を見て自分の担当 record だけに版を作る。同じ hot record の版は常に同一 thread が書くので、競合する書き込みや通信が無い。CC thread を増やすと 1 transaction の処理が並列化され、担当 key が減って cache footprint が小さくなる。,record 単位の担当は thread 局所の判断。全 CC thread が全 transaction を調べるため Amdahl 的な限界があり、前処理層で担当 thread に転送する案を論文が述べる (未実装)。,BOHM。,core と同じ。,True,CC thread を増やすと throughput が上がるとの記述 (§3.2.2、§4.1 Fig. 4 の実験の意図)。数値は図のみで本文では読んでいない。,全 CC thread が全 transaction を調べる直列部分が、thread を増やしたときの上限になりうる (§3.2.2、論文は実験では遭遇せず)。,なし,なし,,,absent-prereq-mismatch,write set の事前宣言と CC thread の分担 (BOHM の構造) が前提,n/a,conditional:多版 (log 位置の timestamp) の版 ID と直列化順を trace に差し込めば,数値は図のみ (Fig. 4)。,"Abstract, §1, §2 冒頭 (2.1 は見出しのみ)、§3.1-3.3.2, §4 冒頭・§4.1-4.3 の本文 (Fig. 5-9)"
bohm-batching,E-repair-batch,BOHM: batch 単位の barrier で調整費用を償却する,optimization,Rethinking serializable multiversion concurrency control,PVLDB 8(11),2015,"PVLDB Vol. 8, No. 11, pp. 1190-1201 (bohm-pvldb2015.pdf)",§3.2.4,事前宣言: あり (batch 化)。transaction を蓄積する採番 thread と CC thread 間の barrier。,cpu-cache,効くのは thread 間の同期 (共有変数への書き込み・待ち合わせ) の頻度。cache line の競合ではなく調整の償却。,transaction ごとの barrier では CC thread が lock step になり、無関係の thread も待たされる。batch の全 transaction を独立に処理し、batch の終わりだけ global barrier に入る。batch の途中で thread 間の進み具合が違ってもよい (同じ record は同じ thread が処理するため安全)。,採番 thread が batch を作って CC thread に渡し、CC thread が batch 単位で barrier に入る。実行層の thread も batch 単位で進む。,BOHM。,core と同じ。,True,この技法単独の ablation は読んだ範囲に無い。,batch の間は transaction を実行層へ渡せないので、遅延が増える (推測: 論文は §3.2.4 で遅延に触れていない)。,なし,なし,,,absent-prereq-mismatch,batch 化と CC thread 間の barrier が前提,n/a,conditional:多版 (log 位置の timestamp) の版 ID と直列化順を trace に差し込めば,単体 ablation は無い。,"Abstract, §1, §2 冒頭 (2.1 は見出しのみ)、§3.1-3.3.2, §4 冒頭・§4.1-4.3 の本文 (Fig. 5-9)"
bohm-read-set-version-annotation,E-repair-batch,BOHM: read set の先行知識による可視版の参照付与 (連結リストの走査の省略),optimization,Rethinking serializable multiversion concurrency control,PVLDB 8(11),2015,"PVLDB Vol. 8, No. 11, pp. 1190-1201 (bohm-pvldb2015.pdf)","§3.2.3, §4.2.3 (long read-only の実験、Fig. 8)",事前宣言: あり (read set も実行前に知っている場合のみ。write set の宣言に加えて)。transaction 内に版参照を入れる事前確保の領域。,version-lifetime,効くのは長く連なった版の連結リストを走査する費用 (人気 record の版が多いとき)。版連結の長さに起因する費用の削減。,CC thread が read 対象の record について、その時点の最新版への参照を transaction の予約済みの語に書く。実行 thread は連結リストを辿らず直接その版を読む。read の記録は共有メモリに書かず、参照の書き込みも担当 thread だけが行う。,read 対象の record を担当する CC thread が、最新版への参照を transaction の予約領域に書き込む。,BOHM。,core と同じ。,True,長い read-only transaction を混ぜた workload で BOHM は Hekaton・SI を大きく上回り、論文はこの技法に帰属させる (§4 の本文、Fig. 8)。Hekaton・SI では可視版に至るまで後続版をたどる版走査が避けられない。,read set を実行前に知らなければ使えない (§3.2.3)。,なし,なし,,,absent-prereq-mismatch,read set の事前宣言と版の連結リスト (多版) が前提,n/a,conditional:多版 (log 位置の timestamp) の版 ID と直列化順を trace に差し込めば,長い read-only 取引の混合 (Fig. 8)。,"Abstract, §1, §2 冒頭 (2.1 は見出しのみ)、§3.1-3.3.2, §4 冒頭・§4.1-4.3 の本文 (Fig. 5-9)"
bohm-batch-low-watermark-gc,E-repair-batch,BOHM: batch 単位の低水位標による版の回収 (RCU 型),optimization,Rethinking serializable multiversion concurrency control,PVLDB 8(11),2015,"PVLDB Vol. 8, No. 11, pp. 1190-1201 (bohm-pvldb2015.pdf)",§3.3.2,事前宣言: あり (batch 化)。実行 thread ごとの batch 番号と global の低水位標。,version-lifetime,効くのは古い版の回収時期の決定 (どの版が今後どの transaction からも見えないかの判定を batch 番号の比較に単純化)。,batch b の transaction が新版を作ると、直前の版は b より後の batch からは見えない。全実行 thread が batch b を終えた時点で回収できるとして、実行 thread ごとの batch 番号の最小値を global の低水位標とし、定期的に更新する。,各実行 thread が自分の batch 番号を公開し、指定された 1 thread が最小値を計算して低水位標に書く。RCU 流の回収。,BOHM。,回収した版が今後どの transaction からも見えないことが、batch 順序から導かれる (§3.3.2)。,True,比較対象の Hekaton・SI は回収を無効にして測っているため、BOHM の利得は控えめな見積りと論文が述べる (§4 冒頭)。回収単独の測定値は読んだ範囲に無い。,,一部,なし,cc/cicada/util.cc:285 全 thread の値から MinRts/MinWts を leader が更新 ; cc/cicada/transaction.cc:806 gc_versions (MinRts 未満の版を回収),thread ごとの進捗の最小を低水位標にして版を回収する点は同じ。単位は batch 番号ではなく timestamp で、新版作成時に直前の版を回収候補にする batch 規則ではない。,absent-prereq-mismatch,batch と多版が前提。thread ごとの進捗の最小で版を回収する形は Cicada (cc/cicada の MinRts と gc_versions) にある,n/a,conditional:多版の版 ID の差し込み点を合わせれば (回収済み版の読みは版 ID の不一致として出る),回収単独の測定値は無い。,"Abstract, §1, §2 冒頭 (2.1 は見出しのみ)、§3.1-3.3.2, §4 冒頭・§4.1-4.3 の本文 (Fig. 5-9)"
tcm-timestamp-range,E-repair-batch,TCM: transaction ごとの timestamp 範囲の管理 (timestamping conflict manager),protocol-core,Multi-Version Concurrency via Timestamp Range Conflict Management,ICDE 2012,2012,lomet2012.pdf (IEEE ICDE 2012),"§I.B-C, §II.A-E (principles 1-8), §II.F","事前宣言: なし。transaction ごとの [early, late) の範囲、transaction control block、通常の lock manager (conflict 検出用)、最近 commit した transaction の情報の保持。",delay-on-conflict,効くのは read-write conflict で reader を待たせず前の版を読ませる (blocking を減らす) こと、abort を減らすこと。,conflict を検出するたびに、その transaction の commit timestamp の許容範囲を狭める。reader は writer が作る版より前の版を読み、範囲を writer より前に置くことで並行に進める。範囲が空になるときだけ abort する。commit 時に範囲内から timestamp を選ぶ。conflict が無い場合の経路は通常の lock manager と同じ。,conflict 時にだけ範囲を調整する (principles 1-8)。MySQL 5.1.48 の InnoDB の lock manager (lock_rec_lock_slow) を改造。ただし blocking の再開規則を実装せず、block になる場合は abort にした (§VI.E.1)。,InnoDB の 2PL lock manager (serializable 用) に版管理の上乗せ。,serializable。§II.F の多版の直列化グラフ (MVSG) による論拠。timestamp 順が直列化順と一致する。,False,評価は 100 行・20 client の小さな benchmark 1 種のみ: S2PL の 3305 txn/s に対し TCM 3656 txn/s (約 10% 向上、§VII.B、Fig. 8)、abort 率 0.428% 対 1.018% (Fig. 9)。record lock の処理時間は平均 2145.44 µs (S2PL) 対 2252.87 µs (TCM) (§VII.A、Fig. 6)。測定機は Core2 Duo (2 core)。,現実の実装では blocking の代わりに abort を選んでいる (§VI)。大規模 workload・多コアでの評価は無い (§VII)。timestamp counter が 64 bit の単純な採番で、範囲の調整の自由度が小さいと論文が述べる (§VI.A)。,一部,なし,cc/tictoc/transaction.cc:334 validationPhase (commit timestamp を read/write set の wts/rts から後決め) ; cc/tictoc/transaction.cc:46 preemptiveAborts,"TicToc は commit timestamp を tuple の [wts, rts] から後決めし、reader を writer より前に置ける点が近い。TCM の『conflict 検出のたびに tx の許容 timestamp 範囲を狭め空なら abort』の管理ではなく、範囲は validation 時にまとめて計算する。",absent-prereq-mismatch,取引ごとの timestamp 範囲、多版 (writer の版より前の版を読む) と lock manager が前提。commit timestamp の後決めは TicToc (cc/tictoc) に近い形がある,n/a,conditional:範囲から選んだ commit timestamp を直列化順として trace に差し込めば (commit 順と直列化順が違う),評価は 100 行・20 client・2 core の小規模 1 種 (Fig. 8、Fig. 9)。,"Abstract, §I, §II (A-F), §III の冒頭と principle, §V.A, §VI, §VII, §VIII.A-D"
tcm-block-instead-of-abort,E-repair-batch,TCM: abort になる場合に限って block する (blocking instead of abort),optimization,Multi-Version Concurrency via Timestamp Range Conflict Management,ICDE 2012,2012,lomet2012.pdf (IEEE ICDE 2012),"§II.C, §V.A",事前宣言: なし。timestamp 範囲による待ち可否の判定。,delay-on-conflict,効くのは write-write・read-write conflict での abort の一部を待ちに置き換えること。待ち時間と abort のあいだの選択。,snapshot isolation 系が write-write conflict で即 abort するのに対し、TCM は範囲が許せば新しい writer を待たせて abort を避ける。'always block' は従来の locking になるので、abort にしかならない場合だけ block する。,範囲の判定で block か abort かを選ぶ。実装 (InnoDB) では block の再開規則を実装せず abort にしている (§VI.E.1)。,InnoDB の lock manager。,core と同じ (§II.F)。,False,abort 率が 1.018% から 0.428% に下がる (§VII.B、Fig. 9)。ただし実装は block せず abort にしているので、この数値は本技法の効果ではなく timestamp 範囲による並行 read-write の効果 (読んだ範囲の解釈)。,block を実装していない (§VI.E.1)。,一部,なし,cc/ss2pl/transaction.cc:172 #ifdef DLR0 (lock 待ち) と 179 (no-wait で abort) を flag で切替 ; cc/mocc/transaction.cc:721 lock() (悲観 lock は待つ),待つか abort するかを flag で固定選択する点は近い。TCM は範囲が許す間は待たせ、abort にしかならない場合だけ abort/block を決める動的判断で、CCBench にはそれが無い。,absent-silo-feasible,TCM の判断基準 (timestamp 範囲が許すか) は多版前提で Silo に無い。Silo で入るのは「commit 時の write lock 衝突で即 abort せず上限つきで待つ」という一般形だけで、CCBench には上限つきで待ってから abort する経路が無い,v1,observable,v1 の lock hook (1 回 50 µs・1 tuple 32 回まで、試行番号と乱数と worker 状態で待つか abort かを決める) で書ける。zipf 0.9 以上・rmw・高 thread で lock_conflict の abort が多い条件。原典は block を実装しておらず性能根拠が無い (§VI.E.1)。,"Abstract, §I, §II (A-F), §III の冒頭と principle, §V.A, §VI, §VII, §VIII.A-D"
tcm-range-deadlock-detection,E-repair-batch,TCM: timestamp 範囲による deadlock の保守的検出 (待ち有向グラフを使わない),optimization,Multi-Version Concurrency via Timestamp Range Conflict Management,ICDE 2012,2012,lomet2012.pdf (IEEE ICDE 2012),"§I.C contribution 3, §II.C, principle 7",事前宣言: なし。transaction の timestamp 範囲が全 conflict を反映していること。,none,効くのは deadlock 検出の費用 (graph の循環検出の省略)。3 分類には当てはまらない。,循環待ちが起きると、新しい conflict を範囲の調整で解決できなくなることで検出する。保守的で、本当は避けられた場合にも abort しうる。,principle 7 (待つ transaction の範囲を待たれる側より後で互いに素にする) により、範囲の検査だけで deadlock を見つける。,InnoDB の lock manager。,core と同じ (§II.F)。,False,評価は無い。論文は deadlock が低頻度で費用が問題にならないと述べる (§II.C)。,,なし,なし,,,absent-prereq-mismatch,取引ごとの timestamp 範囲が全 conflict を反映していることが前提 (TCM の lock manager),n/a,conditional:範囲から選んだ commit timestamp を直列化順として trace に差し込めば (commit 順と直列化順が違う),評価は無い。,"Abstract, §I, §II (A-F), §III の冒頭と principle, §V.A, §VI, §VII, §VIII.A-D"
tcm-read-only-transaction-optimization,E-repair-batch,TCM: read-only 宣言 transaction の lock 省略 (討論のみ、未実装・未評価),optimization,Multi-Version Concurrency via Timestamp Range Conflict Management,ICDE 2012,2012,lomet2012.pdf (IEEE ICDE 2012),§VIII.D,事前宣言: あり (transaction が read-only と宣言すること)。全 read/write transaction の early より前の時刻を見つけられること。,none,効くのは read-only transaction の lock manager への訪問の省略。論文は討論として述べるだけで、性能効果の主張が無い。,read-only と宣言した transaction が、同時に動く read/write transaction すべての early より前の時刻を選べれば、過去時点の as-of query と同じく TCM に許可を求めず読む。並行する updater がいる場合は RO.late を RO.early に置いて conflict を最小にする。,as-of 時刻の選択と、RO の範囲設定。実装なし。,TCM (提案のみ)。,討論の範囲。,True,評価なし。,,一部,なし,cc/cicada/transaction.cc:93 read-only tx は rts_ の snapshot を読む ; cc/cicada/transaction.cc:934 validation を省略 ; cc/mvto/transaction.cc:46,read-only 宣言 tx が過去時点 (rts) の snapshot を許可なしで読む点は同じ。TCM の討論は並行 updater を early/late の範囲で扱う案 (未実装) で、CCBench は MinWts-1 の固定時刻で読むだけ。,ccbench-present,近い形は Cicada・MVTO にある (cc/cicada/transaction.cc と cc/mvto/transaction.cc: read-only 取引が rts の snapshot を検証なしで読む)。Silo は単版で過去版が無く移植できない。範囲で扱う TCM 固有の案は原典でも未実装の討論,n/a,conditional:snapshot の時刻 (rts) を直列化順として trace に差し込めば,評価は無い (§VIII.D の討論のみ)。,"Abstract, §I, §II (A-F), §III の冒頭と principle, §V.A, §VI, §VII, §VIII.A-D"
pwv-early-write-visibility,E-repair-batch,PWV: early write visibility (commit point 以後の書き込みを完了直後に可視化) と piece 単位の決定的実行,protocol-core,High Performance Transactions via Early Write Visibility,PVLDB 10(5),2017,"PVLDB Vol. 10, No. 5, pp. 613-624 (https://www.vldb.org/pvldb/vol10/p613-faleiro.pdf)","§3, §4, §4.1, §4.3 (Constraint 1-2), §4.4",事前宣言: あり (最大)。決定的 (deterministic) な concurrency control で、transaction の read/write set を事前に (または保守的な範囲で) 知る。transaction を data-flow 解析で piece の DAG に分解 (論文の実装は手で分解)。abort しうる文を制限する (論理 abort のみ、任意 abort を禁止)。batch 処理。,delay-on-conflict,効くのは書き込みが他 transaction から見えるまでの遅れ (write visibility delay) による conflict transaction の待ち。,transaction の abort が起きうる文がすべて終われば commit が確定するので、commit point 以前の書き込みは abortable な piece がすべて終わってから、以後の書き込みは完了直後に可視にする。piece を deterministic に並べ、conflict する piece だけを順序づける。,commit point 以後の書き込み piece は、先行の abortable piece に commit 依存の辺を持つ。partition ごとの dependency graph を batch の全体について実行前に作る。,自前 (multi-core の deterministic 実行。locking・OCC・transaction chopping (IC3)・read committed と比較)。,serializable かつ cascading abort なし (§4.3 の Constraint 1-2)。論文は、read/write set が先行既知で cascading abort を避ける serializable な protocol の中で、理想的な PWV より並行度を出せるものは無いと証明したと述べる (§1、証明の所在は読んだ範囲に無い)。,True,YCSB 20 RMW で abort 文が無いとき、40 core で PWV は OCC・Locking・RC の 15 倍・7 倍・3 倍 (§5.1、Fig. 3b)。,commit position (abort 文の位置) が後ろになるほど PWV の throughput は大きく下がる (§5.2、Fig. 4b)。ただし intra-transaction parallelism で書き込み可視の遅れを縮めるため、locking・OCC よりは高いまま。低 contention ではほとんど影響が無い (Fig. 4a)。,なし,なし,,,absent-prereq-mismatch,決定的実行・read/write set の事前宣言・batch・piece の DAG が要る,n/a,conditional:決定的な直列化順 (batch 内の順) と早期可視の書込みの版 ID を trace に差し込めば,YCSB 20 RMW・40 core で OCC の 15x (Fig. 3b)。事前宣言と batch は CCBench の実行形に無い。,"Abstract, §1, §2.2-2.3, §3, §4 (4.1-4.4, 4.5.2 の冒頭)、§5.1-5.3 の本文 (Fig. 3-5)"
pwv-rvp-commit-protocol,E-repair-batch,PWV: rendezvous point (RVP) による piece 間の依存調整と軽量な commit protocol,optimization,High Performance Transactions via Early Write Visibility,PVLDB 10(5),2017,"PVLDB Vol. 10, No. 5, pp. 613-624 (https://www.vldb.org/pvldb/vol10/p613-faleiro.pdf)","§4.2, §4.4.1",事前宣言: あり (piece の DAG)。RVP のカウンタ (親 piece 数で初期化)、abortable piece ごとの commit RVP。,none,効くのは piece 間の同期と commit 判定の費用 (共有ロック・待ち合わせの代わりにカウンタ)。3 分類のいずれとも言えない。,依存のある piece に RVP を 1 つ持たせ、親 piece が完了するたびにカウンタを減らし 0 で下流 piece を実行可能にする。abort しうる piece 全体には commit RVP を持たせ、commit 判定は 0 か負数かで行う。,abort する piece がカウンタを -1 に atomic に設定する。RVP は Pandis らの DORA の仕組み (data oriented transactions) の転用。,PWV。,Constraint 1-2 の範囲 (§4.3)。,True,この機構単独の測定値は読んだ範囲に無い。,,なし,なし,,,absent-prereq-mismatch,PWV の piece の DAG と commit RVP が前提,n/a,conditional:決定的な直列化順 (batch 内の順) と早期可視の書込みの版 ID を trace に差し込めば,単体の測定値は無い。,"Abstract, §1, §2.2-2.3, §3, §4 (4.1-4.4, 4.5.2 の冒頭)、§5.1-5.3 の本文 (Fig. 3-5)"
pwv-coarse-grained-conflict-specification,E-repair-batch,PWV: 粗い粒度の conflict 指定 (PWV-coarse。key 集合の上位集合を要求する),optimization,High Performance Transactions via Early Write Visibility,PVLDB 10(5),2017,"PVLDB Vol. 10, No. 5, pp. 613-624 (https://www.vldb.org/pvldb/vol10/p613-faleiro.pdf)","§4.5.2 (推測: 節番号は本文の 'Section 4.5.2 discusses this issue' の参照による)、§5.3, Fig. 5",事前宣言: あり (read/write set の代わりに、保守的な範囲 (partition・表・warehouse) を piece が要求する)。,none,効くのは並行性制御の管理 overhead (細かい read/write set の決定・追跡)。conflict の細かさを粗くして費用を減らす技法で、3 分類には当てはまらない。,piece が実際に触る key の上位集合 (例: 1 warehouse の全 stock record) を排他的に要求する。偽の conflict は増えるが、conflict する piece の間だけを順序づけて pipeline するので transaction 全体は止まらない。,TPC-C で Stock を warehouse 単位で isolation する PWV-coarse と、主キー単位の PWV を比べる。locking にも同様の coarse 版 (locking-coarse) を用意して比較。,PWV。,上位集合の要求は conflict を増やすだけで、serializable を損なわない (推測: §4.5.2 の論拠の詳細は未読)。,True,低 contention の TPC-C では、PWV-coarse は減った overhead が並行度の低下を大きく上回る (§5.3、Fig. 5a、値は図のみ)。高 contention の 1 warehouse では PWV と PWV-coarse が RC・chopping-comm を上回る (§5.3、Fig. 5b)。,同じ粗い粒度を locking に適用すると偽 conflict でむしろ悪化する (locking-coarse、§5.3、Fig. 5a)。,なし,なし,,,absent-prereq-mismatch,piece が要求する保守的な範囲 (partition・表・warehouse) の事前宣言が要る,n/a,conditional:決定的な直列化順 (batch 内の順) と早期可視の書込みの版 ID を trace に差し込めば,TPC-C (Fig. 5)。YCSB の引数では作れない。,"Abstract, §1, §2.2-2.3, §3, §4 (4.1-4.4, 4.5.2 の冒頭)、§5.1-5.3 の本文 (Fig. 3-5)"
bcc-essential-pattern-validation,F-occ-abort-reduction,Essential dependency pattern による validation (BCC の中核),protocol-core,BCC: Reducing False Aborts in Optimistic Concurrency Control with Low Cost for In-Memory Databases,PVLDB 9(6),2016,DOI 10.14778/2904121.2904126; http://www.vldb.org/pvldb/vol9/p504-yuan.pdf,"§2.2-§2.3, Theorem 1-2, Algorithm 1, Algorithm 3, Fig.2",read set の各 tuple の TID (Silo 既存)、全 txn への TID 付与 (Silo は書き込み txn のみ)、global TID vector clock、txn ごとの read set hash table の履歴 (§4.1-§4.2)。read-only の snapshot txn は同期点つきで実行 (§3),none,3 分類 (cpu-cache / delay-on-conflict / version-lifetime) のどれでもない。validation の判定基準を OCC の「read set が変わった」から「anti-dependency に加え並行 txn への wr/ww/rw 依存がある」へ狭め、false abort を減らす。abort 判定の精度に効く,OCC は read set が変わっただけで abort するが、BCC は anti-dependency (T2 -rw-> T3) に加え、T2 が並行する T1 に wr/ww/rw で依存する場合だけ abort する。OCC が abort した txn のうち直列化可能なものを commit させる。BCC が abort するものは必ず OCC も abort する (Theorem 2)。,validation 段で、まず OCC 同様に read set の変化 (anti-dependency) を検査する。無ければ commit。有れば、txn 開始時と validation 開始時の global clock の snapshot (Start/End) で並行 txn を決め、wr は read 時の tuple TID と Start の比較、ww は write set の tuple TID と Start の比較、rw は他 thread の履歴 hash table と自 write set の交差で検出し、1 つでも有れば abort。read 段では TID の比較だけ追加。critical section 内で validation と write を行う。,Silo (SOSP 2013) に BCC と 2PL を実装した自前の拡張,serializable。Theorem 1 (不直列化スケジュールには必ず essential pattern がある) の証明は §2.2、Theorem 2 も §2.2。snapshot txn を含む場合は §3 で同期点により pattern に入らないことを背理法で示す,False,"TPC-W 風 (DoCart 32 thread、競合確率 100%) で OCC の 3.68 倍 (1.03M vs 0.28M txn/s, Fig.5)、2PL の 2.03 倍 (Fig.5)。TPC-C NewOrder+Payment 50%-50%、scale factor 2 で 16 thread のとき OCC 比 37% 向上、その先も最大 35.8% (Fig.7)。YCSB で 2PL に最大 1.84 倍 (§6.2 本文)","低競合 TPC-C 32 thread で OCC (1.24M) より 7.29% 低い 1.15M txn/s (Fig.4, Table 1: メモリ管理 4.76%、clock 2.42%)。TPC-W 型で競合確率 10% 未満では OCC より最大 7.95% 低い (Fig.6)。TPC-C の Payment は真の cycle に入るため BCC でも改善せず OCC より悪化 (Fig.8)",一部,なし,cc/oze/transaction.cc:684 write_validation (has_cycle は :726) ; cc/ermia/transaction.cc:855 verify_exclusion_or_abort (SSN 除外条件),BCC の essential pattern (T1/T2/T3 の 3 者パターン) そのものは無い。近いのは Oze が tuple graph の cycle が出たときだけ abort する点と、ERMIA が SSN の pi/eta 窓 (pstamp>=sstamp) で危険構造だけを abort する点で、OCC の read set 変化即 abort より偽 abort を減らす方向は同じだが検査対象の依存の形が違う。,absent-silo-feasible,原典は Silo の拡張で単版のまま入る。全取引への TID 付与 (Silo は書き込み取引のみ)、thread ごとの最新 TID を並べた global clock、他 thread の read set 履歴 hash table が要り、いずれも Silo に足せる。,extend:validation を開く + 共有状態 (global TID vector と read set 履歴) を開く,conditional:read set が変わっても commit する取引は後から commit しても前に直列化されるため、依存辺を版順 (writer の commit TID) から作り commit 順を直列化順と見なさないことが要る。全取引に TID を振っても trace の版 ID が writer の commit TID と対応し続けること,"偽 abort の多い高競合で効く。YCSB では zipf skew 0.9 以上・rratio 50〜80%・tuple 数小で read set 変化による abort を作れる。根拠は TPC-W 風 DoCart で OCC の 3.68 倍 (Fig.5)、TPC-C 50:50 で OCC 比 +37% (Fig.7)。YCSB は §6.2 本文の 2PL 比 1.84 倍だけで、低競合 TPC-C では OCC より 7.29% 低い (Fig.4, Table 1)。","§1-§6.2 (pp.504-512), Algorithm 1-3, Fig.4-8, Table 1"
bcc-global-tid-vector-clock,F-occ-abort-reduction,Global TID vector (thread ごとの最新 TID を並べた global clock),optimization,BCC: Reducing False Aborts in Optimistic Concurrency Control with Low Cost for In-Memory Databases,PVLDB 9(6),2016,DOI 10.14778/2904121.2904126; http://www.vldb.org/pvldb/vol9/p504-yuan.pdf,"§4.1, Fig.3, §5.1 (Global clock)",Silo の分散 TID 生成 (thread index + thread local counter + global epoch) と tuple ごとの最終書き込み TID。thread 数ぶんの entry を持つ vector。BCC 実装ではこの vector を socket 数ぶんの sub-vector に分け、各々を cache line に整列,none,並行 txn の判定 (前後関係の比較) を可能にするための構造で、分類 3 種のいずれにも当たらない。費用は Table 1 で clock 2.42%,thread ごとに最新に払い出した TID を記録する vector を global clock とし、TID がどの thread のものかを特定して、その thread の entry と比べて前後を判定する。中央の counter を使わずに「tuple の TID が txn 開始より後か」を判定できる。,TID 払い出しのたびに自 thread の entry を更新する (同期なし)。Start は txn 開始時、End は validation 開始時に vector 全体を読む。実装では socket ごとの sub-vector に分け、txn 開始時に全 sub-vector を読むため socket 数に比例して inter-socket 通信が増える (§6.1)。Silo は書き込み txn にだけ TID を付けるため、BCC では全 txn に TID を付ける改変が必要 (§5.1)。,Silo (SOSP 2013) に BCC と 2PL を実装した自前の拡張,§4.3 で wr/ww/rw の検出手順を述べる。並行 txn の判定漏れは安全側になる旨の議論が §4.3 末尾。形式証明は Theorem 1-2 に含まれる,False,低競合 TPC-C 32 thread (4 socket) で clock 起因の低下は 2.42% (Table 1),socket 数に比例して overhead が増えると論文が述べる (§6.1)。数値は 4 socket の 2.42% のみ,一部,なし,cc/cicada/transaction.cc:34 begin (ThreadWtsArray[thid_] に thread ごとの最新 wts を格納) ; cc/cicada/include/common.hh:103 ThreadWtsArray,Cicada は thread ごとの最新 wts を配列 (ThreadWtsArray) に持つが、用途は MinWts (read-only の rts と GC の下限) の算出で、tuple の TID の所属 thread を引いて txn 開始の前後を判定する用途ではない。Silo は epoch + thread 内 TID で vector を持たない。,absent-silo-feasible,BCC の validation の部品。Silo の TID word (lock・latest・absent・tid 29・epoch 32) は 64 bit を使い切り書いた thread の識別を持たないため、thread 識別を別 field か TID の再配置で持たせ、thread ごとの最新 TID の配列を共有状態として足す。,extend:tuple メタデータ (書いた thread の識別) + 共有状態 (thread ごとの最新 TID 配列) を開く,conditional:単独では判定を変えない。TID の配置を変えても trace の版 ID が writer の commit TID と対応し続けること。判定の正しさは BCC の validation 側の条件に従う,単独で性能を上げる機構ではなく、低競合 TPC-C 32 thread で clock 起因の低下 2.42% (Table 1)。段 A では BCC 本体と一体で扱い、thread 数を振ると clock を全読みする費用が見える。,"§4.1, §4.3, §5.1, §6.1"
bcc-readset-history-hashtable,F-occ-abort-reduction,txn ごとの read set hash table の履歴と latch なし検索 (verify-after-insert),optimization,BCC: Reducing False Aborts in Optimistic Concurrency Control with Low Cost for In-Memory Databases,PVLDB 9(6),2016,DOI 10.14778/2904121.2904126; http://www.vldb.org/pvldb/vol9/p504-yuan.pdf,"§4.2, Algorithm 2, §5.1","txn ごとに thread 内の hash table (tuple pointer と TID を保持) と、thread ごとの history list (<TID, Address, Release>)。global clock の min/max TID による解放判定",none,rw 依存検出のために他 thread の read set を安全かつ latch なしで検索できるようにする構造。cache/待ちの 3 分類には直接当たらない,read set を共有 hash table でなく txn ごと・thread ごとの hash table に分けて同期を減らす。他 thread が検索中に挿入が起きる race は、挿入後に tuple を読み直し、変化があれば旧 entry を捨てて新しい tuple を再挿入することで、rw 依存が検出されるか、最新の tuple を読むかのどちらかを保証する。解放は Release (txn 完了後の global clock の最大 TID) を最小 TID が超えたら行う。,read 段で read した tuple を自 txn の hash table に挿入し、tuple が変化していたら再読込。validation で他 thread の history list を走査し、Start と End の間の TID を持つ hash table と自 write set の交差を見る。abort した txn の Release は即設定して直ちに解放可能にする。tuple の中身でなく address と TID だけで判定できるため GC 済み tuple も問題ない。,Silo (SOSP 2013) に BCC と 2PL を実装した自前の拡張,§4.2 の議論 (hash table は並行 txn が全て終わるまで解放しない、verify-after-insert で rw 依存の見落としを防ぐ)。形式証明は本文になし,False,低競合 TPC-C で memory 管理 (history list と hash table の確保・解放) が低下の 4.76% (Table 1)。memory 消費は §6.3 (未読),,なし,なし,,,absent-silo-feasible,BCC の rw 依存検出の部品。Silo の read set は取引ごとの vector なので、thread ごとの history list と hash table (tuple の address と TID)、挿入後の再読 (verify-after-insert)、global clock による解放判定を足す。単版のまま入る。,extend:validation を開く + 共有状態 (他 thread の read set 履歴) を開く,conditional:BCC の validation と同じく commit 順と直列化順が違う取引が出るため、依存辺を版順から作ることが要る。履歴の解放漏れや検索の race で rw 依存を見落とした場合は commit 済み取引の G2 として検査器に出る,"単独の性能根拠は memory 管理の費用 4.76% (Table 1) のみで、効果は BCC 本体 (Fig.5, Fig.7) に含まれる。","§4.2, §5.1"
bcc-readonly-snapshot-sync-point,F-occ-abort-reduction,read-only snapshot txn の開始時同期点 (全 active txn の完了待ち),optimization,BCC: Reducing False Aborts in Optimistic Concurrency Control with Low Cost for In-Memory Databases,PVLDB 9(6),2016,DOI 10.14778/2904121.2904126; http://www.vldb.org/pvldb/vol9/p504-yuan.pdf,"§3, §5.1 (Snapshot transactions), Fig.2(d)",read-only txn を snapshot txn として実行する Silo の仕組み (epoch ベースの snapshot)。開始時に全 active txn を待つ同期点,none,snapshot txn が essential pattern に入らないようにして、履歴 anti-dependency 情報の保持と read set 検査を不要にする。待ち時間を許容する長い read-only txn 向けで、3 分類のいずれにも当たらない (強いて言えば開始前の待ち),"read-only snapshot txn が開始するとき、新規 txn の実行を止めて全 active txn の終了を待ち、その後に snapshot を取って再開する。これで snapshot txn は essential pattern の T1/T2/T3 のいずれにもなれない (背理法, §3) ため、履歴 anti-dependency 情報の維持と snapshot txn の read set 管理・validation を省ける。",同期点の後に global epoch を進めて snapshot を作り、前 epoch に書かれた tuple だけを snapshot txn が読む (§5.1)。利用者が遅延悪化を許さないなら元の BCC (履歴保持) に戻せる (§3)。,Silo (SOSP 2013) に BCC と 2PL を実装した自前の拡張,§3 で背理法により serializable を保つことを議論,False,read-only snapshot txn が長い workload (§3 の主張)。この同期点の効果を単独で測る図は読んだ範囲に見つけていない,短い遅延も許容できない場合は使わない (§3 の記述)。数値なし,一部,なし,cc/cicada/transaction.cc:93 read_internal (is_ronly_ なら rts_ で版を選ぶ) ; cc/cicada/transaction.cc:934 commit (read-only は read set を捨て validation 無し) ; cc/mvto/transaction.cc:462 commit,read-only txn が read set を追跡・検証しない点は BCC と同じだが、Cicada/MVTO は多版で rts=MinWts-1 の過去 snapshot を読む方式で、開始時に全 active txn の完了を待つ同期点は無い。Silo は単版で is_ronly_ の flag はあるが (silo/include/transaction.hh:61) 通常の read set validation を行い、snapshot 経路は無い。,absent-prereq-mismatch,snapshot 取引が前 epoch の版を読むため古い版の保持 (Silo 原典の snapshot 版) が要るが、CCBench の Silo は単版で snapshot の経路が無い (is_ronly_ の flag はあるが通常の validation を通る)。加えて開始時に全 active 取引の完了を待つ全体同期が要る。,n/a,conditional:read-only 取引を snapshot 時点に直列化するため、その読みの版 ID (前 epoch の writer の commit TID) と直列化位置を trace に差し込むこと,長い read-only 取引が混ざる workload 向け。YCSB では rratio 由来の read-only 取引が確率的に混ざるだけで長さを分けられない。同期点単独の性能図は見つけていない (§3 の主張のみ)。,"§3, §5.1"
bcc-multilevel-circular-buffers,F-occ-abort-reduction,3 段の circular buffer による history hash table の memory 管理,optimization,BCC: Reducing False Aborts in Optimistic Concurrency Control with Low Cost for In-Memory Databases,PVLDB 9(6),2016,DOI 10.14778/2904121.2904126; http://www.vldb.org/pvldb/vol9/p504-yuan.pdf,§5.1 (Multi-Level Circular Buffers),thread ごとの private memory 領域を L1 に収まる / L2 未満 / 最大要求量の 3 段に分けた circular buffer。hash table が確保順に解放される性質,cpu-cache,history hash table の確保・解放が cache miss を起こさないよう、L1/L2/L3 に収まる小領域から優先して割り当てる。cache 局所性に効く,hash table は確保と同じ順に解放され、thread ごとの必要量は通常小さいという性質を使い、free list でなく 3 段の circular buffer で追い掛け型に確保・解放する。下段の buffer が枯渇したときだけ上段を使う。,thread ごとに memory を 3 分割し、確保は最下段から試す。各段は chase-tail で確保・解放。Table 1 の Mm (4.76%) の抑制が目的。,Silo (SOSP 2013) に BCC と 2PL を実装した自前の拡張,正しさには関わらない (memory 管理),False,短い OLTP txn が中心の workload (§5.1 の記述)。この buffer 単独の ablation は読んだ範囲に見つけていない,,なし,なし,,,absent-silo-feasible,BCC の履歴 hash table があって初めて意味を持つ memory 管理で、thread ごとの 3 段 circular buffer 自体は Silo 側の前提を要さない。BCC 本体を入れた後の費用削減として入る。,extend:validation を開く + 共有状態を開く (BCC 本体を入れた上での memory 管理),observable,単独の ablation は見つけていない。狙いは Table 1 の memory 管理 4.76% の低下で、短い取引 (max_ope 小)・thread 数大で差が出る見込み。,"§5.1, Table 1"
aocc-query-level-adaptive,F-occ-abort-reduction,Query 単位の適応的な追跡・validation 方式選択 (AOCC の中核),protocol-core,Adaptive Optimistic Concurrency Control for Heterogeneous Workloads,PVLDB 12(5),2019,DOI 10.14778/3303753.3303763; http://www.vldb.org/pvldb/vol12/p584-guo.pdf,"§5, §5.1-§5.2, Algorithm 2-3, Eq.1-3",txn ごとの ReadSet と PredicateSet (predicate + 任意の ReadSet)、全 txn の WriteSet を指す global 循環配列 gList (commit timestamp = NextIndex)、tuple ごとの timestamp。PK でない列の query が secondary index を持つことを前提 (§5.4),none,read/validation の追跡方式を切り替えて validation 時間を減らす。abort 率でなく validation 費用に効くため 3 分類に当たらない,read query ごとに 3 つの追跡方式 (R: ReadSet+LRV1、Preadset: predicate+ReadSet で LRV2 か GWV を validation 時に選択、Pno_readset: predicate のみ+GWV) から、推定費用 (Clrv1=S1·cr1、Clrv2=S2·cr2、Cgwv=N·W·cp) が最小のものを選ぶ。長い scan は GWV、点 read は LRV が安い。,"read 段で query の型と workload の統計で追跡方式を選び、tracking 情報を保存。validation 段で write 対象を PK 順に lock → gList の NextIndex を CAS で取り commit timestamp とし、R を valLR1、predicate を valLR2/valGW で検査。GWV は gList の [sts, cts-1] の他 txn の WriteSet と predicate の交差を見る。",DBx1000 (Yu ら) 上に実装。LRV-OCC は Hekaton/Silo、GWV-OCC は HyPer の代理として自前実装 (§6),serializable。Theorem 1 の証明 (§5.3): commit timestamp で直列化順が定まり、read は commit timestamp 時点の最新値と等価。R / Pno_readset / Preadset の 3 場合を背理法,False,"YCSB (5 query/txn、read 80% scan 10% write 10%、θ=0.6 低競合) で scan 長 Q の全域で最良 (Fig.5)、θ>0.6 の高競合で LRV-OCC の 35% abort (θ=1) を避け GWV-OCC 並 (Fig.6)。Hybrid TPC-C の Reward txn で GWV-OCC の 1.9 倍 (Fig.8、§6 本文)。時変 workload で各 phase の最良方式を追従 (Fig.9, Fig.10)","scan を含まない低競合 workload では gList の維持費で LRV-OCC より劣りうる (Fig.1(a): GWV は validation が実行時間の 60% 超)。AOCC-TXN (txn 単位) は短い scan (Q=100) で GWV を選び過ぎて劣る (Fig.5, Fig.7)。列に secondary index が無い場合は Pno_readset に固定 (§5.4)",なし,なし,,,absent-prereq-mismatch,効くのは scan (述語) の追跡を GWV に切り替える場面で、predicate set・gList・secondary index が要る。YCSB の点読み・点書きでは常に R (Silo と同じ read set 検証) が選ばれ差が出ない。,n/a,not-observable:述語 (範囲) の phantom は今の検査器に見えず、YCSB も点読み・点書きのみ,根拠は scan を混ぜた YCSB (read 80%・scan 10%・write 10%、Fig.5-6) と Hybrid TPC-C の Reward 取引 (Fig.8)。CCBench の YCSB の点操作だけでは再現できない。,"§1-§6 (pp.584-593 付近), Algorithm 1-3, Fig.1-10, Table 1"
aocc-txn-level-adaptive,F-occ-abort-reduction,Transaction 単位の validation 方式割当 (AOCC-TXN),optimization,Adaptive Optimistic Concurrency Control for Heterogeneous Workloads,PVLDB 12(5),2019,DOI 10.14778/3303753.3303763; http://www.vldb.org/pvldb/vol12/p584-guo.pdf,"§4, Fig.3-4, §6 の AOCC-TXN",txn の実行ロジックが開始前に分かること (scan を含むかの判定)。ReadSet / PredicateSet / gList,none,validation 方式を txn 単位で固定するだけの粗い割当。validation 費用に効く,scan を含まない txn には R (LRV1)、scan を含む txn には Pno_readset (GWV) を割り当てる。query ごとの費用推定は行わない。,txn 開始前に query の型で方式を決めるため、実行ロジックが事前に分かることが前提 (§6 の AOCC-TXN の説明)。,DBx1000 (Yu ら) 上に実装。LRV-OCC は Hekaton/Silo、GWV-OCC は HyPer の代理として自前実装 (§6),Theorem 1 (§5.3) が方式ごとに成立,True,"scan の長い txn (Q が大きい) を含む workload: GWV 選択が有利 (Fig.5, Fig.8)","scan が短い txn を含む場合 (Q=100) は GWV を選び過ぎて劣り、scale しない (Fig.5, Fig.7)",なし,なし,,,absent-prereq-mismatch,取引の実行ロジック (scan を含むか) を開始前に知り、scan を含む取引に GWV を当てる機構。点読み・点書きの YCSB では割当ての差が出ない。,n/a,not-observable:述語 (範囲) の phantom は今の検査器に見えず、YCSB も点読み・点書きのみ,"scan の長い取引を含む workload (Fig.5, Fig.8) が根拠。YCSB の点操作では作れない。","§4, §6.2"
aocc-glist-lockfree-circular-array,F-occ-abort-reduction,gList: 直近 commit 済み txn の write set を並べる lock-free 循環配列,optimization,Adaptive Optimistic Concurrency Control for Heterogeneous Workloads,PVLDB 12(5),2019,DOI 10.14778/3303753.3303763; http://www.vldb.org/pvldb/vol12/p584-guo.pdf,"§4.1, Fig.2, §5.4 (Overhead)",固定長 N の事前確保循環配列。NextIndex / CommittedIndex / CollectedIndex の 3 つの index。txn context へのポインタ,cpu-cache,連続領域に事前確保して GC を避ける cache-friendly な構造として説明される (§5.4)。効くのは GWV の走査と commit timestamp の払い出し。分類は cpu-cache が最も近いが、論文自身は cache miss の測定を載せていない (推測を含む),"gList を CAS で NextIndex を進める lock-free 循環配列にして commit timestamp を一意・単調に払い出し、GWV が [sts, cts-1] の範囲の他 txn write set を走査できるようにする。領域は再利用し GC を不要にする。",validation 段に入るとき write lock を取った後 gList に自分の txn context のポインタを載せる。CollectedIndex より小さい slot は再利用可能。read-only txn は gList に載らない。WriteSet 1KB × 容量 1000 でも追加 memory は約 1MB (§5.4 の見積り)。,DBx1000 (Yu ら) 上に実装。LRV-OCC は Hekaton/Silo、GWV-OCC は HyPer の代理として自前実装 (§6),commit timestamp が全 txn で一意・単調であることが Theorem 1 の前提 (§5.3),False,read 中心で write が少ない workload では GWV の走査が少ない (§3 の議論)。scan 長 Q が大きい場合 (Fig.5),"多数の並行 txn・多数の更新で GWV の走査が増え scale しない (Fig.7, Q=100)。中央の gList が bottleneck になりうる懸念に対し、Fig.7 で scale すると述べる",なし,なし,,,absent-prereq-mismatch,単版のまま作れるが、用途は GWV (commit 済み取引の write set と predicate の交差) で、点読みでは Silo の read set 検証の方が安く YCSB で効く場面が無い。commit timestamp を中央の CAS で払い出すため Silo の分散 TID 生成とも逆向き。,n/a,conditional:点読みの検証に使うと commit timestamp が gList の NextIndex になるため、trace の版 ID をこの timestamp と対応させること。述語の検証に使う場合の phantom は見えない,根拠は scan 長 Q が大きい場合 (Fig.5) と read 中心 workload の議論 (§3)。点操作の YCSB では利得の根拠が無い。,"§4.1, §5.4"
aocc-threshold-T-fast-selection,F-occ-abort-reduction,閾値 T による方式選択の高速化 (adaptation overhead の削減),optimization,Adaptive Optimistic Concurrency Control for Heterogeneous Workloads,PVLDB 12(5),2019,DOI 10.14778/3303753.3303763; http://www.vldb.org/pvldb/vol12/p584-guo.pdf,"§5.2.3, Eq.4",global 変数 T = N·W·c、S1・S2 (query 発行時に既知)、定数 a (cr2 = a·cr1)。N と W を gList の統計から一定間隔で更新,none,方式選択の CPU 計算を減らす工夫で、3 分類に当たらない (適応機構自体の費用の低減),"毎 query に 3 つの費用を計算せず、S1 < min(S2·a, T) なら R、S2·a < min(S1, T) なら Preadset、T ≤ min(S1, S2·a) なら Pno_readset と数回の比較で選ぶ。T は txn が一定時間ごとに gList から N, W を求めて更新する。","read 段の tracking 選択を比較 3 回に。T の更新は共有 global で、更新間隔 (実験では 50 ms, Fig.10) が固定。",DBx1000 (Yu ら) 上に実装。LRV-OCC は Hekaton/Silo、GWV-OCC は HyPer の代理として自前実装 (§6),正しさには関わらない (選択の高速化),False,動的に変わる workload の追従 (Fig.9-10、T は 50 ms ごとに更新),,なし,なし,,,absent-prereq-mismatch,AOCC の追跡方式選択の高速化で、選ぶ対象 (Preadset・Pno_readset・GWV) が無い Silo では意味を持たない。,n/a,not-observable:述語 (範囲) の phantom は今の検査器に見えず、YCSB も点読み・点書きのみ,時変 workload の追従 (Fig.9-10、T の更新は 50 ms 間隔) が根拠。YCSB の点操作では選択肢が 1 つに縮む。,"§5.2.3, §6.3 の Fig.10 説明の一部"
aocc-defer-choice-nonpredictable-query,F-occ-abort-reduction,Non-predictable query は Preadset で追跡し validation 時に LRV2/GWV を選ぶ,optimization,Adaptive Optimistic Concurrency Control for Heterogeneous Workloads,PVLDB 12(5),2019,DOI 10.14778/3303753.3303763; http://www.vldb.org/pvldb/vol12/p584-guo.pdf,"§5.2.2, Algorithm 3 line 9-10","predicate + 返した ReadSet の両方を保存 (Preadset)。validation 時点の N, W",none,方式選択を validation 時点まで遅らせて推定精度を上げる。3 分類に当たらない,auto-commit の単発 query のように validation 直前に終わる query は predictable とみなして read 時に選ぶ。長い txn 内の query など validation 時の負荷が予測できない query は Preadset で追跡し、validation 時に Clrv2 と Cgwv を比べて安い方を使う。,read 段は predicate と ReadSet を両方記録。validation 段でそれぞれの費用を計算して LRV2 か GWV を選ぶ。記録の費用 (ReadSet 保存) を払う代わりに選択の自由度を確保する。,DBx1000 (Yu ら) 上に実装。LRV-OCC は Hekaton/Silo、GWV-OCC は HyPer の代理として自前実装 (§6),Theorem 1 の Preadset の場合 (LRV2/GWV どちらでも) を §5.3 で証明,False,workload が急変する中で長い txn が走る場合 (§5.2.2 の議論)。単独の ablation 図は見つけていない,ReadSet と predicate を両方保持する分の記録費用が余計にかかる (§5.1.1 の記述から、数値なし),なし,なし,,,absent-prereq-mismatch,predicate と ReadSet の両方を記録し validation 時に LRV2 と GWV を選ぶ機構で、scan・predicate の追跡が前提。点読みの Silo では選択の余地が無い。,n/a,not-observable:述語 (範囲) の phantom は今の検査器に見えず、YCSB も点読み・点書きのみ,単独の ablation 図は見つけていない (§5.2.2 の議論のみ)。,§5.2.2
ding-storage-batching,F-occ-abort-reduction,Storage batching (batch 内で write を read より先に適用),optimization,Improving Optimistic Concurrency Control Through Transaction Batching and Operation Reordering,PVLDB 12(2),2018,DOI 10.14778/3282495.3282502; http://www.vldb.org/pvldb/vol12/p169-ding.pdf,"§3.1, Fig.10-12",versioned datastore (書き込みに txn timestamp を version として付与、より新しい version があれば古い write は無視)。storage 層での read/write request の buffer,none,古い値を読んで validation で落ちる abort を減らす。待ちや cache でなく、read が見る値の鮮度に効く,storage が batch で受けた request のうち、object ごとに最高 version の write だけを先に適用し、それから同じ object への read を処理する。OCC の read は未 commit の txn から来て write は validate 済みの txn から来るので write 優先が常に最適とされる。,storage 層に batch buffer。batch 内で write を version 順に反映してから read を返す。batch size 既定 40 (§5.1)。,自前 Java prototype (storage/validator 分離型の loosely coupled OCC)。Cicada への統合 (§5.5)、商用 DBMS-X への統合 (§5.6),serializable を仮定。他の隔離水準への拡張は versioned store と依存の定義に従えば可能と述べる (§3),False,"micro benchmark と Small Bank で batching+reordering (storage と validator の合計) は throughput を最大 2.7 倍 (Fig.10, Fig.13)。skew 0.9 では storage のみ (sr) が最良 (Fig.10)",batch を使うと latency が増え conflict の機会が増える可能性 (§4.3 の記述)。inter-batch abort は減らさない (§3),なし,なし,,,absent-prereq-mismatch,storage と validator が分かれた loosely coupled OCC で、書き込みに版を付ける versioned datastore と storage 層の request batch が前提。Silo の共有メモリ上の直接読み書きには storage への request 列が無い。,n/a,conditional:batch 内で write を read より先に適用するため、read が返す版と commit 順の対応を storage 層の差し込み点で trace に残すこと,"micro benchmark と Small Bank で batching+reordering 合計 最大 2.7 倍 (Fig.10, Fig.13)、skew 0.9 では storage のみが最良 (Fig.10)。CCBench の YCSB 駆動には batch の入口が無い。","Abstract, §1-§4, §5.1-§5.6 (Fig.1-28 のうち本文が引く図), §5.7 の要約 (pp.169-178)"
ding-validator-batching-ibvr,F-occ-abort-reduction,Validator batching と intra-batch validator reordering (IBVR: feedback vertex set 近似),optimization,Improving Optimistic Concurrency Control Through Transaction Batching and Operation Reordering,PVLDB 12(2),2018,DOI 10.14778/3282495.3282502; http://www.vldb.org/pvldb/vol12/p169-ding.pdf,"§3.2, §4.1, Algorithm 1-2, Fig.2-4, Fig.7-9",validator が validation 要求を batch にする構造 (中央 validator)。txn の read set と write set が validation 要求に含まれる。batch 内の read-write 依存グラフ。pre-validation (§4.3) 済みの viable txn,none,batch 内の read-write 依存 cycle を feedback vertex set で切り、残りを topological 順で validate して abort を減らす。abort 削減の順序最適化で、待ち・cache・version の分類に当たらない,batch の read-write 依存グラフ G (write set の hash table を read set で probe) を作り、最小 feedback vertex set (NP-hard) を近似で求めて abort し、残りを依存を守る commit 順で validate する。近似は SCC ごとの greedy、policy の上位 k 個を一括除去する sort-based greedy (multi factor k)、小さい SCC は厳密探索を使う hybrid。既定は sort-based・prod-degree・k=2。,batch の validation 前に依存グラフを作り、abort 対象を決め、commit 順を決めて validate する。graph 構築は O(|B|^2+|R|+|W|)。policy は max/sum/prod-degree、restart 回数を使う rct/rdeg など (§4.2)。,自前 Java prototype (storage/validator 分離型の loosely coupled OCC)。Cicada への統合 (§5.5)、商用 DBMS-X への統合 (§5.6),serializable (依存を守る commit 順で validate)。IBVR が NP-hard であることは §3.2,False,micro / Small Bank の skew で throughput 最大 2.7 倍・平均 latency 最大 67%・tail latency 最大 82% 減 (Fig.10-12)、商用 DBMS-X で throughput 最大 2.8 倍・平均 latency 最大 66% 減 (Fig.26-28、本文 §5.7 の要約),"skew 0.9 の極端な競合では intra-batch で解消できない衝突が増え、graph が密になって validator reordering 自体が遅く、効果が小さい (Fig.10)。reordering が最も重い部分で、pre-validation と並列化で緩和 (§4.3, §5.4)",一部,なし,cc/oze/transaction.cc:726-750 write_validation (cycle 時の order forwarding),Ding の batch 内の依存 graph から feedback vertex set を近似して abort を最小化する処理は無い。Oze が txn 単位で cycle を検出し、abort せず書き込み位置を後ろへずらす forwarding (FLAGS_forwarding) で abort を避ける点だけが近い。batch も FVS 近似も無い。,absent-prereq-mismatch,中央 validator が validation 要求を batch にし、依存グラフから feedback vertex set を近似で除く機構。Silo の各 worker が自分で検証する分散 validation と構造が合わず、batch の入口も要る。,n/a,conditional:batch 内で依存を守る順に commit 順を並べ替えるため、trace の commit 順を validator の決めた順に合わせ、版 ID をその順の commit TID と対応させること,micro / Small Bank の skew で throughput 最大 2.7 倍・tail latency 最大 82% 減 (Fig.10-12)、DBMS-X で最大 2.8 倍 (Fig.26-28)。CCBench 内で近い比較対象は Oze の cycle 時 forwarding。,"Abstract, §1-§4, §5.1-§5.6 (Fig.1-28 のうち本文が引く図), §5.7 の要約 (pp.169-178)"
ding-thread-aware-reordering,F-occ-abort-reduction,Thread-aware な transaction 割当 (中央 validator の無い decentralized OCC 向け),optimization,Improving Optimistic Concurrency Control Through Transaction Batching and Operation Reordering,PVLDB 12(2),2018,DOI 10.14778/3282495.3282502; http://www.vldb.org/pvldb/vol12/p169-ding.pdf,"§4.2 (Reduce inter-thread conflicts), §5.5, Fig.23-25",batch 化した txn の read/write 集合が実行前に分かること (推測: preprocessing で conflict を解析するため)。thread ごとに独立に実行する OCC 系 (Cicada)。batch size は thread 数の 4 倍 (§5.5),none,衝突する txn を同じ thread に集めて逐次実行し、inter-thread conflict と abort を減らす。thread 割当の最適化で 3 分類に当たらない,batch の txn を thread ごとに割り当て、衝突する txn を同じ thread へ寄せる。thread ごとに、既に割当済みの txn との conflict 数、共有する object access 数、未割当 txn との conflict 数を weight にして sort-based に選ぶ。,Cicada の前段の preprocessing として batch を作って割当てる。batch 内で thread あたり 4 txn。batch をまたぐ reorder はしない。reordering の overhead は低い (§5.5)。,"Cicada (open-source, thread ごとに独立実行)。DBMS-X では middle tier で batch 化し、read timestamp が未定なため全 txn が同一 snapshot を読むと保守的に仮定 (§5.6)",serializable (Cicada の CC が維持)。reordering は conflict を減らすだけ,True,YCSB (16 request/txn、50% read・50% RMW、10M key)、28 thread、skew 0.99 で Cicada/Silo/ERMIA/TicToc より throughput 最大 2.2 倍、99% tail latency 最大 71% 減 (Fig.23-25),低競合では効果が小さいと読める (推測: Fig.23-24 の傾向)。batch による latency 増加 (§4.3),なし,なし,,,absent-silo-feasible,CC は変えず、batch の取引の read/write 集合を実行前に見て衝突する取引を同じ thread に寄せる前段。CCBench の YCSB は操作列を実行前に作る (include/ycsb.hh の makeProcedure) ので集合は得られ、誤っても正しさは Silo が守る。足りないのは取引を batch に束ねて thread に配る共有の入口 (今は worker ごとに生成して abort 時は同じ操作列を再試行する)。,extend:取引の生成と thread への割当 (driver) を開く + 観測に key (取引の予定 key 集合) を足す,observable,YCSB (16 op/取引、read 50%・RMW 50%、10M key、28 thread、skew 0.99) で Cicada/Silo/ERMIA/TicToc 比 最大 2.2 倍・99% tail 71% 減 (Fig.23-25)。この条件は YCSB の rratio・rmw・zipf・max_ope・thread 数で作れる。,"Abstract, §1-§4, §5.1-§5.6 (Fig.1-28 のうち本文が引く図), §5.7 の要約 (pp.169-178)"
ding-prevalidation,F-occ-abort-reduction,Pre-validation (reordering 前に non-viable txn を除く),optimization,Improving Optimistic Concurrency Control Through Transaction Batching and Operation Reordering,PVLDB 12(2),2018,DOI 10.14778/3282495.3282502; http://www.vldb.org/pvldb/vol12/p169-ding.pdf,"§4.3 (A further refinement: Pre-validation), Fig.19",batch 作成後・reordering 前に、古い database 状態 S に対して validate する段。最終 validation はその後の状態 S' で再度行う,none,reordering の入力から確実に abort する txn を除き、重い reordering を軽くする。分類 3 種の外,batch 作成直後に前 batch までの状態で validate して non-viable txn を除いてから reordering する。二重 validation になるが reordering 対象が減る。,validator を batch preparation / reordering / validation の 3 component に分け、pre-validation を reordering 前に置く。,自前 Java prototype (storage/validator 分離型の loosely coupled OCC)。Cicada への統合 (§5.5)、商用 DBMS-X への統合 (§5.6),最終 validation が正しさを担う (§4.3),False,reordering が validator の bottleneck であるため throughput が大きく改善すると述べる (§4.3)。単独の図番号は見つけていない,,なし,なし,,,absent-prereq-mismatch,中央 validator の batch を reorder する前に古い状態で検証して除く段で、batch validator の構造が前提。Silo の分散 validation には置き場が無い。,n/a,conditional:最終 validation の後の commit 順と版 ID を validator 側の差し込み点で trace に残すこと,単独の図番号は見つけていない (§4.3 の記述のみ)。,§4.3
ding-parallel-validator-pipeline,F-occ-abort-reduction,並列 validator (component 内並列 + component 間 pipeline),optimization,Improving Optimistic Concurrency Control Through Transaction Batching and Operation Reordering,PVLDB 12(2),2018,DOI 10.14778/3282495.3282502; http://www.vldb.org/pvldb/vol12/p169-ding.pdf,"§4.3, Fig.19-22",batch preparation / reordering / validation の 3 component。batch ごとの ordered batch を validation へ渡す。key space の分割,none,reordering 由来の latency 増を並列化で相殺する。CPU 並列化で 3 分類外,reordering worker を複数にして batch を並行に reorder し、component を pipeline で並列化する。validation は batch ごとに直列だが batch 内は依存が解消済みで並列に検査できる。,consumer-producer queue でつなぐ。reordering worker 数を 1-4 (w1-w4) で評価 (Fig.20-22)。,自前 Java prototype (storage/validator 分離型の loosely coupled OCC)。Cicada への統合 (§5.5)、商用 DBMS-X への統合 (§5.6),validation は全 batch を通した順序で行われる (§4.3),False,medium-high skew で 4 worker が 1 worker 比 throughput 最大 2.6 倍、平均 latency 最大 39% 減 (Fig.20-21),,一部,なし,cc/oze/transaction.cc:455 validation_worker (validation の並列 worker),Oze は validation を複数の worker で並列化する仕組みを持つが、batch 内 reorder の component pipeline ではなく、1 txn の write set の tuple ごとの検証の分担である。推測: 論文の pipeline とは粒度が別。,absent-prereq-mismatch,batch preparation・reordering・validation の 3 component を pipeline でつなぐ中央 validator の並列化で、Silo には対応する component が無い。,n/a,conditional:batch ごとに決まる commit 順と版 ID を validator 側の差し込み点で trace に残すこと,medium-high skew で 4 worker が 1 worker 比 最大 2.6 倍 (Fig.20-21)。CCBench では Oze の validation_worker が粒度の違う近い仕組み。,"§4.3, §5.4"
ding-tail-latency-policies,F-occ-abort-reduction,Tail latency 向け policy (rct / rdeg: restart 回数を rank に入れる),optimization,Improving Optimistic Concurrency Control Through Transaction Batching and Operation Reordering,PVLDB 12(2),2018,DOI 10.14778/3282495.3282502; http://www.vldb.org/pvldb/vol12/p169-ding.pdf,"§4.2 (Minimize tail latency), §5.3, Fig.16-18",txn ごとの restart 回数。policy は rank 関数で、graph の degree と restart 回数を使う,none,abort のやり直しが続く txn を FVS に入れにくくして tail latency を下げる。abort の選択方針で 3 分類外,FVS に入れる頂点を、restart が少ない txn を優先 (rct) するか、in-degree × out-degree を 2 の restart 回数乗で割った重み (rdeg) が最大のものとする。何度も restart した txn は abort されにくい。,validator reordering の policy を差し替える。,自前 Java prototype (storage/validator 分離型の loosely coupled OCC)。Cicada への統合 (§5.5)、商用 DBMS-X への統合 (§5.6),serializable は維持 (reordering の選択のみ変更),False,rdeg は throughput・平均 latency にほぼ影響なく tail latency を最大 86% 減 (§5.3、Fig.16-18)。要旨・貢献欄では最大 82% と書かれ、数値が食い違う,,なし,なし,,,absent-prereq-mismatch,feedback vertex set に入れる取引を restart 回数で選ぶ rank 関数で、batch の依存グラフから abort 対象を選ぶ構造が前提。Silo では abort する取引を選ぶ余地が無い (restart 回数自体は v1 の試行番号で見えるが、使い道が違う)。,n/a,conditional:IBVR と同じく validator が決めた commit 順と版 ID を trace に合わせることが要る,rdeg で tail latency 最大 86% 減、throughput・平均 latency はほぼ不変 (§5.3、Fig.16-18)。要旨の最大 82% と数値が食い違う。,"§4.2, §5.3"
tskd-tspar-scheduling,F-occ-abort-reduction,TsPar: batch 内の transaction scheduling (RC-free queue の生成、TSgen),optimization,Transaction Scheduling: From Conflicts to Runtime Conflicts,"Proc. ACM Manag. Data 1(1), art. 26 (SIGMOD 2023); Edinburgh peer-reviewed (accepted) version",2023,DOI 10.1145/3588706 (ACM DL URL); the Edinburgh copy prints DOI 10.1145/3603164; https://www.pure.ed.ac.uk/ws/portalfiles/portal/360117816/Transaction_Scheduling_CAO_DOA16082022_AFV.pdf,"§2.2, §4, Algorithm 1 (TSgen), Theorem 1, Fig.1, Fig.4",batch 化された txn (bundled) の read/write set が実行前に既知。partitioner が作る partition と conflict graph Gc。txn の実行時間の粗い推定 (履歴・dry-run・warm-up),delay-on-conflict,衝突しうる txn を thread 内の順序で直列に並べて実行時の衝突を無くす。abort やロック待ちを事前の順序付けで消す設計であり、論文の用語は runtime conflict の削減。分類は最も近い delay-on-conflict (推測を含む),conventional な conflict がある txn でも、thread 内の実行順で時間が重ならなければ runtime conflict は起きない。partition を、順序付きの k 本の RC-free queue と residual R に変換し、queue 内の txn は CC 無しで並列に実行できる (見積が正確なら)。scheduling 問題は NP-complete (Theorem 1)。,TSgen は residual の各 txn を、負荷が最小の partition の queue に追加できるか ckRCF で確認し、他 queue の txn と runtime conflict が無ければ追加、あれば residual R_s に残す。conflict graph は partitioner のものを再利用。計算量は O(|W|+(k-1)|R|)。CC と TsDefer は残して見積誤差に備える。,DBx1000 上に TSkd を実装。partitioner は Strife / Schism / Horticulture、CC は DBx1000 既定の CC 群,serializable など隔離水準は下の CC/partitioner が担い、TSkd は隔離水準に依らない (§3 Remarks (3))。見積が不正確なとき CC と TsDefer で正しさを守る (§3),True,TPC-C・YCSB で Strife/Schism/Horticulture の throughput を平均 131%・最大 294% 向上、retry を平均 45.3% 減 (Fig.4、Abstract)。TsPar 単独は YCSB で Strife を 108% 向上 (Fig.4j)。TsPar の overhead は partitioner の 4% 前後 (§6.4 本文)。I/O 遅延 (長尾) 下でも約 205% の改善が安定 (Fig.4k-4l),見積誤差があると RC-free queue でも conflict が起きる (Table 2)。極端に短い txn では conflict penalty の寄与が小さく効果が小さい (Abstract)。range query の扱いに制限 (§3),なし,なし,,,absent-prereq-mismatch,Strife・Schism・Horticulture の partitioner が作る partition と conflict graph、batch、取引の実行時間の見積りが前提で、batch と partition の入口が Silo に無い。,n/a,conditional:RC-free queue の取引も CC を通すなら observable に近いが、CC を省いて実行する場合はその書き込みにも commit TID 相当の版 ID と直列化順を振る差し込み点が要る,TPC-C・YCSB で partitioner の throughput を平均 131%・最大 294% 向上 (Fig.4)、TsPar 単独は YCSB で Strife 比 +108% (Fig.4j)。partitioner 自体が CCBench に無い。,"Abstract, §1-§6.4 の主要節、Fig.1-6, Table 2 (Edinburgh 承認版。頁番号は原稿のため節番号のみ)"
tskd-tsdefer-proactive-deferment,F-occ-abort-reduction,TsDefer: batch でない txn 向けの proactive deferment (thread-local buffer での先送り),optimization,Transaction Scheduling: From Conflicts to Runtime Conflicts,"Proc. ACM Manag. Data 1(1), art. 26 (SIGMOD 2023); Edinburgh peer-reviewed (accepted) version",2023,DOI 10.1145/3588706 (ACM DL URL); the Edinburgh copy prints DOI 10.1145/3603164; https://www.pure.ed.ac.uk/ws/portalfiles/portal/360117816/Transaction_Scheduling_CAO_DOA16082022_AFV.pdf,"§2.3, §5, Fig.3, Example 2/5, Fig.5-6, Table 2",thread-local buffer が txn の array で、全 thread から読める (自 thread のみ書き込み)。各 txn の予測 access set (定数・template から推定、厳密でなくてよい)。CC は別に必要 (TsDefer は CC を置き換えない),delay-on-conflict,衝突しそうな txn を実行前に buffer 末尾へ先送りし、他 thread の active txn との衝突・abort を避ける。conflict 時の待ち・順序変更に当たる,thread i が次の txn T を実行する前に、他 thread の active txn の write set を bounded 回数 (#lookups) だけ probe し、T の access と重なる項目 (distinct でないもの) の数が閾値 (通常 1) を超えたら、確率 deferp% で T を local queue 末尾へ先送りして次の txn に進む。abort した txn は即 retry。,各 thread の headp/tailp (C++ atomic による lock-free) で進捗を共有し、lookup は reservoir sampling で thread と index を乱択して 1 回の read で他 thread の active txn の項目を得る。#lookups=0 で無効化。高競合では deferp% を下げる。,DBx1000 上に TSkd を実装。partitioner は Strife / Schism / Horticulture、CC は DBx1000 既定の CC 群,隔離水準に依らず、CC が正しさを担う (§3 Remarks (3))。TsDefer は追加の CC 規則を持たない,True,YCSB 高競合 (θ 0.7-0.9) で DbCC の throughput が平均 111% 向上、retry 49.8% 減、contended mutex 53.8% 減 (Fig.5a)。θ=0.9 で 171%、θ=0.7 で 44.8% (§6.3 本文)。txn が長く skew が大きいほど効果が大きい (Fig.5d-5f)。I/O 遅延下でも安定 (Fig.6),極端に短い txn では効果が小さい (Abstract)。shared-nothing 分散には overhead が大きく一般化しにくい (§3 (3))。range query の扱いに制限 (§3)。低競合では効果が小さいと読める (Fig.5a の θ 依存、推測),なし,なし,,,absent-silo-feasible,CC は Silo のまま残し、取引の開始前に他 worker の実行中取引の予定集合を probe して重なれば先送りする前段。予定集合は CCBench の YCSB が実行前に作る操作列 (include/ycsb.hh の makeProcedure) で得られ、誤っても正しさは Silo が守る。worker ごとの実行中集合を他 worker から読める共有領域と、取引の実行順を入れ替える worker 局所の queue (今は abort 時に同じ操作列を即再試行する) が要る。,extend:共有状態 (worker ごとの実行中取引の key 集合) を開く + 観測に key (取引の予定 key 集合) を足す + 取引の開始順 (driver の取引生成) を開く,observable,YCSB 高競合 (θ 0.7〜0.9) で DbCC の throughput 平均 +111%、θ=0.9 で +171%、retry 49.8% 減 (Fig.5a、§6.3)。取引が長く skew が大きいほど効く (Fig.5d-5f) ので、zipf 0.7〜0.99・max_ope 大・rmw ありで作れる。,"Abstract, §1-§6.4 の主要節、Fig.1-6, Table 2 (Edinburgh 承認版。頁番号は原稿のため節番号のみ)"
tskd-tsdefer-lockfree-probing,F-occ-abort-reduction,TsDefer の lock-free 進捗追跡と乱択 probe (overhead を定数に抑える),optimization,Transaction Scheduling: From Conflicts to Runtime Conflicts,"Proc. ACM Manag. Data 1(1), art. 26 (SIGMOD 2023); Edinburgh peer-reviewed (accepted) version",2023,DOI 10.1145/3588706 (ACM DL URL); the Edinburgh copy prints DOI 10.1145/3603164; https://www.pure.ed.ac.uk/ws/portalfiles/portal/360117816/Transaction_Scheduling_CAO_DOA16082022_AFV.pdf,"§5 (Runtime progress tracking, Lock-free Implementation), Fig.3",thread ごとの headp/tailp と、全 thread が読める txn ID array、他 txn の予測 access set の local copy,cpu-cache,lock を使わない atomic 実装と乱択 probe で、進捗共有と conflict 検査の overhead を txn 長や thread 数に依存しない定数にする。共有 data の競合 (cache line の取り合い) を避ける設計と読めるが、cache 測定は載っていない (推測),進捗の共有と conflict 検出は競合する操作なので lock を使わず、全 access set を読まずに、active txn の項目を限られた回数だけ乱択で見る。staleness は許容し、全 conflict を検出する目的ではない。,regPos (headp を進める)・lookup (定数時間で他 thread の active txn の項目を返す)・defer (先送り) の 3 操作を C++ atomic builtins で実装。長い txn は headp より先の txn まで bounded に見る拡張もできる。,DBx1000 上に TSkd を実装。partitioner は Strife / Schism / Horticulture、CC は DBx1000 既定の CC 群,CC が正しさを担う。staleness の影響は小さいと経験的に述べる (§5),True,"TsDefer 全体の効果に含まれる (Fig.5, Fig.6)。probe 機構単独の ablation は見つけていない",,なし,なし,,,absent-silo-feasible,TsDefer の部品で、worker ごとの headp/tailp と取引 ID 配列を atomic で共有し乱択で少数回 probe する。Silo 側の前提は要らず、TsDefer 本体と一緒に入る。,extend:共有状態 (worker ごとの進捗と実行中取引の key 集合) を開く + 観測に key を足す,observable,"probe 機構単独の ablation は見つけていない (TsDefer 全体の Fig.5, Fig.6 に含まれる)。#lookups=0 で無効化できるので ablation は作りやすい。",§5
hdcc-calvin-occ-hybrid,F-occ-abort-reduction,HDCC: Calvin と OCC を同一システムで txn 単位に使い分ける hybrid,protocol-core,A Hybrid Approach to Integrating Deterministic and Non-deterministic Concurrency Control in Database Systems,PVLDB 18(5),2025,DOI 10.14778/3718057.3718066; http://www.vldb.org/pvldb/vol18/p1376-lu.pdf,"§1, §3, Fig.3, §4",shared-nothing の分散 DB (hash partition)。Analyzer / Sequencer / Scheduler / Worker。Calvin 側は read/write set の事前宣言と batch が必要。OCC 側は事前宣言不要 (宣言の無い txn は OCC)。lock table と conflict 統計 (§3),none,OCC と決定的 CC の使い分け。単一の 3 分類 (cpu-cache / delay-on-conflict / version-lifetime) に当てはまらない混合方式で、競合が強い区間は Calvin の順序付きロック待ちに寄せる,各 txn を Calvin か OCC のどちらか一方で実行する。Calvin は高競合や分散 txn に、OCC は低-中競合に強い。両者が競合するとき直列化可能性と回復の正しさを守るため lock-sharing、global validation、two-log-interleaving を加える。,"Analyzer が規則で割当て (§4.3)。OCC txn は Worker が coordinator として実行。Calvin txn は Sequencer が batch 化して ID (BID, TID) を与え、Scheduler が ID 昇順に lock 要求して Worker が実行。",Deneva を土台に Calvin と Silo 型 OCC を統合。比較対象 Snapper・Aria・Calvin・OCC を同 framework に実装。shared-nothing・分散,"conflict serializable (Theorem 1, 2, 4, 5)。証明の概略は §4.1-§4.2、完全な証明は technical report [10] (未読)",True,Snapper に対し事前宣言率 100% で最大 3.1 倍 (Fig.19a)。分散 txn 率が 100% に近い YCSB で Calvin 並、OCC・Aria の約 6.8 倍 (Fig.14a、§7.3)。高競合 (SF>=1.1) では大半が Calvin で Calvin 並 (Fig.16),"低競合 (SF<=0.5) では他方式と同程度に安定 (Fig.16)。宣言しない txn は OCC に回り Calvin の利点が使えない (Fig.19, Fig.10)",一部,なし,cc/mocc/transaction.cc:275-320 read_internal (温度で lock/OCC を使い分け) ; cc/oze/include/transaction.hh:1173 get_next_cc_mode (OCC_MODE と OZE_MODE の混在),Calvin (決定論 scheduler) は無く、Calvin と OCC の txn 単位の使い分けは無い。MOCC は record の温度で悲観 lock か OCC かを使い分け、Oze は OCC と Oze を thread 単位で切り替える。これらは hybrid の発想としては近いが、決定論 protocol との共存 (lock-sharing・global validation) は無い。,absent-prereq-mismatch,shared-nothing の分散 DB で、Calvin 側に read/write set の事前宣言と batch、決定論 scheduler が要る。単一ノードの Silo には対応する構造が無い。,n/a,conditional:Calvin 側の取引は batch の ID 順に直列化されるため、その順と版 ID を trace に差し込み、分散の node をまたぐ commit 順を 1 本にまとめること,Snapper 比 最大 3.1 倍 (Fig.19a)、分散取引率 100% 近くの YCSB で OCC・Aria の約 6.8 倍 (Fig.14a)。根拠は分散取引に依存し、単一ノードの YCSB では作れない。,"Abstract, §1-§4 (mechanisms, Fig.1-8), §7.2.1-§7.3 の主要文 (pp.1376-1385 付近)"
hdcc-lock-sharing,F-occ-abort-reduction,Lock-sharing: Calvin と OCC が共有する lock table と wid,optimization,A Hybrid Approach to Integrating Deterministic and Non-deterministic Concurrency Control in Database Systems,PVLDB 18(5),2025,DOI 10.14778/3718057.3718066; http://www.vldb.org/pvldb/vol18/p1376-lu.pdf,"§4.1, Theorem 1-2, Fig.4-5",tuple ごとの lock (EX/SH) と wid (最後に書いた sub-txn の TID)。Calvin と OCC の両方が操作。Calvin (事前宣言が前提) との混在系でのみ意味を持つ,none,混在する CC 間の競合検出のためのメタデータ統一で、性能最適化というより正しさの機構。3 分類の外,Calvin sub-txn が lock を取れなければ待つ。OCC sub-txn は prepare で EX lock を要求し、取れなければ txn 全体を abort。OCC は read 時の wid を read set に保存し、prepare で wid の変化と Calvin の lock 保持を検査する。commit 順序と依存順序を一致させる。,read 段で wid を read set に保存、prepare 段 (lock 取得・validation) で wid 変化と Calvin lock を検査、commit で wid 更新。B+-tree の leaf node にも lock して phantom を避ける (§1 の記述)。,Deneva を土台に Calvin と Silo 型 OCC を統合。比較対象 Snapper・Aria・Calvin・OCC を同 framework に実装。shared-nothing・分散,Theorem 1 (同一 node の依存順序と commit 順序の一致)、Theorem 2 (同 node で conflict serializable)。証明は 6 case で technical report [10] (未読),True,hybrid 全体の効果に含まれる (Fig.9 の Baseline との比較)。単独の効果図は見つけていない,OCC txn は Calvin が lock を持つ tuple で abort する (O3 で緩和),一部,なし,cc/mocc/transaction.cc:275-320 read_internal (lock 取得後は検証省略、そうでなければ TID 検証),Calvin lock table と OCC の wid 検査を共有する機構は無い。MOCC が同じ tuple に対し悲観 lock (MQL/RW lock) と OCC の TID validation を混在させる点が近い。Calvin sub-txn の lock 待ちや commit 順序の整合は無い。,absent-prereq-mismatch,Calvin と OCC が共有する lock 表と wid が前提で、Calvin の lock 待ちと事前宣言を持つ混在系でのみ意味を持つ。CCBench では MOCC の悲観 lock と OCC の混在が近い。,n/a,conditional:Calvin 側の直列化順 (batch の ID 順) と版 ID を trace に差し込むこと,単独の効果図は見つけていない (hybrid 全体の Fig.9 に含まれる)。,"Abstract, §1-§4 (mechanisms, Fig.1-8), §7.2.1-§7.3 の主要文 (pp.1376-1385 付近)"
hdcc-global-validation,F-occ-abort-reduction,Global validation: 分散 txn の node をまたぐ cycle を防ぐ検査,optimization,A Hybrid Approach to Integrating Deterministic and Non-deterministic Concurrency Control in Database Systems,PVLDB 18(5),2025,DOI 10.14778/3718057.3718066; http://www.vldb.org/pvldb/vol18/p1376-lu.pdf,"§4.2, Definition 1, Theorem 4-5, Fig.6-7",tuple ごとの cid・cid' (その tuple に触れた Calvin txn の最大 ID)。OCC txn ごとの gMaxCid。各 node での Calvin sub-txn の commit 状況照会,none,node をまたぐ依存 cycle を検出する正しさの機構。3 分類の外,OCC txn は locking round で触れた tuple の cid/cid' の最大を gMaxCid として求め、validation round で、その ID 以下の Calvin sub-txn が各 node で commit 済みかを検査する。未 commit があれば abort、なければ commit。,prepare の validation round に追加の検査。commit 時に触れた tuple の cid' を更新。分散 OCC txn にだけ必要。,Deneva を土台に Calvin と Silo 型 OCC を統合。比較対象 Snapper・Aria・Calvin・OCC を同 framework に実装。shared-nothing・分散,Theorem 4-5 (背理法の概略 §4.2、詳細は technical report、未読),True,hybrid の直列化可能性を担保。単独の性能図は見つけていない,追加の検査分の overhead と abort (数値未確認),なし,なし,,,absent-prereq-mismatch,分散 OCC 取引が node をまたぐ閉路を作らないための検査で、分散と Calvin の共存が前提。単一ノードでは不要。,n/a,conditional:node ごとの commit 順を 1 本の trace にまとめる差し込み点が要る,単独の性能図は見つけていない (直列化可能性の担保のための機構)。,"Abstract, §1-§4 (mechanisms, Fig.1-8), §7.2.1-§7.3 の主要文 (pp.1376-1385 付近)"
hdcc-two-log-interleaving,F-occ-abort-reduction,Two-log-interleaving: OCC log と Calvin log を commit 順で交互に再生する回復,optimization,A Hybrid Approach to Integrating Deterministic and Non-deterministic Concurrency Control in Database Systems,PVLDB 18(5),2025,DOI 10.14778/3718057.3718066; http://www.vldb.org/pvldb/vol18/p1376-lu.pdf,"§5, Fig.8",OCC の redo log と commit log (gMaxCid を記録)、Calvin の logical log、Calvin の Zigzag 変種 checkpoint (ckpID),none,回復の正しさの機構。性能最適化ではなく 3 分類外,OCC txn の commit log に、その前に commit すべき Calvin txn の最大 ID (gMaxCid) を記録する。回復時は OCC log を順に見て、gMaxCid までの Calvin txn を再生してから OCC txn を再生する。,OCC commit 時に gMaxCid を commit log に追加。回復は OCC log を走査して交互に再生。,Deneva を土台に Calvin と Silo 型 OCC を統合。比較対象 Snapper・Aria・Calvin・OCC を同 framework に実装。shared-nothing・分散,回復の正しさに理論的証明を与えると述べる (§1)。証明は未読,True,logging overhead は minor で同程度 (Fig.13b)。checkpoint 作成の overhead は Fig.13c,,なし,なし,,,absent-prereq-mismatch,OCC の redo log と Calvin の logical log を commit 順で交互に再生する回復で、永続化 log と Calvin の共存が前提。CC の性能機構ではない。,n/a,not-observable:回復時の再生順は実行時の trace に現れず、今の検査器の対象外,logging の overhead は小さい (Fig.13b)、checkpoint 作成の overhead は Fig.13c。段 A の YCSB では効く workload が無い。,"§1, §5 の主要部, Fig.13"
hdcc-rule-assignment-o1,F-occ-abort-reduction,規則による Calvin/OCC 割当 (O1: Rule 1-4),optimization,A Hybrid Approach to Integrating Deterministic and Non-deterministic Concurrency Control in Database Systems,PVLDB 18(5),2025,DOI 10.14778/3718057.3718066; http://www.vldb.org/pvldb/vol18/p1376-lu.pdf,"§4.3.1, Rule 1-4, Fig.9",read/write set の事前宣言の有無、分散 txn か、partition の hot 判定 (conflict 数が閾値超),delay-on-conflict,高競合 partition・分散 txn を Calvin (決定的順序でロック待ち) に回し、abort を待ちに置き換える。分類は最も近い delay-on-conflict,Rule 1: 宣言なしは OCC。Rule 2: 宣言済みの分散 txn は Calvin。Rule 3: 宣言済みで hot partition に触れる txn は Calvin。Rule 4: それ以外は OCC。,Analyzer が分類。hot 判定は partition ごとに一定期間内の conflict 数で行う (§4.3.1)。,Deneva を土台に Calvin と Silo 型 OCC を統合。比較対象 Snapper・Aria・Calvin・OCC を同 framework に実装。shared-nothing・分散,割当は正しさに影響しない (lock-sharing と global validation が担う),True,"YCSB で Half-O1 (Rule 1,3) は Baseline (Snapper 型の割当) より +0.1 倍、O1 (Rule 1-4) は +0.4 倍 (Fig.9a、§7.2.1)。TPC-C も同傾向 (Fig.9b)",宣言なし txn は割当の選択肢が無い (Rule 1),一部,なし,cc/mocc/transaction.cc:296-312 read_internal (temp >= temp_threshold なら lock) ; cc/mocc/include/common.hh:40 temp_threshold,MOCC が hot な record (温度が閾値以上) は悲観 lock、それ以外は OCC とする規則を持つ点が Rule 3/4 に近い。ただし割当の単位は txn でなく record で、宣言・分散 txn の規則 (Rule 1/2) と Calvin は無い。,absent-prereq-mismatch,事前宣言の有無・分散取引か・hot partition かで Calvin と OCC を割り当てる規則で、Calvin と partition が前提。hot な記録を悲観 lock に回す発想は CCBench の MOCC の温度 (cc/mocc) が記録単位で持つ。,n/a,conditional:Calvin 側の直列化順と版 ID を trace に差し込むこと,YCSB で Half-O1 は Baseline 比 +0.1 倍、O1 は +0.4 倍 (Fig.9a)、TPC-C も同傾向 (Fig.9b)。分散と宣言の条件が要り CCBench の YCSB では作れない。,"Abstract, §1-§4 (mechanisms, Fig.1-8), §7.2.1-§7.3 の主要文 (pp.1376-1385 付近)"
hdcc-reschedule-aborted-occ-o2,F-occ-abort-reduction,O2: abort した OCC txn の Calvin での再割当,optimization,A Hybrid Approach to Integrating Deterministic and Non-deterministic Concurrency Control in Database Systems,PVLDB 18(5),2025,DOI 10.14778/3718057.3718066; http://www.vldb.org/pvldb/vol18/p1376-lu.pdf,"§4.3.2, Fig.9-10",abort 時点で得られた完全な read/write set (validation 段で abort するため全体が揃う)。Analyzer による再割当,delay-on-conflict,OCC で abort した txn の read/write set を Calvin の事前宣言として再利用し、再実行を決定的順序に乗せて再 abort を避ける,OCC txn は通常 validation 段で abort し、その時点で read/write set が揃うので、再開時に規則で Calvin へ再割当できる。read/write set が並行 txn で変わる場合は再 abort の可能性があるが、secondary index 依存で起きやすいと述べる。,abort 後に Analyzer が規則で再割当。,Deneva を土台に Calvin と Silo 型 OCC を統合。比較対象 Snapper・Aria・Calvin・OCC を同 framework に実装。shared-nothing・分散,正しさは lock-sharing と global validation が担う,True,YCSB で O1+O2 は Baseline の 3.0 倍 (Fig.9a、§7.2.1)、最も効くと述べる。高競合 (SF 1.3) で undeclared 率 0-100% でも throughput は約 40K で安定 (Fig.10)。中程度競合で HDCC の throughput が安定する主因と述べる (Fig.16),undeclared 率が上がると throughput は低下 (Fig.10),一部,なし,cc/mocc/transaction.cc:900 construct_RLL (abort 時に RLL を作る) ; cc/mocc/transaction.cc:277-300 read_internal (RLL にあれば lock で再実行),abort した txn の再実行で、Calvin の代わりに悲観 lock を使う点が MOCC の RLL (retrospective lock list) に当たる。切替先が決定論 protocol でなく lock で、規則でなく直前の abort の read/write set から作る。,ccbench-present,既にある (cc/mocc の RLL: abort 時点で揃った集合から retrospective lock list を作り、再実行で先に悲観 lock を取る)。切替先が Calvin でなく lock である点が原典と違う。Silo へ移すには read の経路で lock を取る拡張が要る。,n/a,observable,原典は YCSB で O1+O2 が Baseline の 3.0 倍 (Fig.9a)、高競合で宣言率によらず約 40K で安定 (Fig.10)。CCBench の MOCC で zipf 0.9 以上・rmw ありの高競合 YCSB を作れば比較できる。,"Abstract, §1-§4 (mechanisms, Fig.1-8), §7.2.1-§7.3 の主要文 (pp.1376-1385 付近)"
hdcc-immediate-read-deferred-commit-o3,F-occ-abort-reduction,O3: 即時 read と遅延 commit (Calvin の未 commit write を読んだ OCC txn を abort せず待たせる),optimization,A Hybrid Approach to Integrating Deterministic and Non-deterministic Concurrency Control in Database Systems,PVLDB 18(5),2025,DOI 10.14778/3718057.3718066; http://www.vldb.org/pvldb/vol18/p1376-lu.pdf,"§4.3.3, Fig.9, Fig.11",OCC read set の wid、Calvin lock の保持 txn ID。Calvin txn が (原則) abort しない性質,delay-on-conflict,OCC txn が Calvin の書いた未 commit の値を読み、Calvin が commit するまで待って commit する (abort の代わりに待ち)。false positive abort を減らす,OCC txn の prepare で、read set の x が Calvin txn の lock 下、x.wid が最初の read 以降不変、かつ x.wid が当該 Calvin txn の ID と等しい場合、abort せず defer する。Calvin が commit すれば OCC も commit、Calvin が abort すれば cascading abort。,prepare 段で条件 3 つを検査して待つ。待つ相手の ID を記録。,Deneva を土台に Calvin と Silo 型 OCC を統合。比較対象 Snapper・Aria・Calvin・OCC を同 framework に実装。shared-nothing・分散,正しさは lock-sharing と global validation が担う (§4.3.3 の議論),True,O1+O2+O3 (All) が Baseline の 3.3 倍 (Fig.9a、§7.2.1)。Calvin txn の user abort 率 0→20% で O1+O2 は 37% 低下、O1+O2+O3 は 29% 低下 (Fig.11),Calvin txn が abort する (read/write set の不一致、論理的 abort) と cascading abort が起きる (Fig.11),なし,なし,,,absent-prereq-mismatch,OCC 取引が Calvin 取引の未 commit の書き込みを読んだまま待ち、Calvin が abort すれば連鎖 abort する機構で、dirty read と Calvin の lock 表が前提。Silo は未 commit の値を読まない。,n/a,not-observable:未 commit の値の読み (G1a/G1b) と連鎖 abort の漏れは commit 済み取引だけの trace に現れない,O1+O2+O3 が Baseline の 3.3 倍 (Fig.9a)、Calvin の user abort 率 0→20% で O1+O2 は 37% 低下、O3 付きは 29% 低下 (Fig.11)。,"Abstract, §1-§4 (mechanisms, Fig.1-8), §7.2.1-§7.3 の主要文 (pp.1376-1385 付近)"
aria-batch-reservation,G-gc-lock-determinism,Deterministic batch execution with write reservations (execution phase / commit phase),protocol-core,Aria: A Fast and Practical Deterministic OLTP Database,PVLDB 13(11):2047-2060,2020,https://doi.org/10.14778/3407790.3407808,"§3, §4.1-4.3, Fig. 2-4, Rule 1, Theorem 1, Fig. 8",バッチ (TID 付き入力列) と batch 境界の barrier、各 record に 64 bit の batch ID・lock bit・read TID・write TID を持つ metadata (Fig. 8)、実行中の write set の局所バッファ。read/write set の事前宣言は不要。,none,lock を取らず、実行後の予約表 (最小 TID) で commit/abort を決定論的に決める。conflict 時は待たず abort して次 batch へ回す方式で、3 分類のいずれとも言い切れない (推測: 待ちの代わりに abort 再試行へ置換)。決定論・replica 間無通信・2PC 除去に効く。,batch 内の全 txn が同一 snapshot に対して実行し、write を局所 write set に溜める。実行後に各 write key に対し min(TID) の予約を並列に作り、commit phase で自 txn の read/write set が自分より小さい TID の予約と衝突する (WAW または RAW) なら abort する。予約表は commit phase 中不変なので commit/abort は実行順に依存せず決定論的になる。,execution: snapshot read + 局所 write set + ReserveWrite (min TID)。barrier。commit: HasConflicts で write 予約表を引き、衝突なしなら Install。abort は次 batch 先頭へ (相対順維持)。予約は table の primary hash の record に TID と batch ID で付ける (§7.1)。,自前の決定論 OLTP (単一版・batch 実行、分散対応、Calvin 系 fallback あり),serializable と決定論。Rule 1 に対し §4.3 Theorem 1 で背理法による証明。abort 側に倒すので sufficient だが necessary でない旨を明記。,False,YCSB-A 一様 access で BOHM/PWV-A/Calvin 比 1.6x/1.4x/2.4x (Fig. 9、10 ops/txn・80/20 read/update)。スケジューリング費用は約 7.4% (Fig. 10(b))。TPC-C 180 warehouse で BOHM 1.9x、Calvin 1.2x (Fig. 12、§8.5 本文)。,高 skew: skew 0.999 で無 skew の 39% (§8.4 本文、Fig. 11)。TPC-C は d_ytd 更新で warehouse 数が少ないと悪化 (§8.5、Fig. 12)。straggler があると barrier で待つ: 単一 straggler (20 ms) で約 81% 低下 (§4.5、Fig. 5)。,なし,なし,,,absent-prereq-mismatch,batch 境界の barrier と同一 snapshot での batch 内実行、key ごとの min(TID) 予約表が前提。Silo の非 batch の OCC と合わない。,n/a,conditional:batch 内の直列化順 (TID 順) を commit 順として trace に書き、読んだ版を batch 開始時の snapshot の commit TID に対応づければ,Fig. 9 (YCSB-A 一様、10 ops/txn・80/20 で BOHM 比 1.6x)、Fig. 11 (skew 0.999 で 39% に低下)。YCSB の rratio・skew・max_ope で作れるが、batch が前提のため Silo 系の段 A 候補ではない。,Abstract、§1-2 (背景)、§3、§4、§5、§6、§7.1、§8.1-8.5 の本文と Fig. 9-12
aria-deterministic-reordering,G-gc-lock-determinism,Deterministic reordering (RAW dependency to WAR dependency),optimization,Aria: A Fast and Practical Deterministic OLTP Database,PVLDB 13(11):2047-2060,2020,https://doi.org/10.14778/3407790.3407808,"§5.1-5.4, Rule 2, Fig. 6-7, Theorem 2, Lemma 1, Fig. 11",Aria の batch 実行と write 予約表に加え、read 予約表 (各 key の最小 read TID) を execution phase で作る。record 側の read TID 欄 (Fig. 8)。,delay-on-conflict,commit 時の abort (と次 batch への再実行待ち) を減らす。lock 待ちではないが、conflict による遅延・再実行を減らす点でこの分類が最も近い (推測)。,Rule 1 は RAW で必ず abort するが、Rule 2 は WAW があれば abort、WAR と RAW の両方を持つ場合だけ abort とする。RAW のみの txn は serial 順を入力順から入れ替えて commit でき (例: T3->T2->T1)、物理的には並べ替えない。最小 feedback vertex set は NP 完全なので、並列に独立判定できる十分条件で近似している。,execution: ReserveRead で read 予約 (min TID) も作る。commit: WAW なら abort、WAR==false または RAW==false のとき Install (Fig. 7)。判定は read/write set と予約表だけで、各 txn が独立に並列に決定する。,Aria (自前の決定論 batch),serializable と決定論。§5.3 Theorem 2: 変換後の依存グラフが Rule 2 の下で非巡回 (Lemma 1) であることを示す。,False,YCSB skew 0.999 で reordering なしの 3.0x (§8.4 本文、Fig. 11)。,一様アクセス (低 conflict) では reordering なしと同等で、遅くもならない (§8.4、Fig. 11)。WAW 依存の abort は減らせない (§5 冒頭、§6 冒頭)。,一部,なし,cc/oze/transaction.cc:731 order forwarding (RAW 依存を許して直列化順を入れ替える) ; cc/tictoc/transaction.cc:334 validationPhase (timestamp の後決めで順序を入れ替え),Oze の forwarding や TicToc の timestamp 後決めは、入力順でなく依存に応じて直列化順を選び RAW での abort を減らす点が近い。Aria は batch の決定的規則 (min TID 予約と WAR 化) で全 replica が同じ結果になる設計で、CCBench は非決定的な動的検出。,absent-prereq-mismatch,Aria の batch 実行と read/write 予約表が前提。RAW 依存での abort を減らす非決定的な近縁は CCBench の TicToc (timestamp の後決め) と Oze (order forwarding) にあるが、batch の決定的規則は無い。,n/a,conditional:直列化順が入力順と入れ替わるため、trace の commit 順を再順序後の直列化順に合わせれば,Fig. 11 (skew 0.999 で reordering なしの 3.0x、一様では同等)。YCSB の skew で作れるが、batch が前提のため Silo 系の段 A 候補ではない。,§5.1-5.4、§8.4 の本文と Fig. 11
aria-fallback-strategy,G-gc-lock-determinism,Fallback strategy (Calvin 型 lock による再実行、abort 率で切替),optimization,Aria: A Fast and Practical Deterministic OLTP Database,PVLDB 13(11):2047-2060,2020,https://doi.org/10.14778/3407790.3407808,"§6, Fig. 9-13 (AriaFB)",commit phase 終了時に判明する各 txn の read/write set。abort 率の移動平均を sequencing layer が監視。fallback phase では worker の一部を lock manager にする。,delay-on-conflict,WAW の高 conflict で abort 再実行を繰り返す代わりに、同 batch 内で TID 順の lock で再実行する。conflict 時の遅延・再実行を減らす (推測: 分類)。,commit phase の後に fallback phase を足し、abort した txn を、既知になった read/write set を用いて TID 順の read/write lock (Calvin 型、複数 lock manager thread) で再実行する。abort 率が閾値を超えたとき sequencing layer が決定論的に切り替える。,commit phase 後: worker thread の一部が lock manager となり TID 順で lock を付与、取得した txn を別 worker が現 DB に対して実行。read/write set が変わっていれば次 batch へ。,Aria (Calvin 型 ordered locking を fallback に流用),決定論を保つと主張 (§6)。serializable の独立した証明は §6 に見当たらない (推測: Calvin の ordered locking に依拠)。,False,TPC-C で AriaFB は Aria・Calvin を常に上回る (§8.5、Fig. 12)。YCSB の高 skew で Aria w/o D.R. を上回る (§8.4、Fig. 11)。,低 conflict では Aria より少し遅い (YCSB 一様で AriaFB は abort 率約 0.4%、Aria が 1.1x、§8.2、Fig. 9)。multi-node では barrier が 2 つ増え Aria が最大 1.4x (§8.6、Fig. 13)。YCSB では reordering 付き Aria が AriaFB を上回る (§8.4)。,一部,なし,cc/mocc/transaction.cc:903 construct_RLL (abort した tx の既知 read/write set を次回の施錠リストにする) ; cc/mocc/transaction.cc:740 sort(CLL_) (施錠順は昇順),abort 後に、判明した read/write set を用いて lock 付きで再実行する点は MOCC の RLL が近い。Aria は TID 順の Calvin 型 lock manager thread による fallback phase と abort 率による切替で、MOCC は tx ごとの sorted 施錠で TID 順ではない。,absent-prereq-mismatch,commit phase で判明した read/write set を使う Calvin 型の TID 順 lock (lock manager thread) による再実行と、abort 率での決定的な切替が前提。abort 後に既知の set で施錠する近縁は MOCC の RLL にあるが、batch と TID 順の lock は無い。,n/a,conditional:batch 内の直列化順 (TID 順) を commit 順として trace に書けば,Fig. 11・12 (TPC-C で Aria・Calvin を上回る)、Fig. 9 (低競合で Aria が 1.1x)。batch が前提で Silo 系の段 A 候補ではない。,§6、§8.2、§8.4、§8.5 の本文
vll-core,G-gc-lock-determinism,Very lightweight locking (VLL): per-record counters CX/CS and a partition-wide TxnQueue,protocol-core,Lightweight Locking for Main Memory Database Systems,PVLDB 6(2),2012,https://www.vldb.org/pvldb/vol6/p145-ren.pdf,"§2.1, Fig. 1, §2.2, §2.3, §2.4, Fig. 4-5","tuple の直前に置く 2 整数 (CX, CS)、partition ごとの TxnQueue、read/write set の事前取得 (二次 index 等は事前の exploratory read で推定)、全 lock 要求と enqueue を同一の critical section で行う。",cpu-cache,lock table の連結リストを tuple 内の 2 整数に圧縮し、lock 情報と data を 1 回のメモリ access で取る (§2.4)。同時に lock manager の演算を減らす。,lock 要求は CX または CS の増分だけで、全 lock を取れた txn は free として即実行、取れなければ blocked で TxnQueue に置く。queue 先頭の txn は必ず実行できるので、partition 内で deadlock が起きない。lock 待ちの引き継ぎ情報が無いため、blocked txn は先頭に来るか、自分だけが lock を要求している状態になるまで待つ。,lock 取得: BeginTransaction で ReadSet の Cs++、WriteSet の Cx++ を critical section 内で行い、競合があれば Blocked。lock 解放: FinishTransaction で減算し queue から除去。blocked の txn 数に上限を設け、超えたら新規受付を止めて解除可能な txn を探す。,自前の main-memory DB prototype (単一 server multi-core は 2PL と比較、分散は Calvin 上に実装),deadlock 自由を §2.1 で議論 (先頭 txn は必ず進める)。分散 deadlock は §2.3 で partition 間の TxnQueue 順序を揃えて回避。serializable の形式証明は読んだ範囲に無い。,True,低 contention で locking overhead は 2PL が約 21% に対し VLL は 2% (§3.1、Fig. 4)。deadlock が起きる workload で VLL+SCA は 2PL を大半の点で 163% 以上、最大 18 倍上回る (§3.1、Fig. 5)。,高 contention では TxnQueue が blocked で詰まり、2PL と近づく (§3.1、Fig. 4)。read/write set が前もって分からない txn は exploratory read と再起動が要る (§2.3)。,なし,なし,,,absent-prereq-mismatch,read/write set の事前取得 (事前宣言) と partition ごとの TxnQueue、lock 要求の同一 critical section 化が前提。Silo の OCC と合わない。,n/a,observable,Fig. 4 (低競合で locking overhead 2PL 21% 対 VLL 2%)、Fig. 5。CCBench の YCSB は tx の key を事前生成するため条件は作れるが、事前宣言と partition が前提で Silo 系の段 A 候補ではない。,Abstract、§2.1-2.5、§3 冒頭、§3.1 (Fig. 4-5 の本文)
vll-sca,G-gc-lock-determinism,Selective contention analysis (SCA),optimization,Lightweight Locking for Main Memory Database Systems,PVLDB 6(2),2012,https://www.vldb.org/pvldb/vol6/p145-ren.pdf,"§2.5, Fig. 3, §3.1 Fig. 4-5","VLL の TxnQueue と各 txn の read/write set。約 100kB の bit 配列 DX, DS (L2 cache に載る大きさ)。txn ごとに key の hash 位置の cache。",delay-on-conflict,conflict のため blocked のまま queue に留まっている txn のうち、実は実行可能なものを見つけて先に走らせ、CPU の遊びを減らす。,TxnQueue が満杯で、明らかに unblock できる txn が無いときだけ動き、先頭から走査して、それより古い txn と write/read set が bit 配列上で衝突しない txn を実行する。hash のため偽陰性はあるが偽陽性は無いと述べる。必要なときだけ lock manager 相当の解析をする。,lock 取得後・待機中の段: 走査で DX/DS に古い txn の write/read set の hash を立て、次の txn の set が DX/DS と交わらなければ実行。key の hash 位置は txn 状態に保存して再利用。,VLL,偽陽性が無いので安全に実行できると §2.5 が述べる。形式証明は読んだ範囲に無い。,True,最高 contention で SCA なしの VLL に対し最大 76% 向上 (§3.1、Fig. 4)。,非常に高い contention で SCA を繰り返し回す費用は完全な lock manager の維持費用と同程度 (§3.1、Fig. 4 の議論)。低 contention では SCA は起動されない (§2.5)。,なし,なし,,,absent-prereq-mismatch,VLL の TxnQueue と各 tx の事前宣言した read/write set、bit 配列による衝突解析が前提。,n/a,observable,Fig. 4 (最高競合で SCA なしの VLL に対し最大 76%)。VLL が前提で Silo 系の段 A 候補ではない。,§2.4、§2.5、§3.1 (Fig. 4-5 の本文)
det-ordered-locking,G-gc-lock-determinism,Deterministic execution via ordered locking and execution to completion,protocol-core,The Case for Determinism in Database Systems,PVLDB 3(1),2010,https://www.cs.umd.edu/~abadi/papers/determinism-vldb10.pdf,"§2, §4.1, Fig. 2, §5, Fig. 3",transaction preprocessor による全順序付けとバッチ記録、全 lock を到着時に要求できること (read/write set の事前把握)、lock manager が要求順に厳密に付与する構造。,none,性能技法というより決定論 (replica の非分岐) と 2PC の除去を狙う設計。lock 保持時間 (2PC 中の保持) の短縮により多 partition で優位という主張は delay-on-conflict に近いが、論文の主目的ではない。,Ti と Tj が同じ record に lock を要求するとき i<j なら Ti が先に要求し、lock は要求順に付与する。全 txn は最後まで実行し、決定論的な論理以外では abort しない。これで事前に定めた直列順との等価性と deadlock 自由を得て、replica 間の同期と 2PC が不要になる。,lock 取得段: 到着時に全 lock を一括要求し、順序通り付与。abort 後: preprocessor が決定論的に次 batch に再投入。分散: 各 node に fragment と必要な remote read 情報を送り、commit protocol を使わない。,自前の prototype (比較対象は 2PL の nondeterministic 版),predetermined serial order 等価と deadlock 自由を §2 の 2 性質で主張 (議論のみ、形式証明は読んだ範囲に無い)。,True,TPC-C New Order (100%) で 2 warehouse・10 warehouse とも、多 partition txn の割合が増えても deterministic の低下が traditional (2PL+2PC) より緩やか (§5、Fig. 3、数値は図のみ)。,stall した txn があると clog する (§3)。,一部,なし,cc/d2pl/transaction.cc:314 lockList (lock_entries_ を sort して昇順に w_lock/r_lock) ; include/dbomb_deterministic.hh:70 lockList を tx 開始時に一括実行,D2PL は事前に集めた lock 対象を key 順に sort して一括施錠し、deadlock を避ける点が近い。Calvin 型の『tx 番号順の要求と要求順の lock 付与』(事前に定めた直列順との等価性、replica 間同期不要) は無く、順序は key 順で tx 間の直列順は決まらない。,absent-prereq-mismatch,tx 番号順の lock 要求と要求順の lock 付与、全 lock の到着時要求 (事前宣言) が前提。CCBench の D2PL は key 順 sort の一括施錠で deadlock を避けるが、tx 間の直列順は事前に決まらない。CCBench の ss2pl の既定 build は DLR1 (no-wait)。,n/a,conditional:事前に定めた直列順 (tx 番号順) を commit 順として trace に書けば,Fig. 3 (TPC-C New Order の多 partition 割合、数値は図のみ)。分散・2PC の回避が主な利得で、単一ノードの YCSB では効きようがない。,Abstract、§1.3、§2、§3 前半、§4.1、§4.2、§5
det-dependent-txn-decomposition,G-gc-lock-determinism,Decomposition of dependent transactions (read/write set discovery transaction),optimization,The Case for Determinism in Database Systems,PVLDB 3(1),2010,https://www.cs.umd.edu/~abadi/papers/determinism-vldb10.pdf,§4.2,read/write set が事前に分からない txn (二次 index の lookup 等) を、先行の探索 txn と本体 txn に分けられること。preprocessor が本体 txn を再投入する仕組み。,none,事前宣言の前提を満たせない txn を決定論のまま扱うための技法。3 分類の性能技法ではない。,dependent txn U を、read/write set を探る U1 と、その結果で lock を先取りして実行する U2 に分解する。U2 は実行前に lock した対象が変わっていないか再確認し、変わっていれば abort して preprocessor が次 batch に再投入する。,lock 取得前の段: U1 の結果を preprocessor へ返し、U2 を batch に入れる。U2 は先に lock し、依存 read を再確認する。read committed では再確認と abort を省ける。,同論文の deterministic prototype,abort と再試行は全 replica で決定論的と §4.2 が述べる。OCC 同様の starvation 危険を認めている。,True,依存先が頻繁に更新されない workload では影響が小さい。TPC-C Payment は、顧客名の更新が毎秒数百から数千回になって初めて低下という記述 (§4.2 本文。根拠の実験は付録で、図表番号は読んでいない)。,依存先の更新が頻繁だと starvation の危険 (§4.2)。,一部,なし,include/dbomb_deterministic.hh:54 reconnoiter_begin/end で対象を偵察してから lock_entries_ を作る ; cc/d2pl/transaction.cc:314 lockList (key が無ければ false で再試行) ; include/dbomb_deterministic.hh:70 失敗時 RETRY,read/write set を偵察で先に決め、その結果で lock してから実行する点は OLLP/U1-U2 分解と同じ。ただし施錠後の再確認は key の存在だけで (lockList が key 無しなら失敗)、偵察結果が変わったことの検出と次 batch への再投入は無く、その場で RETRY する。,ccbench-present,要 (偵察で read/write set を決め、その結果で施錠して実行する) は include/dbomb_deterministic.hh の reconnoiter と cc/d2pl の lockList にある (再確認は key の存在だけ、失敗時はその場で RETRY)。Silo の OCC は事前施錠をしないため移植の対象外。,n/a,observable,§4.2 の本文の記述のみ (根拠実験は付録、図表番号は未読)。YCSB は二次 index を使わず、偵察が要る tx を作れない。,§4.2
nofalseneg-sgt-txlocal-graph,H-anchor-refs,Many-core SGT (transaction-local locking conflict graph),protocol-core,No False Negatives: Accepting All Useful Schedules in a Fast Serializable Many-Core System,ICDE 2019,2019,doi:10.1109/ICDE.2019.00071 (PDF: https://db.in.tum.de/~durner/papers/no-false-negatives-icde19.pdf),"§II-A から II-D, Algorithm 1 (Edge Insertion), Algorithm 2 (Commit), Fig. 2",transaction ごとの node (入辺集合 inSet と出辺集合 outSet、共有/排他の 2 モードを持つ transaction 局所 lock、state)、tuple ごとのアクセス履歴 (下記 tuple-access-history カード)、epoch based GC。read/write set の事前宣言は不要 (各操作の時点で conflict を検出する)。,delay-on-conflict,conflict graph が非巡回である限りすべての conflict serializable な履歴を受理するので abort が減る。commit 時に入辺が残っていれば commit を遅らせて待つ (abort ではなく待ち)。3 分類のうち衝突時の待ち・abort の扱いを変える技法にあたる。,各操作が conflict 辺を graph へ挿入し、巡回が生じたときだけ abort する SGT (serialization graph testing) を多コア向けに作り直した。graph 全体の大域 lock を避け、node ごとの局所 lock (辺の挿入と巡回検査は共有 mode、commit の最終検査は排他 mode) だけで安全に並行挿入する。commit は入辺が 0 であることを要求し、log-recoverable かつ commit 順が直列化順に一致する (COCSR ∩ RC) 履歴だけを出す。,read/write の各操作: tuple のアクセス履歴から conflict 対を導出し、Algorithm 1 で辺を挿入して巡回検査 (DFS)。commit: 自 node の排他 lock を取り、入辺が空なら出辺を消して committed にし、epoch GC へ削除を予約 (Algorithm 2)。入辺が残るなら commit を保留し、失敗のたびに再検査する。abort 時は w-r / w-w 辺の子孫も abort 対象に印を付ける。,自前の多コア in-memory DB 試作 (worker は 1 core に固定、abort は undo して再投入、livelock 検出つき)。単一版 SGT と多版 M-SGT を比較 (§IV)。,論文の主張は conflict serializable (CSR) のうち commit 順保存かつ recoverable (COCSR ∩ RC) を受理すること。Theorem 2: Gen(Our Many-Core Optimized SGT) ⊆ CSR の証明を §II-I に置く。,False,"SmallBank の高競合 (顧客 100 人) で SGT は TicToc・2PL・MVOCC より高 throughput・低 abort (Fig. 4)。YCSB A θ=0.9 で TicToc の abort は SGT 系の約 2 倍 (§IV-C, Fig. 7b)。TATP で SGT は 1000 万 tx/s 超、全競合より高く abort も少ない (§IV-D, Fig. 9)。","YCSB B (読み中心) の非常に高い競合では、短期の access lock が性能を下げ、楽観系 (TicToc) が有利 (§IV-C, Fig. 8)。低競合 SmallBank (顧客 10000 人) では TicToc が最良 (§IV-A, Fig. 5c)。YCSB A θ=0.9 では concurrency control が時間の大きな割合を占める (§IV-E, Table II の本文記述)。",一部,なし,cc/oze/transaction.cc:540 validation (graph_ に merge し has_cycle) ; cc/oze/transaction.cc:684 write_validation (:726 has_cycle),Oze は conflict graph を作り cycle のときだけ abort する SGT 系だが、graph は tuple ごと (tuple->graph_) の graph を tuple の w_lock 下で merge する方式で、論文の txn ごとの node 局所 lock (共有/排他 mode) ではない。,ccbench-present,既にある (cc/oze が conflict graph を作り閉路のときだけ abort する SGT 系。graph を tuple ごとに持ち tuple の w_lock 下で merge する点が、原典の取引ごとの node 局所 lock と違う)。Silo へは移さない (単版 OCC を graph 方式に置き換えることになり、実行中取引への w-r 辺 (dirty read) も要る)。,n/a,not-observable:原典は実行中取引の書き込みを読み (w-r 辺) 連鎖 abort で回復可能性を保つため、未 commit の値の読みと連鎖 abort の漏れは commit 済み取引だけの trace に現れない。commit 順は直列化順と一致する (COCSR),SmallBank 高競合 (顧客 100 人) で TicToc・2PL・MVOCC より高 throughput (Fig.4)、YCSB A θ=0.9 で TicToc の abort が SGT の約 2 倍 (Fig.7b)。CCBench では Oze を zipf 0.9・rratio 50% の YCSB A 相当で動かせば比較できる。,"Abstract, §I, §II (A-I), §III, §IV-A から IV-E の本文と Fig. 4-9、Table I-II の言及箇所"
nofalseneg-tuple-access-history,H-anchor-refs,Per-tuple access history with local sequence number (conflict pair detection),optimization,No False Negatives: Accepting All Useful Schedules in a Fast Serializable Many-Core System,ICDE 2019,2019,doi:10.1109/ICDE.2019.00071 (PDF: https://db.in.tum.de/~durner/papers/no-false-negatives-icde19.pdf),"§II-F, Algorithm 3, Fig. 3","関係 (table) ごとに 2 列を追加: 局所 sequence 列と、順序付きの tuple アクセス項目リスト ({Transaction, Operation})。",none,conflict 対の検出に使う検証用でなく CC 本来のメタデータ。待ち・cache・版寿命の 3 分類のいずれにも直接は当たらない (spin 待ちは操作の順序付けに限られ commit まで保持しない)。,tuple ごとに操作の順序を局所 sequence 番号で固定し、アクセス履歴を走査して conflict 辺を導出する。sequence 番号の待ちは読み書きの間だけで、tuple アクセス直後に番号を進めるため、他 transaction の終了を待たずに同じ tuple を操作できる。,"操作時: 履歴へ (tx, op) を push して id を得る。sequence 番号が自分の id になるまで spin し、自分より前の項目と conflict するものごとに EdgeInsertion (Algorithm 1) を呼ぶ。挿入の失敗で abort。",上記 many-core SGT,§II-I の SGT 正しさ議論の一部 (conflict 対が全数導出されること)。独立した証明はない。,False,ロック保持型に比べ、複数 thread が同じ要素へ他 transaction の終了を待たず並行アクセスできる利点を論文は述べる (§II-F)。具体的な数値の単独 ablation は本文にない (Table II は CC 全体を切る比較)。,,一部,なし,"cc/oze/transaction.cc:183 read_internal (merge(this->graph_, tuple->graph_)) ; cc/oze/include/transaction.hh:307 find_followers",tuple の graph に readBy_/writtenBy_ を持ち、走査して依存辺を導出する点は近い。局所 sequence 番号による順序固定と番号待ちは無い。,absent-prereq-mismatch,SGT の conflict graph の部品で、tuple ごとの操作履歴と局所 sequence 番号から辺を導出する。Silo には辺を入れる graph が無い。CCBench で載せるなら Oze (tuple の readBy_/writtenBy_) が土台になる。,n/a,not-observable:SGT 本体と同じく実行中取引への w-r 辺と連鎖 abort の漏れは trace に現れない,単独の ablation 数値は本文に無い (§II-F の利点の記述のみ、Table II は CC 全体の比較)。,"Abstract, §I, §II (A-I), §III, §IV-A から IV-E の本文と Fig. 4-9、Table I-II の言及箇所"
nofalseneg-node-address-txid,H-anchor-refs,Transaction ID = graph node address; node reuse,optimization,No False Negatives: Accepting All Useful Schedules in a Fast Serializable Many-Core System,ICDE 2019,2019,doi:10.1109/ICDE.2019.00071 (PDF: https://db.in.tum.de/~durner/papers/no-false-negatives-icde19.pdf),§II-H,transaction ごとに graph node を持つこと。node は commit・削除後に辺集合ごと再利用する。,cpu-cache,大域 atomic counter の更新競合 (cache line の奪い合い) を避ける技法。,全順序の transaction ID を大域カウンタから取る代わりに、node のアドレスを ID とする。小さな OLTP transaction が多い場面で大域 counter が律速になるのを避ける。,node のポインタ値を ID として使い、commit と削除の後に node (辺集合を含む) を再利用する。,上記 many-core SGT,独立の正しさ議論なし。,False,効果の数値単独は示されない。論文は大域カウンタの回避を設計理由として述べるのみ。,,なし,なし,,,absent-prereq-mismatch,SGT の graph node のアドレスを取引 ID にして大域 counter を避ける工夫で、graph node が前提。Silo は既に epoch と thread 内 TID で大域 counter を使わない。,n/a,conditional:取引 ID が node のアドレスで再利用されるため、trace の版 ID には別に commit 順の番号を振ること,効果の数値単独は示されない (設計理由の記述のみ)。,"Abstract, §I, §II (A-I), §III, §IV-A から IV-E の本文と Fig. 4-9、Table I-II の言及箇所"
nofalseneg-delayed-node-deletion,H-anchor-refs,Delayed node deletion (commit requires no incoming edges) with epoch-based GC,optimization,No False Negatives: Accepting All Useful Schedules in a Fast Serializable Many-Core System,ICDE 2019,2019,doi:10.1109/ICDE.2019.00071 (PDF: https://db.in.tum.de/~durner/papers/no-false-negatives-icde19.pdf),"§II-C (Example 1), §II-D, Algorithm 2",node の state (running / committed / aborted)、epoch based garbage collector、commit 時の入辺なし条件。,none,版の寿命ではなく conflict graph の node の寿命に効く。commit は許すが削除を遅らせないと未検出の巡回が残る問題への対策。3 分類に直接当たらない。,committed node を、自分への入辺がすべて消えるまでグラフから消さない。commit 順保存 (COCSR) のため rw 辺も commit 遅延に使うことで、committed node を直ちに削除できる。削除済み node は、それを指す辺を見つけうる transaction が消えるまで epoch GC が生かす。,commit で出辺を削除し state を committed にして epoch GC に削除を予約。削除済み node を参照する後続 transaction は state を見て、committed なら辺を挿入せずに操作を進め、aborted で w-r / w-w なら自分も abort する (Algorithm 1)。,上記 many-core SGT,§II-C の議論と §II-I Theorem 2 の証明 (commit 時に巡回が起きないこと、削除が SGT 定義に反しないこと)。,False,単独 ablation の数値なし。,,一部,なし,"cc/oze/include/transaction.hh:889 gc (epoch による graph の掃除) ; cc/oze/transaction.cc:705 write_validation (gc(tuple->graph_, reclamation_epoch_))",Oze は reclamation_epoch_ 以前の node を graph から回収する epoch 型の掃除を持つ。入辺が 0 になるまで commit を遅らせる遅延削除 (COCSR のための rw 辺を使った commit 遅延) は無い。,absent-prereq-mismatch,入辺が消えるまで commit を遅らせる SGT の node 削除と epoch GC で、conflict graph が前提。CCBench の Oze は epoch 型の graph 掃除を持つが commit 遅延は無い。,n/a,not-observable:SGT 本体と同じく実行中取引への w-r 辺と連鎖 abort の漏れは trace に現れない,単独 ablation の数値なし。,"Abstract, §I, §II (A-I), §III, §IV-A から IV-E の本文と Fig. 4-9、Table I-II の言及箇所"
nofalseneg-reduced-dfs-cycle-check,H-anchor-refs,Cycle check with reduced DFS (only the region to validate; shared lock),optimization,No False Negatives: Accepting All Useful Schedules in a Fast Serializable Many-Core System,ICDE 2019,2019,doi:10.1109/ICDE.2019.00071 (PDF: https://db.in.tum.de/~durner/papers/no-false-negatives-icde19.pdf),"§II-G, Algorithm 4",node の入辺集合、共有 lock で node を読める仕組み。,none,巡回検査の計算量と lock 保持範囲を絞る技法。cache・待ち・版寿命の 3 分類に直接当たらない。,検査対象の部分だけを DFS でたどり (新しい辺を入れた node から入辺方向)、検査中は node を共有 lock で保持する。同時挿入で見落とした巡回は後続の検査か他 transaction からの abort 要求で検出し、commit の最終検査だけを排他 lock にして他 thread の阻害を短くする。,Algorithm 4: visitedPath に現在 node を入れ、共有 lock を取って alive なら入辺を再帰。巡回が見つかれば true を返す。,上記 many-core SGT,§II-G の議論。commit 時の排他検査が最終的な保証 (§II-I)。,False,Table I に巡回検査あたり・transaction あたりの cycle 数がある。競合が強いほど検査は高くなる (TATP(100) は短い経路、YCSB A θ=0.9 は長く頻繁に巡回)。ただし CC 全体に占める割合は小さいと本文は述べる (§IV-E)。,YCSB A θ=0.9 では経路が長く頻繁に巡回し、検査のコストが増える (§IV-E)。,一部,なし,cc/oze/include/transaction.hh:805 has_cycle (start 起点の cycle 検査) ; cc/oze/transaction.cc:726 write_validation,"Oze の has_cycle(g, start) は自 txn 起点で検査するが、tuple の w_lock (排他) を持った状態で行い、共有 lock で検査して commit 時のみ排他にする分離は無い。",absent-prereq-mismatch,SGT の閉路検査を共有 lock の部分 DFS にし commit 時だけ排他にする工夫で、conflict graph が前提。CCBench で載せるなら Oze の has_cycle (tuple の w_lock 下で検査) が対象。,n/a,observable,Table I に検査あたり・取引あたりの閉路数があり、YCSB A θ=0.9 では長く頻繁に閉路が出る。CC 全体に占める割合は小さいと本文 (§IV-E)。,"Abstract, §I, §II (A-I), §III, §IV-A から IV-E の本文と Fig. 4-9、Table I-II の言及箇所"
nofalseneg-online-topological-order,H-anchor-refs,"Online cycle detection by maintaining a topological order (O-SGT, Pearce et al.)",design-dimension,No False Negatives: Accepting All Useful Schedules in a Fast Serializable Many-Core System,ICDE 2019,2019,doi:10.1109/ICDE.2019.00071 (PDF: https://db.in.tum.de/~durner/papers/no-false-negatives-icde19.pdf),"§II-G, §IV-A から IV-D (O-SGT の線)",graph 全体の位相順序と node から順序への対応表 (order mapping)。,none,巡回検査の方式選択 (DFS 対 位相順序維持)。3 分類に当たらない。,辺 x→y の挿入時に ord(y) < ord(x) のときだけ前向き・後ろ向き DFS を実行し、位相順序を原子的に付け直す。最悪計算量は下がるが、順序の更新は単一 thread 実行を要し多コアでは高くつく、と論文は述べる。,対応表への挿入・削除が多数の小さな transaction で律速になる。,上記 many-core SGT (O-SGT として実装),SGT の一部 (§II-I の議論は DFS 版)。O-SGT 固有の証明はない。,False,効く条件は示されない。,評価したすべての設定で O-SGT は DFS 版に勝てなかった (SmallBank Fig. 4-5、TATP Fig. 9)。理由は位相順序の維持と対応表への競合 (§IV-A)。,なし,なし,,,absent-prereq-mismatch,graph 全体の位相順序を保つ O-SGT の閉路検出で、conflict graph が前提。順序の更新は単一 thread 実行を要し多コアで高くつくと原典自身が述べる。,n/a,observable,効く条件は示されない (比較対象としての実装)。,"Abstract, §I, §II (A-I), §III, §IV-A から IV-E の本文と Fig. 4-9、Table I-II の言及箇所"
nofalseneg-msgt-epoch-readonly-versions,H-anchor-refs,"Multi-version extension for long read-only queries (M-SGT, epoch-tagged snapshots)",optimization,No False Negatives: Accepting All Useful Schedules in a Fast Serializable Many-Core System,ICDE 2019,2019,doi:10.1109/ICDE.2019.00071 (PDF: https://db.in.tum.de/~durner/papers/no-false-negatives-icde19.pdf),"§III, §IV-B, §IV-C (Fig. 6, Fig. 7c)",更新前に row を snapshot して作る過去状態の一覧 (版の連結)、各 snapshot に epoch 状態の印、epoch based GC。読み専用 transaction (OLAP) かどうかの判定 (optimizer が決められると仮定)。,version-lifetime,epoch 単位で版の可視性と回収を管理する技法。粗い粒度の epoch を使うので単一更新点 (増分される大域 ID) を避ける。,OLTP 書き込みと短い読みは常に最新版 (base table) を単一版 SGT で扱う。OLAP transaction は epoch 状態から算出した過去版を読む。読み専用なので conflict graph に辺を入れず、全 writer の後に実行されたかのように見える。,書き込み時に row を snapshot して epoch を付ける。OLAP の読みは現在の epoch から可視な版を選ぶ。,上記 many-core SGT の拡張 (M-SGT),§III の議論 (読み専用 transaction は辺を持たず、将来の writer は論理的に後ろにある)。形式的な証明の節は読んだ範囲になし。,False,"OLAP 拡張 SmallBank (顧客 10000 人) で M-SGT は OLTP と OLAP の両方を扱え、全体の transaction latency が最小 (§IV-B, Fig. 6)。YCSB A に 1% scan を混ぜると M-SGT は TicToc の 1.75 倍 (§IV-C, Fig. 7c)。","版管理は無料ではなく、単一版 SGT より性能が下がる (§IV-A)。更新中心で列が多い YCSB (10 列 × 100B) では多版化が高くつく (§IV-C)。小さな OLAP (10,000 tuple) は MVOCC の方が良い (§IV-B)。TicToc は OLTP throughput が最高だが OLAP を commit できない (§IV-B, Fig. 6)。",一部,なし,cc/oze/transaction.cc:551 validation (read-only txn の経路、cf. read crown),Oze に read-only txn 専用の経路 (write set 空なら tuple graph を merge して cycle 検査) はあるが、過去 epoch の版を読む多版 snapshot ではなく、最新版を読んで graph に載せる。M-SGT の epoch 付き過去版は無い (Cicada/MVTO の rts 経路は cc/cicada/transaction.cc:93 に別途あり)。,absent-prereq-mismatch,OLAP 取引が epoch 付きの過去版を読むため、版の連結と epoch GC (多版) が要る。単版の Silo には過去版が無い。,n/a,conditional:read-only 取引を全 writer の後ではなく epoch の時点に直列化するため、その読みの版 ID と直列化位置を trace に差し込むこと。YCSB の scan を混ぜる場合の phantom は見えない,YCSB A に 1% scan を混ぜると M-SGT が TicToc の 1.75 倍 (Fig.7c)、OLAP 拡張 SmallBank で latency 最小 (Fig.6)。scan が要り CCBench の点操作 YCSB では作れない。,"Abstract, §I, §II (A-I), §III, §IV-A から IV-E の本文と Fig. 4-9、Table I-II の言及箇所"
strife-batch-clustering-scheduling,H-anchor-refs,Strife: batch を conflict-free cluster と residual に分けて CC なしで実行,protocol-core,Improving High Contention OLTP Performance via Transaction Scheduling (arXiv 版。SIGMOD 2020 掲載版 'Handling Highly Contended OLTP Workloads Using Fast Dynamic Partitioning' の 2018 年プレプリント v1。掲載版そのものは未取得),arXiv:1810.01997v1 (SIGMOD 2020 の前身稿),2018,arXiv:1810.01997v1,§2 (2.1 analysis、2.2 conflict-free、2.3 residual)、Fig. 1,transaction の read/write set を静的に得られること (得られない場合は deterministic DB と同様の reconnaissance query の 2 段実行)、transaction を micro-batch にまとめる入口、tuple ごとの clusterId メタデータ、tuple/table 単位のアクセス集合。,none,conflict を待ちや abort で処理するのではなく、conflict する transaction を同じ cluster に置くよう scheduling して CC 自体を除く。3 分類 (cpu-cache / delay-on-conflict / version-lifetime) に当たらず、conflict 回避のための transaction 配置に効く。,batch を、cluster 間で conflict しない k 個の cluster と小さな residual (R) に分割する。各 cluster は 1 core が CC なしで直列に実行し、全 cluster の終了後に residual を 2PL NoWait で並行実行する。cluster 数は core 数以上、|R| は batch の α 以下に抑える。,batch 収集 → analysis phase (access graph 作成、spot / allocate / merge) → conflict-free phase (worklist から cluster を取り CC なしで実行、全 thread 待ち合わせ) → residual phase (共有 queue から取り 2PL NoWait で実行、abort は再試行) → 次 batch。,自前の C++ 試作 (batch 実行の transaction manager。conflict-free phase は CC なし、residual phase は 2PL NoWait),cluster 間に conflict がないことで CC 不要 (§2)。serializable。形式的証明の節は読んだ範囲になし (アルゴリズムの構成による議論)。,True,TPC-C (NewOrder:Payment = 50:50、15 core) と YCSB (θ=0.9、15 core) で、2PL 系 (NoWait / WaitDie / LockOrdered / WaitsForGraph) に対し最大 2 倍 (§4.5、Fig. 5a、Fig. 6a)。高競合 YCSB (θ を上げる) で他プロトコルの最大 5 倍 (§4.8、Fig. 10。§1 の箇条書きでは '4x' と書かれ、本文と食い違う)。warehouse 4 個・core 増加でも他を大きく上回る (§4.7、Fig. 7a、Fig. 8a)。,低競合 YCSB では NoWait と WaitDie が Strife より約 50%、LockOrdered が約 20% 良い (§4.8、Fig. 10)。全 transaction が少数の極めて高競合な item に集中すると良い cluster がなく fallback (全 residual) になる (§2.1)。YCSB 15 partition では時間の約 50% が analysis (§4.6、Fig. 6b)。,なし,なし,,,absent-prereq-mismatch,batch の read/write 集合を静的に得て conflict-free な cluster に分け、cluster 内を CC なしで実行するため、事前集合・batch・partition が前提で、正しさが事前集合の正確さに依存する。residual は 2PL NoWait。,n/a,conditional:CC なしで実行する cluster の書き込みにも commit TID 相当の版 ID と直列化順 (cluster 内の実行順と phase 順) を振る trace の差し込み点が要る,YCSB θ=0.9・15 core で 2PL 系の最大 2 倍 (Fig.6a)、高競合 YCSB で他の最大 5 倍 (Fig.10、§1 は 4x と書き食い違う)。CCBench の YCSB は操作列を実行前に作るので集合は得られるが、batch と phase の実行枠が無い。,"Abstract, §1, §2 (2.1-2.3), §3 (3.1-3.3), §4 (4.1-4.8) の本文と Fig. 5-10 の言及箇所、§5 Discussion"
strife-spot-stage,H-anchor-refs,Spot stage: 無作為 sampling による cluster 種の選択,optimization,Improving High Contention OLTP Performance via Transaction Scheduling (arXiv 版。SIGMOD 2020 掲載版 'Handling Highly Contended OLTP Workloads Using Fast Dynamic Partitioning' の 2018 年プレプリント v1。掲載版そのものは未取得),arXiv:1810.01997v1 (SIGMOD 2020 の前身稿),2018,arXiv:1810.01997v1,"§3.1, Algorithm 1",各 tuple の clusterId、batch 中の transaction を一様抽出できること。,none,batch 分割のコストを抑える解析段の技法。CC の 3 分類に当たらない。,互いに conflict しない transaction を c 回 (core 数の数倍) 無作為に抽出し、各々を cluster の種にする。高競合 item は多数の transaction に触られるので高確率で種に含まれる、という議論に基づく。すべて 1 つの item に触るなら fallback (逐次) に戻る。,単一 thread で実行 (§4.2)。sample は約 150 件で、コストはほぼ無視できる (§4.6)。,自前の C++ 試作 (batch 実行の transaction manager。conflict-free phase は CC なし、residual phase は 2PL NoWait),分割の良さに関する確率的議論 (1 − (1 − 1/k)^c ≈ 1) を §3.1 に置く。正しさ (serializable) は後続の allocate / residual の構成による。,True,TPC-C は warehouse ごとの cluster の種を容易に見つけられる (§4.6、Fig. 9a)。,YCSB では同じ partition 内の 2 つの hot item が別の種になり、partition 内をさらに割って大半が residual になる (§4.6、Fig. 9b)。,なし,なし,,,absent-prereq-mismatch,Strife の batch 分割の種選び (無作為 sampling) で、batch と tuple ごとの clusterId が前提。,n/a,conditional:Strife 本体と同じく CC なし実行部分の版 ID と直列化順の差し込み点が要る,sample は約 150 件で費用はほぼ無視できる (§4.6)。TPC-C は warehouse ごとの種を容易に見つける (Fig.9a)。,"Abstract, §1, §2 (2.1-2.3), §3 (3.1-3.3), §4 (4.1-4.8) の本文と Fig. 5-10 の言及箇所、§5 Discussion"
strife-allocate-stage,H-anchor-refs,Allocate stage: transaction の cluster / residual への 2 ラウンド割当て,optimization,Improving High Contention OLTP Performance via Transaction Scheduling (arXiv 版。SIGMOD 2020 掲載版 'Handling Highly Contended OLTP Workloads Using Fast Dynamic Partitioning' の 2018 年プレプリント v1。掲載版そのものは未取得),arXiv:1810.01997v1 (SIGMOD 2020 の前身稿),2018,arXiv:1810.01997v1,"§3.2, Algorithm 2, §4.2 (並列化)",tuple ごとの clusterId、compare-and-swap による原子的な cluster 割当て。,none,batch 分割の技法。CC の 3 分類に当たらない。,第 1 ラウンドは、transaction の tuple 群がすべて単一の cluster に属するならその cluster へ、複数 cluster に跨るなら residual へ入れる。第 2 ラウンドは未割当てを無作為な cluster へ入れてから同じ規則を適用する。高競合 workload では access graph の直径が 1 に近いので 1〜2 ラウンドで済む、と論文は述べる。,batch を chunk に分けて各 thread が並列に割り当てる。tuple の clusterId は CAS で更新し、transaction の全 CAS が成功したときだけその cluster に入れる (§4.2)。,自前の C++ 試作 (batch 実行の transaction manager。conflict-free phase は CC なし、residual phase は 2PL NoWait),構成による議論 (cluster 内の transaction は cluster 内の item にしか触らない、§3.2)。形式的証明は読んだ範囲になし。,True,TPC-C では analysis の大半 (2 core で約 80%) が allocate で、core を増やすと時間が減る (§4.6、Fig. 9a)。,YCSB では merge が必要になり時間が増える (§4.6、Fig. 9b)。,なし,なし,,,absent-prereq-mismatch,Strife の取引を cluster / residual に割り当てる段で、tuple ごとの clusterId の CAS と batch が前提。,n/a,conditional:Strife 本体と同じく CC なし実行部分の版 ID と直列化順の差し込み点が要る,TPC-C では analysis の大半 (2 core で約 80%) が allocate (Fig.9a)。,"Abstract, §1, §2 (2.1-2.3), §3 (3.1-3.3), §4 (4.1-4.8) の本文と Fig. 5-10 の言及箇所、§5 Discussion"
strife-merge-stage-alpha,H-anchor-refs,Merge stage: residual が α|B| を超えないよう cluster を統合,optimization,Improving High Contention OLTP Performance via Transaction Scheduling (arXiv 版。SIGMOD 2020 掲載版 'Handling Highly Contended OLTP Workloads Using Fast Dynamic Partitioning' の 2018 年プレプリント v1。掲載版そのものは未取得),arXiv:1810.01997v1 (SIGMOD 2020 の前身稿),2018,arXiv:1810.01997v1,"§3.3, Algorithm 3, §5 (α の議論)","cluster 対ごとの共有 residual 数 N(Ci, Cj) の集計 (allocate 中に thread 局所で集めて統合)、union-find 風の root 付け替え、パラメータ α。",none,batch 分割の技法。CC の 3 分類に当たらない。,"N(Ci, Cj) > α (|Ci| + |Cj| + N(Ci, Cj)) を満たす cluster 対を統合し、residual だったものを新 cluster へ再割当てする。統合すると conflict-free phase の並列度は下がるが CC なしで走る transaction が増える。α は実験で 0.2 を採用。",merge は単一 thread、residual の再割当ては並列 (§4.2)。,自前の C++ 試作 (batch 実行の transaction manager。conflict-free phase は CC なし、residual phase は 2PL NoWait),"この基準で residual 数が α|B| 未満になることを §3.3 で示す (|R| ≤ Σ N(Ci,Cj) の議論)。",True,TPC-C では merge に入らない (residual が既に α 以内、§4.6)。,α が大きいと Strife の効果が減り、小さいと統合が強制されて並列度が減る。適切な α の選択が重要 (§5)。YCSB では merge に多くの時間 (§4.6)。,なし,なし,,,absent-prereq-mismatch,Strife の residual が α|B| を超えないよう cluster を統合する段で、batch と cluster が前提。,n/a,conditional:Strife 本体と同じく CC なし実行部分の版 ID と直列化順の差し込み点が要る,TPC-C では merge に入らない (§4.6)。α=0.2 を採用。,"Abstract, §1, §2 (2.1-2.3), §3 (3.1-3.3), §4 (4.1-4.8) の本文と Fig. 5-10 の言及箇所、§5 Discussion"
strife-readonly-item-pruning,H-anchor-refs,batch 内で読み専用の item を分割から除外,optimization,Improving High Contention OLTP Performance via Transaction Scheduling (arXiv 版。SIGMOD 2020 掲載版 'Handling Highly Contended OLTP Workloads Using Fast Dynamic Partitioning' の 2018 年プレプリント v1。掲載版そのものは未取得),arXiv:1810.01997v1 (SIGMOD 2020 の前身稿),2018,arXiv:1810.01997v1,§3 (前処理),batch 内で write されるかどうかの item ごとの集計。,none,分割の対象 item を絞る前処理。CC の 3 分類に当たらない。,batch 中で 1 つ以上の transaction が write mode で触る item だけを access graph の対象にし、batch 全体で読み専用の item は分割で無視する。conflict は少なくとも 1 つの write を含むという定義に対応する。,前処理 stage で write されうる item 集合 DT を計算する。TPC-C の Items (ほぼ読み専用の次元表) の大半が除外される例を挙げる。,自前の C++ 試作 (batch 実行の transaction manager。conflict-free phase は CC なし、residual phase は 2PL NoWait),conflict の定義 (§2.1) による。,True,効果の数値は示されない (前処理は analysis 時間の一部で、2 core で約 20%、§4.6)。,,なし,なし,,,absent-prereq-mismatch,batch 全体で読み専用の item を分割から除く前処理で、batch と事前集合が前提。,n/a,conditional:Strife 本体と同じく CC なし実行部分の版 ID と直列化順の差し込み点が要る,効果の数値は示されない (前処理は analysis 時間の約 20%、§4.6)。,"Abstract, §1, §2 (2.1-2.3), §3 (3.1-3.3), §4 (4.1-4.8) の本文と Fig. 5-10 の言及箇所、§5 Discussion"
acc-domcc-mixed-cc,H-anchor-refs,DomCC: cluster ごとに 1 つの protocol が担当する混在 CC,protocol-core,"Adaptive Concurrency Control: Despite the Looking Glass, One Concurrency Control Does Not Fit All",CIDR 2017,2017,https://www.cidrdb.org/cidr2017/papers/p63-tang-cidr17.pdf,§5 (Enforcing Isolation Across Protocols)、Fig. 4,記録の集合 (cluster) を単一 protocol に割り当てる対応表 (cluster routing table)、protocol ごとの実体を 1 つずつ、transaction が触る cluster が開始前に分かること (PartCC の cluster の partition lock を Preprocess 段で取るため)。試作は one-shot の stored procedure (全 parameter が開始時に与えられる) を前提。,none,protocol を混在させたときの跨ぎ conflict の協調コストを避ける仕組み。CPU cache・待ち・版寿命のいずれにも直接は当たらない。,記録を単一の protocol が管理するよう分け、別 protocol の記録に触るときはその protocol の論理に従う。これにより Callas のような protocol 横断の追加 lock を要さず、各 protocol の実行を変えずに混在できる。transaction は Preprocess / Execution / Validation / Commit の 4 段に分かれ、段ごとに待たせる protocol が決まっている。,Preprocess: PartCC 管理の cluster の partition lock をまとめて取る。Execution: 記録ごとに管理 protocol を引き、OCC なら timestamp と値を読み、2PL なら lock を取る。Validation: OCC 記録だけ検証。Commit: 書込みを反映し、partition lock・記録 lock・OCC の write lock を解放する (rigorous 2PL 前提)。,Doppel (Go 実装) を土台にした試作。PartCC は H-Store、OCC は Silo、2PL は VLL 由来の No-Wait,混在実行が conflict serializable であることを 4 場合の議論で示し (§5)、段ごとに待たせる protocol が別なので protocol 間の wait cycle がなくデッドロック検出・回避が可能、write lock を終了時に解放するので strict で recoverable、と述べる。形式証明ではなく短い議論。,True,"部分的に分割可能な workload (WL3, WL4) で ACC は PartCC・OCC・2PL・Hybrid に対し最大 3.0 倍・2.1 倍・1.8 倍・1.8 倍 (§6、Fig. 6)。分割可能な部分に PartCC、分割不能な部分に OCC/2PL を当てる混在による。",cluster 間 transaction の割合を増やすと partition 間 conflict が増え、ACC は全体を 2PL に切り替える (§6、Fig. 7)。ログ・回復の混在 (コマンドログと値ログ) は未解決 (§5)。,一部,なし,"cc/oze/include/cc_mode.hh:3-6 (OCC_MODE / OZE_MODE / TO_OCC_MODE / TO_OZE_MODE) ; cc/oze/transaction.cc:1098 writePhase, :1141 commit (occ_guard_required_)",Oze が OCC と Oze の 2 つの protocol の混在 (occ_guard_required_ で共存時に OCC 検査) を持つ。cluster ごとに 1 つの protocol を割り当てる分割と Preprocess/Execution/Validation/Commit の 4 段の共通枠は無く、混在は thread の mode 単位。,absent-prereq-mismatch,記録の cluster ごとに PartCC・OCC・2PL のどれか 1 つを割り当てる混在 CC で、cluster の対応表、複数 protocol の実体、開始前に触る cluster が分かること (one-shot の stored procedure) が前提。Silo 単独では置き換えにならない。,n/a,conditional:protocol ごとに版 ID と commit 順の付け方が違うため、全 protocol の commit を 1 本の commit 順と writer の commit TID に揃える差し込み点が要る,"部分的に分割可能な workload (WL3, WL4) で PartCC・OCC・2PL・Hybrid 比 最大 3.0・2.1・1.8・1.8 倍 (Fig.6)。partition 可能性を YCSB で作る設定は CCBench に無い。","全節 (Abstract, §1 から §8)。8 頁のビジョン/予備結果の論文で、Fig. 1, 6-10 と Table 2 の本文記述を読んだ"
acc-protocol-selection-model,H-anchor-refs,Workload 特徴量と決定木による protocol 選択,optimization,"Adaptive Concurrency Control: Despite the Looking Glass, One Concurrency Control Does Not Fit All",CIDR 2017,2017,https://www.cidrdb.org/cidr2017/papers/p63-tang-cidr17.pdf,§4 (Workload Modeling)、§6 (Prediction Accuracy、Table 2),4 特徴量 (ReadRatio、TransLen、RecContention、CrossCost) を online で採る仕組み、合成 workload での offline 訓練 (Zipf の θ や stored procedure の混合を変える)、決定木 (試作は scikit-learn の DecisionTree)、protocol の online 切替。,none,どの protocol を使うかの選択。protocol 内部の技法ではなく 3 分類に当たらない。,workload の特徴量から、cluster ごとに最適な protocol (PartCC / OCC / 2PL) を分類器で予測する。実行時は特徴を抽出し、clustering plan と合わせて再構成する。,各 worker が特徴を並列に集めて coordinator へ報告する (特徴抽出を protocol に依存しない別 process にして sampling で得る)。plan が変わると cluster の再編成・core 再割当・protocol 切替を行う。,Doppel (Go 実装) を土台にした試作。PartCC は H-Store、OCC は Silo、2PL は VLL 由来の No-Wait,選択の正しさはモデルの精度で議論される (serializability は DomCC 側)。,True,Fig. 1: workload が変わると最良 protocol が入れ替わり、最良は最悪に対し 4.5 倍・2.6 倍・1.9 倍 (WL1-3、本文 §1)。YCSB/Smallbank/TPC-C の Adaptivity (Fig. 8-10) で ACC は PartCC・OCC・2PL に対し最大 4.5 倍・3.5 倍・2.3 倍、最適 protocol の 95% 以上の throughput (§6)。Table 2: 予測精度 83% から 97%、F1 80% から 98%。,workload 変化時に旧 protocol で走る遅れと cluster / index の再編成で throughput が落ちる (§6、Fig. 8-10)。学習に無い分布 (Hot/Cold) でも精度は保つと述べるが、評価は 3 つの protocol と合成 workload に限られる。,なし,なし,,,absent-prereq-mismatch,workload 特徴量 (ReadRatio・TransLen・RecContention・CrossCost) と決定木で cluster ごとの protocol を選び online で切り替える機構で、複数 protocol と cluster が前提。Silo 単独の中の機構ではない (izanagi の選択層と主題が重なる)。,n/a,conditional:切替の前後と混在中の commit 順・版 ID を 1 本の trace に揃える差し込み点が要る,最良 protocol が workload で入れ替わり最良は最悪の 4.5・2.6・1.9 倍 (Fig.1)、ACC は最適 protocol の 95% 以上 (Fig.8-10)、予測精度 83〜97% (Table 2)。特徴量は YCSB の rratio・max_ope・zipf で振れる。,"全節 (Abstract, §1 から §8)。8 頁のビジョン/予備結果の論文で、Fig. 1, 6-10 と Table 2 の本文記述を読んだ"
acc-contention-mark-detect-counters,H-anchor-refs,RecContention 推定: 記録ごとの mark/detect counter,optimization,"Adaptive Concurrency Control: Despite the Looking Glass, One Concurrency Control Does Not Fit All",CIDR 2017,2017,https://www.cidrdb.org/cidr2017/papers/p63-tang-cidr17.pdf,§4 (Feature Extraction),記録ごとの counter 1 つ、worker ごとの局所 contention counter、sampling する記録アクセス数の設定値。,none,競合度の計測用メタデータ (protocol 選択の入力)。CC 本体の cache・待ち・版寿命の 3 分類に当たらない。,protocol に依存せず記録競合を推定する。mark phase では worker が一定数の記録アクセスを sampling して counter を増やし、detection phase では sampling した記録の counter を読み、自分の印を除いた値を局所 contention counter に足す。一定時間後に印を消して繰り返す。重い worker 間同期を要さない。,counter が 0 なら競合なし、0 超なら自分の印の分を引いて他 worker が印を付けた数を競合の代理とする。,Doppel (Go 実装) を土台にした試作。PartCC は H-Store、OCC は Silo、2PL は VLL 由来の No-Wait,推定の統計的性質の議論はない (予備結果の論文)。,False,効果の単独数値は示されない (Table 2 の予測精度に含まれる)。,,一部,なし,cc/mocc/transaction.cc:921-960 construct_RLL (epotemp_ の temp を確率的に増分) ; cc/mocc/transaction.cc:277 read_internal (temp を読んで判定),MOCC が record ごとの温度 (epotemp_) を abort に寄与した record に確率的に加算する点は contention 推定として近い。ただし sampling した記録の mark/detect の 2 phase・他 worker の印の除外は無く、更新は validation 失敗の read にだけ行う。,absent-silo-feasible,CC から独立した記録競合の推定で、tuple ごとの counter 1 つと worker ごとの局所 counter を足せば単版の Silo に入る。推定値を使う側 (待ち時間や lock 化の判断) が別に要る。CCBench 内の近い既存機構は MOCC の温度 (cc/mocc)。,extend:tuple メタデータ (記録ごとの counter) を開く + 観測に記録競合の推定値を足す,observable,単独の性能根拠は無い (Table 2 の予測精度に含まれる)。YCSB の zipf skew と tuple 数を振れば推定値の変化は作れるが、性能差は推定値を使う方策次第。,"全節 (Abstract, §1 から §8)。8 頁のビジョン/予備結果の論文で、Fig. 1, 6-10 と Table 2 の本文記述を読んだ"
acc-partition-merge-clustering,H-anchor-refs,Partition-Merge によるデータ clustering と core 割当て,optimization,"Adaptive Concurrency Control: Despite the Looking Glass, One Concurrency Control Does Not Fit All",CIDR 2017,2017,https://www.cidrdb.org/cidr2017/papers/p63-tang-cidr17.pdf,§3,"primary key から cluster 番号への対応表 (cluster routing table)、既存の graph 分割技術、cluster ごとの利用率 U(c) と親和度 A(c1,c2)、cluster への core 割当て。",none,データと core の配置を変える技法。CC の 3 分類に当たらない。,既存の分割技術で core 数と同数の cluster に分割し、利用率が閾値未満の cluster を最小の 2 つずつ統合する。cluster 間アクセスの割合が高い cluster も、protocol 依存の重み wk を付けた親和度で統合する。core は利用率に比例して割り当てる。再 clustering は旧 index を凍結し新 index へ移す階層 index で行う。,cluster 数は事前に決まらず、workload と core 数で決まる。増分の再 clustering は将来課題。,Doppel (Go 実装) を土台にした試作。PartCC は H-Store、OCC は Silo、2PL は VLL 由来の No-Wait,配置の正しさは DomCC 側。clustering 自体の最適性は主張しない (初期の試作)。,True,部分的に分割可能な workload で分割可能な部分に PartCC を当てられる (§6、Fig. 6)。全 2PL の場合も cluster 化で core 間 lock 競合が減り 2PL よりわずかに高い (§6、Fig. 7)。,再 clustering は index の再編成が高い latch 競合を生む (§3)。cluster 間 transaction が増えると 1 protocol へ縮退する (§6、Fig. 7)。,なし,なし,,,absent-prereq-mismatch,graph 分割で記録を cluster に分け core を割り当てる機構で、partition と cluster の対応表が前提。,n/a,observable,部分的に分割可能な workload で PartCC を当てられる (Fig.6)、全 2PL でも cluster 化で 2PL よりわずかに高い (Fig.7)。YCSB の一様 key では分割の効く構造を作りにくい。,"全節 (Abstract, §1 から §8)。8 頁のビジョン/予備結果の論文で、Fig. 1, 6-10 と Table 2 の本文記述を読んだ"
orthrus-partitioned-functionality,H-anchor-refs,機能分離: CC 専用 thread と実行 thread をメッセージ通信で分ける,protocol-core,Design Principles for Scaling Multi-core OLTP Under High Contention (arXiv 版 v3。脚注に 'draft of work accepted to appear at SIGMOD 2016' とある。掲載版そのものは未取得),SIGMOD 2016 (arXiv 草稿 v3),2016,arXiv:1512.06168v3,"§3.1, Fig. 2, §2.1",CC thread と実行 thread の固定割当て (core に固定)、DB object を CC thread ごとに分割した lock table、実行 thread ごとの物理 queue (単一 writer・単一 reader の lock-free circular buffer)。,cpu-cache,lock table の共有をなくし同期・data 移動・命令/data cache 汚染を除く。論文は同期 overhead・data movement overhead・cache pollution の 3 つを狙うと明記する。,lock 管理を担う CC thread が DB object を分割して受け持つ。ある object の lock 操作は必ず 1 つの CC thread が処理するので、lock table の meta-data は core 間を移動せず、原子命令も要らない。実行 thread は CC の命令も data も持たない。両者は共有メモリの暗黙共有でなく明示的なメッセージで通信する。,実行 thread が lock 要求 message を CC thread の入力 queue に置く。CC thread は自分の partition の lock だけを局所 hash table に入れ、全 lock を付与した後に応答する。実行 thread は応答を待たず別 transaction を進める。,自前の transaction 管理層 (2PL 系の lock table。Orthrus 自身は locking ベースの悲観的 CC),locking ベースで serializable (通常の 2PL の論理を CC thread が実行する)。個別の正しさ証明の節は読んだ範囲になし。,False,TPC-C (NewOrder+Payment、80 core) で Orthrus は deadlock-free locking の 2 倍、2PL (dreadlocks) の約 10 倍 (warehouse 16、§4.4.2、Fig. 9)。warehouse 128 でも 1.3 倍・1.5 倍 (§4.4.1、Fig. 8)。実行 thread の有用な仕事の時間割合は 18% 対 7.2% と 3.7% (§4.4.3、Fig. 10b)。,"transaction が 1 partition に閉じるなら partitioned-store が Orthrus の約 2 倍 (Fig. 6)、これは partition 済み index の cache 局所性による (Split ORTHRUS との比は 1.3 倍、§4.3)。触る CC thread が増えると message 数 Ncc+1 で throughput が下がる (Fig. 6, 7)。CC thread の数の配分は自明でない (§4.2、Fig. 5)。実行 thread は全 80 でなく 64 で、CC 用に 16 を使う (§4.4.3)。",なし,なし,,,absent-prereq-mismatch,lock 管理を CC 専用 thread に分割して受け持たせ実行 thread とメッセージで通信する 2PL 系の設計で、lock 表と thread の役割分担が前提。Silo の TID word 上の OCC とは構造が違う。,n/a,observable,TPC-C (NewOrder+Payment、80 core、warehouse 16) で deadlock-free locking の 2 倍、2PL (dreadlocks) の約 10 倍 (Fig.9)。,"Abstract, §1, §2 (2.1, 2.2), §3 (3.1-3.4), §4 (4.1-4.4) の本文と Fig. 1, 4-10 の言及箇所"
orthrus-planned-deadlock-free-locking,H-anchor-refs,advance planning による deadlock 回避 (Deadlock-free locking) と OLLP,optimization,Design Principles for Scaling Multi-core OLTP Under High Contention (arXiv 版 v3。脚注に 'draft of work accepted to appear at SIGMOD 2016' とある。掲載版そのものは未取得),SIGMOD 2016 (arXiv 草稿 v3),2016,arXiv:1512.06168v3,"§3.2, §2.2, §4.1, Fig. 4",transaction の全 lock 集合が実行前に分かること (分からない場合は OLLP: 偵察実行で見積り、誤っていれば注釈を更新して abort・再実行)、CC thread の一意な識別子順、TPC-C の secondary index 経由の read set は事前の投機読み。,delay-on-conflict,deadlock 検出・abort を除いて待ちで処理するが、代わりに lock を transaction 開始時にまとめて取るので保持時間が延びる。論文は延びる保持時間が deadlock 処理の損失を上回ると仮説を立て検証する (§4)。,lock 集合を事前に知り、CC thread の識別子順に順番に要求して deadlock を起こさせない。deadlock 処理は lock 保持中に走るので、処理自体が保持時間を延ばし、abort は仕事を捨てる、という問題を避ける。,実行 thread は全 lock 集合が分かってから、最初の CC thread に要求し、付与後に次の CC thread へ、という順序でしか要求しない。集合が不明なら OLLP。,自前の transaction 管理層 (2PL 系の lock table。Orthrus 自身は locking ベースの悲観的 CC),deadlock が起きない (lock 取得順の規律)。議論は §3.2 の設計説明。,True,高競合 (hot record 少数) 80 core で deadlock-free locking は wait-die の 2.2 倍、dreadlocks と wait-for graph の 5.5 倍 (§4.1、Fig. 4b)。TPC-C は deadlock がほぼ起きないのに dreadlocks の検出処理が overhead になる (§4.4.2)。,lock を transaction 冒頭で全部取るので、最後の操作でしか要らない hot record も全期間保持し、高競合で不利になりうる (§3.2)。10 core では deadlock 処理方式間の差は小さい (§4.1、Fig. 4a)。,一部,なし,cc/d2pl/transaction.cc:314 lockList (std::sort した順に lock) ; include/sbomb_deterministic.hh:65 (lock_entries_ を事前に宣言),D2PL が lock 集合を事前宣言し、storage/key の全順序で取ることで deadlock を避ける点は同じ考え方。ただし CC thread の識別子順ではなく key 順を単一 thread が取るだけで、OLLP は include/bomb_pessimistic.hh の reconnoiter 経路が近いが d2pl の lock 集合の再確定には使われていない。,ccbench-present,既にある (cc/d2pl が事前宣言した lock 集合を key の全順序で取って deadlock を避ける。OLLP の偵察実行は include/bomb_pessimistic.hh の reconnoiter が近い)。Silo も commit 時に write set を key 順に sort して lock を取るので、移植の必要は無い。,n/a,observable,高競合 80 core で wait-die の 2.2 倍、dreadlocks と wait-for graph の 5.5 倍 (Fig.4b)。CCBench では d2pl と ss2pl の比較で近い条件を作れる。,"Abstract, §1, §2 (2.1, 2.2), §3 (3.1-3.4), §4 (4.1-4.4) の本文と Fig. 1, 4-10 の言及箇所"
orthrus-cc-thread-request-forwarding,H-anchor-refs,CC thread による lock 要求の転送 (message 数の削減),optimization,Design Principles for Scaling Multi-core OLTP Under High Contention (arXiv 版 v3。脚注に 'draft of work accepted to appear at SIGMOD 2016' とある。掲載版そのものは未取得),SIGMOD 2016 (arXiv 草稿 v3),2016,arXiv:1512.06168v3,"§3.3, Fig. 3",CC thread の識別子順の lock 取得、CC thread 間の転送 queue。,delay-on-conflict,asynchronous な message の待ちで延びる lock 保持時間を減らす。lock の待ち時間 (保持時間) に効く。,実行 thread が各 CC thread と往復する代わりに、CC thread が次の CC thread へ要求を転送し、最後の CC thread が transaction を実行 thread に返す。message 数は 2Ncc から Ncc+1 になり、待ちが減る。,CC1 が自分の lock を取り CC2 へ転送し、以降同様に最後の CC が実行 thread へ戻す。,自前の transaction 管理層 (2PL 系の lock table。Orthrus 自身は locking ベースの悲観的 CC),lock 取得順は §3.2 の規律に従う。独立の証明なし。,True,単独 ablation の数値は示されない。論文は message 数と待ちの減少の関係のみ述べる (§3.3)。,"触る CC thread が増えると message 数が増え throughput が下がる (Fig. 6, Fig. 7)。",なし,なし,,,absent-prereq-mismatch,CC thread 間で lock 要求を転送してメッセージ数を減らす機構で、Orthrus の CC thread 分割と事前の lock 集合が前提。,n/a,observable,単独 ablation の数値は示されない (§3.3 の議論のみ)。,"Abstract, §1, §2 (2.1, 2.2), §3 (3.1-3.4), §4 (4.1-4.4) の本文と Fig. 1, 4-10 の言及箇所"
orthrus-async-lock-requests,H-anchor-refs,実行 thread の非同期 lock 要求 (応答を待たず別 transaction を実行),optimization,Design Principles for Scaling Multi-core OLTP Under High Contention (arXiv 版 v3。脚注に 'draft of work accepted to appear at SIGMOD 2016' とある。掲載版そのものは未取得),SIGMOD 2016 (arXiv 草稿 v3),2016,arXiv:1512.06168v3,§3.3,transaction ごとの中断・再開の状態、実行 thread ごとの応答 queue。,none,message 通信の遅延を隠して実行 thread の遊びを減らす。ただし応答が queue に溜まると lock が不要に保持される、と論文は述べる。3 分類のうち直接どれとも言えない。,要求を送った後、古い要求の応答が来ていれば該当 transaction を再開し、なければ新しい transaction の実行に移る。CPU の遊びを避けられるが、応答の queueing delay が logical lock の保持を延ばす。,実行 thread の loop が応答を検査して transaction を切り替える。,自前の transaction 管理層 (2PL 系の lock table。Orthrus 自身は locking ベースの悲観的 CC),独立の議論なし。,True,単独の数値は示されない。「最大の overhead 源は非同期性の扱い」と述べる (§3.3)。,非同期と logical lock の相互作用が並行度を下げうる (§3.3)。,なし,なし,,,absent-prereq-mismatch,lock 要求の応答を待たず別の取引を進める実行 thread の非同期化で、CC thread へのメッセージ通信と取引の中断・再開状態が前提。,n/a,observable,単独の数値は示されない。最大の overhead 源は非同期性の扱いと本文 (§3.3)。,"Abstract, §1, §2 (2.1, 2.2), §3 (3.1-3.4), §4 (4.1-4.4) の本文と Fig. 1, 4-10 の言及箇所"
orthrus-split-partitioned-index,H-anchor-refs,Split ORTHRUS / Split Deadlock-free: index を worker thread ごとに物理分割,design-dimension,Design Principles for Scaling Multi-core OLTP Under High Contention (arXiv 版 v3。脚注に 'draft of work accepted to appear at SIGMOD 2016' とある。掲載版そのものは未取得),SIGMOD 2016 (arXiv 草稿 v3),2016,arXiv:1512.06168v3,"§4.3, Fig. 6, Fig. 7",worker thread ごとの局所 hash index (物理分割)、分割が既知の workload。,cpu-cache,index の cache 局所性の差を分離するための比較軸。partitioned-store との差のうち cache 由来分を切り出す。,index を分割して partitioned-store と cache 局所性を揃え、残る差を CC 方式の差として帰属させる。良い分割がある workload なら Orthrus にも使える、と論文は述べる。,worker ごとに局所 hash-table index を持たせる。,自前の transaction 管理層 (2PL 系の lock table。Orthrus 自身は locking ベースの悲観的 CC),CC の正しさには影響しない。,False,単一 partition transaction で partitioned-store の優位は Orthrus に対し 2 倍、Split ORTHRUS に対し 1.3 倍に縮む (Deadlock-free は 2.6 倍と 1.5 倍、§4.3、Fig. 6)。複数 partition では分割版と非分割版の性能が収束する。,複数 partition transaction では分割版の優位が消える (§4.3、Fig. 6)。,なし,なし,,,absent-prereq-mismatch,index を worker ごとに物理分割する設計で、良い分割が既知の workload が前提。YCSB の一様・zipf key では worker と key の対応が無い。,n/a,observable,単一 partition 取引で partitioned-store の優位が Orthrus 比 2 倍から Split 版比 1.3 倍に縮む (Fig.6)。複数 partition では性能が収束する。,"Abstract, §1, §2 (2.1, 2.2), §3 (3.1-3.4), §4 (4.1-4.4) の本文と Fig. 1, 4-10 の言及箇所"
deut-range-mvcc-ix-lastread,H-anchor-refs,Range MVCC: range 資源への IX 投稿と last-read time による phantom 防止 (validation なし),protocol-core,Multi-Version Range Concurrency Control in Deuteronomy,PVLDB 8(13):2146-2157,2015,doi:10.14778/2831360.2831368 (PDF: https://vldb.org/pvldb/vol8/p2146-levandoski.pdf),"§3 (3.1 Multi-granularity Resources、3.2 Record Updating Protocol、3.3 Range Access Conflicts)、Table 1, Fig. 2",range ごとの latch-free hash 表 (MVCCran): last read time と IX 更新の一覧 (transaction id)、record 側の MVCCrec 表、transaction 表 (write set・timestamp・status)、range を record に対応づける record manager。range 読みは提供するが range 排他書込みは提供しない (IS を不要にする)。,none,range read の phantom 防止で commit 時の再走査 (validation) を避ける。cache・待ち・版寿命の 3 分類に当たらず、range 検査のコストに効く。,更新 transaction は record 更新の前に range へ IX を投稿する。range 読みは last-read time を進め、それより前の timestamp の IX は投稿できない (phantom 更新の遮断)。range 読みの timestamp は未 commit の全 IX より前でなければならず、これらは list 全体を検査する。conflict は abort で扱い待たない。,record 更新: MVCCran へ IX を投稿 (既投稿なら省略) → MVCCrec に版を投稿して確認。range 読み: last-read 以前の timestamp なら未 commit IX と conflict しないという短絡 (§3.3.2)。SIX は range を読みつつ record 更新する (§3.3.3)。,Deuteronomy の timestamp order 多版 CC (前稿 [16] の TO + last read time)、TC (transaction component) と DC (Bw-tree の data component) の分離,MVCC 上の phantom 防止を、multi-granularity の IX/S/SIX の互換表 (Table 1) と last-read time の議論で示す (§3)。形式的証明の節は読んだ範囲になし。,False,YCSB E で 2.25M scan transaction/s (Fig. 4、§5.3)。range 読みの CC 費用は DC 直接 scan (無検査) より 20% から 35% 遅い (§5.4.2、Fig. 6)。commit 時に再走査する validation 方式より最大 43% 速い (§5.6.1、Fig. 8)。前稿の OLTP 型負荷 (YCSB 84% read、4 操作、48 thread) で range 支援あり 1.25M tps、なし 1.28M tps、差 2.3% (§5.4.1)。,point 更新の latency が約 80% 増える (§5.4.1、Fig. 5。速い経路に range 表の cache miss が加わる)。短い scan では Silo より 19% から 53% 遅い (§5.6.2、Fig. 8)。range 排他 (X) は提供しない (§3.1)。validation 比較は再走査だけで失敗を含まない best case と論文が述べる (§5.6.1)。,一部,一部,cc/silo/transaction.cc:735 (scan の node version を node_map_ に記録) ; cc/silo/transaction.cc:478 validationPhase (node_map_ の検査),phantom 防止は Masstree の node 版を記録して commit 時に検査する方式で、range 資源への IX 投稿・last-read time の前進・timestamp 順の検査 (Deuteronomy の range MVCC) ではない。validation 不要という性質も無い。,absent-prereq-mismatch,timestamp 順の多版 CC の上で range 資源に IX を投稿し last-read time で phantom を防ぐ機構で、多版と range 読みが前提。Silo は Masstree の node 版を記録して commit 時に検査する別方式で phantom を防ぐ。,n/a,not-observable:述語 (範囲) の phantom は今の検査器に見えず、YCSB も点読み・点書きのみ,YCSB E で 2.25M scan 取引/s (Fig.4)、commit 時再走査の validation 方式より最大 43% 速い (Fig.8)。点操作の OLTP 型では range 支援の有無の差 2.3% (§5.4.1)。,"Abstract, §1, §2 (2.1-2.4), §3 (3.1-3.4), §4 (4.1-4.4), §5 (5.1-5.6) の本文と Fig. 1-8、§6, §7 の関連する箇所"
deut-logical-range-partitions,H-anchor-refs,Logical range partitions (DC の key 分布に基づく論理分割) を範囲資源にする,optimization,Multi-Version Range Concurrency Control in Deuteronomy,PVLDB 8(13):2146-2157,2015,doi:10.14778/2831360.2831368 (PDF: https://vldb.org/pvldb/vol8/p2146-levandoski.pdf),§2 (2.2 Possible Logical Ranges、2.3 Defining and Identifying Ranges、2.4)、§5.5 (Fig. 7),初期化時に TC が DC へ分割数を伝え DC が Bw-tree の根付近の key から互いに素な key 区間を返す range definition protocol、record manager 内の整列済み range 表。,none,range 資源の粒度の選択 (table だと全書込みが衝突、next-key だと DC への往復が要る)。3 分類に当たらない。,next-key・table・logical partition を比較し、TC が物理配置を知らずに済む logical partition を選ぶ。分割は DC の key 分布に基づき、range を互いに素にして 1 record あたり 1 range だけを追跡する。range の大きさは table の数 10 分の 1 % 程度を狙う (§7.3)。,分割数は TC が要求し DC が返す。range id は record manager が key から引く。,Deuteronomy の timestamp order 多版 CC (前稿 [16] の TO + last read time)、TC (transaction component) と DC (Bw-tree の data component) の分離,独立の正しさ議論なし (資源粒度の設計選択)。,False,"range の分割数を増やすと scan throughput が上がる (IX 更新 list が短くなる) が、64,000 分割を超えると下がる (§5.5、Fig. 7)。",分割が細かすぎると range 境界の跨ぎが増える (§5.5、Fig. 7)。table 単位は全書込みが range 読みの影響を受けるので不適 (§2.2)。,なし,なし,,,absent-prereq-mismatch,Deuteronomy の range 資源を DC の key 分布に基づく論理分割にする工夫で、range MVCC と TC/DC 分離が前提。,n/a,not-observable:述語 (範囲) の phantom は今の検査器に見えず、YCSB も点読み・点書きのみ,"分割数を増やすと scan throughput が上がり 64,000 分割を超えると下がる (Fig.7)。","Abstract, §1, §2 (2.1-2.4), §3 (3.1-3.4), §4 (4.1-4.4), §5 (5.1-5.6) の本文と Fig. 1-8、§6, §7 の関連する箇所"
deut-six-scan-and-update,H-anchor-refs,SIX access: range を読みながら record を更新,optimization,Multi-Version Range Concurrency Control in Deuteronomy,PVLDB 8(13):2146-2157,2015,doi:10.14778/2831360.2831368 (PDF: https://vldb.org/pvldb/vol8/p2146-levandoski.pdf),§3.3.3,range の last-read time と IX 投稿の同時利用。SIX の timestamp は last-read より後かつ未 commit IX より前でなければならない。,none,scan して更新する transaction の検査回数を減らす技法。3 分類に当たらない。,record ごとの読み lock 相当を付けずに range を読み、対象 record にだけ更新の印を付ける (multi-granularity の SIX に対応)。SIX の時刻は last-read 時刻より後、未 commit IX より前を検査し、通れば last-read を SIX 時刻へ進めて IX も投稿する。,range 読みと同じ conflict 検査 + IX 投稿を 1 回で行う。,Deuteronomy の timestamp order 多版 CC (前稿 [16] の TO + last read time)、TC (transaction component) と DC (Bw-tree の data component) の分離,独立の証明なし (§3.3.3 の議論)。,False,単独の数値なし。,,なし,なし,,,absent-prereq-mismatch,range を読みつつ record を更新する SIX で、range MVCC の last-read time と IX 投稿が前提。,n/a,not-observable:述語 (範囲) の phantom は今の検査器に見えず、YCSB も点読み・点書きのみ,単独の数値なし。,"Abstract, §1, §2 (2.1-2.4), §3 (3.1-3.4), §4 (4.1-4.4), §5 (5.1-5.6) の本文と Fig. 1-8、§6, §7 の関連する箇所"
deut-tc-dc-scan-merge,H-anchor-refs,TC の版と DC の scan 結果の merge による transactionally consistent な range 生成,optimization,Multi-Version Range Concurrency Control in Deuteronomy,PVLDB 8(13):2146-2157,2015,doi:10.14778/2831360.2831368 (PDF: https://vldb.org/pvldb/vol8/p2146-levandoski.pdf),"§4.1, §4.2, §4.4, Fig. 3",DC が key 順の scan を返せること、TC 側の IX 更新一覧と transaction 表の write set、TC の version manager。,version-lifetime,range 全体を版として保持せず、必要な部分だけをその場で組み立てる (範囲の版を実体化しない)。版の保持量に効くので、最も近い分類は version-lifetime。,range の record を版として持たず、読むときに (1) 該当 range の IX 更新から最新の更新版を集め、(2) DC で scan し、(3) key 順に merge する。両方にある record は TC の版を優先する。DC は単一版で最新版だけを持ち、単体では整合しない。結果は batch 単位で増分的に返し、range 全体は実体化しない。,page 相当の batch を「箱」に入れて返し、割当てを 1 回にして cache 局所性を確保する。,Deuteronomy の timestamp order 多版 CC (前稿 [16] の TO + last read time)、TC (transaction component) と DC (Bw-tree の data component) の分離,merge の正しさは §4.2 から 4.3 の議論 (late insert の問題は次のカードで対処)。形式的証明の節は読んだ範囲になし。,False,long scan で約 2.5 億 record/s (27GB/s 超) (§5.4.2、Fig. 6、Abstract)。,DC が TC の LSN でなく timestamp を持たないと late insert を見分けられず、DC で照合できない record を全件検査する必要がある (§4.3.1)。,なし,なし,,,absent-prereq-mismatch,TC の版と DC の scan 結果を key 順に merge して整合した range を作る機構で、TC/DC 分離と多版の TC が前提。,n/a,not-observable:述語 (範囲) の phantom は今の検査器に見えず、YCSB も点読み・点書きのみ,long scan で約 2.5 億 record/s (Fig.6)。scan が要り CCBench の点操作 YCSB では作れない。,"Abstract, §1, §2 (2.1-2.4), §3 (3.1-3.4), §4 (4.1-4.4), §5 (5.1-5.6) の本文と Fig. 1-8、§6, §7 の関連する箇所"
deut-timestamp-late-insert-filter,H-anchor-refs,DC record に timestamp を付け late insert を判別 (page 単位の統合 timestamp),optimization,Multi-Version Range Concurrency Control in Deuteronomy,PVLDB 8(13):2146-2157,2015,doi:10.14778/2831360.2831368 (PDF: https://vldb.org/pvldb/vol8/p2146-levandoski.pdf),§4.3 (4.3.1 Late Inserts、4.3.2 Timestamps to the Rescue),DC が冪等性のために持つ TC 供給の sequence 番号 (LSN) を timestamp へ置き換え、同一 transaction 内の複数更新を区別する sequence 番号、page 単位で統合した timestamp (上限)。,none,range merge の正しさを保つ metadata の設計。3 分類に当たらない。,TC の版に対応がない DC record は、timestamp が読み transaction の timestamp より小さければ結果に含め、そうでなければ (late insert なので) 捨てる。更新が止まった page では 1 つの page timestamp に統合し、これは record の上限として古い版を late insert から区別できる。,DC の返す record に idempotence marker として timestamp を付ける。,Deuteronomy の timestamp order 多版 CC (前稿 [16] の TO + last read time)、TC (transaction component) と DC (Bw-tree の data component) の分離,§4.3.2 の議論 (page timestamp が record timestamp の上限)。証明の節は読んだ範囲になし。,False,単独の数値なし。,,なし,なし,,,absent-prereq-mismatch,DC の record に timestamp を付けて late insert を除く機構で、TC/DC 分離と timestamp 順の多版 CC が前提。,n/a,not-observable:述語 (範囲) の phantom は今の検査器に見えず、YCSB も点読み・点書きのみ,単独の数値なし。,"Abstract, §1, §2 (2.1-2.4), §3 (3.1-3.4), §4 (4.1-4.4), §5 (5.1-5.6) の本文と Fig. 1-8、§6, §7 の関連する箇所"
brook2pl-slw-graph-deadlock-free-2pl,I-candidates-rest,SLW-Graph による静的解析と deadlock-free 2PL (Brook-2PL 本体),protocol-core,Brook-2PL: Tolerating High Contention Workloads with A Deadlock-Free Two-Phase Locking Protocol,arXiv v1 (2025-08-26); 本文の書式は SIGMOD '26 (依頼文では PACMMOD、DOI 10.1145/3769767 とされる。この DOI は取得した v1 PDF からは確かめられない),2025,arXiv:2508.18576,"§3.2, §3.3, §3.4 (Theorem 3.1), §3.7 (Algorithm 1)",事前に既知の contentious な transaction 型の集合 (stored procedure 相当) と、各 hop がどの table を触るか。解析は table 単位 (row 単位の read/write set ではない)。table の行数 (contention score 用)。,delay-on-conflict,deadlock を静的に除いて abort と retry を無くし、衝突を wait だけで処理する。3 分類のうち衝突時の待ち・abort に効く。,transaction を lock hop と operation の列 (SLW-Graph) にして、同じ table を触る lock hop 同士に w-edge を張る。s-edge と w-edge が交互に並ぶ有向閉路 (SLW-cycle) が無ければ deadlock は起きない (Theorem 3.1)。SLW-cycle が残る組は lock の順序を組み替えて消し、静的集合の transaction は abort せず待つだけで済む。,実行時は通常の 2PL のままで、lock を取る順序と時点だけを事前解析で変える。Algorithm 1: 初期 SLW-Graph 構築 → 後退探索で SLW-acyclic な lock 順を全列挙 → 貪欲に unlock を前へ → contention score 最小の graph を選ぶ。条件分岐は全経路の supergraph で扱い、deadlock-free な順序が無い型は dynamic 扱いにする。,2PL (静的集合は待ちのみ、動的集合は Wound-Wait),conflict serializable。deadlock-freedom は Theorem 3.1 (§3.4)、chopping を含む場合は Theorem 3.2 (§3.6)。,True,TPC-C (New Order と Payment) の高 contention で 2PL (Wound-Wait)・Bamboo・OCC・IC3・Sorted Locks に対し平均 2.86 倍 (§4.4、Fig. 10b。abstract にも同値)。自前のゲーム店 workload で hot 割合を変える実験は平均 5.2 倍 (§4.4、Fig. 10a)、hot record 数を変える実験は平均 4.3 倍 (§4.4、Fig. 9a)。thread 数を増やしても TPC-C (H=16、hot 割合 100%) で 40 thread まで伸びる (Fig. 11b)。実装は Java・自前 in-memory (hash table + WAL)・64 thread (§4.3)。,contention が低いと差が出ない: hot 割合 0% では全 protocol が同程度 (Fig. 10a)、warehouse 数 H≥40 では Sorted Locks と同程度 (Fig. 9b)。動的集合しか無いと Wound-Wait 2PL に戻る (§3.2)。解析は offline で、新しい contentious な型が増えると再解析が要る (§3.9)。,一部,なし,cc/d2pl/transaction.cc:314 lockList (key の全順序で lock),SLW-Graph の静的解析と lock 順序の組み替えは無い。D2PL が事前宣言した lock を全 txn 共通の key 順で取ることで deadlock を避ける点だけが近く、解析による順序決定ではない。,absent-prereq-mismatch,既知の取引型の集合を table 単位で静的解析して 2PL の lock 順と時点を組み替える機構で、静的解析と 2PL の lock 表・待ちが前提。Silo の commit 時だけ lock を取る OCC とは lock の取り方が違う。,n/a,observable,TPC-C 高競合で Wound-Wait・Bamboo・OCC・IC3・Sorted Locks 比 平均 2.86 倍 (Fig.10b)、ゲーム店 workload で平均 5.2 倍 (Fig.10a)。YCSB は取引型が 1 つで table も 1 つのため解析で組み替える余地が無い。,"Abstract, §1, §2, §3.1-§3.9, §4 (4.1-4.4 の本文と Fig. 9-13 の説明文)"
brook2pl-lock-manipulation,I-candidates-rest,Lock manipulation (lock を前へ移す・atomic に併合する・可換注釈で w-edge を除く),optimization,Brook-2PL: Tolerating High Contention Workloads with A Deadlock-Free Two-Phase Locking Protocol,arXiv v1 (2025-08-26); 本文の書式は SIGMOD '26 (依頼文では PACMMOD、DOI 10.1145/3769767 とされる。この DOI は取得した v1 PDF からは確かめられない),2025,arXiv:2508.18576,"§3.5, Fig. 5, Fig. 7",SLW-Graph、各操作の依存関係 (lock を移せる下限)、任意で application 側の可換 (commutative) 注釈。,delay-on-conflict,SLW-cycle を除いて abort を無くすための lock 順序の操作。lock を早く取る副作用で保持時間は伸びうるため、contention score で選ぶ。,(1) lock node を transaction 内で前へ移して全 transaction で lock 順を揃える。(2) 移せない lock は複数を 1 つの atomic な lock node に併合して s-edge を減らす (実装は secondary lock)。(3) 可換と注釈された操作の w-edge を除く。table ごとの lock は 1 node に併合し、table 間は全域の順序、table 内は atomic lock で deadlock を防ぐ。,Algorithm 1 の GenerateCycleFree が、移せる lock の並べ替えを Cartesian 積で全列挙し (最悪 k_i! の積、§3.7)、操作間依存で枝刈りする。,2PL,SLW-cycle が無ければ deadlock 不能 (Theorem 3.1、§3.4)。,True,ゲーム店 workload の AddListing で Listings の lock を先頭へ移し SLW-cycle を消した例 (§4.1、Fig. 7b)。個別技法単体の ablation 数値は無く、効果は Brook-2PL 全体の数値 (Fig. 9-11) の中に含まれる。,個別の悪化条件は本文に無い。全 lock を先頭で取る Sorted Locks は高 contention で待ちが伸び急落する (Fig. 10 の説明、§4.4) と述べ、Brook-2PL は前へ移すのを必要な lock に限るとする。,なし,なし,,,absent-prereq-mismatch,SLW-Graph 上で lock を前へ移す・併合する・可換注釈で辺を除く静的解析の手法で、取引型の静的解析と 2PL が前提。,n/a,observable,個別技法単体の ablation 数値は無い (Brook-2PL 全体の Fig.9-11 に含まれる)。,"Abstract, §1, §2, §3.1-§3.9, §4 (4.1-4.4 の本文と Fig. 9-13 の説明文)"
brook2pl-read-write-constraint,I-candidates-rest,Read-Write Constraint (read の後に同 table を write する型は最初から排他 lock 1 つ),optimization,Brook-2PL: Tolerating High Contention Workloads with A Deadlock-Free Two-Phase Locking Protocol,arXiv v1 (2025-08-26); 本文の書式は SIGMOD '26 (依頼文では PACMMOD、DOI 10.1145/3769767 とされる。この DOI は取得した v1 PDF からは確かめられない),2025,arXiv:2508.18576,"§3.3, Fig. 3",SLW-Graph 上で同一 transaction 型内の同 table への R→W パターンを検出できること (table 単位)。,delay-on-conflict,shared→exclusive の lock upgrade が起こす deadlock を静的に無くす。待ちは増えうるが abort を減らす。,同じ table に read と write がある chain では、shared lock と upgrade の代わりに最初から排他 lock を 1 つだけ取る。1 つの transaction は 1 resource を 1 度しか lock しないので、自分同士の deadlock も無くなる (§3.4 の証明の前提)。,静的解析の前処理として R(A)→W(A) を検出し lock node を置換する。,2PL,Theorem 3.1 の証明が本制約を前提にする (§3.4)。,True,ゲーム店 workload で Listings・Players・Items の lock が排他に置換される (§4.1、Fig. 7)。単独の効果数値は無い。,,なし,なし,,,absent-prereq-mismatch,同じ table に read と write がある取引型で最初から排他 lock を取る 2PL の lock 置換で、静的解析と 2PL が前提。Silo は read で lock を取らない。,n/a,observable,単独の効果数値は無い (§4.1、Fig.7 の置換例のみ)。,"Abstract, §1, §2, §3.1-§3.9, §4 (4.1-4.4 の本文と Fig. 9-13 の説明文)"
brook2pl-partial-chopping,I-candidates-rest,Partial transaction chopping による早期 lock 解放,optimization,Brook-2PL: Tolerating High Contention Workloads with A Deadlock-Free Two-Phase Locking Protocol,arXiv v1 (2025-08-26); 本文の書式は SIGMOD '26 (依頼文では PACMMOD、DOI 10.1145/3769767 とされる。この DOI は取得した v1 PDF からは確かめられない),2025,arXiv:2508.18576,"§3.6, Theorem 3.2, Fig. 6, Fig. 8, §3.7 (GreedyEarlyLockRelease)",deadlock-free な SLW-Graph (abort が concurrency control 起因で起きない保証)、unlock node で分けた subtransaction の SC-Graph に SC-cycle が無いこと。,delay-on-conflict,lock の保持区間を縮めて他 transaction の待ちを減らす (早期の write 可視化)。cache や version には効かない。,unlock node で transaction を subtransaction に分け、C-edge を操作間でなく conflict する lock node 間に張り直す。従来の chopping と違い、早く取った lock を後の subtransaction で再利用・解放してよい。SC-cycle が無ければ serializable。自分の別 instance との自己衝突による SC-cycle は、conflict する lock を最初の subtransaction へ前倒しして消す。,貪欲法で unlock node を 1 つずつ前へ動かし、chopping 条件 (SC-cycle 無し) と contention score の低下を確かめる。score が下がらなくなったら止める。,2PL (deadlock-free 化した静的集合),conflict serializable。Theorem 3.2 の背理法による証明 (§3.6)。,True,read-only transaction (Read Items) を hot な item に流すと、Bamboo と Sorted Locks は hot 割合 20% 以降 80k / 120k txn/s 付近で頭打ち、Brook-2PL は最悪でも 53% 低下にとどまる (§4.4、Fig. 12)。,user abort は lock 解放前にしか許されず、解放後に abort するには補償 transaction が要る (§3.9)。user abort が多い workload は制約となる (同 §3.9)。個別技法の ablation は無い。,なし,なし,,,absent-prereq-mismatch,deadlock-free な静的集合を subtransaction に分けて lock を早く解放する chopping で、静的解析と 2PL が前提。,n/a,conditional:subtransaction 単位で lock を解放するため、trace を元の取引単位でまとめて記録し commit 順をその単位で付けること,hot な item を読む read-only 取引で Bamboo と Sorted Locks が頭打ち、Brook-2PL は最悪 53% 低下 (Fig.12)。,"Abstract, §1, §2, §3.1-§3.9, §4 (4.1-4.4 の本文と Fig. 9-13 の説明文)"
brook2pl-dynamic-transaction-priority,I-candidates-rest,静的集合を優先する動的 transaction の共存規則,optimization,Brook-2PL: Tolerating High Contention Workloads with A Deadlock-Free Two-Phase Locking Protocol,arXiv v1 (2025-08-26); 本文の書式は SIGMOD '26 (依頼文では PACMMOD、DOI 10.1145/3769767 とされる。この DOI は取得した v1 PDF からは確かめられない),2025,arXiv:2508.18576,§3.8,transaction ごとの timestamp (年齢)、transaction が Static 集合か Dynamic 集合かの区別。,delay-on-conflict,静的解析していない transaction も走らせるための deadlock 予防規則。abort を Dynamic 集合だけに限る。,衝突時に、Static 同士は何もせず待つ。Dynamic 同士は Wound-Wait、Dynamic と Static では Static を優先し、Dynamic 側が古ければ abort、新しければ待つ。Static は concurrency control 起因で abort しないので、Dynamic が未 commit の値を読んで abort しても Static に影響しない。,lock 要求時に相手の集合と年齢で場合分けする。Dynamic しか無い場合は Wound-Wait 2PL に戻る。,Wound-Wait 2PL,Static は abort しないことに依拠して正しさを述べる (§3.8)。形式的な証明は本文に無い。,False,動的 transaction を有効にしても、contentious な型を Static に入れておけば abort 率は大きく増えないと述べる (§3.8)。この共存規則単独の実験は無い。,Dynamic 同士の衝突は abort を伴い、通常の Wound-Wait と同じ (§3.8)。実験は Static のみ (§4.3 の実装説明は one-shot stored procedure)。,一部,なし,cc/ss2pl/transaction.cc:172 read_internal (#if DLR0 timeout / #elif DLR1 no-wait) ; cc/ss2pl/transaction.cc:309 write (同上),衝突時の優先規則は Wound-Wait でなく、DLR0 (待って timeout) と DLR1 (no-wait で abort) の 2 択で、txn の年齢や static/dynamic の別による優先は無い。,absent-prereq-mismatch,Static 集合 (静的解析済み) と Dynamic 集合の年齢で待つか abort するかを分ける Wound-Wait 2PL の規則で、2PL の lock 待ちと静的集合が前提。CCBench の ss2pl は既定 build が DLR1 (no-wait) で、DLR0 は上限なしで待つだけ (timeout は無い) のため、年齢による優先は無い。,n/a,not-observable:Dynamic 取引が未 commit の値を読んで abort する経路があり、未 commit の値の読み (G1a/G1b) は commit 済み取引だけの trace に現れない,この共存規則単独の実験は無い (§3.8 の記述のみ)。,"Abstract, §1, §2, §3.1-§3.9, §4 (4.1-4.4 の本文と Fig. 9-13 の説明文)"
caracal-epoch-deterministic-cc,I-candidates-rest,Caracal の epoch 単位の決定論的 CC (initialization + execution の 2 phase、pending version),protocol-core,Caracal: Contention Management with Deterministic Concurrency Control,SOSP 2021,2021,DOI 10.1145/3477132.3483591,"§3.1, §3.2, Fig. 1, Fig. 2",epoch に batch した transaction の serial id、transaction ごとの write set (key) または write range の事前宣言、行ごとの version array、one-shot な transaction (入力が開始時に揃う)。read set は不要。,none,3 分類に当てはまらない。事前に順序を決め abort を無くす CC の枠組み。付随して待ち (pending version の待ち) は残る。,epoch の全 transaction の write set から、先に pending な version を全部作る (initialization)。execution では書き手が同期なしで pending を埋め、読み手は serial order で読むべき version を決め、それが pending なら書かれるまで待つ。concurrency control 起因の abort・deadlock が無い。,initialization は shared (core 間で分割せず行 lock 付きで version 挿入)。execution の write は commit 前に見せる (PWV と同様、最初の write 以降に abort しないため)。,自前 (multi-version、shared-memory、deterministic),serial order は事前に決まり、結果は serial 実行と一致する (§2)。形式証明は本文に無い。,True,YCSB (8:2) uniform で 2.12 MTxn/s、Bohm 1.42M・Granola 975K・PWV 791K (Fig. 5a)。skew s=0.9 で 2.04 MTxn/s (Fig. 5b)。7/10 が contended key の YCSB uniform で 839 KTxn/s、skew 付きは 32 core で 437 KTxn/s、Granola 180 KTxn/s の約 2.5 倍 (§5.3、Fig. 6)。単一 warehouse TPC-C は 32 core で Granola より 64% 高い (§5.4、Fig. 7b)。abstract は既存の決定論的方式に対し 1.9 倍から 9.7 倍。,既定の (低 contention の) TPC-C では Granola が Caracal を 36% 上回り、Bohm も 4.4% 上回る (§5.4、Fig. 7a)。一様に contended で data 依存の無い YCSB は Granola (920 KTxn/s) が Caracal (839 KTxn/s) を 9.7% 上回る (§5.3、Fig. 6a)。batch により latency が増える (§3.1)。write set の宣言が要る (§3.7)。,なし,なし,,,absent-prereq-mismatch,epoch に batch した取引の write set の事前宣言、行ごとの version array (多版)、決定論的な serial 順が前提。Silo の単版 OCC とは別系統。,n/a,conditional:serial id 順が直列化順で commit 順とは別に決まるため、版 ID を serial id に対応させ、直列化順として serial id 順を trace に差し込むこと,YCSB (8:2) uniform で 2.12 MTxn/s、Bohm・Granola・PWV を上回る (Fig.5a)、contended key の YCSB で Granola の約 2.5 倍 (Fig.6)。比較対象は決定論的 CC で、Silo 系との比較の図は無い。,"Abstract, §1, §2, §3.1-§3.7, §4.1-§4.3, §5.1-§5.5 (Fig. 5-10 の本文)"
caracal-batch-append,I-candidates-rest,Batch append (initialization での version 追加を core ごとの buffer にためて後でまとめて追加),optimization,Caracal: Contention Management with Deterministic Concurrency Control,SOSP 2021,2021,DOI 10.1145/3477132.3483591,"§3.3, §4.1, Fig. 4, §5.5 (Fig. 8)",epoch と 2 phase 構造 (追加した version は execution 開始までに見えればよい)、行の version array、core ごとの固定長 buffer (contended な行にだけ割り当てる)。,delay-on-conflict,行 lock の取得待ちを減らす。initialization 中の lock 競合を batch 化で減らす技法。,行 lock が取れなかった (競合を示す) 行にだけ core ごとの buffer を割り当て、以後の version は lock なしで buffer に足す。buffer が満杯か initialization の終わりに、まとめて version array へ insertion sort で追加する。追加順は自由なので lock の取得順を変えても deadlock にならない。,行 object に単一の index 値だけ持たせ (core 数ぶんの pointer は持たない)、NUMA 局所の事前確保領域から buffer を割り当てる。競合中の行の batch append は後回しにする。,自前 Caracal,epoch 内で version が execution 前に揃えば serial order どおりの結果になる (§3.3)。,True,YCSB の一様 contention で batch append は throughput +33%、split-on-demand と併用で optimization 無しの 2.9 倍、initialization 60 ms → 15 ms (§5.5、Fig. 8a)。skew 付き contention で +58.5% (267 対 168 KTxn/s) (§5.5、Fig. 8b)。単一 warehouse TPC-C で initialization 31 ms → 12 ms、lock 待ちの平均 1.3 µs → 43 ns、99.9 percentile 61 µs → 0.5 µs (§5.5、Fig. 8c)。,buffer 内の version が version array の末尾にない場合は insertion sort の負担が増えうると論文自身が述べる (§3.3)。実測では insertion sort の移動回数の平均はむしろ 4.9 → 1.4 に減った (§5.5)。既定 TPC-C の Bohm より 4.4% 遅い差は initialization 中の lock による (§5.4)。,なし,なし,,,absent-prereq-mismatch,epoch の initialization で版を core ごとの buffer にためてまとめて追加する工夫で、2 phase の決定論 CC と version array が前提。,n/a,conditional:Caracal 本体と同じく serial id 順を直列化順として trace に差し込むこと,一様 contention の YCSB で +33%、skew 付きで +58.5% (Fig.8a-8b)、単一 warehouse TPC-C で initialization 31 ms → 12 ms (Fig.8c)。,"Abstract, §1, §2, §3.1-§3.7, §4.1-§4.3, §5.1-§5.5 (Fig. 5-10 の本文)"
caracal-split-on-demand,I-candidates-rest,Split-on-demand (contended な行の更新だけを別 piece に分けて少数 core に寄せる),optimization,Caracal: Contention Management with Deterministic Concurrency Control,SOSP 2021,2021,DOI 10.1145/3477132.3483591,"§3.4, §3.4.1, §3.4.2, Listing 1, Fig. 3, §5.5 (Fig. 8, 9, 10)","initialization 終了時に分かる行ごとの pending version 数 (contention の検出)、開発者が付ける ApplyRowUpdate(Row, Callback, Weight) の注釈、piece を任意の core に置ける仕組み (piece queue、preemptive scheduler)。",cpu-cache,論文は、待ちが頻発すると processor 間の cache coherence traffic が増えるのが問題で、更新を少数 core に集めて減らすと述べる (§3.4)。cache 効果の直接測定は無く、待ち時間の CDF (Fig. 9) で確かめる。,version 数が閾値以上の行を contention set とし、その行への更新を callback ごと別 piece にして、重み比の確率 (lottery scheduling 風) で少数の core に割り当てる。1 つの行を複数 core にまたがせて負荷も揃える。決定論的なので分けた piece も必ず serial order で commit される。,execution 中に ApplyRowUpdate が contention set を見て分割するか callback を直接呼ぶかを決める。read の待ちは spin して、より小さい serial id の piece が queue に来たら preempt する (§4.2)。,自前 Caracal,決定論的実行のため piece は必ず serial order と整合して commit (§3.4)。callback は abort できない (§3.4.1)。,True,YCSB の一様 contention で execution が 105 ms → 39 ms (§5.5、Fig. 8a)。確率的な配置は offline の bin packing (各行を 1 core に専有) と同等以上で、skew 付き contention では bin packing が 8.5% 遅い (§5.5、Fig. 8b)。単一 warehouse TPC-C の read 待ちを入れ替えた変種 (index lookup を execution 側へ) では、batch append より +15%、execution 47 ms → 35 ms (§5.5、Fig. 8d)。,単一 warehouse TPC-C 標準形では分割の overhead が効果を上回り、execution が 17 ms → 21 ms に悪化する (§5.5、Fig. 8c)。閾値は contended workload では 1〜512 version の広い範囲で最適だが、単一 warehouse TPC-C では 3〜8 version と狭く、16 超で最大 6% 低下 (Fig. 10c。index lookup を execution 側に移した変種の Fig. 10d では最大 17% 低下)。callback は contended 行を高々 1 つだけ更新すると仮定している (§3.4.1)。,なし,なし,,,absent-prereq-mismatch,pending version 数で contended な行を検出し、その行への更新を別 piece にして少数 core に寄せる機構で、決定論 CC・開発者の注釈 (ApplyRowUpdate)・piece の scheduler が前提。,n/a,conditional:Caracal 本体と同じく serial id 順を直列化順として trace に差し込むこと,一様 contention の YCSB で execution 105 ms → 39 ms (Fig.8a)、skew 付きで bin packing が 8.5% 遅い (Fig.8b)。,"Abstract, §1, §2, §3.1-§3.7, §4.1-§4.3, §5.1-§5.5 (Fig. 5-10 の本文)"
caracal-version-array,I-candidates-rest,ソート済み version array + 二分探索 (最新更新付近を先に探す),optimization,Caracal: Contention Management with Deterministic Concurrency Control,SOSP 2021,2021,DOI 10.1145/3477132.3483591,"§3.2, §4.1",epoch 方式 (version が initialization で全て作られ、execution 中は作成・削除されない)、version id (serial id) でソートした配列。,none,3 分類に当てはまらない。version の探索費用 (連結リストの traversal) を減らす構造。hot な行は 1 epoch に version が多数できるため。,版の置き場を連結リストでなく version id 昇順の配列にし、読み手は二分探索で自分の serial order に合う最新版を探す。最新更新付近を先に見て、当たれば全体の二分探索を省く。追加は insertion sort で、serial id がおおむね増加順に処理されるため末尾付近への挿入で済む。,配列が満杯になったら大きな容量で再確保し、GC では未使用 entry の data を解放して番号を消し pointer を NULL にする (配列自体は縮めない)。,自前 Caracal,explicit な議論なし (探索構造の変更)。,True,この技法単独の ablation は本文に無い。,,一部,なし,cc/cicada/transaction.cc:79 read_internal (wts 降順の chain を最新から線形に辿る) ; cc/mvto/transaction.cc,版は連結リストで wts 降順、最新から線形に辿る。ソート済み配列・二分探索・insertion sort は無い。,absent-prereq-mismatch,版の置き場を serial id 順の配列にして二分探索する多版の工夫で、版を持たない単版の Silo には対象が無い。,n/a,conditional:Caracal 本体と同じく serial id 順を直列化順として trace に差し込むこと,単独の ablation は本文に無い。,"Abstract, §1, §2, §3.1-§3.7, §4.1-§4.3, §5.1-§5.5 (Fig. 5-10 の本文)"
caracal-insert-append-range-update,I-candidates-rest,initialization の insert / append 2 段分割 (範囲更新の write set 確定と read の index 前倒し),optimization,Caracal: Contention Management with Deterministic Concurrency Control,SOSP 2021,2021,DOI 10.1145/3477132.3483591,"§3.2, Fig. 1, §5.4, §5.5 (Fig. 8d)",epoch 方式、範囲更新 (range update) の宣言、serial id で比較できる version、読み取り範囲が既知の read-only 操作。,none,3 分類に当てはまらない。並行 initialization で範囲更新の write set を正しく求める仕組みで、副産物として read の index 操作を execution から外し contention を減らす。,initialization を insert (epoch で挿入される key の行と初期 version を先に作る) と append (範囲 scan で write set を確定して version を挿入) の 2 段に分ける。range 更新は自分より serial id が大きい insert を無視する。read の範囲が分かる場合は index の read・scan も append 段で済ませる。,append 段で、key が範囲内なら先頭 version の serial id が範囲更新より小さいときだけ新 version を追加する。,自前 Caracal,range 更新が自分の serial 位置に対して正しい key 集合を更新する、という議論 (§3.2)。,True,read-only transaction (TPC-C の 2 種) の index 検索を initialization に置く設定で、execution の contention を下げる (§5.4)。同じ検索を execution に置くと contention が増え (Fig. 8d の設定)、その設定で batch append が +24%、split-on-demand がさらに +15% (§5.5、Fig. 8d)。,write set (範囲を含む) を manual に宣言する必要があり、宣言を誤ると read が待ち続けうる (§3.7)。,なし,なし,,,absent-prereq-mismatch,initialization を insert と append に分け範囲更新の write set を確定する工夫で、決定論 CC・範囲更新の宣言・scan が前提。,n/a,not-observable:範囲更新と scan の phantom は今の検査器に見えず、YCSB も点読み・点書きのみ,read-only 取引の index 検索を initialization に置くと execution の contention が下がる (§5.4)、execution に置いた設定で batch append +24%・split-on-demand さらに +15% (Fig.8d)。,"Abstract, §1, §2, §3.1-§3.7, §4.1-§4.3, §5.1-§5.5 (Fig. 5-10 の本文)"
caracal-gc-minor-major,I-candidates-rest,minor collector (initialization 中に回収) + 更新の古い行だけを回す major collector,optimization,Caracal: Contention Management with Deterministic Concurrency Control,SOSP 2021,2021,DOI 10.1145/3477132.3483591,"§3.5, §4.1",epoch 方式、行ごとの version array、最後に更新された epoch の記録 (K = 既定 8)。,version-lifetime,不要 version の回収を、行を触る initialization に寄せて cache 局所性を上げ、cold 行の走査を減らす。version の寿命管理に効く。,major collector は epoch 末に更新された行の版を回収するが、cache 局所性が悪く次の initialization を汚す。そこで initialization 中に触る行の不要 version をその場で回収する minor collector を足し、major は直近 K epoch で更新されていない行だけに絞る。,epoch 内での古い version の回収は未対応と本文に明記 (§3.5)。,自前 Caracal,explicit な議論なし。,True,この技法単独の ablation は本文に無い (すべての multi-version 実験は GC あり、§5.2)。,,一部,なし,cc/cicada/transaction.cc:806 gc_versions ; cc/cicada/transaction.cc:845 gc_records ; cc/si/garbage_collection.cc:53 gcVersion,GC は worker ごとの queue で行い、MinWts (または最小 cstamp) 以下を回収する。minor と major の 2 段、initialization 中の回収、直近 K epoch 更新の無い行に絞る major は無い。,absent-prereq-mismatch,多版の古い版を initialization 中と epoch 末に回収する GC で、版の連結 (version array) が前提。単版の Silo には回収する古い版が無い。,n/a,observable,単独の ablation は本文に無い (多版の実験はすべて GC あり、§5.2)。,"Abstract, §1, §2, §3.1-§3.7, §4.1-§4.3, §5.1-§5.5 (Fig. 5-10 の本文)"
caracal-early-write-visibility,I-candidates-rest,commit 前の write 可視化 (最初の write 以降 abort しない・ignore marker),optimization,Caracal: Contention Management with Deterministic Concurrency Control,SOSP 2021,2021,DOI 10.1145/3477132.3483591,"§3.2, §3.7",決定論的順序と no-abort 保証 (application abort は最初の write より前に済ませる)、pending version への ignore marker。,delay-on-conflict,書き手が完了を待たずに version を見せるため、読み手の待ちが短くなる。PWV から取り入れた技法と本文が述べる。,書き手は execution で pending version に値を入れた時点で読み手に見せる。安全なのは、最初の write を発行した後は abort しない設計だから。application abort が要るときは write 前に確認し、ignore marker を pending version に書いて、読み手は marker のない前の version へ飛ぶ。条件付き更新も ignore marker で処理する。,読み手は pending version が埋まるまで spin 待ちする。,自前 Caracal (PWV の考え方を採用),transaction は最初の write の後に abort せず committed data を読む (§3.2)。,True,単独の ablation は本文に無い。,application abort が write の後に必要な transaction は書けない (§3.7)。,一部,なし,cc/cicada/transaction.cc:479 (pending version を install) ; cc/cicada/transaction.cc:111-113 read_internal (pending の version を spin で待つ),Cicada は validation 前に pending version を install し、読み手は pending が確定するまで待つ。ただし Cicada の txn は pending 後にも abort しうるため、読み手を待たせる形で、Caracal の『最初の write 以降 abort しない』設計と ignore marker は無い。,absent-prereq-mismatch,最初の write 以降 abort しない決定論 CC の上で、commit 前の書き込みを読み手に見せる機構で、決定論順序と ignore marker が前提。Silo は未 commit の値を読ませない。,n/a,not-observable:commit 前の書き込みの読み (未 commit の値の読み、G1a/G1b) は commit 済み取引だけの trace に現れない,単独の ablation は本文に無い。,"Abstract, §1, §2, §3.1-§3.7, §4.1-§4.3, §5.1-§5.5 (Fig. 5-10 の本文)"
cormcc-mixed-cc-framework,I-candidates-rest,CormCC: partition ごとに CC を割り当てる協調なしの混合 CC の枠組み,protocol-core,Toward Coordination-free and Reconfigurable Mixed Concurrency Control,USENIX ATC 2018,2018,https://www.usenix.org/conference/atc18/presentation/tang,§3 (Fig. 1)、§4.1 (Fig. 2)、§4.2、§5,候補 protocol が COCSR かつ strict であること、各 protocol が『待つ phase』を明示すること (待つのは 1 protocol につき高々 1 phase、phase ごとに待つ protocol は 1 つ)。key → protocol の lookup table。protocol ごとの独立した metadata。PartCC を含める場合は stored procedure の引数から partition を特定する注釈。,none,3 分類に当てはまらない。複数 CC を混ぜる枠組みで、混合の overhead を最小にし、workload に合う CC を partition ごとに選ぶことで効く。,database を partition に分け、partition ごとに 1 つの protocol を割り当てる (1 record は 1 protocol だけが扱い、1 transaction は複数 protocol を使う)。transaction を Preprocess・Execution・Validation・Commit の 4 phase に分け、各 protocol の該当 phase を順に呼ぶ。protocol 間で metadata を共有せず、協調 (追加の CC) を入れない。,Execution では record が属する protocol を lookup table で引いて処理する。Validation は全 protocol のものを順に、Commit は原子的に全 protocol の commit を実行。試作は Doppel を基に PartCC (H-Store)、Silo の OCC、VLL の 2PL (no-wait) を混ぜる (§5、§6.1)。,Doppel を基にした自前試作 (PartCC + Silo OCC + VLL 2PL),全候補が COCSR なら混合も COCSR で conflict serializable (§4.2 の 2 ケース論証)。deadlock は『待つ phase を限る』基準で防ぐ (§4.2)。strict なので recoverable (§4.2)。,False,YCSB 変動 workload で PartCC・OCC・2PL・Hybrid に対し最大 2.5・1.9・1.8・1.7 倍 (§6.4、Fig. 9)、TPC-C 変動で最大 2.8・2.4・1.7・1.8 倍 (§6.4、Fig. 10)。partition 可能性・read 割合を変える YCSB で最大 3.4・2.2・1.9・2.0 倍 (§6.5、Fig. 13-14)。混合の overhead は、単一 protocol の混合実行とほぼ同じ throughput (1 core、§6.5、Fig. 15)。Tebaldi 風の混合 (自前実装) より常に良い (§6.3、Fig. 7)。,単一 protocol のうち最良より劣ることがある: YCSB で最低 0.91 倍、TPC-C で 0.94 倍 (誤った protocol 選択、§6.4、Fig. 11-12)。Tebaldi 風の混合が高 conflict で 2PL を上回る領域では差が縮む (§6.3、Fig. 8)。なお、比較の『Tebaldi』は CormCC 論文が自前試作の上で実装し直したもので、Tebaldi 原論文の系そのものではない (§6.1、§6.3)。,一部,なし,cc/oze/include/cc_mode.hh:3-6 ; cc/mocc/transaction.cc:275-320 read_internal,partition ごとに protocol を割り当てる枠組みは無い。Oze が thread 単位で OCC と Oze を混在させ、MOCC が record 単位で lock と OCC を混在させるだけで、4 phase の共通 API は無い。,absent-prereq-mismatch,partition ごとに PartCC・Silo OCC・2PL を割り当てる混在 CC の枠組みで、複数 protocol と key → protocol の表が前提。Silo 単独の中の機構ではない。,n/a,conditional:protocol ごとに版 ID と commit 順の付け方が違うため、全 protocol の commit を 1 本の commit 順と writer の commit TID に揃える差し込み点が要る,YCSB 変動 workload で PartCC・OCC・2PL・Hybrid 比 最大 2.5・1.9・1.8・1.7 倍 (Fig.9)、partition 可能性・read 割合を振る YCSB で最大 3.4・2.2・1.9・2.0 倍 (Fig.13-14)。partition 可能性を YCSB で作る設定は CCBench に無い。,"Abstract, §1, §2, §3, §4.1-§4.3, §5, §6.1-§6.6 (Fig. 6-16 の本文)"
cormcc-mediated-switching,I-candidates-rest,Mediated switching (旧・新 protocol 双方の論理を実行する中間 protocol を挟む online の CC 切替),optimization,Toward Coordination-free and Reconfigurable Mixed Concurrency Control,USENIX ATC 2018,2018,https://www.usenix.org/conference/atc18/presentation/tang,"§4.3, Fig. 4, Fig. 5, §6.6, Fig. 16",coordinator thread、worker が transaction の境界で新しい lookup table に切り替える仕組み、全 protocol が strict (書込みを commit まで遅延できる)。,none,3 分類に当てはまらない。CC を止めずに切り替えるための機構。,切替の間に、旧 protocol と新 protocol の論理を両方実行する mediated protocol を使う。全 worker を旧 → mediated (upgrade)、全員が mediated になったら mediated → 新 (degrade) と非同期に移す。書込みの適用方式が違う protocol を揃えるため、mediated では書込みを local buffer に置いて commit 時に適用する (OCC 方式)。,OCC と 2PL の例: read で read lock を取り値と timestamp を read set に、write で write lock を取り write set に、validation で write set を lock して read set を検証、commit で全 lock を解放。,自前試作 (Doppel 基盤),mediated が旧・新の両方の論理を実行するので、upgrade・degrade のどの時点でも競合が直列化される (§4.3 の説明)。形式証明は無い。,False,短い transaction のみでは StopAll と Mediated とも 2PL からの throughput 低下は最小。長い transaction (0.5〜4 s) が混じると、StopAll は長い transaction の完了待ちで落ちるが Mediated は維持する (§6.6、Fig. 16)。,mediated の実行中は両 protocol の論理を実行する分の overhead がある (本文に定量値は無い)。,一部,なし,cc/oze/include/transaction.hh:1173 get_next_cc_mode (TO_OCC_MODE / TO_OZE_MODE の遷移) ; cc/oze/transaction.cc:1141 commit (occ_guard_required_ で両方の検査),Oze は OCC と Oze の間に中間 mode (TO_*) を挟み、全 thread が揃ってから切り替える点が mediated switching に近い。切替契機の should_switch_to_oze は TODO で常に false (oze/include/transaction.hh:1165)、対象も thread 単位で partition 単位でなく、書込み適用方式の吸収 (local buffer) も無い。,absent-prereq-mismatch,旧・新 protocol の論理を両方実行する中間 protocol を挟む online の CC 切替で、切り替える複数 protocol と coordinator が前提。CCBench の Oze が OCC と Oze の間に中間 mode を持つが、切替の契機は常に false。,n/a,conditional:切替の前後と中間 mode の commit 順・版 ID を 1 本の trace に揃える差し込み点が要る,長い取引 (0.5〜4 s) が混ざると StopAll は落ち Mediated は維持する (Fig.16)。YCSB で長さの違う取引を混ぜる設定は CCBench に無い。,"Abstract, §1, §2, §3, §4.1-§4.3, §5, §6.1-§6.6 (Fig. 6-16 の本文)"
cormcc-protocol-classifier,I-candidates-rest,partition ごとの最適 protocol を予測する 2 つの二値分類器,optimization,Toward Coordination-free and Reconfigurable Mixed Concurrency Control,USENIX ATC 2018,2018,https://www.usenix.org/conference/atc18/presentation/tang,"§5, §6.1, §6.4",worker が毎秒集める統計 (特徴量)、訓練用に条件を振った workload の走行 (§6.2)。詳細は技術報告 [1] で、今回は読んでいない。,none,3 分類に当てはまらない。CC の選択そのもの (どの protocol を使うか) を自動化する。,二値分類器を 2 つ作り、partition ごとに PartCC・OCC・2PL のどれが良いかを予測する。coordinator が worker の統計から新しい lookup table を作り、mediated switching で反映する。,coordinator thread が特徴量を抽出し予測する (§6.1)。,自前試作 (Doppel 基盤),正しさには関与しない (性能のための選択)。,False,変動 workload で、最良の単一 protocol の 0.91 倍から最大 2.2 倍 (YCSB、Fig. 11)、0.94 倍から 2.6 倍 (TPC-C、Fig. 12)。この分類器単独の精度・ablation は本文に無い (技術報告に譲る)。,誤選択があると最良の単一 protocol の 91% / 94% にとどまる (§6.4)。,なし,なし,,,absent-prereq-mismatch,partition ごとの最適 protocol を 2 つの二値分類器で予測する機構で、複数 protocol と partition が前提。Silo 単独の中の機構ではない (izanagi の選択層と主題が重なる)。,n/a,conditional:切替の前後の commit 順・版 ID を 1 本の trace に揃える差し込み点が要る,変動 workload で最良の単一 protocol の 0.91〜2.2 倍 (YCSB、Fig.11)、0.94〜2.6 倍 (TPC-C、Fig.12)。分類器単独の精度は技術報告に譲り本文に無い。,"Abstract, §1, §2, §3, §4.1-§4.3, §5, §6.1-§6.6 (Fig. 6-16 の本文)"
tebaldi-hierarchical-mcc,I-candidates-rest,階層的 Modular Concurrency Control (CC を木に組む・cross-group の CC も選べる),protocol-core,Bringing Modular Concurrency Control to the Next Level,SIGMOD 2017,2017,DOI 10.1145/3035918.3064031,"§3, §4 (Definition 1, Consistent Ordering), §5.1, Fig. 2-4",transaction を group に分ける静的な対応 (transaction 型→木の葉、SEATS では入力による group 割当も可)、各 CC が start・execution・validation・commit の 4 phase で表せること、multi-version の storage 層。RP を使うなら table 依存の静的解析。,none,3 分類に当てはまらない。衝突の種類ごとに 2PL・RP・SSI・TSO のどれで扱うかを選び、cross-group の衝突も別 CC に委ねる CC の合成法。,各 CC は自分の group の衝突だけを扱い、木の各節点は子の CC の視点では cross-group CC、親の視点では in-group CC として働く。親は子の順序決定を採用する・制約する・待つ、のいずれかで子と矛盾しない順序を保つ (Consistent Ordering)。各 phase を top-down と bottom-up の 2 pass で回し、read では子が候補 version を出し、祖先が兄弟 group の write を見て修正する。,commit は葉から順に途切れなく実行して原子的にする。TC (transaction coordinator) と DS (data server) の 2 種の node で構成し、CC ごとの metadata は CC module に一時状態として置く。,自前 Tebaldi (2PL・RP・SSI・TSO を実装した分散 KV),木の各 CC が group 内の aborted read・intermediate read・circularity を防ぎ、かつ consistent ordering を守れば正しい (Definition 1、§4)。,True,TPC-C (10 warehouse) で abstract は 2PL の 20 倍超、Callas の 3.7 倍超。Tebaldi 2-layer は Callas の最良 grouping の 2.6 倍、3-layer はさらに 44% 向上 (§8.1、Fig. 6)。SEATS では SSI+2PL の 2 層が 2PL の 1.9 倍 (ピーク)、flight ごとの TSO を足すと約 2 倍 (§8.2、Fig. 7)。微小 bench で 3 層は最良の 2 層より 63% 高い (§8.4、Fig. 10)。,層を足すと overhead: 衝突のない微小 bench で RP の上に 2PL 層を足すと throughput 490.0 → 386.1 K txn/s (-21%)、SSI 層で 368.4 (-25%)、RP 層で 291.9 (-40%)、latency はそれぞれ +3.3% / +9.8% / +36.3% (§8.5、Table 2)。CormCC 論文は、Tebaldi 型は全操作が複数 protocol の論理を通るため main-memory・多 core では overhead が律速になりうると、自前実装の観測から指摘する (CormCC §6.3)。cross-group で SSI は write-write 衝突に弱く、RP は衝突が稀なら 2PL に劣る (§8.4、Fig. 9)。分散・network 上の評価 (20 台)。,なし,なし,,,absent-prereq-mismatch,取引 group ごとに CC を割り当て木に組む階層的な混在 CC で、多版の storage、取引の group への静的な割当、分散 KV (TC と DS) が前提。,n/a,conditional:多版の読みと木の各節点で決まる順序を 1 本の直列化順と版 ID に揃える差し込み点が要る,TPC-C (10 warehouse) で 2PL の 20 倍超・Callas の 3.7 倍超 (abstract)、2-layer は Callas 最良の 2.6 倍 (Fig.6)。YCSB は取引型が 1 つで group 分けの余地が無い。,"Abstract, §1, §2, §3, §4, §5.1, §5.2, §6, §7, §8.1-§8.5 (Fig. 5-10、Table 1-2 の本文)"
tebaldi-batching-for-consistent-ordering,I-candidates-rest,batch 化による順序決定の先送り (SSI・TSO で同一 timestamp を group の batch に付与),optimization,Bringing Modular Concurrency Control to the Next Level,SIGMOD 2017,2017,DOI 10.1145/3035918.3064031,"§4 (procrastinate), §6 (SSI・TSO)",同じ group の transaction を batch にまとめる仕組み、SSI の場合は中央の timestamp server と batch 管理 (group manager)、pivot batch の検査。,none,3 分類に当てはまらない。親の CC が子と矛盾しない順序を保つための正しさ確保の技法で、副作用として write-write 衝突が増えうる。,同じ group の transaction を 1 batch とし、batch 内で同じ start timestamp を割り当てる。batch 内の相対順序を commit 時まで先送りし、子の CC が自由に順序を決められるようにする。SSI では pivot を batch 単位 (incoming と outgoing の anti-dependency を持つ batch) で検出する。,batch 内の transaction は commit timestamp を個別に取り、in-group 依存が全て commit してから commit する。TSO は batch 単位で、下位の batch が全て commit するまで commit を遅らせ、同じ timestamp の後続 version を見たら abort する。,Tebaldi の SSI・TSO,consistent ordering を守る (§4)。SSI・TSO それぞれの議論は §6。,True,cross-group の read-write 衝突が多いとき SSI は最良 (§8.4、Fig. 9)。,batch により write-write 衝突が増え SSI は repeated abort に弱い。ww-1 (1% の write-write 衝突) でも平均 2.5 回超 retry する (§8.4、Fig. 9 の説明)。§5.2 でも batching が SSI の write-write 衝突確率を上げると述べる。,なし,なし,,,absent-prereq-mismatch,同じ group の取引を batch にして同じ timestamp を与え順序決定を先送りする SSI・TSO の工夫で、Tebaldi の階層と中央 timestamp server が前提。,n/a,conditional:batch 内の順序が commit 時に決まるため、その順を直列化順として trace に差し込むこと,cross-group の read-write 衝突が多いとき SSI が最良 (Fig.9)。,"Abstract, §1, §2, §3, §4, §5.1, §5.2, §6, §7, §8.1-§8.5 (Fig. 5-10、Table 1-2 の本文)"
tebaldi-root-ssi-readonly-optimization,I-candidates-rest,SSI を root に置く場合の簡略化 (read-only と update の分離),optimization,Bringing Modular Concurrency Control to the Next Level,SIGMOD 2017,2017,DOI 10.1145/3035918.3064031,§6 (SSI の最後の段落)、§8.1 (Tebaldi 2-layer),SSI が木の root で read-only 群と update 群を分けていること。update 群が 1 つならさらに batch も不要。,delay-on-conflict,read-only transaction が update を待たない (multi-version) ことで、cross-group の read-write 衝突の待ちを消す。加えて root では依存集合の報告と待ちが不要になる。,root の SSI は transaction の依存集合を親に報告しなくてよいので、並行 transaction の完了を待たない。update 群が 1 つだけなら batch が不要 (update は read-only の値を見ない)。update 群内は commit を in-group 順に行えば consistent ordering になる。pivot batch の検査も省ける (pivot は update 群が 2 つ以上のときだけ生じる)。,TPC-C の Tebaldi 2-layer (SSI + RP) で使用。,Tebaldi の SSI (root 節点),Tebaldi の consistent ordering (§4)。この簡略化の証明は §6 の議論のみ。,True,Tebaldi 2-layer (root SSI + update 群の RP) は Callas の最良 grouping の 2.6 倍 (§8.1、Fig. 6)。この簡略化単独の測定は無い。,単独の SSI は client 数が増え write-write 衝突が増えると急落する (§8.1、Fig. 6)。,なし,なし,,,absent-prereq-mismatch,木の root の SSI で read-only 群と update 群を分けて待ちと batch を省く工夫で、Tebaldi の階層と多版の SSI が前提。,n/a,conditional:read-only 群が snapshot を読むため、その読みの版 ID と直列化位置を trace に差し込むこと,Tebaldi 2-layer (root SSI + RP) が Callas 最良の 2.6 倍 (Fig.6)。この簡略化単独の測定は無い。,"Abstract, §1, §2, §3, §4, §5.1, §5.2, §6, §7, §8.1-§8.5 (Fig. 5-10、Table 1-2 の本文)"
tebaldi-tso-promises,I-candidates-rest,TSO の promises (write する key を開始時に宣言して読み手を待たせる),optimization,Bringing Modular Concurrency Control to the Next Level,SIGMOD 2017,2017,DOI 10.1145/3035918.3064031,§6 (Multiversioned Timestamp Ordering),transaction が start 時に write する key を任意で宣言すること (Faleiro らの決定論的 CC に着想)。,delay-on-conflict,書き手を abort させる代わりに、宣言済み key を読もうとする transaction を書込みまで待たせる。abort を待ちに変える。,start 時に宣言された key の write が起きるまで、その key を読む transaction を遅らせる。本来は後から書く transaction が abort するところを避ける。,start 時に宣言された key を記録し、read 段でその key の write を待たせる。,Tebaldi の TSO (batch 単位),TSO の正しさ議論の一部 (§6)。promises 単独の証明は無い。,True,promises 単独の実験は本文に無い。TSO は SEATS の flight ごとの group で使われ、約 2 倍 (§8.2、Fig. 7)。promises の寄与は分離されていない。,宣言が任意である以上、宣言しない transaction には効かない (§6)。,なし,なし,,,absent-prereq-mismatch,開始時に write する key を宣言し、その key の読み手を write まで待たせる TSO の工夫で、事前宣言と timestamp 順の CC が前提。,n/a,conditional:TSO の timestamp 順を直列化順として trace に差し込むこと,promises 単独の実験は無い。TSO は SEATS の flight ごとの group で約 2 倍 (Fig.7)。,"Abstract, §1, §2, §3, §4, §5.1, §5.2, §6, §7, §8.1-§8.5 (Fig. 5-10、Table 1-2 の本文)"
tebaldi-phase-batched-rpc,I-candidates-rest,phase ごとに TC 側・DS 側の処理をまとめて 1 往復にする latency 削減,optimization,Bringing Modular Concurrency Control to the Next Level,SIGMOD 2017,2017,DOI 10.1145/3035918.3064031,"§7 (Phase optimizations, Latency reduction)",TC (transaction coordinator) と DS (data server) に分かれた実装、CC ごとの処理を TC 部分と DS 部分に分割できること。,none,3 分類に当てはまらない。分散環境で木の深さに比例する network 往復を 1 phase 1 往復に抑える実装技法で、多 core の単一 node 実行とは無関係。,各 phase で、先に木の全 CC の TC 部分を実行して DS への通信を batch にし、DS で全 CC の DS 部分を実行して返信を batch にする。使われない pass (start の bottom-up、validation の top-down) は省く。,network 往復は木の高さに依らず phase あたり 1 回 (§7)。,Tebaldi,正しさには影響しない実装最適化。,False,単独の効果測定は無い。latency 増加は layer 追加で 2PL +3.3%、SSI +9.8%、RP +36.3% で、往復数は木の深さに依らず CC 自体の往復に因ると述べる (§8.5、Table 2)。,単一 node の多 core 実行では network 往復の節約は意味を持たない (推測: 論文は分散前提)。,なし,なし,,,absent-prereq-mismatch,TC と DS の間の通信を phase ごとに 1 往復にまとめる分散実装の latency 削減で、分散 (TC/DS 分離) が前提。,n/a,observable,単独の効果測定は無い。layer 追加の latency 増加は 2PL +3.3%・SSI +9.8%・RP +36.3% (Table 2)。,"Abstract, §1, §2, §3, §4, §5.1, §5.2, §6, §7, §8.1-§8.5 (Fig. 5-10、Table 1-2 の本文)"
tebaldi-gc-epoch,I-candidates-rest,GC epoch による multi-version の一括回収,optimization,Bringing Modular Concurrency Control to the Next Level,SIGMOD 2017,2017,DOI 10.1145/3035918.3064031,§7 (Garbage collection),multi-version の storage、transaction ごとの GC epoch id、全 CC への『この epoch より前に順序づけない』確認。,version-lifetime,全 CC が合意した時点でまとめて古い write を回収する。version の寿命管理に効く。,transaction に GC epoch id を付けて定期的に進める。ある epoch の transaction が全て終わったら、全 CC に『進行中・今後の transaction をこの epoch の transaction より前に順序づけない』ことを確認し、合意が揃えばその epoch の古い write を回収する。,GC は batch で行う。,Tebaldi,全 CC の合意が回収の安全条件 (§7)。,False,GC 単独の効果測定は無い。,,一部,なし,cc/si/garbage_collection.cc:53 gcVersion (最小 cstamp を threshold にした回収) ; cc/cicada/transaction.cc:806 gc_versions,GC は全 txn の最小 timestamp を下限とする一般的な多版 GC で、epoch id を付けて txn 群の完了を全 CC に確認してから一括回収する合意は無い。推測: 単一 CC のため合意の必要が無い。,absent-prereq-mismatch,多版の古い write を GC epoch の合意の後で一括回収する機構で、多版と複数 CC の合意が前提。単版の Silo には回収する古い版が無い。,n/a,observable,GC 単独の効果測定は無い。,"Abstract, §1, §2, §3, §4, §5.1, §5.2, §6, §7, §8.1-§8.5 (Fig. 5-10、Table 1-2 の本文)"
essn-exclusion-test,I-candidates-rest,ESSN の除外条件 π(t) ≤ ξ(t) (SSN の η を forward 側の π 伝播 ξ に置換),protocol-core,Extended Serial Safety Net: A Refined Serializability Criterion for Multiversion Concurrency Control,arXiv v1 (2025-11-28),2025,arXiv:2511.22956,"§4.1, §4.2 (式 7-9), §4.3 (Lemma 5-6), §4.4 (Theorem 1)",MVSG の version function (VF)・version order (VO)・known total order (KTO) の宣言と、VF/VO が KTO と整合していること。transaction ごとの π と ξ を計算できる per-version metadata。,delay-on-conflict,certifier の判定を緩め不要な abort を減らす (commit 時の除外条件の改良)。cache や version の寿命には効かない。分類は近似で、性能ではなく受理される schedule の範囲の議論。,SSN は back-edge 側の最小 commit 時刻 π と forward 側の最大 commit 時刻 η を比べ π ≤ η で abort する。ESSN は forward predecessor の commit 時刻でなく π を伝播した ξ を使い、π ≤ ξ で abort する。ξ ≤ η なので SSN が abort する場合のみ受理が増え、MVSR を保つ (SSN を真に包含)。,commit 時に 1 回検査し、read set と write set の走査は O(|R|+|W|)、SSN と同程度の per-version 状態。early abort はしない。,SSN の拡張 (一般の MVCC 上の DSG ベース)。論文の実装は Python の履歴検査器。,commit した transaction の MVSG が非循環で MVSR (Theorem 1、§4.4)。SSN の真の包含 (Lemma 5-6、§4.3)。,False,長い transaction (Long-RW) の abort 率が commit-ordered KTO・snapshot_at_begin の読みで SSN の 0.20 から ESSN の 0.10 (最大 50% 相対減、§6.5 R1、Fig. 6)。パラメータ格子での最大差は約 0.25 (§6.5 R2、Fig. 7)。実験は単一 thread の Python 履歴生成器・検査器で、throughput の測定は無い (§6.3)。,as_of_read_commit の読み方では絶対 abort 率が高く差は縮む (§6.5 R1、Fig. 6)。forward predecessor が増えると ξ が増えて ESSN の優位が薄れる (§6.5 R3)。,一部,なし,cc/ermia/transaction.cc:855 verify_exclusion_or_abort (pstamp_ >= sstamp_ で abort) ; cc/ermia/transaction.cc:503 ssn_commit,"SSN の除外条件 (eta = pstamp, pi = sstamp、pi <= eta で abort) は実装済み。ESSN の、forward 側の最大 commit 時刻 eta を pi を伝播した xi に置き換えて偽 abort を減らす変更は無い (eta は commit 時刻の max のまま)。",absent-prereq-mismatch,SSN の除外条件の η を π の伝播 ξ に置き換える refinement で、MVSG の version function・version order と版ごとの π・ξ が前提 (多版)。CCBench で載せるなら SSN を実装済みの ERMIA (cc/ermia/transaction.cc:855) が土台で、Silo は既に read set 検証で直列化可能なため置き換える対象が無い。,n/a,conditional:SSN より多く受理し commit 順と直列化順が一致しない取引が出るため、依存辺を版順から作ることが要る。版順 (VO) を commit 順と一致させるか、版順を trace に差し込むこと,長い取引の abort 率が SSN 0.20 → ESSN 0.10 (Fig.6)、格子での最大差約 0.25 (Fig.7)。実験は単一 thread の Python 履歴検査器で throughput の測定は無い。,"Abstract, §1, §2, §3 (SSN と例)、§4.1-§4.4、§5.1-§5.6、§6.1-§6.6 (Fig. 6-7 の本文)"
essn-kto-begin-ordered-commit-stall,I-candidates-rest,KTO の一般化 (begin-ordered など) と commit-stall・stall-bypass,optimization,Extended Serial Safety Net: A Refined Serializability Criterion for Multiversion Concurrency Control,arXiv v1 (2025-11-28),2025,arXiv:2511.22956,"§4.1, §5.4, §6.6 (Lemma 8)",KTO を返す関数 σ(t)、begin-ordered のときは KTO 上先行する transaction の完了待ち (commit-stall)。,delay-on-conflict,abort を減らす代わりに commit を待たせる (begin-ordered KTO では先に始まった transaction の完了を待つ)。待ちと abort の交換。,commit 時刻に限らず begin 順など任意の全順序を KTO にでき、同じ除外条件をそのまま使う。KTO が commit 順と食い違うと、KTO 上先行する transaction が未 commit のとき待つ (commit-stall) が、待ちは KTO 順なので deadlock 検出は要らない。局所検査で安全と分かる短い transaction は待たずに commit する (stall-bypass)。,begin-ordered では新しい版が KTO 順に materialize されるので、物理的な version chain は append-only で済む (§5.4)。,ESSN (一般の MVCC),除外条件は KTO に依らず有効 (§4.2)。begin-ordered で長い transaction は abort しない (Lemma 8、§6.6 の議論)。,False,begin-ordered KTO の実験は無い (本文は commit-ordered のみ評価、§6.4)。§6.6 は例と Lemma 8 の議論のみ。,commit-stall で無駄な待ちが起きうる (§5.4)。定量値は無い。,一部,なし,cc/ermia/transaction.cc:594 ssn_parallel_commit (cstamp の小さい commit 中 txn の終了を待つ),ERMIA の parallel SSN は cstamp の小さい commit 中の worker の完了を待つ commit-stall 型の待ちを持つ。ただし順序は commit 時刻固定で、begin 順など任意の全順序を KTO にする一般化と stall-bypass は無い。,absent-prereq-mismatch,KTO を begin 順などに一般化し、KTO 上先行する取引の完了を待つ commit-stall を足す多版 SSN 系の工夫で、多版と ESSN が前提。,n/a,conditional:begin-ordered の KTO では版順が commit 順と一致しないため、版順と直列化順 (KTO) を trace に差し込むこと,begin-ordered KTO の実験は無い (本文は commit-ordered のみ評価、§6.4)。,"Abstract, §1, §2, §3 (SSN と例)、§4.1-§4.4、§5.1-§5.6、§6.1-§6.6 (Fig. 6-7 の本文)"
essn-previous-edge-only-metadata,I-candidates-rest,previous-edge-only な per-version metadata と単一 commit 時検査 (chain 走査なし),optimization,Extended Serial Safety Net: A Refined Serializability Criterion for Multiversion Concurrency Control,arXiv v1 (2025-11-28),2025,arXiv:2511.22956,"§5.1-§5.3, Lemma 7, Table 1, Algorithm 1",version ごとの sstamp・psstamp・crepi・prev、transaction ごとの sstamp・psstamp (Table 1)。version chain 上の π の単調増加 (Lemma 7)。,cpu-cache,論文は version object を小さく保ち chain を走査しないと述べる。cache 効果の測定は無い。commit 時の chain 走査を避ける実装技法。,version chain 上で π が狭義単調増加になる不変条件を使い、writer が commit 時に直前の version だけを見ればよいようにする。read 時・write 時は set への記録のみで検査せず、commit 時に read set と write set を 2 回走査する (判定用と伝播用)。,各 version に sstamp (次の writer の π)、psstamp (readers の π の prefix max)、crepi (作成者の π) を持つ。commit 時に t.sstamp ≤ t.psstamp なら abort、そうでなければ predecessor の sstamp を更新し、read した version の psstamp を更新する (Algorithm 1)。,SSN と同じ per-version 状態量の MVCC,Lemma 7 (§5) と Theorem 1 (§4.4)。,False,性能の測定は無い (履歴検査器のみ、§6.3)。O(|R|+|W|) の計算量の議論のみ (§5.3)。,commit 時に read と write の 2 回走査が要る (§5.3)。,一部,なし,cc/ermia/transaction.cc:303-314 (write 時に ver->prev_ だけを更新) ; cc/ermia/transaction.cc:503 ssn_commit (write_set の ver_->prev_ を見る),"write 側は直前の version (prev_) の pstamp/sstamp だけを見る点は同じ。ただし read 時・write 時にも verify_exclusion_or_abort を呼ぶ (transaction.cc:171, 314) ので、ESSN のように set への記録のみで commit 時に 1 回だけ検査する形ではない。",absent-prereq-mismatch,版ごとの sstamp・psstamp・crepi と直前の版だけを見る commit 時 1 回の検査で、多版の SSN 系 metadata が前提。ERMIA は直前の版を見る点は同じだが read 時・write 時にも検査する。,n/a,conditional:ESSN と同じく依存辺を版順から作り、版順を commit 順と一致させるか trace に差し込むこと,性能の測定は無い (計算量 O(|R|+|W|) の議論のみ、§5.3)。,"Abstract, §1, §2, §3 (SSN と例)、§4.1-§4.4、§5.1-§5.6、§6.1-§6.6 (Fig. 6-7 の本文)"
essn-read-time-shortcut,I-candidates-rest,SSN 型の read 時ショートカット (overwriter が既に commit していれば π を写して read set から外す),optimization,Extended Serial Safety Net: A Refined Serializability Criterion for Multiversion Concurrency Control,arXiv v1 (2025-11-28),2025,arXiv:2511.22956,§5.3 (最終段落),read した version の overwriter (次の writer) の commit 状態と π。,cpu-cache,read set の entry を減らし commit 時の走査を短くするだけの最適化 (論文は correctness に影響しないと述べる)。cache 効果の測定は無い。,read 時に overwriter が既に commit していれば、その π を reader の状態にコピーして read set からその entry を落とす。,read 段で実行する。,ESSN,correctness に影響しない最適化と論文が述べる (§5.3)。,False,測定は無い。,,あり,なし,cc/ermia/transaction.cc:160-168 read_internal (overwriter が commit 済みなら sstamp_ を写し read_set_ に入れない),,ccbench-present,既にある (cc/ermia/transaction.cc:160-168 の read_internal が、overwriter が commit 済みなら sstamp_ を写し read set に入れない)。SSN の metadata が前提で Silo へは移さない。,n/a,observable,原典に測定は無い。ERMIA で read 中心 (rratio 高)・zipf 高の YCSB を回せば read set が縮む効果を見られる。,"Abstract, §1, §2, §3 (SSN と例)、§4.1-§4.4、§5.1-§5.6、§6.1-§6.6 (Fig. 6-7 の本文)"
essn-read-from-policy,I-candidates-rest,読みの version 選択方針 (as_of_read_commit と snapshot_at_begin) の比較,design-dimension,Extended Serial Safety Net: A Refined Serializability Criterion for Multiversion Concurrency Control,arXiv v1 (2025-11-28),2025,arXiv:2511.22956,"§6.3 (RF policy), §6.5 (Fig. 6, Fig. 7)",VF を決める read-from の方針 (最新 commit 版を読む / begin 時点の snapshot を読む / begin-KTO の最近傍を読む)。,none,3 分類に当てはまらない。読みの意味論 (どの版を読むか) の設計次元。,同じ履歴に対し、reader が読む version の決め方を変えると、SSN・ESSN が abort する割合が変わることを示す評価。snapshot_at_begin では長い transaction の abort 率自体が低く、ESSN と SSN の差が大きい。as_of_read_commit は絶対 abort 率が高く差が狭い。,履歴生成器が RF 方針を選んで multi-version の履歴を作り、同じ履歴を SSN と ESSN の検査器に通す。,SSN / ESSN (単一 thread の履歴検査),各方針が KTO と整合するかの整理 (§6.3)。,False,commit-ordered KTO で snapshot_at_begin のとき長い transaction の abort が SSN 0.20 → ESSN 0.10 (§6.5 R1、Fig. 6)。,as_of_read_commit は絶対値が高く ESSN と SSN の差が狭い (§6.5 R1、Fig. 6)。,一部,なし,cc/ermia/transaction.cc:155 read_internal (txid_ < ver->cstamp_ の版を飛ばす = snapshot at begin),ERMIA は開始時 snapshot (txid_ 以前に commit した版を読む) 固定で、as_of_read_commit との切替や比較のための選択肢は無い。,absent-prereq-mismatch,読む版の選び方 (最新 commit 版か begin 時点の snapshot か) を比べる評価軸で、過去版を読める多版が前提。単版の Silo は最新版しか読めない。,n/a,conditional:snapshot_at_begin では読みの版が begin 時点の版になるため、その版 ID と直列化位置を trace に差し込むこと,commit-ordered KTO・snapshot_at_begin で長い取引の abort が SSN 0.20 → ESSN 0.10 (Fig.6)。単一 thread の履歴検査器の実験。,"Abstract, §1, §2, §3 (SSN と例)、§4.1-§4.4、§5.1-§5.6、§6.1-§6.6 (Fig. 6-7 の本文)"
drp-core,J-drp,Deferred Runtime Pipelining (DRP),protocol-core,Deferred Runtime Pipelining for contentious multicore software transactions,EuroSys 2019,2019,doi:10.1145/3302424.3303966,"§1, §5, §5.1, §5.2",object ごとの relaxed bit 付き lock、lock に最後の保持 transaction id (last holder)、全 thread 共有の maxrank 表、object ごとの intention queue、object の rank、global version (opacity 用)。object は defer_* interface を実装する必要がある (実装しない object は eager 読みで wild 扱い),delay-on-conflict,lock を早期に relax して後続 transaction を待たせる時間を縮め、tame transaction の abort を無くす。競合時の待ち・abort を減らす技法で、cache 局所性 (§5.2 末尾) は副次的,transaction の操作を intention (commit 時に実行する小さな論理) として thread-local に貯め、commit で rank 昇順に lock を取り intention を object の queue に追加してすぐ lock を relax する。read set が空なら tame (abort しない)、eager 読みがあれば wild (Wild-RP の certification)。rank と制御・データ依存の食い違い (rank mismatch) を deferral で回避する。,実行段は intention の buffer 化のみ (lock も read もしない)。commit 段で rank 昇順に lock、intention を queue へ append、relax。commit は predecessor が全員 commit した後。intention の実行は、その object を次に eager に読む時か入力 intention が揃った時で、transaction は自分の intention が全て評価されるまで待ってから成功を返す。,STO (Silo 相当の OCC / TL2) 上の自前実装。runtime pipelining (Xie et al.) の拡張,"strict serializability・opacity・deadlock freedom を主張 (Thm 1-3, §4.3)。opacity は tame に user-defined abort が無いことが条件。証明は拡張版 report [21] §A (未読)",False,TPC-C 1 warehouse・varying threads の高競合で OCC の 6.6 倍 (Fig.3a、§7.2 本文)。標準 TPC-C 相当 (warehouse:thread=1) の混合で IC3 の 3.3 倍、OCC と同程度 (Fig.2a)。STAMP kmeans-hi・vacation-hi で STO-TL2 の >2 倍、最大 3.6 倍 (Fig.8、§7.3),競合無しの microbenchmark で OCC の 47-53% の throughput、メモリ 2.1 倍 (Fig.1、§7.1)。TPC-C 混合で 16 thread 超 (1 warehouse) は IC3 に劣る (Fig.3a、§7.2)。wild transaction が 10% 混ざると throughput が半減 (258K vs 534K txn/s、Fig.6),なし,なし,,,absent-silo-feasible,原典は STO (Silo 相当の OCC) 上の実装で単版のまま入る。操作を intention として貯める read/write の経路、object ごとの intention queue、relaxed 状態と last holder を持つ lock (TID word は 64 bit を使い切るので別 field)、全 thread 共有の maxrank 表、predecessor の commit を待つ commit 段が要る。rank は Silo の write set の key 順 sort で代用できる。,extend:read の経路を開く + write phase を開く + tuple メタデータ (relaxed 状態・last holder・intention queue) を開く + 共有状態 (maxrank 表) を開く,conditional:intention の評価で読む値に predecessor の commit TID を版 ID として付ける差し込み点と、commit 順を predecessor 順に合わせることが要る。nullify された intention の値を読んだ取引 (G1a 相当) は trace に現れないため、読んだ版 ID が commit 済み取引に対応するかの照合を足すことが要る,YCSB の zipf 0.9〜0.99・tuple 数小・rmw ありで高競合を作れ、読みを intention にできない取引は wild になる。根拠は TPC-C 1 warehouse で OCC の 6.6 倍 (Fig.3a)、標準 TPC-C 相当で OCC と同程度 (Fig.2a)、STAMP で STO-TL2 の最大 3.6 倍 (Fig.8)。YCSB の図は無い。,"Abstract, §1, §2, §3, §4 (4.1-4.3), §5 (5.1-5.2), §6 (6.1-6.3), §7 (7.1-7.3 と Fig.1-8), §8, §9"
drp-tame-rp,J-drp,Tame-RP (rank 順 lock 取得と relax による pipelining),optimization,Deferred Runtime Pipelining for contentious multicore software transactions,EuroSys 2019,2019,doi:10.1145/3302424.3303966,"§4.1, Thm 1-2 (§4.3)",transaction の access set が開始前に既知 (tame の定義)。object ごとに一意の rank、lock の last holder 追跡、relaxed 状態、全 transaction の maxrank 表。user-defined abort が無いこと (opacity のため),delay-on-conflict,lock を使い終えた時点で relax し後続を先へ進める。tame transaction は concurrency 起因で abort しない,lock を rank の昇順に取り、使い終えた object の lock を relax して他の tame transaction に取らせる。predecessor の maxrank が取ろうとする object の rank 以上になるまで待つ。commit は predecessor 全員の commit 後に限る。,lock 取得前に predecessor の maxrank を確認 (待ち)。取得後に last holder を predecessor に加え maxrank を更新。lock 使用後に relax。commit/abort で全解放。predecessor が abort し自分がそこへ書いた値を読んでいれば自分も abort。,Xie らの runtime pipelining を静的解析なしへ拡張 (DRP の中間プロトコル),Tame-RP は strict serializable (Thm 1)、deadlock-free、opacity は tame に user abort が無い場合 (Thm 2)。証明は [21] §A,True,単独の評価は無い。本文は Tame-RP をそのままでは STO へ入れられないと述べ (§5)、DRP へ進む。DRP 全体の数値は drp-core を参照,rank mismatch (rank が制御・データ依存と逆順) では全 lock を先に取るしかなく predeclaration locking に退化し、pipelining の意味が無くなる (§5、Definition 3),なし,なし,,,absent-prereq-mismatch,取引の access set を開始前に知り rank 順に lock を取って relax する中間 protocol で、正しさが事前集合の正確さに依存する。CCBench の YCSB は操作列を実行前に作る (include/ycsb.hh の makeProcedure) ので集合自体は得られるが、原典もこのままでは STO に入れられないとして intention (drp-intentions) に置き換えた (§5)。,n/a,conditional:relax した lock 越しに predecessor の値を読むため、読みの版 ID を predecessor の commit TID と対応させ commit 順を predecessor 順に合わせることが要る。predecessor の abort に伴う連鎖 abort の漏れは trace に現れない,単独の評価は無い (DRP 全体の数値は drp-core)。,"Abstract, §1, §2, §3, §4 (4.1-4.3), §5 (5.1-5.2), §6 (6.1-6.3), §7 (7.1-7.3 と Fig.1-8), §8, §9"
drp-wild-rp,J-drp,Wild-RP (rank 順 certification による OCC の pipelining),optimization,Deferred Runtime Pipelining for contentious multicore software transactions,EuroSys 2019,2019,doi:10.1145/3302424.3303966,"§4.2, Thm 3 (§4.3)",TL2 型の global version clock、object ごとの version、tame と同じ rank・relaxed lock・predecessor 追跡。read set・write set は実行から得る (事前宣言は不要),delay-on-conflict,OCC の validation を rank 順に pipeline し、write lock の保持を短くして競合待ちを縮める,wild transaction は lock なしで楽観的に読み (TL2 の version 検査)、commit で write set の lock だけを rank 順に取り、predecessor の commit を待ってから read set の version を検査 (certification) し、global version を増して書く。,read 段は version と lock/relaxed/pending write の検査で abort。commit 段で write set を rank 順に lock、predecessor 待ち、read set 検証、global version を fetch-add、書き込みと relax。,STO の TL2 / OCC,Tame-RP と併用で strict serializable・deadlock-free、opacity は Step 2 の version 検査 (Thm 3、§4.3)。証明は [21] §A,False,単独の評価は無い。§5.2 が、Wild-RP の lock を relax しても certification 失敗で cascading abort が起きる問題を述べ、DRP の intention で解く。数値は drp-core を参照,本文の説明では、eager に読む wild transaction は高競合で abort・再試行を繰り返す (§7.2)。評価は DRP 全体のみで Wild-RP 単独の数値は無い,なし,なし,,,absent-silo-feasible,Silo の commit と同じく write set の lock を順に取って read set を検証するが、lock を早く relax し後続に predecessor の commit を待たせる点が新しい。relaxed 状態と last holder の field (TID word は使い切るので別 field)、maxrank の共有表、predecessor 待ちが要る。事前宣言は要らない。,extend:write phase を開く + validation を開く + tuple メタデータ (relaxed 状態・last holder) を開く + 共有状態 (maxrank 表) を開く,conditional:relax 後に predecessor が abort すると後続が連鎖 abort する経路があり、abort した取引の値を読んだ取引は trace に現れないため、読んだ版 ID が commit 済み取引に対応するかの照合を足すことが要る。commit 順は predecessor 順に合わせることが要る,単独の評価は無い。§5.2 が certification 失敗による連鎖 abort の問題を述べ、drp-nullify-intentions で解く。,"Abstract, §1, §2, §3, §4 (4.1-4.3), §5 (5.1-5.2), §6 (6.1-6.3), §7 (7.1-7.3 と Fig.1-8), §8, §9"
drp-intentions,J-drp,Deferred execution via intentions (commit 後まで操作を遅延),optimization,Deferred Runtime Pipelining for contentious multicore software transactions,EuroSys 2019,2019,doi:10.1145/3302424.3303966,"§5.1, §6.2, §5.2 (Better temporal locality), Fig.7",object ごとの intention queue と defer_* interface (read/write を Intention として buffer)、intention 間のデータ依存の記録、intention の評価済み flag。実装しない object は eager (wild),delay-on-conflict,rank mismatch の回避と abort 減による競合時の待ち削減が主。commit 時に類似依存の intention をまとめて実行する cache 局所性も述べる (§5.2、数値なし),read/write を実行時には実行せず intention として貯め、commit の時点で lock を取り queue に足して relax する。read set が空なら transaction は自動的に tame になり、rank と制御・データ依存の食い違いが起きず、静的解析なしで任意の rank を付けられる。,実行段は thread-local buffer への追加のみで lock も観測もしない。commit 段は Tame-RP と同じ手順で queue へ append。評価は eager read (C++ 型変換) か依存充足で起き、transaction は自分の intention の評価完了まで待つ。,STO 上の自前実装 (Faleiro らの lazy transactions の deferral を rank mismatch 回避へ転用),strict serializability・opacity を主張 (§4.3 の定理と [21] §A)。intention 機構そのものへの独立の証明節は本文に無い (推測: 拡張版 report に含まれる),False,deferred 2PL 対 DRP: 4 thread 未満は同程度、中〜高競合で DRP が優位、極高競合で 3 倍超 (Fig.7、§7.2)。TPC-C 3/5 型を deferred 化するのに 500 行未満 (§7.2),transaction が eager に読むと wild となり abort する。wild が 10% で throughput 半減 (Fig.6)。stock-level・order-status は tame 化に全 DB lock か rank 調整が要るため wild のまま (§7.2),なし,なし,,,absent-silo-feasible,read/write を実行時に行わず intention として貯め commit 段で queue に足す機構で、Silo の read の経路 (TID word と値の写し) を intention の buffer に置き換える必要がある。YCSB の RMW は intention にしやすく、値を返す点読みは eager 読み (wild) になるか、評価後に返す形にするかを決める必要がある。,extend:read の経路を開く + write phase を開く + tuple メタデータ (intention queue) を開く,conditional:intention の評価で読む値に predecessor の commit TID を版 ID として付ける差し込み点が要る (今の差し込み点は実行時の read を前提にする),deferred 2PL 比 4 thread 未満で同程度、中〜高競合で DRP が優位、極高競合で 3 倍超 (Fig.7)。YCSB の rmw あり・rratio 低・zipf 高で intention 化の効く条件を作れる。,"Abstract, §1, §2, §3, §4 (4.1-4.3), §5 (5.1-5.2), §6 (6.1-6.3), §7 (7.1-7.3 と Fig.1-8), §8, §9"
drp-nullify-intentions,J-drp,Pipelined certification with nullifiable intentions (cascading abort の回避),optimization,Deferred Runtime Pipelining for contentious multicore software transactions,EuroSys 2019,2019,doi:10.1145/3302424.3303966,§5.2 (Pipelining without cascading aborts),wild transaction の write を intention 化できる object、intention が certification 結果を入力に持つ構造、object ごとの intention queue,delay-on-conflict,certification 失敗時に他 transaction を巻き込む abort を避けつつ lock を早く relax する,wild transaction が write set の lock を取り、intention を install して relax する処理を object ごとに pipeline する。intention は certification の結果を入力に持つため、失敗時は全て skip され、他 transaction の待機中 intention は影響を受けない。,commit 段: write set を rank 順に lock、certification 結果を入力とする intention を queue へ、relax。certification は read set 検証 (Wild-RP Step 4)。失敗なら intention が skip される (abort 相当)。,DRP (Wild-RP の上に intention を載せる),opacity を保つと主張 (§5.2、§4.3)。個別の証明は本文に無い,False,単独 ablation は無い。eager read を含む wild 全般に効くと本文が述べる (§5.2)。数値なし,,なし,なし,,,absent-silo-feasible,wild 取引の書き込みを certification 結果を入力に持つ intention にして、失敗時は skip させ連鎖 abort を避ける機構で、drp-intentions と drp-wild-rp の上に載る。単版のまま入る。,extend:write phase を開く + validation を開く + tuple メタデータ (intention queue) を開く,conditional:skip された intention の値を後続が読まないことは trace に現れない (abort した取引は記録されない) ため、読んだ版 ID が commit 済み取引に対応するかの照合を足すことが要る,単独 ablation は無く数値も無い (§5.2 の記述のみ)。,"Abstract, §1, §2, §3, §4 (4.1-4.3), §5 (5.1-5.2), §6 (6.1-6.3), §7 (7.1-7.3 と Fig.1-8), §8, §9"
drp-rank-tuning,J-drp,Rank tuning (開発者指定の custom_rank),optimization,Deferred Runtime Pipelining for contentious multicore software transactions,EuroSys 2019,2019,doi:10.1145/3302424.3303966,§6.3 (Rank tuning),"rank を 64 bit の (custom_rank 16 bit, obj_rank 48 bit) の組で保持、object の set_rank()、既定の rank は仮想アドレス",none,intention の解決と pipelining の効率を上げる開発者向け調整で、3 分類のどれにも直接は当たらない。競合待ちに効く可能性はあるが本文に効果の数値は無い,object の rank を開発者が調整でき、比較は custom_rank を先に、同値なら obj_rank で行う。pipelining の順序を workload に合わせて改善する狙い。,rank の比較のみを変える。lock 取得順 (commit 段) に効く。TransItem は container の custom_rank を継承する。,DRP (STO 実装),rank が lock 順序の全順序であれば deadlock-freedom を保つ (推測: 本文に個別の議論なし),False,評価なし。評価で使った STAMP の 2 application は rank tuning を要しなかった (§7.3),評価なし。stock level・order status は rank 調整が要るとして tame 化されていない (§7.2),なし,なし,,,absent-silo-feasible,object の rank を開発者が調整し lock の取得順を変える機構。Silo では commit 時の write set の sort 順が rank に当たり、sort の比較を変えれば入る。DRP の pipelining が無い Silo では順序を変えても待ちの形が変わるだけで効き目は小さい見込み。,extend:write set の施錠順 (sort の比較) を開く,conditional:Silo の施錠順を変えるだけなら observable。DRP の上で使う場合は drp-core と同じ条件 (intention の版 ID と predecessor 順の commit 順の差し込み) が要る,評価なし。原典の STAMP の 2 application は rank tuning を要しなかった (§7.3)。,"Abstract, §1, §2, §3, §4 (4.1-4.3), §5 (5.1-5.2), §6 (6.1-6.3), §7 (7.1-7.3 と Fig.1-8), §8, §9"
oneshotgc-temporal-version-clustering,P-parent-abstract-only,OneShotGC: temporality-aware version storage (時間的に近い版を連続したメモリ block にまとめ、block ごと一度に解放する),optimization,One-shot Garbage Collection for In-memory OLTP through Temporality-aware Version Storage,SIGMOD 2023 (PACMMOD 1(1)),2023,DOI 10.1145/3588699,要旨のみ (本文未取得: ACM は bot 判定、EPFL Infoscience は人間確認頁、arXiv に同題なし — G 班の記録),多版 (MVCC) の版 chain。版を書いた時刻の近さで版を block へまとめる版の置き場 (要旨の範囲),version-lifetime,GC で版 chain を辿る費用を無くし、回収を block 単位にする (要旨),要旨によれば、既存の GC と chain 統合は到達不能な版を見つけるために長い版 chain を辿り、取引の critical path にランダムアクセスを持ち込む。OneShotGC は版の時間的な相関を使って版を連続したメモリ block にまとめ、block ごと一度に解放することで、GC 中の版の走査を無くす。,要旨の範囲では版の置き場 (version storage) の設計変更。どの段をどう変えるかの詳細は本文未読のため不明。,Proteus 上の MVCC (要旨),要旨に正しさの主張・証明の記述なし (本文未読),,要旨: YCSB と TPC-C で評価し、最新手法より取引の throughput が高いと述べる。倍率は表・図番号を添えられない (本文未読) ため書かない,,一部,なし,cc/cicada/transaction.cc:806 gc_versions (chain の尾を 1 か所切って尾全体を回収) ; cc/cicada/include/transaction.hh:185 REUSE_VERSION (回収した版を thread 別 pool へ再利用),尾を 1 回の pointer 切りで切り離す点と、回収版を再利用 pool に積む点はあるが、版は個別 heap 確保のまま (時間的に近い版の連続 block 化と block ごと一括解放は無い)。切り離した尾の各版を辿って pool へ積むので、到達不能版の走査自体は残る。(要旨のみのカードなので機構の細部は推測),absent-prereq-mismatch,時間的に近い版を連続 block にまとめて block ごと解放する版の置き場で、多版が前提。CCBench の Cicada は版を個別 heap 確保し尾を辿って pool へ積む。Silo は単版で版が無く、機構の対象 (版 chain・版の置き場) が存在しない。,n/a,conditional:多版の版 ID と直列化順の差し込み点を合わせれば、早すぎる回収で snapshot が別の版を読んだ場合は依存の食い違いとして見える。回収した版の再利用で値が化けた場合は read の値を記録しないため見えない,要旨のみで表・図番号を添えられない (YCSB と TPC-C で評価と要旨が述べる)。長寿命の読み tx と短い更新 tx の混在で効く機構で、CCBench の YCSB は全 tx が同じ max_ope・rratio のため混在を作れない。Silo は版を持たず段 A の候補にならない。,要旨のみ
