id,layer,genome,skew,rr,records,ops,long,ro,val,threads,gc,repetition,reason,normal,long_tx,total
WO1-01-default,O1,default,0.6,5,10000,10,none,0,4,12,10,1,early_wts,13,0,13
WO1-01-default,O1,default,0.6,5,10000,10,none,0,4,12,10,1,early_rts,772,0,772
WO1-01-default,O1,default,0.6,5,10000,10,none,0,4,12,10,1,precheck,189,0,189
WO1-01-default,O1,default,0.6,5,10000,10,none,0,4,12,10,1,latest,27,0,27
WO1-01-default,O1,default,0.6,5,10000,10,none,0,4,12,10,1,read_match,15912,0,15912
WO1-01-default,O1,default,0.6,5,10000,10,none,0,4,12,10,1,write_rts_deleted,3924,0,3924
WO1-01-default,O1,default,0.6,5,10000,10,none,0,4,12,10,1,node_set,0,0,0
WO1-01-default,O1,default,0.6,5,10000,10,none,0,4,12,10,1,scan_node_set,0,0,0
WO1-01-default,O1,default,0.6,5,10000,10,none,0,4,12,10,1,other,0,0,0
WO1-01-default,O1,default,0.6,5,10000,10,none,0,4,12,10,2,early_wts,12,0,12
WO1-01-default,O1,default,0.6,5,10000,10,none,0,4,12,10,2,early_rts,761,0,761
WO1-01-default,O1,default,0.6,5,10000,10,none,0,4,12,10,2,precheck,207,0,207
WO1-01-default,O1,default,0.6,5,10000,10,none,0,4,12,10,2,latest,26,0,26
WO1-01-default,O1,default,0.6,5,10000,10,none,0,4,12,10,2,read_match,16169,0,16169
WO1-01-default,O1,default,0.6,5,10000,10,none,0,4,12,10,2,write_rts_deleted,3712,0,3712
WO1-01-default,O1,default,0.6,5,10000,10,none,0,4,12,10,2,node_set,0,0,0
WO1-01-default,O1,default,0.6,5,10000,10,none,0,4,12,10,2,scan_node_set,0,0,0
WO1-01-default,O1,default,0.6,5,10000,10,none,0,4,12,10,2,other,0,0,0
WO1-01-tuned,O1,tuned,0.6,5,10000,10,none,0,4,12,10,1,early_wts,43,0,43
WO1-01-tuned,O1,tuned,0.6,5,10000,10,none,0,4,12,10,1,early_rts,2508,0,2508
WO1-01-tuned,O1,tuned,0.6,5,10000,10,none,0,4,12,10,1,precheck,940,0,940
WO1-01-tuned,O1,tuned,0.6,5,10000,10,none,0,4,12,10,1,latest,53,0,53
WO1-01-tuned,O1,tuned,0.6,5,10000,10,none,0,4,12,10,1,read_match,31982,0,31982
WO1-01-tuned,O1,tuned,0.6,5,10000,10,none,0,4,12,10,1,write_rts_deleted,9075,0,9075
WO1-01-tuned,O1,tuned,0.6,5,10000,10,none,0,4,12,10,1,node_set,0,0,0
WO1-01-tuned,O1,tuned,0.6,5,10000,10,none,0,4,12,10,1,scan_node_set,0,0,0
WO1-01-tuned,O1,tuned,0.6,5,10000,10,none,0,4,12,10,1,other,0,0,0
WO1-01-tuned,O1,tuned,0.6,5,10000,10,none,0,4,12,10,2,early_wts,42,0,42
WO1-01-tuned,O1,tuned,0.6,5,10000,10,none,0,4,12,10,2,early_rts,2602,0,2602
WO1-01-tuned,O1,tuned,0.6,5,10000,10,none,0,4,12,10,2,precheck,912,0,912
WO1-01-tuned,O1,tuned,0.6,5,10000,10,none,0,4,12,10,2,latest,44,0,44
WO1-01-tuned,O1,tuned,0.6,5,10000,10,none,0,4,12,10,2,read_match,32360,0,32360
WO1-01-tuned,O1,tuned,0.6,5,10000,10,none,0,4,12,10,2,write_rts_deleted,9512,0,9512
WO1-01-tuned,O1,tuned,0.6,5,10000,10,none,0,4,12,10,2,node_set,0,0,0
WO1-01-tuned,O1,tuned,0.6,5,10000,10,none,0,4,12,10,2,scan_node_set,0,0,0
WO1-01-tuned,O1,tuned,0.6,5,10000,10,none,0,4,12,10,2,other,0,0,0
WO1-02-default,O1,default,0.6,5,100000,10,none,50,1000,24,100000,1,early_wts,5,0,5
WO1-02-default,O1,default,0.6,5,100000,10,none,50,1000,24,100000,1,early_rts,377,0,377
WO1-02-default,O1,default,0.6,5,100000,10,none,50,1000,24,100000,1,precheck,75,0,75
WO1-02-default,O1,default,0.6,5,100000,10,none,50,1000,24,100000,1,latest,6,0,6
WO1-02-default,O1,default,0.6,5,100000,10,none,50,1000,24,100000,1,read_match,2509,0,2509
WO1-02-default,O1,default,0.6,5,100000,10,none,50,1000,24,100000,1,write_rts_deleted,1250,0,1250
WO1-02-default,O1,default,0.6,5,100000,10,none,50,1000,24,100000,1,node_set,0,0,0
WO1-02-default,O1,default,0.6,5,100000,10,none,50,1000,24,100000,1,scan_node_set,0,0,0
WO1-02-default,O1,default,0.6,5,100000,10,none,50,1000,24,100000,1,other,0,0,0
WO1-02-default,O1,default,0.6,5,100000,10,none,50,1000,24,100000,2,early_wts,3,0,3
WO1-02-default,O1,default,0.6,5,100000,10,none,50,1000,24,100000,2,early_rts,429,0,429
WO1-02-default,O1,default,0.6,5,100000,10,none,50,1000,24,100000,2,precheck,58,0,58
WO1-02-default,O1,default,0.6,5,100000,10,none,50,1000,24,100000,2,latest,8,0,8
WO1-02-default,O1,default,0.6,5,100000,10,none,50,1000,24,100000,2,read_match,2563,0,2563
WO1-02-default,O1,default,0.6,5,100000,10,none,50,1000,24,100000,2,write_rts_deleted,1284,0,1284
WO1-02-default,O1,default,0.6,5,100000,10,none,50,1000,24,100000,2,node_set,0,0,0
WO1-02-default,O1,default,0.6,5,100000,10,none,50,1000,24,100000,2,scan_node_set,0,0,0
WO1-02-default,O1,default,0.6,5,100000,10,none,50,1000,24,100000,2,other,0,0,0
WO1-02-tuned,O1,tuned,0.6,5,100000,10,none,50,1000,24,100000,1,early_wts,2,0,2
WO1-02-tuned,O1,tuned,0.6,5,100000,10,none,50,1000,24,100000,1,early_rts,401,0,401
WO1-02-tuned,O1,tuned,0.6,5,100000,10,none,50,1000,24,100000,1,precheck,82,0,82
WO1-02-tuned,O1,tuned,0.6,5,100000,10,none,50,1000,24,100000,1,latest,5,0,5
WO1-02-tuned,O1,tuned,0.6,5,100000,10,none,50,1000,24,100000,1,read_match,2800,0,2800
WO1-02-tuned,O1,tuned,0.6,5,100000,10,none,50,1000,24,100000,1,write_rts_deleted,1318,0,1318
WO1-02-tuned,O1,tuned,0.6,5,100000,10,none,50,1000,24,100000,1,node_set,0,0,0
WO1-02-tuned,O1,tuned,0.6,5,100000,10,none,50,1000,24,100000,1,scan_node_set,0,0,0
WO1-02-tuned,O1,tuned,0.6,5,100000,10,none,50,1000,24,100000,1,other,0,0,0
WO1-02-tuned,O1,tuned,0.6,5,100000,10,none,50,1000,24,100000,2,early_wts,3,0,3
WO1-02-tuned,O1,tuned,0.6,5,100000,10,none,50,1000,24,100000,2,early_rts,409,0,409
WO1-02-tuned,O1,tuned,0.6,5,100000,10,none,50,1000,24,100000,2,precheck,89,0,89
WO1-02-tuned,O1,tuned,0.6,5,100000,10,none,50,1000,24,100000,2,latest,3,0,3
WO1-02-tuned,O1,tuned,0.6,5,100000,10,none,50,1000,24,100000,2,read_match,2859,0,2859
WO1-02-tuned,O1,tuned,0.6,5,100000,10,none,50,1000,24,100000,2,write_rts_deleted,1367,0,1367
WO1-02-tuned,O1,tuned,0.6,5,100000,10,none,50,1000,24,100000,2,node_set,0,0,0
WO1-02-tuned,O1,tuned,0.6,5,100000,10,none,50,1000,24,100000,2,scan_node_set,0,0,0
WO1-02-tuned,O1,tuned,0.6,5,100000,10,none,50,1000,24,100000,2,other,0,0,0
WO1-03-default,O1,default,0.6,5,1000000,10,none,95,100,48,1000,1,early_wts,1,0,1
WO1-03-default,O1,default,0.6,5,1000000,10,none,95,100,48,1000,1,early_rts,45,0,45
WO1-03-default,O1,default,0.6,5,1000000,10,none,95,100,48,1000,1,precheck,5,0,5
WO1-03-default,O1,default,0.6,5,1000000,10,none,95,100,48,1000,1,latest,0,0,0
WO1-03-default,O1,default,0.6,5,1000000,10,none,95,100,48,1000,1,read_match,98,0,98
WO1-03-default,O1,default,0.6,5,1000000,10,none,95,100,48,1000,1,write_rts_deleted,90,0,90
WO1-03-default,O1,default,0.6,5,1000000,10,none,95,100,48,1000,1,node_set,0,0,0
WO1-03-default,O1,default,0.6,5,1000000,10,none,95,100,48,1000,1,scan_node_set,0,0,0
WO1-03-default,O1,default,0.6,5,1000000,10,none,95,100,48,1000,1,other,0,0,0
WO1-03-default,O1,default,0.6,5,1000000,10,none,95,100,48,1000,2,early_wts,0,0,0
WO1-03-default,O1,default,0.6,5,1000000,10,none,95,100,48,1000,2,early_rts,53,0,53
WO1-03-default,O1,default,0.6,5,1000000,10,none,95,100,48,1000,2,precheck,2,0,2
WO1-03-default,O1,default,0.6,5,1000000,10,none,95,100,48,1000,2,latest,0,0,0
WO1-03-default,O1,default,0.6,5,1000000,10,none,95,100,48,1000,2,read_match,129,0,129
WO1-03-default,O1,default,0.6,5,1000000,10,none,95,100,48,1000,2,write_rts_deleted,77,0,77
WO1-03-default,O1,default,0.6,5,1000000,10,none,95,100,48,1000,2,node_set,0,0,0
WO1-03-default,O1,default,0.6,5,1000000,10,none,95,100,48,1000,2,scan_node_set,0,0,0
WO1-03-default,O1,default,0.6,5,1000000,10,none,95,100,48,1000,2,other,0,0,0
WO1-03-tuned,O1,tuned,0.6,5,1000000,10,none,95,100,48,1000,1,early_wts,0,0,0
WO1-03-tuned,O1,tuned,0.6,5,1000000,10,none,95,100,48,1000,1,early_rts,77,0,77
WO1-03-tuned,O1,tuned,0.6,5,1000000,10,none,95,100,48,1000,1,precheck,5,0,5
WO1-03-tuned,O1,tuned,0.6,5,1000000,10,none,95,100,48,1000,1,latest,0,0,0
WO1-03-tuned,O1,tuned,0.6,5,1000000,10,none,95,100,48,1000,1,read_match,159,0,159
WO1-03-tuned,O1,tuned,0.6,5,1000000,10,none,95,100,48,1000,1,write_rts_deleted,135,0,135
WO1-03-tuned,O1,tuned,0.6,5,1000000,10,none,95,100,48,1000,1,node_set,0,0,0
WO1-03-tuned,O1,tuned,0.6,5,1000000,10,none,95,100,48,1000,1,scan_node_set,0,0,0
WO1-03-tuned,O1,tuned,0.6,5,1000000,10,none,95,100,48,1000,1,other,0,0,0
WO1-03-tuned,O1,tuned,0.6,5,1000000,10,none,95,100,48,1000,2,early_wts,0,0,0
WO1-03-tuned,O1,tuned,0.6,5,1000000,10,none,95,100,48,1000,2,early_rts,82,0,82
WO1-03-tuned,O1,tuned,0.6,5,1000000,10,none,95,100,48,1000,2,precheck,1,0,1
WO1-03-tuned,O1,tuned,0.6,5,1000000,10,none,95,100,48,1000,2,latest,0,0,0
WO1-03-tuned,O1,tuned,0.6,5,1000000,10,none,95,100,48,1000,2,read_match,165,0,165
WO1-03-tuned,O1,tuned,0.6,5,1000000,10,none,95,100,48,1000,2,write_rts_deleted,132,0,132
WO1-03-tuned,O1,tuned,0.6,5,1000000,10,none,95,100,48,1000,2,node_set,0,0,0
WO1-03-tuned,O1,tuned,0.6,5,1000000,10,none,95,100,48,1000,2,scan_node_set,0,0,0
WO1-03-tuned,O1,tuned,0.6,5,1000000,10,none,95,100,48,1000,2,other,0,0,0
WO1-04-best100,O1,best100,0.6,50,10000,100,batchR,0,4,24,1000,1,early_wts,49269,0,49269
WO1-04-best100,O1,best100,0.6,50,10000,100,batchR,0,4,24,1000,1,early_rts,95237,0,95237
WO1-04-best100,O1,best100,0.6,50,10000,100,batchR,0,4,24,1000,1,precheck,321382,0,321382
WO1-04-best100,O1,best100,0.6,50,10000,100,batchR,0,4,24,1000,1,latest,2271,0,2271
WO1-04-best100,O1,best100,0.6,50,10000,100,batchR,0,4,24,1000,1,read_match,193970,0,193970
WO1-04-best100,O1,best100,0.6,50,10000,100,batchR,0,4,24,1000,1,write_rts_deleted,19611,0,19611
WO1-04-best100,O1,best100,0.6,50,10000,100,batchR,0,4,24,1000,1,node_set,0,0,0
WO1-04-best100,O1,best100,0.6,50,10000,100,batchR,0,4,24,1000,1,scan_node_set,0,0,0
WO1-04-best100,O1,best100,0.6,50,10000,100,batchR,0,4,24,1000,1,other,0,0,0
WO1-04-best100,O1,best100,0.6,50,10000,100,batchR,0,4,24,1000,2,early_wts,49501,0,49501
WO1-04-best100,O1,best100,0.6,50,10000,100,batchR,0,4,24,1000,2,early_rts,94017,0,94017
WO1-04-best100,O1,best100,0.6,50,10000,100,batchR,0,4,24,1000,2,precheck,322439,0,322439
WO1-04-best100,O1,best100,0.6,50,10000,100,batchR,0,4,24,1000,2,latest,2379,0,2379
WO1-04-best100,O1,best100,0.6,50,10000,100,batchR,0,4,24,1000,2,read_match,195589,0,195589
WO1-04-best100,O1,best100,0.6,50,10000,100,batchR,0,4,24,1000,2,write_rts_deleted,19268,0,19268
WO1-04-best100,O1,best100,0.6,50,10000,100,batchR,0,4,24,1000,2,node_set,0,0,0
WO1-04-best100,O1,best100,0.6,50,10000,100,batchR,0,4,24,1000,2,scan_node_set,0,0,0
WO1-04-best100,O1,best100,0.6,50,10000,100,batchR,0,4,24,1000,2,other,0,0,0
WO1-04-default,O1,default,0.6,50,10000,100,batchR,0,4,24,1000,1,early_wts,5724,0,5724
WO1-04-default,O1,default,0.6,50,10000,100,batchR,0,4,24,1000,1,early_rts,12772,0,12772
WO1-04-default,O1,default,0.6,50,10000,100,batchR,0,4,24,1000,1,precheck,70654,0,70654
WO1-04-default,O1,default,0.6,50,10000,100,batchR,0,4,24,1000,1,latest,505,0,505
WO1-04-default,O1,default,0.6,50,10000,100,batchR,0,4,24,1000,1,read_match,80492,0,80492
WO1-04-default,O1,default,0.6,50,10000,100,batchR,0,4,24,1000,1,write_rts_deleted,6885,0,6885
WO1-04-default,O1,default,0.6,50,10000,100,batchR,0,4,24,1000,1,node_set,0,0,0
WO1-04-default,O1,default,0.6,50,10000,100,batchR,0,4,24,1000,1,scan_node_set,0,0,0
WO1-04-default,O1,default,0.6,50,10000,100,batchR,0,4,24,1000,1,other,0,0,0
WO1-04-default,O1,default,0.6,50,10000,100,batchR,0,4,24,1000,2,early_wts,6176,0,6176
WO1-04-default,O1,default,0.6,50,10000,100,batchR,0,4,24,1000,2,early_rts,13819,0,13819
WO1-04-default,O1,default,0.6,50,10000,100,batchR,0,4,24,1000,2,precheck,71640,0,71640
WO1-04-default,O1,default,0.6,50,10000,100,batchR,0,4,24,1000,2,latest,530,0,530
WO1-04-default,O1,default,0.6,50,10000,100,batchR,0,4,24,1000,2,read_match,79006,0,79006
WO1-04-default,O1,default,0.6,50,10000,100,batchR,0,4,24,1000,2,write_rts_deleted,6817,0,6817
WO1-04-default,O1,default,0.6,50,10000,100,batchR,0,4,24,1000,2,node_set,0,0,0
WO1-04-default,O1,default,0.6,50,10000,100,batchR,0,4,24,1000,2,scan_node_set,0,0,0
WO1-04-default,O1,default,0.6,50,10000,100,batchR,0,4,24,1000,2,other,0,0,0
WO1-05-best100,O1,best100,0.6,50,100000,100,batchR,50,1000,48,10,1,early_wts,1825,0,1825
WO1-05-best100,O1,best100,0.6,50,100000,100,batchR,50,1000,48,10,1,early_rts,38470,0,38470
WO1-05-best100,O1,best100,0.6,50,100000,100,batchR,50,1000,48,10,1,precheck,30743,0,30743
WO1-05-best100,O1,best100,0.6,50,100000,100,batchR,50,1000,48,10,1,latest,9,0,9
WO1-05-best100,O1,best100,0.6,50,100000,100,batchR,50,1000,48,10,1,read_match,8424,0,8424
WO1-05-best100,O1,best100,0.6,50,100000,100,batchR,50,1000,48,10,1,write_rts_deleted,1112,0,1112
WO1-05-best100,O1,best100,0.6,50,100000,100,batchR,50,1000,48,10,1,node_set,0,0,0
WO1-05-best100,O1,best100,0.6,50,100000,100,batchR,50,1000,48,10,1,scan_node_set,0,0,0
WO1-05-best100,O1,best100,0.6,50,100000,100,batchR,50,1000,48,10,1,other,0,0,0
WO1-05-best100,O1,best100,0.6,50,100000,100,batchR,50,1000,48,10,2,early_wts,1831,0,1831
WO1-05-best100,O1,best100,0.6,50,100000,100,batchR,50,1000,48,10,2,early_rts,38971,0,38971
WO1-05-best100,O1,best100,0.6,50,100000,100,batchR,50,1000,48,10,2,precheck,30883,0,30883
WO1-05-best100,O1,best100,0.6,50,100000,100,batchR,50,1000,48,10,2,latest,2,0,2
WO1-05-best100,O1,best100,0.6,50,100000,100,batchR,50,1000,48,10,2,read_match,8267,0,8267
WO1-05-best100,O1,best100,0.6,50,100000,100,batchR,50,1000,48,10,2,write_rts_deleted,1179,0,1179
WO1-05-best100,O1,best100,0.6,50,100000,100,batchR,50,1000,48,10,2,node_set,0,0,0
WO1-05-best100,O1,best100,0.6,50,100000,100,batchR,50,1000,48,10,2,scan_node_set,0,0,0
WO1-05-best100,O1,best100,0.6,50,100000,100,batchR,50,1000,48,10,2,other,0,0,0
WO1-05-default,O1,default,0.6,50,100000,100,batchR,50,1000,48,10,1,early_wts,1069,0,1069
WO1-05-default,O1,default,0.6,50,100000,100,batchR,50,1000,48,10,1,early_rts,15624,0,15624
WO1-05-default,O1,default,0.6,50,100000,100,batchR,50,1000,48,10,1,precheck,20607,0,20607
WO1-05-default,O1,default,0.6,50,100000,100,batchR,50,1000,48,10,1,latest,20,0,20
WO1-05-default,O1,default,0.6,50,100000,100,batchR,50,1000,48,10,1,read_match,16000,0,16000
WO1-05-default,O1,default,0.6,50,100000,100,batchR,50,1000,48,10,1,write_rts_deleted,1378,0,1378
WO1-05-default,O1,default,0.6,50,100000,100,batchR,50,1000,48,10,1,node_set,0,0,0
WO1-05-default,O1,default,0.6,50,100000,100,batchR,50,1000,48,10,1,scan_node_set,0,0,0
WO1-05-default,O1,default,0.6,50,100000,100,batchR,50,1000,48,10,1,other,0,0,0
WO1-05-default,O1,default,0.6,50,100000,100,batchR,50,1000,48,10,2,early_wts,1080,0,1080
WO1-05-default,O1,default,0.6,50,100000,100,batchR,50,1000,48,10,2,early_rts,15304,0,15304
WO1-05-default,O1,default,0.6,50,100000,100,batchR,50,1000,48,10,2,precheck,21149,0,21149
WO1-05-default,O1,default,0.6,50,100000,100,batchR,50,1000,48,10,2,latest,23,0,23
WO1-05-default,O1,default,0.6,50,100000,100,batchR,50,1000,48,10,2,read_match,16525,0,16525
WO1-05-default,O1,default,0.6,50,100000,100,batchR,50,1000,48,10,2,write_rts_deleted,1407,0,1407
WO1-05-default,O1,default,0.6,50,100000,100,batchR,50,1000,48,10,2,node_set,0,0,0
WO1-05-default,O1,default,0.6,50,100000,100,batchR,50,1000,48,10,2,scan_node_set,0,0,0
WO1-05-default,O1,default,0.6,50,100000,100,batchR,50,1000,48,10,2,other,0,0,0
WO1-06-best100,O1,best100,0.6,50,1000000,100,batchR,95,100,12,100000,1,early_wts,0,0,0
WO1-06-best100,O1,best100,0.6,50,1000000,100,batchR,95,100,12,100000,1,early_rts,1,0,1
WO1-06-best100,O1,best100,0.6,50,1000000,100,batchR,95,100,12,100000,1,precheck,2,0,2
WO1-06-best100,O1,best100,0.6,50,1000000,100,batchR,95,100,12,100000,1,latest,0,0,0
WO1-06-best100,O1,best100,0.6,50,1000000,100,batchR,95,100,12,100000,1,read_match,160,0,160
WO1-06-best100,O1,best100,0.6,50,1000000,100,batchR,95,100,12,100000,1,write_rts_deleted,10,0,10
WO1-06-best100,O1,best100,0.6,50,1000000,100,batchR,95,100,12,100000,1,node_set,0,0,0
WO1-06-best100,O1,best100,0.6,50,1000000,100,batchR,95,100,12,100000,1,scan_node_set,0,0,0
WO1-06-best100,O1,best100,0.6,50,1000000,100,batchR,95,100,12,100000,1,other,0,0,0
WO1-06-best100,O1,best100,0.6,50,1000000,100,batchR,95,100,12,100000,2,early_wts,0,0,0
WO1-06-best100,O1,best100,0.6,50,1000000,100,batchR,95,100,12,100000,2,early_rts,1,0,1
WO1-06-best100,O1,best100,0.6,50,1000000,100,batchR,95,100,12,100000,2,precheck,1,0,1
WO1-06-best100,O1,best100,0.6,50,1000000,100,batchR,95,100,12,100000,2,latest,0,0,0
WO1-06-best100,O1,best100,0.6,50,1000000,100,batchR,95,100,12,100000,2,read_match,133,0,133
WO1-06-best100,O1,best100,0.6,50,1000000,100,batchR,95,100,12,100000,2,write_rts_deleted,11,0,11
WO1-06-best100,O1,best100,0.6,50,1000000,100,batchR,95,100,12,100000,2,node_set,0,0,0
WO1-06-best100,O1,best100,0.6,50,1000000,100,batchR,95,100,12,100000,2,scan_node_set,0,0,0
WO1-06-best100,O1,best100,0.6,50,1000000,100,batchR,95,100,12,100000,2,other,0,0,0
WO1-06-default,O1,default,0.6,50,1000000,100,batchR,95,100,12,100000,1,early_wts,0,0,0
WO1-06-default,O1,default,0.6,50,1000000,100,batchR,95,100,12,100000,1,early_rts,0,0,0
WO1-06-default,O1,default,0.6,50,1000000,100,batchR,95,100,12,100000,1,precheck,2,0,2
WO1-06-default,O1,default,0.6,50,1000000,100,batchR,95,100,12,100000,1,latest,0,0,0
WO1-06-default,O1,default,0.6,50,1000000,100,batchR,95,100,12,100000,1,read_match,152,0,152
WO1-06-default,O1,default,0.6,50,1000000,100,batchR,95,100,12,100000,1,write_rts_deleted,10,0,10
WO1-06-default,O1,default,0.6,50,1000000,100,batchR,95,100,12,100000,1,node_set,0,0,0
WO1-06-default,O1,default,0.6,50,1000000,100,batchR,95,100,12,100000,1,scan_node_set,0,0,0
WO1-06-default,O1,default,0.6,50,1000000,100,batchR,95,100,12,100000,1,other,0,0,0
WO1-06-default,O1,default,0.6,50,1000000,100,batchR,95,100,12,100000,2,early_wts,0,0,0
WO1-06-default,O1,default,0.6,50,1000000,100,batchR,95,100,12,100000,2,early_rts,0,0,0
WO1-06-default,O1,default,0.6,50,1000000,100,batchR,95,100,12,100000,2,precheck,0,0,0
WO1-06-default,O1,default,0.6,50,1000000,100,batchR,95,100,12,100000,2,latest,0,0,0
WO1-06-default,O1,default,0.6,50,1000000,100,batchR,95,100,12,100000,2,read_match,148,0,148
WO1-06-default,O1,default,0.6,50,1000000,100,batchR,95,100,12,100000,2,write_rts_deleted,6,0,6
WO1-06-default,O1,default,0.6,50,1000000,100,batchR,95,100,12,100000,2,node_set,0,0,0
WO1-06-default,O1,default,0.6,50,1000000,100,batchR,95,100,12,100000,2,scan_node_set,0,0,0
WO1-06-default,O1,default,0.6,50,1000000,100,batchR,95,100,12,100000,2,other,0,0,0
WO1-07-best100,O1,best100,0.6,95,10000,1000,batchU,0,4,48,100000,1,early_wts,2618,63,2681
WO1-07-best100,O1,best100,0.6,95,10000,1000,batchU,0,4,48,100000,1,early_rts,2214,45,2259
WO1-07-best100,O1,best100,0.6,95,10000,1000,batchU,0,4,48,100000,1,precheck,44366,1011,45377
WO1-07-best100,O1,best100,0.6,95,10000,1000,batchU,0,4,48,100000,1,latest,509,8,517
WO1-07-best100,O1,best100,0.6,95,10000,1000,batchU,0,4,48,100000,1,read_match,15685,239,15924
WO1-07-best100,O1,best100,0.6,95,10000,1000,batchU,0,4,48,100000,1,write_rts_deleted,4867,112,4979
WO1-07-best100,O1,best100,0.6,95,10000,1000,batchU,0,4,48,100000,1,node_set,0,0,0
WO1-07-best100,O1,best100,0.6,95,10000,1000,batchU,0,4,48,100000,1,scan_node_set,0,0,0
WO1-07-best100,O1,best100,0.6,95,10000,1000,batchU,0,4,48,100000,1,other,0,0,0
WO1-07-best100,O1,best100,0.6,95,10000,1000,batchU,0,4,48,100000,2,early_wts,3822,76,3898
WO1-07-best100,O1,best100,0.6,95,10000,1000,batchU,0,4,48,100000,2,early_rts,2712,76,2788
WO1-07-best100,O1,best100,0.6,95,10000,1000,batchU,0,4,48,100000,2,precheck,42939,891,43830
WO1-07-best100,O1,best100,0.6,95,10000,1000,batchU,0,4,48,100000,2,latest,469,12,481
WO1-07-best100,O1,best100,0.6,95,10000,1000,batchU,0,4,48,100000,2,read_match,14897,290,15187
WO1-07-best100,O1,best100,0.6,95,10000,1000,batchU,0,4,48,100000,2,write_rts_deleted,4703,122,4825
WO1-07-best100,O1,best100,0.6,95,10000,1000,batchU,0,4,48,100000,2,node_set,0,0,0
WO1-07-best100,O1,best100,0.6,95,10000,1000,batchU,0,4,48,100000,2,scan_node_set,0,0,0
WO1-07-best100,O1,best100,0.6,95,10000,1000,batchU,0,4,48,100000,2,other,0,0,0
WO1-07-default,O1,default,0.6,95,10000,1000,batchU,0,4,48,100000,1,early_wts,1929,39,1968
WO1-07-default,O1,default,0.6,95,10000,1000,batchU,0,4,48,100000,1,early_rts,1637,58,1695
WO1-07-default,O1,default,0.6,95,10000,1000,batchU,0,4,48,100000,1,precheck,42565,783,43348
WO1-07-default,O1,default,0.6,95,10000,1000,batchU,0,4,48,100000,1,latest,746,7,753
WO1-07-default,O1,default,0.6,95,10000,1000,batchU,0,4,48,100000,1,read_match,11789,364,12153
WO1-07-default,O1,default,0.6,95,10000,1000,batchU,0,4,48,100000,1,write_rts_deleted,6846,149,6995
WO1-07-default,O1,default,0.6,95,10000,1000,batchU,0,4,48,100000,1,node_set,0,0,0
WO1-07-default,O1,default,0.6,95,10000,1000,batchU,0,4,48,100000,1,scan_node_set,0,0,0
WO1-07-default,O1,default,0.6,95,10000,1000,batchU,0,4,48,100000,1,other,0,0,0
WO1-07-default,O1,default,0.6,95,10000,1000,batchU,0,4,48,100000,2,early_wts,2312,41,2353
WO1-07-default,O1,default,0.6,95,10000,1000,batchU,0,4,48,100000,2,early_rts,1424,20,1444
WO1-07-default,O1,default,0.6,95,10000,1000,batchU,0,4,48,100000,2,precheck,40478,853,41331
WO1-07-default,O1,default,0.6,95,10000,1000,batchU,0,4,48,100000,2,latest,694,16,710
WO1-07-default,O1,default,0.6,95,10000,1000,batchU,0,4,48,100000,2,read_match,12848,318,13166
WO1-07-default,O1,default,0.6,95,10000,1000,batchU,0,4,48,100000,2,write_rts_deleted,6750,120,6870
WO1-07-default,O1,default,0.6,95,10000,1000,batchU,0,4,48,100000,2,node_set,0,0,0
WO1-07-default,O1,default,0.6,95,10000,1000,batchU,0,4,48,100000,2,scan_node_set,0,0,0
WO1-07-default,O1,default,0.6,95,10000,1000,batchU,0,4,48,100000,2,other,0,0,0
WO1-08-best100,O1,best100,0.6,95,100000,1000,batchU,50,1000,12,1000,1,early_wts,7,0,7
WO1-08-best100,O1,best100,0.6,95,100000,1000,batchU,50,1000,12,1000,1,early_rts,92,10,102
WO1-08-best100,O1,best100,0.6,95,100000,1000,batchU,50,1000,12,1000,1,precheck,2635,357,2992
WO1-08-best100,O1,best100,0.6,95,100000,1000,batchU,50,1000,12,1000,1,latest,8,1,9
WO1-08-best100,O1,best100,0.6,95,100000,1000,batchU,50,1000,12,1000,1,read_match,11224,1035,12259
WO1-08-best100,O1,best100,0.6,95,100000,1000,batchU,50,1000,12,1000,1,write_rts_deleted,408,45,453
WO1-08-best100,O1,best100,0.6,95,100000,1000,batchU,50,1000,12,1000,1,node_set,0,0,0
WO1-08-best100,O1,best100,0.6,95,100000,1000,batchU,50,1000,12,1000,1,scan_node_set,0,0,0
WO1-08-best100,O1,best100,0.6,95,100000,1000,batchU,50,1000,12,1000,1,other,0,0,0
WO1-08-best100,O1,best100,0.6,95,100000,1000,batchU,50,1000,12,1000,2,early_wts,4,0,4
WO1-08-best100,O1,best100,0.6,95,100000,1000,batchU,50,1000,12,1000,2,early_rts,88,19,107
WO1-08-best100,O1,best100,0.6,95,100000,1000,batchU,50,1000,12,1000,2,precheck,2792,376,3168
WO1-08-best100,O1,best100,0.6,95,100000,1000,batchU,50,1000,12,1000,2,latest,12,1,13
WO1-08-best100,O1,best100,0.6,95,100000,1000,batchU,50,1000,12,1000,2,read_match,11147,969,12116
WO1-08-best100,O1,best100,0.6,95,100000,1000,batchU,50,1000,12,1000,2,write_rts_deleted,459,64,523
WO1-08-best100,O1,best100,0.6,95,100000,1000,batchU,50,1000,12,1000,2,node_set,0,0,0
WO1-08-best100,O1,best100,0.6,95,100000,1000,batchU,50,1000,12,1000,2,scan_node_set,0,0,0
WO1-08-best100,O1,best100,0.6,95,100000,1000,batchU,50,1000,12,1000,2,other,0,0,0
WO1-08-default,O1,default,0.6,95,100000,1000,batchU,50,1000,12,1000,1,early_wts,3,0,3
WO1-08-default,O1,default,0.6,95,100000,1000,batchU,50,1000,12,1000,1,early_rts,56,7,63
WO1-08-default,O1,default,0.6,95,100000,1000,batchU,50,1000,12,1000,1,precheck,1810,191,2001
WO1-08-default,O1,default,0.6,95,100000,1000,batchU,50,1000,12,1000,1,latest,23,2,25
WO1-08-default,O1,default,0.6,95,100000,1000,batchU,50,1000,12,1000,1,read_match,11466,1129,12595
WO1-08-default,O1,default,0.6,95,100000,1000,batchU,50,1000,12,1000,1,write_rts_deleted,325,54,379
WO1-08-default,O1,default,0.6,95,100000,1000,batchU,50,1000,12,1000,1,node_set,0,0,0
WO1-08-default,O1,default,0.6,95,100000,1000,batchU,50,1000,12,1000,1,scan_node_set,0,0,0
WO1-08-default,O1,default,0.6,95,100000,1000,batchU,50,1000,12,1000,1,other,0,0,0
WO1-08-default,O1,default,0.6,95,100000,1000,batchU,50,1000,12,1000,2,early_wts,3,0,3
WO1-08-default,O1,default,0.6,95,100000,1000,batchU,50,1000,12,1000,2,early_rts,57,6,63
WO1-08-default,O1,default,0.6,95,100000,1000,batchU,50,1000,12,1000,2,precheck,1616,239,1855
WO1-08-default,O1,default,0.6,95,100000,1000,batchU,50,1000,12,1000,2,latest,19,0,19
WO1-08-default,O1,default,0.6,95,100000,1000,batchU,50,1000,12,1000,2,read_match,11310,1017,12327
WO1-08-default,O1,default,0.6,95,100000,1000,batchU,50,1000,12,1000,2,write_rts_deleted,283,46,329
WO1-08-default,O1,default,0.6,95,100000,1000,batchU,50,1000,12,1000,2,node_set,0,0,0
WO1-08-default,O1,default,0.6,95,100000,1000,batchU,50,1000,12,1000,2,scan_node_set,0,0,0
WO1-08-default,O1,default,0.6,95,100000,1000,batchU,50,1000,12,1000,2,other,0,0,0
WO1-09-best100,O1,best100,0.6,95,1000000,1000,batchU,95,100,24,10,1,early_wts,0,0,0
WO1-09-best100,O1,best100,0.6,95,1000000,1000,batchU,95,100,24,10,1,early_rts,2,2,4
WO1-09-best100,O1,best100,0.6,95,1000000,1000,batchU,95,100,24,10,1,precheck,75,42,117
WO1-09-best100,O1,best100,0.6,95,1000000,1000,batchU,95,100,24,10,1,latest,0,0,0
WO1-09-best100,O1,best100,0.6,95,1000000,1000,batchU,95,100,24,10,1,read_match,1117,357,1474
WO1-09-best100,O1,best100,0.6,95,1000000,1000,batchU,95,100,24,10,1,write_rts_deleted,16,7,23
WO1-09-best100,O1,best100,0.6,95,1000000,1000,batchU,95,100,24,10,1,node_set,0,0,0
WO1-09-best100,O1,best100,0.6,95,1000000,1000,batchU,95,100,24,10,1,scan_node_set,0,0,0
WO1-09-best100,O1,best100,0.6,95,1000000,1000,batchU,95,100,24,10,1,other,0,0,0
WO1-09-best100,O1,best100,0.6,95,1000000,1000,batchU,95,100,24,10,2,early_wts,1,0,1
WO1-09-best100,O1,best100,0.6,95,1000000,1000,batchU,95,100,24,10,2,early_rts,4,0,4
WO1-09-best100,O1,best100,0.6,95,1000000,1000,batchU,95,100,24,10,2,precheck,99,56,155
WO1-09-best100,O1,best100,0.6,95,1000000,1000,batchU,95,100,24,10,2,latest,0,0,0
WO1-09-best100,O1,best100,0.6,95,1000000,1000,batchU,95,100,24,10,2,read_match,1198,404,1602
WO1-09-best100,O1,best100,0.6,95,1000000,1000,batchU,95,100,24,10,2,write_rts_deleted,20,9,29
WO1-09-best100,O1,best100,0.6,95,1000000,1000,batchU,95,100,24,10,2,node_set,0,0,0
WO1-09-best100,O1,best100,0.6,95,1000000,1000,batchU,95,100,24,10,2,scan_node_set,0,0,0
WO1-09-best100,O1,best100,0.6,95,1000000,1000,batchU,95,100,24,10,2,other,0,0,0
WO1-09-default,O1,default,0.6,95,1000000,1000,batchU,95,100,24,10,1,early_wts,0,0,0
WO1-09-default,O1,default,0.6,95,1000000,1000,batchU,95,100,24,10,1,early_rts,3,2,5
WO1-09-default,O1,default,0.6,95,1000000,1000,batchU,95,100,24,10,1,precheck,80,25,105
WO1-09-default,O1,default,0.6,95,1000000,1000,batchU,95,100,24,10,1,latest,0,0,0
WO1-09-default,O1,default,0.6,95,1000000,1000,batchU,95,100,24,10,1,read_match,1209,394,1603
WO1-09-default,O1,default,0.6,95,1000000,1000,batchU,95,100,24,10,1,write_rts_deleted,21,9,30
WO1-09-default,O1,default,0.6,95,1000000,1000,batchU,95,100,24,10,1,node_set,0,0,0
WO1-09-default,O1,default,0.6,95,1000000,1000,batchU,95,100,24,10,1,scan_node_set,0,0,0
WO1-09-default,O1,default,0.6,95,1000000,1000,batchU,95,100,24,10,1,other,0,0,0
WO1-09-default,O1,default,0.6,95,1000000,1000,batchU,95,100,24,10,2,early_wts,1,0,1
WO1-09-default,O1,default,0.6,95,1000000,1000,batchU,95,100,24,10,2,early_rts,3,3,6
WO1-09-default,O1,default,0.6,95,1000000,1000,batchU,95,100,24,10,2,precheck,85,32,117
WO1-09-default,O1,default,0.6,95,1000000,1000,batchU,95,100,24,10,2,latest,0,0,0
WO1-09-default,O1,default,0.6,95,1000000,1000,batchU,95,100,24,10,2,read_match,1182,386,1568
WO1-09-default,O1,default,0.6,95,1000000,1000,batchU,95,100,24,10,2,write_rts_deleted,15,4,19
WO1-09-default,O1,default,0.6,95,1000000,1000,batchU,95,100,24,10,2,node_set,0,0,0
WO1-09-default,O1,default,0.6,95,1000000,1000,batchU,95,100,24,10,2,scan_node_set,0,0,0
WO1-09-default,O1,default,0.6,95,1000000,1000,batchU,95,100,24,10,2,other,0,0,0
WO1-10-best100,O1,best100,0.9,5,10000,100,batchU,50,100,12,10,1,early_wts,1957,2767,4724
WO1-10-best100,O1,best100,0.9,5,10000,100,batchU,50,100,12,10,1,early_rts,2308,5798,8106
WO1-10-best100,O1,best100,0.9,5,10000,100,batchU,50,100,12,10,1,precheck,18676,251,18927
WO1-10-best100,O1,best100,0.9,5,10000,100,batchU,50,100,12,10,1,latest,1688,0,1688
WO1-10-best100,O1,best100,0.9,5,10000,100,batchU,50,100,12,10,1,read_match,43868,15,43883
WO1-10-best100,O1,best100,0.9,5,10000,100,batchU,50,100,12,10,1,write_rts_deleted,1904,0,1904
WO1-10-best100,O1,best100,0.9,5,10000,100,batchU,50,100,12,10,1,node_set,0,0,0
WO1-10-best100,O1,best100,0.9,5,10000,100,batchU,50,100,12,10,1,scan_node_set,0,0,0
WO1-10-best100,O1,best100,0.9,5,10000,100,batchU,50,100,12,10,1,other,0,0,0
WO1-10-best100,O1,best100,0.9,5,10000,100,batchU,50,100,12,10,2,early_wts,1836,4047,5883
WO1-10-best100,O1,best100,0.9,5,10000,100,batchU,50,100,12,10,2,early_rts,2177,5322,7499
WO1-10-best100,O1,best100,0.9,5,10000,100,batchU,50,100,12,10,2,precheck,17061,234,17295
WO1-10-best100,O1,best100,0.9,5,10000,100,batchU,50,100,12,10,2,latest,1409,1,1410
WO1-10-best100,O1,best100,0.9,5,10000,100,batchU,50,100,12,10,2,read_match,41048,16,41064
WO1-10-best100,O1,best100,0.9,5,10000,100,batchU,50,100,12,10,2,write_rts_deleted,1669,3,1672
WO1-10-best100,O1,best100,0.9,5,10000,100,batchU,50,100,12,10,2,node_set,0,0,0
WO1-10-best100,O1,best100,0.9,5,10000,100,batchU,50,100,12,10,2,scan_node_set,0,0,0
WO1-10-best100,O1,best100,0.9,5,10000,100,batchU,50,100,12,10,2,other,0,0,0
WO1-10-default,O1,default,0.9,5,10000,100,batchU,50,100,12,10,1,early_wts,2276,952,3228
WO1-10-default,O1,default,0.9,5,10000,100,batchU,50,100,12,10,1,early_rts,1571,2437,4008
WO1-10-default,O1,default,0.9,5,10000,100,batchU,50,100,12,10,1,precheck,15647,131,15778
WO1-10-default,O1,default,0.9,5,10000,100,batchU,50,100,12,10,1,latest,513,0,513
WO1-10-default,O1,default,0.9,5,10000,100,batchU,50,100,12,10,1,read_match,24441,0,24441
WO1-10-default,O1,default,0.9,5,10000,100,batchU,50,100,12,10,1,write_rts_deleted,732,0,732
WO1-10-default,O1,default,0.9,5,10000,100,batchU,50,100,12,10,1,node_set,0,0,0
WO1-10-default,O1,default,0.9,5,10000,100,batchU,50,100,12,10,1,scan_node_set,0,0,0
WO1-10-default,O1,default,0.9,5,10000,100,batchU,50,100,12,10,1,other,0,0,0
WO1-10-default,O1,default,0.9,5,10000,100,batchU,50,100,12,10,2,early_wts,2745,2929,5674
WO1-10-default,O1,default,0.9,5,10000,100,batchU,50,100,12,10,2,early_rts,1780,1554,3334
WO1-10-default,O1,default,0.9,5,10000,100,batchU,50,100,12,10,2,precheck,18222,1,18223
WO1-10-default,O1,default,0.9,5,10000,100,batchU,50,100,12,10,2,latest,535,0,535
WO1-10-default,O1,default,0.9,5,10000,100,batchU,50,100,12,10,2,read_match,25924,0,25924
WO1-10-default,O1,default,0.9,5,10000,100,batchU,50,100,12,10,2,write_rts_deleted,863,0,863
WO1-10-default,O1,default,0.9,5,10000,100,batchU,50,100,12,10,2,node_set,0,0,0
WO1-10-default,O1,default,0.9,5,10000,100,batchU,50,100,12,10,2,scan_node_set,0,0,0
WO1-10-default,O1,default,0.9,5,10000,100,batchU,50,100,12,10,2,other,0,0,0
WO1-11-best100,O1,best100,0.9,5,100000,100,batchU,95,4,24,100000,1,early_wts,228,1394,1622
WO1-11-best100,O1,best100,0.9,5,100000,100,batchU,95,4,24,100000,1,early_rts,465,2296,2761
WO1-11-best100,O1,best100,0.9,5,100000,100,batchU,95,4,24,100000,1,precheck,1283,534,1817
WO1-11-best100,O1,best100,0.9,5,100000,100,batchU,95,4,24,100000,1,latest,46,1,47
WO1-11-best100,O1,best100,0.9,5,100000,100,batchU,95,4,24,100000,1,read_match,5127,2,5129
WO1-11-best100,O1,best100,0.9,5,100000,100,batchU,95,4,24,100000,1,write_rts_deleted,200,0,200
WO1-11-best100,O1,best100,0.9,5,100000,100,batchU,95,4,24,100000,1,node_set,0,0,0
WO1-11-best100,O1,best100,0.9,5,100000,100,batchU,95,4,24,100000,1,scan_node_set,0,0,0
WO1-11-best100,O1,best100,0.9,5,100000,100,batchU,95,4,24,100000,1,other,0,0,0
WO1-11-best100,O1,best100,0.9,5,100000,100,batchU,95,4,24,100000,2,early_wts,254,2168,2422
WO1-11-best100,O1,best100,0.9,5,100000,100,batchU,95,4,24,100000,2,early_rts,438,2203,2641
WO1-11-best100,O1,best100,0.9,5,100000,100,batchU,95,4,24,100000,2,precheck,1330,427,1757
WO1-11-best100,O1,best100,0.9,5,100000,100,batchU,95,4,24,100000,2,latest,51,1,52
WO1-11-best100,O1,best100,0.9,5,100000,100,batchU,95,4,24,100000,2,read_match,5195,4,5199
WO1-11-best100,O1,best100,0.9,5,100000,100,batchU,95,4,24,100000,2,write_rts_deleted,157,0,157
WO1-11-best100,O1,best100,0.9,5,100000,100,batchU,95,4,24,100000,2,node_set,0,0,0
WO1-11-best100,O1,best100,0.9,5,100000,100,batchU,95,4,24,100000,2,scan_node_set,0,0,0
WO1-11-best100,O1,best100,0.9,5,100000,100,batchU,95,4,24,100000,2,other,0,0,0
WO1-11-default,O1,default,0.9,5,100000,100,batchU,95,4,24,100000,1,early_wts,54,1631,1685
WO1-11-default,O1,default,0.9,5,100000,100,batchU,95,4,24,100000,1,early_rts,78,1339,1417
WO1-11-default,O1,default,0.9,5,100000,100,batchU,95,4,24,100000,1,precheck,677,166,843
WO1-11-default,O1,default,0.9,5,100000,100,batchU,95,4,24,100000,1,latest,55,1,56
WO1-11-default,O1,default,0.9,5,100000,100,batchU,95,4,24,100000,1,read_match,4772,1,4773
WO1-11-default,O1,default,0.9,5,100000,100,batchU,95,4,24,100000,1,write_rts_deleted,147,0,147
WO1-11-default,O1,default,0.9,5,100000,100,batchU,95,4,24,100000,1,node_set,0,0,0
WO1-11-default,O1,default,0.9,5,100000,100,batchU,95,4,24,100000,1,scan_node_set,0,0,0
WO1-11-default,O1,default,0.9,5,100000,100,batchU,95,4,24,100000,1,other,0,0,0
WO1-11-default,O1,default,0.9,5,100000,100,batchU,95,4,24,100000,2,early_wts,64,1947,2011
WO1-11-default,O1,default,0.9,5,100000,100,batchU,95,4,24,100000,2,early_rts,97,1247,1344
WO1-11-default,O1,default,0.9,5,100000,100,batchU,95,4,24,100000,2,precheck,707,131,838
WO1-11-default,O1,default,0.9,5,100000,100,batchU,95,4,24,100000,2,latest,47,0,47
WO1-11-default,O1,default,0.9,5,100000,100,batchU,95,4,24,100000,2,read_match,4722,0,4722
WO1-11-default,O1,default,0.9,5,100000,100,batchU,95,4,24,100000,2,write_rts_deleted,150,0,150
WO1-11-default,O1,default,0.9,5,100000,100,batchU,95,4,24,100000,2,node_set,0,0,0
WO1-11-default,O1,default,0.9,5,100000,100,batchU,95,4,24,100000,2,scan_node_set,0,0,0
WO1-11-default,O1,default,0.9,5,100000,100,batchU,95,4,24,100000,2,other,0,0,0
WO1-12-best100,O1,best100,0.9,5,1000000,100,batchU,0,1000,48,1000,1,early_wts,10040,665,10705
WO1-12-best100,O1,best100,0.9,5,1000000,100,batchU,0,1000,48,1000,1,early_rts,23921,1098,25019
WO1-12-best100,O1,best100,0.9,5,1000000,100,batchU,0,1000,48,1000,1,precheck,39600,6,39606
WO1-12-best100,O1,best100,0.9,5,1000000,100,batchU,0,1000,48,1000,1,latest,5069,0,5069
WO1-12-best100,O1,best100,0.9,5,1000000,100,batchU,0,1000,48,1000,1,read_match,18872,0,18872
WO1-12-best100,O1,best100,0.9,5,1000000,100,batchU,0,1000,48,1000,1,write_rts_deleted,789,0,789
WO1-12-best100,O1,best100,0.9,5,1000000,100,batchU,0,1000,48,1000,1,node_set,0,0,0
WO1-12-best100,O1,best100,0.9,5,1000000,100,batchU,0,1000,48,1000,1,scan_node_set,0,0,0
WO1-12-best100,O1,best100,0.9,5,1000000,100,batchU,0,1000,48,1000,1,other,0,0,0
WO1-12-best100,O1,best100,0.9,5,1000000,100,batchU,0,1000,48,1000,2,early_wts,10136,1370,11506
WO1-12-best100,O1,best100,0.9,5,1000000,100,batchU,0,1000,48,1000,2,early_rts,24473,957,25430
WO1-12-best100,O1,best100,0.9,5,1000000,100,batchU,0,1000,48,1000,2,precheck,39151,10,39161
WO1-12-best100,O1,best100,0.9,5,1000000,100,batchU,0,1000,48,1000,2,latest,4952,0,4952
WO1-12-best100,O1,best100,0.9,5,1000000,100,batchU,0,1000,48,1000,2,read_match,17938,1,17939
WO1-12-best100,O1,best100,0.9,5,1000000,100,batchU,0,1000,48,1000,2,write_rts_deleted,793,0,793
WO1-12-best100,O1,best100,0.9,5,1000000,100,batchU,0,1000,48,1000,2,node_set,0,0,0
WO1-12-best100,O1,best100,0.9,5,1000000,100,batchU,0,1000,48,1000,2,scan_node_set,0,0,0
WO1-12-best100,O1,best100,0.9,5,1000000,100,batchU,0,1000,48,1000,2,other,0,0,0
WO1-12-default,O1,default,0.9,5,1000000,100,batchU,0,1000,48,1000,1,early_wts,14163,3007,17170
WO1-12-default,O1,default,0.9,5,1000000,100,batchU,0,1000,48,1000,1,early_rts,5072,858,5930
WO1-12-default,O1,default,0.9,5,1000000,100,batchU,0,1000,48,1000,1,precheck,101998,3,102001
WO1-12-default,O1,default,0.9,5,1000000,100,batchU,0,1000,48,1000,1,latest,5584,0,5584
WO1-12-default,O1,default,0.9,5,1000000,100,batchU,0,1000,48,1000,1,read_match,88477,0,88477
WO1-12-default,O1,default,0.9,5,1000000,100,batchU,0,1000,48,1000,1,write_rts_deleted,3107,0,3107
WO1-12-default,O1,default,0.9,5,1000000,100,batchU,0,1000,48,1000,1,node_set,0,0,0
WO1-12-default,O1,default,0.9,5,1000000,100,batchU,0,1000,48,1000,1,scan_node_set,0,0,0
WO1-12-default,O1,default,0.9,5,1000000,100,batchU,0,1000,48,1000,1,other,0,0,0
WO1-12-default,O1,default,0.9,5,1000000,100,batchU,0,1000,48,1000,2,early_wts,17737,1167,18904
WO1-12-default,O1,default,0.9,5,1000000,100,batchU,0,1000,48,1000,2,early_rts,6529,2365,8894
WO1-12-default,O1,default,0.9,5,1000000,100,batchU,0,1000,48,1000,2,precheck,120453,83,120536
WO1-12-default,O1,default,0.9,5,1000000,100,batchU,0,1000,48,1000,2,latest,7018,0,7018
WO1-12-default,O1,default,0.9,5,1000000,100,batchU,0,1000,48,1000,2,read_match,98750,0,98750
WO1-12-default,O1,default,0.9,5,1000000,100,batchU,0,1000,48,1000,2,write_rts_deleted,3624,0,3624
WO1-12-default,O1,default,0.9,5,1000000,100,batchU,0,1000,48,1000,2,node_set,0,0,0
WO1-12-default,O1,default,0.9,5,1000000,100,batchU,0,1000,48,1000,2,scan_node_set,0,0,0
WO1-12-default,O1,default,0.9,5,1000000,100,batchU,0,1000,48,1000,2,other,0,0,0
WO1-13-best100,O1,best100,0.9,50,10000,1000,none,50,100,24,1000,1,early_wts,6909,0,6909
WO1-13-best100,O1,best100,0.9,50,10000,1000,none,50,100,24,1000,1,early_rts,714,0,714
WO1-13-best100,O1,best100,0.9,50,10000,1000,none,50,100,24,1000,1,precheck,12851,0,12851
WO1-13-best100,O1,best100,0.9,50,10000,1000,none,50,100,24,1000,1,latest,2273,0,2273
WO1-13-best100,O1,best100,0.9,50,10000,1000,none,50,100,24,1000,1,read_match,12508,0,12508
WO1-13-best100,O1,best100,0.9,50,10000,1000,none,50,100,24,1000,1,write_rts_deleted,2939,0,2939
WO1-13-best100,O1,best100,0.9,50,10000,1000,none,50,100,24,1000,1,node_set,0,0,0
WO1-13-best100,O1,best100,0.9,50,10000,1000,none,50,100,24,1000,1,scan_node_set,0,0,0
WO1-13-best100,O1,best100,0.9,50,10000,1000,none,50,100,24,1000,1,other,0,0,0
WO1-13-best100,O1,best100,0.9,50,10000,1000,none,50,100,24,1000,2,early_wts,7234,0,7234
WO1-13-best100,O1,best100,0.9,50,10000,1000,none,50,100,24,1000,2,early_rts,688,0,688
WO1-13-best100,O1,best100,0.9,50,10000,1000,none,50,100,24,1000,2,precheck,12464,0,12464
WO1-13-best100,O1,best100,0.9,50,10000,1000,none,50,100,24,1000,2,latest,2473,0,2473
WO1-13-best100,O1,best100,0.9,50,10000,1000,none,50,100,24,1000,2,read_match,12733,0,12733
WO1-13-best100,O1,best100,0.9,50,10000,1000,none,50,100,24,1000,2,write_rts_deleted,2889,0,2889
WO1-13-best100,O1,best100,0.9,50,10000,1000,none,50,100,24,1000,2,node_set,0,0,0
WO1-13-best100,O1,best100,0.9,50,10000,1000,none,50,100,24,1000,2,scan_node_set,0,0,0
WO1-13-best100,O1,best100,0.9,50,10000,1000,none,50,100,24,1000,2,other,0,0,0
WO1-13-default,O1,default,0.9,50,10000,1000,none,50,100,24,1000,1,early_wts,7015,0,7015
WO1-13-default,O1,default,0.9,50,10000,1000,none,50,100,24,1000,1,early_rts,472,0,472
WO1-13-default,O1,default,0.9,50,10000,1000,none,50,100,24,1000,1,precheck,10729,0,10729
WO1-13-default,O1,default,0.9,50,10000,1000,none,50,100,24,1000,1,latest,2120,0,2120
WO1-13-default,O1,default,0.9,50,10000,1000,none,50,100,24,1000,1,read_match,13135,0,13135
WO1-13-default,O1,default,0.9,50,10000,1000,none,50,100,24,1000,1,write_rts_deleted,2689,0,2689
WO1-13-default,O1,default,0.9,50,10000,1000,none,50,100,24,1000,1,node_set,0,0,0
WO1-13-default,O1,default,0.9,50,10000,1000,none,50,100,24,1000,1,scan_node_set,0,0,0
WO1-13-default,O1,default,0.9,50,10000,1000,none,50,100,24,1000,1,other,0,0,0
WO1-13-default,O1,default,0.9,50,10000,1000,none,50,100,24,1000,2,early_wts,7091,0,7091
WO1-13-default,O1,default,0.9,50,10000,1000,none,50,100,24,1000,2,early_rts,565,0,565
WO1-13-default,O1,default,0.9,50,10000,1000,none,50,100,24,1000,2,precheck,11748,0,11748
WO1-13-default,O1,default,0.9,50,10000,1000,none,50,100,24,1000,2,latest,2156,0,2156
WO1-13-default,O1,default,0.9,50,10000,1000,none,50,100,24,1000,2,read_match,12952,0,12952
WO1-13-default,O1,default,0.9,50,10000,1000,none,50,100,24,1000,2,write_rts_deleted,2825,0,2825
WO1-13-default,O1,default,0.9,50,10000,1000,none,50,100,24,1000,2,node_set,0,0,0
WO1-13-default,O1,default,0.9,50,10000,1000,none,50,100,24,1000,2,scan_node_set,0,0,0
WO1-13-default,O1,default,0.9,50,10000,1000,none,50,100,24,1000,2,other,0,0,0
WO1-14-best100,O1,best100,0.9,50,100000,1000,none,95,4,48,10,1,early_wts,1614,0,1614
WO1-14-best100,O1,best100,0.9,50,100000,1000,none,95,4,48,10,1,early_rts,384,0,384
WO1-14-best100,O1,best100,0.9,50,100000,1000,none,95,4,48,10,1,precheck,5491,0,5491
WO1-14-best100,O1,best100,0.9,50,100000,1000,none,95,4,48,10,1,latest,1270,0,1270
WO1-14-best100,O1,best100,0.9,50,100000,1000,none,95,4,48,10,1,read_match,8532,0,8532
WO1-14-best100,O1,best100,0.9,50,100000,1000,none,95,4,48,10,1,write_rts_deleted,965,0,965
WO1-14-best100,O1,best100,0.9,50,100000,1000,none,95,4,48,10,1,node_set,0,0,0
WO1-14-best100,O1,best100,0.9,50,100000,1000,none,95,4,48,10,1,scan_node_set,0,0,0
WO1-14-best100,O1,best100,0.9,50,100000,1000,none,95,4,48,10,1,other,0,0,0
WO1-14-best100,O1,best100,0.9,50,100000,1000,none,95,4,48,10,2,early_wts,1520,0,1520
WO1-14-best100,O1,best100,0.9,50,100000,1000,none,95,4,48,10,2,early_rts,333,0,333
WO1-14-best100,O1,best100,0.9,50,100000,1000,none,95,4,48,10,2,precheck,5179,0,5179
WO1-14-best100,O1,best100,0.9,50,100000,1000,none,95,4,48,10,2,latest,1182,0,1182
WO1-14-best100,O1,best100,0.9,50,100000,1000,none,95,4,48,10,2,read_match,8532,0,8532
WO1-14-best100,O1,best100,0.9,50,100000,1000,none,95,4,48,10,2,write_rts_deleted,919,0,919
WO1-14-best100,O1,best100,0.9,50,100000,1000,none,95,4,48,10,2,node_set,0,0,0
WO1-14-best100,O1,best100,0.9,50,100000,1000,none,95,4,48,10,2,scan_node_set,0,0,0
WO1-14-best100,O1,best100,0.9,50,100000,1000,none,95,4,48,10,2,other,0,0,0
WO1-14-default,O1,default,0.9,50,100000,1000,none,95,4,48,10,1,early_wts,2108,0,2108
WO1-14-default,O1,default,0.9,50,100000,1000,none,95,4,48,10,1,early_rts,283,0,283
WO1-14-default,O1,default,0.9,50,100000,1000,none,95,4,48,10,1,precheck,4924,0,4924
WO1-14-default,O1,default,0.9,50,100000,1000,none,95,4,48,10,1,latest,1022,0,1022
WO1-14-default,O1,default,0.9,50,100000,1000,none,95,4,48,10,1,read_match,7854,0,7854
WO1-14-default,O1,default,0.9,50,100000,1000,none,95,4,48,10,1,write_rts_deleted,858,0,858
WO1-14-default,O1,default,0.9,50,100000,1000,none,95,4,48,10,1,node_set,0,0,0
WO1-14-default,O1,default,0.9,50,100000,1000,none,95,4,48,10,1,scan_node_set,0,0,0
WO1-14-default,O1,default,0.9,50,100000,1000,none,95,4,48,10,1,other,0,0,0
WO1-14-default,O1,default,0.9,50,100000,1000,none,95,4,48,10,2,early_wts,992,0,992
WO1-14-default,O1,default,0.9,50,100000,1000,none,95,4,48,10,2,early_rts,114,0,114
WO1-14-default,O1,default,0.9,50,100000,1000,none,95,4,48,10,2,precheck,4756,0,4756
WO1-14-default,O1,default,0.9,50,100000,1000,none,95,4,48,10,2,latest,1028,0,1028
WO1-14-default,O1,default,0.9,50,100000,1000,none,95,4,48,10,2,read_match,8305,0,8305
WO1-14-default,O1,default,0.9,50,100000,1000,none,95,4,48,10,2,write_rts_deleted,846,0,846
WO1-14-default,O1,default,0.9,50,100000,1000,none,95,4,48,10,2,node_set,0,0,0
WO1-14-default,O1,default,0.9,50,100000,1000,none,95,4,48,10,2,scan_node_set,0,0,0
WO1-14-default,O1,default,0.9,50,100000,1000,none,95,4,48,10,2,other,0,0,0
WO1-15-best100,O1,best100,0.9,50,1000000,1000,none,0,1000,12,100000,1,early_wts,639,0,639
WO1-15-best100,O1,best100,0.9,50,1000000,1000,none,0,1000,12,100000,1,early_rts,181,0,181
WO1-15-best100,O1,best100,0.9,50,1000000,1000,none,0,1000,12,100000,1,precheck,3215,0,3215
WO1-15-best100,O1,best100,0.9,50,1000000,1000,none,0,1000,12,100000,1,latest,1606,0,1606
WO1-15-best100,O1,best100,0.9,50,1000000,1000,none,0,1000,12,100000,1,read_match,7077,0,7077
WO1-15-best100,O1,best100,0.9,50,1000000,1000,none,0,1000,12,100000,1,write_rts_deleted,473,0,473
WO1-15-best100,O1,best100,0.9,50,1000000,1000,none,0,1000,12,100000,1,node_set,0,0,0
WO1-15-best100,O1,best100,0.9,50,1000000,1000,none,0,1000,12,100000,1,scan_node_set,0,0,0
WO1-15-best100,O1,best100,0.9,50,1000000,1000,none,0,1000,12,100000,1,other,0,0,0
WO1-15-best100,O1,best100,0.9,50,1000000,1000,none,0,1000,12,100000,2,early_wts,628,0,628
WO1-15-best100,O1,best100,0.9,50,1000000,1000,none,0,1000,12,100000,2,early_rts,186,0,186
WO1-15-best100,O1,best100,0.9,50,1000000,1000,none,0,1000,12,100000,2,precheck,3279,0,3279
WO1-15-best100,O1,best100,0.9,50,1000000,1000,none,0,1000,12,100000,2,latest,1455,0,1455
WO1-15-best100,O1,best100,0.9,50,1000000,1000,none,0,1000,12,100000,2,read_match,7310,0,7310
WO1-15-best100,O1,best100,0.9,50,1000000,1000,none,0,1000,12,100000,2,write_rts_deleted,414,0,414
WO1-15-best100,O1,best100,0.9,50,1000000,1000,none,0,1000,12,100000,2,node_set,0,0,0
WO1-15-best100,O1,best100,0.9,50,1000000,1000,none,0,1000,12,100000,2,scan_node_set,0,0,0
WO1-15-best100,O1,best100,0.9,50,1000000,1000,none,0,1000,12,100000,2,other,0,0,0
WO1-15-default,O1,default,0.9,50,1000000,1000,none,0,1000,12,100000,1,early_wts,1153,0,1153
WO1-15-default,O1,default,0.9,50,1000000,1000,none,0,1000,12,100000,1,early_rts,230,0,230
WO1-15-default,O1,default,0.9,50,1000000,1000,none,0,1000,12,100000,1,precheck,5208,0,5208
WO1-15-default,O1,default,0.9,50,1000000,1000,none,0,1000,12,100000,1,latest,1163,0,1163
WO1-15-default,O1,default,0.9,50,1000000,1000,none,0,1000,12,100000,1,read_match,8428,0,8428
WO1-15-default,O1,default,0.9,50,1000000,1000,none,0,1000,12,100000,1,write_rts_deleted,425,0,425
WO1-15-default,O1,default,0.9,50,1000000,1000,none,0,1000,12,100000,1,node_set,0,0,0
WO1-15-default,O1,default,0.9,50,1000000,1000,none,0,1000,12,100000,1,scan_node_set,0,0,0
WO1-15-default,O1,default,0.9,50,1000000,1000,none,0,1000,12,100000,1,other,0,0,0
WO1-15-default,O1,default,0.9,50,1000000,1000,none,0,1000,12,100000,2,early_wts,1242,0,1242
WO1-15-default,O1,default,0.9,50,1000000,1000,none,0,1000,12,100000,2,early_rts,215,0,215
WO1-15-default,O1,default,0.9,50,1000000,1000,none,0,1000,12,100000,2,precheck,5107,0,5107
WO1-15-default,O1,default,0.9,50,1000000,1000,none,0,1000,12,100000,2,latest,1026,0,1026
WO1-15-default,O1,default,0.9,50,1000000,1000,none,0,1000,12,100000,2,read_match,8630,0,8630
WO1-15-default,O1,default,0.9,50,1000000,1000,none,0,1000,12,100000,2,write_rts_deleted,421,0,421
WO1-15-default,O1,default,0.9,50,1000000,1000,none,0,1000,12,100000,2,node_set,0,0,0
WO1-15-default,O1,default,0.9,50,1000000,1000,none,0,1000,12,100000,2,scan_node_set,0,0,0
WO1-15-default,O1,default,0.9,50,1000000,1000,none,0,1000,12,100000,2,other,0,0,0
WO1-16-default,O1,default,0.9,95,10000,10,batchR,50,100,48,100000,1,early_wts,16,0,16
WO1-16-default,O1,default,0.9,95,10000,10,batchR,50,100,48,100000,1,early_rts,565,0,565
WO1-16-default,O1,default,0.9,95,10000,10,batchR,50,100,48,100000,1,precheck,81,0,81
WO1-16-default,O1,default,0.9,95,10000,10,batchR,50,100,48,100000,1,latest,14,0,14
WO1-16-default,O1,default,0.9,95,10000,10,batchR,50,100,48,100000,1,read_match,3834,0,3834
WO1-16-default,O1,default,0.9,95,10000,10,batchR,50,100,48,100000,1,write_rts_deleted,1499,0,1499
WO1-16-default,O1,default,0.9,95,10000,10,batchR,50,100,48,100000,1,node_set,0,0,0
WO1-16-default,O1,default,0.9,95,10000,10,batchR,50,100,48,100000,1,scan_node_set,0,0,0
WO1-16-default,O1,default,0.9,95,10000,10,batchR,50,100,48,100000,1,other,0,0,0
WO1-16-default,O1,default,0.9,95,10000,10,batchR,50,100,48,100000,2,early_wts,11,0,11
WO1-16-default,O1,default,0.9,95,10000,10,batchR,50,100,48,100000,2,early_rts,572,0,572
WO1-16-default,O1,default,0.9,95,10000,10,batchR,50,100,48,100000,2,precheck,88,0,88
WO1-16-default,O1,default,0.9,95,10000,10,batchR,50,100,48,100000,2,latest,14,0,14
WO1-16-default,O1,default,0.9,95,10000,10,batchR,50,100,48,100000,2,read_match,4043,0,4043
WO1-16-default,O1,default,0.9,95,10000,10,batchR,50,100,48,100000,2,write_rts_deleted,1572,0,1572
WO1-16-default,O1,default,0.9,95,10000,10,batchR,50,100,48,100000,2,node_set,0,0,0
WO1-16-default,O1,default,0.9,95,10000,10,batchR,50,100,48,100000,2,scan_node_set,0,0,0
WO1-16-default,O1,default,0.9,95,10000,10,batchR,50,100,48,100000,2,other,0,0,0
WO1-16-tuned,O1,tuned,0.9,95,10000,10,batchR,50,100,48,100000,1,early_wts,63,0,63
WO1-16-tuned,O1,tuned,0.9,95,10000,10,batchR,50,100,48,100000,1,early_rts,970,0,970
WO1-16-tuned,O1,tuned,0.9,95,10000,10,batchR,50,100,48,100000,1,precheck,232,0,232
WO1-16-tuned,O1,tuned,0.9,95,10000,10,batchR,50,100,48,100000,1,latest,21,0,21
WO1-16-tuned,O1,tuned,0.9,95,10000,10,batchR,50,100,48,100000,1,read_match,5138,0,5138
WO1-16-tuned,O1,tuned,0.9,95,10000,10,batchR,50,100,48,100000,1,write_rts_deleted,2801,0,2801
WO1-16-tuned,O1,tuned,0.9,95,10000,10,batchR,50,100,48,100000,1,node_set,0,0,0
WO1-16-tuned,O1,tuned,0.9,95,10000,10,batchR,50,100,48,100000,1,scan_node_set,0,0,0
WO1-16-tuned,O1,tuned,0.9,95,10000,10,batchR,50,100,48,100000,1,other,0,0,0
WO1-16-tuned,O1,tuned,0.9,95,10000,10,batchR,50,100,48,100000,2,early_wts,56,0,56
WO1-16-tuned,O1,tuned,0.9,95,10000,10,batchR,50,100,48,100000,2,early_rts,1087,0,1087
WO1-16-tuned,O1,tuned,0.9,95,10000,10,batchR,50,100,48,100000,2,precheck,238,0,238
WO1-16-tuned,O1,tuned,0.9,95,10000,10,batchR,50,100,48,100000,2,latest,33,0,33
WO1-16-tuned,O1,tuned,0.9,95,10000,10,batchR,50,100,48,100000,2,read_match,5108,0,5108
WO1-16-tuned,O1,tuned,0.9,95,10000,10,batchR,50,100,48,100000,2,write_rts_deleted,2856,0,2856
WO1-16-tuned,O1,tuned,0.9,95,10000,10,batchR,50,100,48,100000,2,node_set,0,0,0
WO1-16-tuned,O1,tuned,0.9,95,10000,10,batchR,50,100,48,100000,2,scan_node_set,0,0,0
WO1-16-tuned,O1,tuned,0.9,95,10000,10,batchR,50,100,48,100000,2,other,0,0,0
WO1-17-default,O1,default,0.9,95,100000,10,batchR,95,4,12,1000,1,early_wts,0,0,0
WO1-17-default,O1,default,0.9,95,100000,10,batchR,95,4,12,1000,1,early_rts,13,0,13
WO1-17-default,O1,default,0.9,95,100000,10,batchR,95,4,12,1000,1,precheck,0,0,0
WO1-17-default,O1,default,0.9,95,100000,10,batchR,95,4,12,1000,1,latest,0,0,0
WO1-17-default,O1,default,0.9,95,100000,10,batchR,95,4,12,1000,1,read_match,94,0,94
WO1-17-default,O1,default,0.9,95,100000,10,batchR,95,4,12,1000,1,write_rts_deleted,34,0,34
WO1-17-default,O1,default,0.9,95,100000,10,batchR,95,4,12,1000,1,node_set,0,0,0
WO1-17-default,O1,default,0.9,95,100000,10,batchR,95,4,12,1000,1,scan_node_set,0,0,0
WO1-17-default,O1,default,0.9,95,100000,10,batchR,95,4,12,1000,1,other,0,0,0
WO1-17-default,O1,default,0.9,95,100000,10,batchR,95,4,12,1000,2,early_wts,0,0,0
WO1-17-default,O1,default,0.9,95,100000,10,batchR,95,4,12,1000,2,early_rts,15,0,15
WO1-17-default,O1,default,0.9,95,100000,10,batchR,95,4,12,1000,2,precheck,2,0,2
WO1-17-default,O1,default,0.9,95,100000,10,batchR,95,4,12,1000,2,latest,1,0,1
WO1-17-default,O1,default,0.9,95,100000,10,batchR,95,4,12,1000,2,read_match,94,0,94
WO1-17-default,O1,default,0.9,95,100000,10,batchR,95,4,12,1000,2,write_rts_deleted,34,0,34
WO1-17-default,O1,default,0.9,95,100000,10,batchR,95,4,12,1000,2,node_set,0,0,0
WO1-17-default,O1,default,0.9,95,100000,10,batchR,95,4,12,1000,2,scan_node_set,0,0,0
WO1-17-default,O1,default,0.9,95,100000,10,batchR,95,4,12,1000,2,other,0,0,0
WO1-17-tuned,O1,tuned,0.9,95,100000,10,batchR,95,4,12,1000,1,early_wts,0,0,0
WO1-17-tuned,O1,tuned,0.9,95,100000,10,batchR,95,4,12,1000,1,early_rts,12,0,12
WO1-17-tuned,O1,tuned,0.9,95,100000,10,batchR,95,4,12,1000,1,precheck,0,0,0
WO1-17-tuned,O1,tuned,0.9,95,100000,10,batchR,95,4,12,1000,1,latest,0,0,0
WO1-17-tuned,O1,tuned,0.9,95,100000,10,batchR,95,4,12,1000,1,read_match,88,0,88
WO1-17-tuned,O1,tuned,0.9,95,100000,10,batchR,95,4,12,1000,1,write_rts_deleted,33,0,33
WO1-17-tuned,O1,tuned,0.9,95,100000,10,batchR,95,4,12,1000,1,node_set,0,0,0
WO1-17-tuned,O1,tuned,0.9,95,100000,10,batchR,95,4,12,1000,1,scan_node_set,0,0,0
WO1-17-tuned,O1,tuned,0.9,95,100000,10,batchR,95,4,12,1000,1,other,0,0,0
WO1-17-tuned,O1,tuned,0.9,95,100000,10,batchR,95,4,12,1000,2,early_wts,0,0,0
WO1-17-tuned,O1,tuned,0.9,95,100000,10,batchR,95,4,12,1000,2,early_rts,18,0,18
WO1-17-tuned,O1,tuned,0.9,95,100000,10,batchR,95,4,12,1000,2,precheck,0,0,0
WO1-17-tuned,O1,tuned,0.9,95,100000,10,batchR,95,4,12,1000,2,latest,0,0,0
WO1-17-tuned,O1,tuned,0.9,95,100000,10,batchR,95,4,12,1000,2,read_match,84,0,84
WO1-17-tuned,O1,tuned,0.9,95,100000,10,batchR,95,4,12,1000,2,write_rts_deleted,36,0,36
WO1-17-tuned,O1,tuned,0.9,95,100000,10,batchR,95,4,12,1000,2,node_set,0,0,0
WO1-17-tuned,O1,tuned,0.9,95,100000,10,batchR,95,4,12,1000,2,scan_node_set,0,0,0
WO1-17-tuned,O1,tuned,0.9,95,100000,10,batchR,95,4,12,1000,2,other,0,0,0
WO1-18-default,O1,default,0.9,95,1000000,10,batchR,0,1000,24,10,1,early_wts,260,0,260
WO1-18-default,O1,default,0.9,95,1000000,10,batchR,0,1000,24,10,1,early_rts,9102,0,9102
WO1-18-default,O1,default,0.9,95,1000000,10,batchR,0,1000,24,10,1,precheck,7064,0,7064
WO1-18-default,O1,default,0.9,95,1000000,10,batchR,0,1000,24,10,1,latest,388,0,388
WO1-18-default,O1,default,0.9,95,1000000,10,batchR,0,1000,24,10,1,read_match,55120,0,55120
WO1-18-default,O1,default,0.9,95,1000000,10,batchR,0,1000,24,10,1,write_rts_deleted,43839,0,43839
WO1-18-default,O1,default,0.9,95,1000000,10,batchR,0,1000,24,10,1,node_set,0,0,0
WO1-18-default,O1,default,0.9,95,1000000,10,batchR,0,1000,24,10,1,scan_node_set,0,0,0
WO1-18-default,O1,default,0.9,95,1000000,10,batchR,0,1000,24,10,1,other,0,0,0
WO1-18-default,O1,default,0.9,95,1000000,10,batchR,0,1000,24,10,2,early_wts,240,0,240
WO1-18-default,O1,default,0.9,95,1000000,10,batchR,0,1000,24,10,2,early_rts,9560,0,9560
WO1-18-default,O1,default,0.9,95,1000000,10,batchR,0,1000,24,10,2,precheck,7028,0,7028
WO1-18-default,O1,default,0.9,95,1000000,10,batchR,0,1000,24,10,2,latest,340,0,340
WO1-18-default,O1,default,0.9,95,1000000,10,batchR,0,1000,24,10,2,read_match,54808,0,54808
WO1-18-default,O1,default,0.9,95,1000000,10,batchR,0,1000,24,10,2,write_rts_deleted,43662,0,43662
WO1-18-default,O1,default,0.9,95,1000000,10,batchR,0,1000,24,10,2,node_set,0,0,0
WO1-18-default,O1,default,0.9,95,1000000,10,batchR,0,1000,24,10,2,scan_node_set,0,0,0
WO1-18-default,O1,default,0.9,95,1000000,10,batchR,0,1000,24,10,2,other,0,0,0
WO1-18-tuned,O1,tuned,0.9,95,1000000,10,batchR,0,1000,24,10,1,early_wts,2090,0,2090
WO1-18-tuned,O1,tuned,0.9,95,1000000,10,batchR,0,1000,24,10,1,early_rts,68034,0,68034
WO1-18-tuned,O1,tuned,0.9,95,1000000,10,batchR,0,1000,24,10,1,precheck,34966,0,34966
WO1-18-tuned,O1,tuned,0.9,95,1000000,10,batchR,0,1000,24,10,1,latest,2105,0,2105
WO1-18-tuned,O1,tuned,0.9,95,1000000,10,batchR,0,1000,24,10,1,read_match,84011,0,84011
WO1-18-tuned,O1,tuned,0.9,95,1000000,10,batchR,0,1000,24,10,1,write_rts_deleted,165239,0,165239
WO1-18-tuned,O1,tuned,0.9,95,1000000,10,batchR,0,1000,24,10,1,node_set,0,0,0
WO1-18-tuned,O1,tuned,0.9,95,1000000,10,batchR,0,1000,24,10,1,scan_node_set,0,0,0
WO1-18-tuned,O1,tuned,0.9,95,1000000,10,batchR,0,1000,24,10,1,other,0,0,0
WO1-18-tuned,O1,tuned,0.9,95,1000000,10,batchR,0,1000,24,10,2,early_wts,2180,0,2180
WO1-18-tuned,O1,tuned,0.9,95,1000000,10,batchR,0,1000,24,10,2,early_rts,68784,0,68784
WO1-18-tuned,O1,tuned,0.9,95,1000000,10,batchR,0,1000,24,10,2,precheck,35898,0,35898
WO1-18-tuned,O1,tuned,0.9,95,1000000,10,batchR,0,1000,24,10,2,latest,2157,0,2157
WO1-18-tuned,O1,tuned,0.9,95,1000000,10,batchR,0,1000,24,10,2,read_match,89306,0,89306
WO1-18-tuned,O1,tuned,0.9,95,1000000,10,batchR,0,1000,24,10,2,write_rts_deleted,168881,0,168881
WO1-18-tuned,O1,tuned,0.9,95,1000000,10,batchR,0,1000,24,10,2,node_set,0,0,0
WO1-18-tuned,O1,tuned,0.9,95,1000000,10,batchR,0,1000,24,10,2,scan_node_set,0,0,0
WO1-18-tuned,O1,tuned,0.9,95,1000000,10,batchR,0,1000,24,10,2,other,0,0,0
WO1-19-best100,O1,best100,0.99,5,10000,1000,batchR,95,1000,12,10,1,early_wts,0,0,0
WO1-19-best100,O1,best100,0.99,5,10000,1000,batchR,95,1000,12,10,1,early_rts,1,0,1
WO1-19-best100,O1,best100,0.99,5,10000,1000,batchR,95,1000,12,10,1,precheck,24,0,24
WO1-19-best100,O1,best100,0.99,5,10000,1000,batchR,95,1000,12,10,1,latest,1,0,1
WO1-19-best100,O1,best100,0.99,5,10000,1000,batchR,95,1000,12,10,1,read_match,196,0,196
WO1-19-best100,O1,best100,0.99,5,10000,1000,batchR,95,1000,12,10,1,write_rts_deleted,2,0,2
WO1-19-best100,O1,best100,0.99,5,10000,1000,batchR,95,1000,12,10,1,node_set,0,0,0
WO1-19-best100,O1,best100,0.99,5,10000,1000,batchR,95,1000,12,10,1,scan_node_set,0,0,0
WO1-19-best100,O1,best100,0.99,5,10000,1000,batchR,95,1000,12,10,1,other,0,0,0
WO1-19-best100,O1,best100,0.99,5,10000,1000,batchR,95,1000,12,10,2,early_wts,4,0,4
WO1-19-best100,O1,best100,0.99,5,10000,1000,batchR,95,1000,12,10,2,early_rts,0,0,0
WO1-19-best100,O1,best100,0.99,5,10000,1000,batchR,95,1000,12,10,2,precheck,25,0,25
WO1-19-best100,O1,best100,0.99,5,10000,1000,batchR,95,1000,12,10,2,latest,3,0,3
WO1-19-best100,O1,best100,0.99,5,10000,1000,batchR,95,1000,12,10,2,read_match,179,0,179
WO1-19-best100,O1,best100,0.99,5,10000,1000,batchR,95,1000,12,10,2,write_rts_deleted,0,0,0
WO1-19-best100,O1,best100,0.99,5,10000,1000,batchR,95,1000,12,10,2,node_set,0,0,0
WO1-19-best100,O1,best100,0.99,5,10000,1000,batchR,95,1000,12,10,2,scan_node_set,0,0,0
WO1-19-best100,O1,best100,0.99,5,10000,1000,batchR,95,1000,12,10,2,other,0,0,0
WO1-19-default,O1,default,0.99,5,10000,1000,batchR,95,1000,12,10,1,early_wts,0,0,0
WO1-19-default,O1,default,0.99,5,10000,1000,batchR,95,1000,12,10,1,early_rts,1,0,1
WO1-19-default,O1,default,0.99,5,10000,1000,batchR,95,1000,12,10,1,precheck,15,0,15
WO1-19-default,O1,default,0.99,5,10000,1000,batchR,95,1000,12,10,1,latest,1,0,1
WO1-19-default,O1,default,0.99,5,10000,1000,batchR,95,1000,12,10,1,read_match,169,0,169
WO1-19-default,O1,default,0.99,5,10000,1000,batchR,95,1000,12,10,1,write_rts_deleted,0,0,0
WO1-19-default,O1,default,0.99,5,10000,1000,batchR,95,1000,12,10,1,node_set,0,0,0
WO1-19-default,O1,default,0.99,5,10000,1000,batchR,95,1000,12,10,1,scan_node_set,0,0,0
WO1-19-default,O1,default,0.99,5,10000,1000,batchR,95,1000,12,10,1,other,0,0,0
WO1-19-default,O1,default,0.99,5,10000,1000,batchR,95,1000,12,10,2,early_wts,0,0,0
WO1-19-default,O1,default,0.99,5,10000,1000,batchR,95,1000,12,10,2,early_rts,2,0,2
WO1-19-default,O1,default,0.99,5,10000,1000,batchR,95,1000,12,10,2,precheck,18,0,18
WO1-19-default,O1,default,0.99,5,10000,1000,batchR,95,1000,12,10,2,latest,5,0,5
WO1-19-default,O1,default,0.99,5,10000,1000,batchR,95,1000,12,10,2,read_match,197,0,197
WO1-19-default,O1,default,0.99,5,10000,1000,batchR,95,1000,12,10,2,write_rts_deleted,0,0,0
WO1-19-default,O1,default,0.99,5,10000,1000,batchR,95,1000,12,10,2,node_set,0,0,0
WO1-19-default,O1,default,0.99,5,10000,1000,batchR,95,1000,12,10,2,scan_node_set,0,0,0
WO1-19-default,O1,default,0.99,5,10000,1000,batchR,95,1000,12,10,2,other,0,0,0
WO1-20-best100,O1,best100,0.99,5,100000,1000,batchR,0,100,24,100000,1,early_wts,5943,0,5943
WO1-20-best100,O1,best100,0.99,5,100000,1000,batchR,0,100,24,100000,1,early_rts,371,0,371
WO1-20-best100,O1,best100,0.99,5,100000,1000,batchR,0,100,24,100000,1,precheck,14478,0,14478
WO1-20-best100,O1,best100,0.99,5,100000,1000,batchR,0,100,24,100000,1,latest,2632,0,2632
WO1-20-best100,O1,best100,0.99,5,100000,1000,batchR,0,100,24,100000,1,read_match,13200,0,13200
WO1-20-best100,O1,best100,0.99,5,100000,1000,batchR,0,100,24,100000,1,write_rts_deleted,484,0,484
WO1-20-best100,O1,best100,0.99,5,100000,1000,batchR,0,100,24,100000,1,node_set,0,0,0
WO1-20-best100,O1,best100,0.99,5,100000,1000,batchR,0,100,24,100000,1,scan_node_set,0,0,0
WO1-20-best100,O1,best100,0.99,5,100000,1000,batchR,0,100,24,100000,1,other,0,0,0
WO1-20-best100,O1,best100,0.99,5,100000,1000,batchR,0,100,24,100000,2,early_wts,6446,0,6446
WO1-20-best100,O1,best100,0.99,5,100000,1000,batchR,0,100,24,100000,2,early_rts,382,0,382
WO1-20-best100,O1,best100,0.99,5,100000,1000,batchR,0,100,24,100000,2,precheck,13620,0,13620
WO1-20-best100,O1,best100,0.99,5,100000,1000,batchR,0,100,24,100000,2,latest,2484,0,2484
WO1-20-best100,O1,best100,0.99,5,100000,1000,batchR,0,100,24,100000,2,read_match,13007,0,13007
WO1-20-best100,O1,best100,0.99,5,100000,1000,batchR,0,100,24,100000,2,write_rts_deleted,453,0,453
WO1-20-best100,O1,best100,0.99,5,100000,1000,batchR,0,100,24,100000,2,node_set,0,0,0
WO1-20-best100,O1,best100,0.99,5,100000,1000,batchR,0,100,24,100000,2,scan_node_set,0,0,0
WO1-20-best100,O1,best100,0.99,5,100000,1000,batchR,0,100,24,100000,2,other,0,0,0
WO1-20-default,O1,default,0.99,5,100000,1000,batchR,0,100,24,100000,1,early_wts,6378,0,6378
WO1-20-default,O1,default,0.99,5,100000,1000,batchR,0,100,24,100000,1,early_rts,387,0,387
WO1-20-default,O1,default,0.99,5,100000,1000,batchR,0,100,24,100000,1,precheck,15494,0,15494
WO1-20-default,O1,default,0.99,5,100000,1000,batchR,0,100,24,100000,1,latest,3079,0,3079
WO1-20-default,O1,default,0.99,5,100000,1000,batchR,0,100,24,100000,1,read_match,15022,0,15022
WO1-20-default,O1,default,0.99,5,100000,1000,batchR,0,100,24,100000,1,write_rts_deleted,673,0,673
WO1-20-default,O1,default,0.99,5,100000,1000,batchR,0,100,24,100000,1,node_set,0,0,0
WO1-20-default,O1,default,0.99,5,100000,1000,batchR,0,100,24,100000,1,scan_node_set,0,0,0
WO1-20-default,O1,default,0.99,5,100000,1000,batchR,0,100,24,100000,1,other,0,0,0
WO1-20-default,O1,default,0.99,5,100000,1000,batchR,0,100,24,100000,2,early_wts,4029,0,4029
WO1-20-default,O1,default,0.99,5,100000,1000,batchR,0,100,24,100000,2,early_rts,257,0,257
WO1-20-default,O1,default,0.99,5,100000,1000,batchR,0,100,24,100000,2,precheck,14374,0,14374
WO1-20-default,O1,default,0.99,5,100000,1000,batchR,0,100,24,100000,2,latest,2570,0,2570
WO1-20-default,O1,default,0.99,5,100000,1000,batchR,0,100,24,100000,2,read_match,14062,0,14062
WO1-20-default,O1,default,0.99,5,100000,1000,batchR,0,100,24,100000,2,write_rts_deleted,532,0,532
WO1-20-default,O1,default,0.99,5,100000,1000,batchR,0,100,24,100000,2,node_set,0,0,0
WO1-20-default,O1,default,0.99,5,100000,1000,batchR,0,100,24,100000,2,scan_node_set,0,0,0
WO1-20-default,O1,default,0.99,5,100000,1000,batchR,0,100,24,100000,2,other,0,0,0
WO1-21-best100,O1,best100,0.99,5,1000000,1000,batchR,50,4,48,1000,1,early_wts,2229,0,2229
WO1-21-best100,O1,best100,0.99,5,1000000,1000,batchR,50,4,48,1000,1,early_rts,213,0,213
WO1-21-best100,O1,best100,0.99,5,1000000,1000,batchR,50,4,48,1000,1,precheck,7771,0,7771
WO1-21-best100,O1,best100,0.99,5,1000000,1000,batchR,50,4,48,1000,1,latest,3056,0,3056
WO1-21-best100,O1,best100,0.99,5,1000000,1000,batchR,50,4,48,1000,1,read_match,8523,0,8523
WO1-21-best100,O1,best100,0.99,5,1000000,1000,batchR,50,4,48,1000,1,write_rts_deleted,393,0,393
WO1-21-best100,O1,best100,0.99,5,1000000,1000,batchR,50,4,48,1000,1,node_set,0,0,0
WO1-21-best100,O1,best100,0.99,5,1000000,1000,batchR,50,4,48,1000,1,scan_node_set,0,0,0
WO1-21-best100,O1,best100,0.99,5,1000000,1000,batchR,50,4,48,1000,1,other,0,0,0
WO1-21-best100,O1,best100,0.99,5,1000000,1000,batchR,50,4,48,1000,2,early_wts,2339,0,2339
WO1-21-best100,O1,best100,0.99,5,1000000,1000,batchR,50,4,48,1000,2,early_rts,184,0,184
WO1-21-best100,O1,best100,0.99,5,1000000,1000,batchR,50,4,48,1000,2,precheck,7484,0,7484
WO1-21-best100,O1,best100,0.99,5,1000000,1000,batchR,50,4,48,1000,2,latest,2732,0,2732
WO1-21-best100,O1,best100,0.99,5,1000000,1000,batchR,50,4,48,1000,2,read_match,8586,0,8586
WO1-21-best100,O1,best100,0.99,5,1000000,1000,batchR,50,4,48,1000,2,write_rts_deleted,427,0,427
WO1-21-best100,O1,best100,0.99,5,1000000,1000,batchR,50,4,48,1000,2,node_set,0,0,0
WO1-21-best100,O1,best100,0.99,5,1000000,1000,batchR,50,4,48,1000,2,scan_node_set,0,0,0
WO1-21-best100,O1,best100,0.99,5,1000000,1000,batchR,50,4,48,1000,2,other,0,0,0
WO1-21-default,O1,default,0.99,5,1000000,1000,batchR,50,4,48,1000,1,early_wts,1635,0,1635
WO1-21-default,O1,default,0.99,5,1000000,1000,batchR,50,4,48,1000,1,early_rts,106,0,106
WO1-21-default,O1,default,0.99,5,1000000,1000,batchR,50,4,48,1000,1,precheck,7707,0,7707
WO1-21-default,O1,default,0.99,5,1000000,1000,batchR,50,4,48,1000,1,latest,2390,0,2390
WO1-21-default,O1,default,0.99,5,1000000,1000,batchR,50,4,48,1000,1,read_match,8587,0,8587
WO1-21-default,O1,default,0.99,5,1000000,1000,batchR,50,4,48,1000,1,write_rts_deleted,275,0,275
WO1-21-default,O1,default,0.99,5,1000000,1000,batchR,50,4,48,1000,1,node_set,0,0,0
WO1-21-default,O1,default,0.99,5,1000000,1000,batchR,50,4,48,1000,1,scan_node_set,0,0,0
WO1-21-default,O1,default,0.99,5,1000000,1000,batchR,50,4,48,1000,1,other,0,0,0
WO1-21-default,O1,default,0.99,5,1000000,1000,batchR,50,4,48,1000,2,early_wts,1326,0,1326
WO1-21-default,O1,default,0.99,5,1000000,1000,batchR,50,4,48,1000,2,early_rts,107,0,107
WO1-21-default,O1,default,0.99,5,1000000,1000,batchR,50,4,48,1000,2,precheck,7266,0,7266
WO1-21-default,O1,default,0.99,5,1000000,1000,batchR,50,4,48,1000,2,latest,2236,0,2236
WO1-21-default,O1,default,0.99,5,1000000,1000,batchR,50,4,48,1000,2,read_match,8108,0,8108
WO1-21-default,O1,default,0.99,5,1000000,1000,batchR,50,4,48,1000,2,write_rts_deleted,204,0,204
WO1-21-default,O1,default,0.99,5,1000000,1000,batchR,50,4,48,1000,2,node_set,0,0,0
WO1-21-default,O1,default,0.99,5,1000000,1000,batchR,50,4,48,1000,2,scan_node_set,0,0,0
WO1-21-default,O1,default,0.99,5,1000000,1000,batchR,50,4,48,1000,2,other,0,0,0
WO1-22-default,O1,default,0.99,50,10000,10,batchU,95,1000,24,1000,1,early_wts,1001,2406,3407
WO1-22-default,O1,default,0.99,50,10000,10,batchU,95,1000,24,1000,1,early_rts,4732,4119,8851
WO1-22-default,O1,default,0.99,50,10000,10,batchU,95,1000,24,1000,1,precheck,14331,0,14331
WO1-22-default,O1,default,0.99,50,10000,10,batchU,95,1000,24,1000,1,latest,911,0,911
WO1-22-default,O1,default,0.99,50,10000,10,batchU,95,1000,24,1000,1,read_match,45405,0,45405
WO1-22-default,O1,default,0.99,50,10000,10,batchU,95,1000,24,1000,1,write_rts_deleted,9768,0,9768
WO1-22-default,O1,default,0.99,50,10000,10,batchU,95,1000,24,1000,1,node_set,0,0,0
WO1-22-default,O1,default,0.99,50,10000,10,batchU,95,1000,24,1000,1,scan_node_set,0,0,0
WO1-22-default,O1,default,0.99,50,10000,10,batchU,95,1000,24,1000,1,other,0,0,0
WO1-22-default,O1,default,0.99,50,10000,10,batchU,95,1000,24,1000,2,early_wts,965,4396,5361
WO1-22-default,O1,default,0.99,50,10000,10,batchU,95,1000,24,1000,2,early_rts,4637,2168,6805
WO1-22-default,O1,default,0.99,50,10000,10,batchU,95,1000,24,1000,2,precheck,12973,0,12973
WO1-22-default,O1,default,0.99,50,10000,10,batchU,95,1000,24,1000,2,latest,1038,0,1038
WO1-22-default,O1,default,0.99,50,10000,10,batchU,95,1000,24,1000,2,read_match,44926,0,44926
WO1-22-default,O1,default,0.99,50,10000,10,batchU,95,1000,24,1000,2,write_rts_deleted,10237,0,10237
WO1-22-default,O1,default,0.99,50,10000,10,batchU,95,1000,24,1000,2,node_set,0,0,0
WO1-22-default,O1,default,0.99,50,10000,10,batchU,95,1000,24,1000,2,scan_node_set,0,0,0
WO1-22-default,O1,default,0.99,50,10000,10,batchU,95,1000,24,1000,2,other,0,0,0
WO1-22-tuned,O1,tuned,0.99,50,10000,10,batchU,95,1000,24,1000,1,early_wts,9510,65395,74905
WO1-22-tuned,O1,tuned,0.99,50,10000,10,batchU,95,1000,24,1000,1,early_rts,35492,78419,113911
WO1-22-tuned,O1,tuned,0.99,50,10000,10,batchU,95,1000,24,1000,1,precheck,117092,0,117092
WO1-22-tuned,O1,tuned,0.99,50,10000,10,batchU,95,1000,24,1000,1,latest,1267,0,1267
WO1-22-tuned,O1,tuned,0.99,50,10000,10,batchU,95,1000,24,1000,1,read_match,176874,0,176874
WO1-22-tuned,O1,tuned,0.99,50,10000,10,batchU,95,1000,24,1000,1,write_rts_deleted,23760,0,23760
WO1-22-tuned,O1,tuned,0.99,50,10000,10,batchU,95,1000,24,1000,1,node_set,0,0,0
WO1-22-tuned,O1,tuned,0.99,50,10000,10,batchU,95,1000,24,1000,1,scan_node_set,0,0,0
WO1-22-tuned,O1,tuned,0.99,50,10000,10,batchU,95,1000,24,1000,1,other,0,0,0
WO1-22-tuned,O1,tuned,0.99,50,10000,10,batchU,95,1000,24,1000,2,early_wts,9420,72800,82220
WO1-22-tuned,O1,tuned,0.99,50,10000,10,batchU,95,1000,24,1000,2,early_rts,34657,93316,127973
WO1-22-tuned,O1,tuned,0.99,50,10000,10,batchU,95,1000,24,1000,2,precheck,109369,0,109369
WO1-22-tuned,O1,tuned,0.99,50,10000,10,batchU,95,1000,24,1000,2,latest,2065,0,2065
WO1-22-tuned,O1,tuned,0.99,50,10000,10,batchU,95,1000,24,1000,2,read_match,177332,0,177332
WO1-22-tuned,O1,tuned,0.99,50,10000,10,batchU,95,1000,24,1000,2,write_rts_deleted,29718,0,29718
WO1-22-tuned,O1,tuned,0.99,50,10000,10,batchU,95,1000,24,1000,2,node_set,0,0,0
WO1-22-tuned,O1,tuned,0.99,50,10000,10,batchU,95,1000,24,1000,2,scan_node_set,0,0,0
WO1-22-tuned,O1,tuned,0.99,50,10000,10,batchU,95,1000,24,1000,2,other,0,0,0
WO1-23-default,O1,default,0.99,50,100000,10,batchU,0,100,48,10,1,early_wts,33547,14405,47952
WO1-23-default,O1,default,0.99,50,100000,10,batchU,0,100,48,10,1,early_rts,60596,3839,64435
WO1-23-default,O1,default,0.99,50,100000,10,batchU,0,100,48,10,1,precheck,243726,0,243726
WO1-23-default,O1,default,0.99,50,100000,10,batchU,0,100,48,10,1,latest,7370,0,7370
WO1-23-default,O1,default,0.99,50,100000,10,batchU,0,100,48,10,1,read_match,340562,0,340562
WO1-23-default,O1,default,0.99,50,100000,10,batchU,0,100,48,10,1,write_rts_deleted,47931,0,47931
WO1-23-default,O1,default,0.99,50,100000,10,batchU,0,100,48,10,1,node_set,0,0,0
WO1-23-default,O1,default,0.99,50,100000,10,batchU,0,100,48,10,1,scan_node_set,0,0,0
WO1-23-default,O1,default,0.99,50,100000,10,batchU,0,100,48,10,1,other,0,0,0
WO1-23-default,O1,default,0.99,50,100000,10,batchU,0,100,48,10,2,early_wts,35806,11745,47551
WO1-23-default,O1,default,0.99,50,100000,10,batchU,0,100,48,10,2,early_rts,64231,7801,72032
WO1-23-default,O1,default,0.99,50,100000,10,batchU,0,100,48,10,2,precheck,259821,0,259821
WO1-23-default,O1,default,0.99,50,100000,10,batchU,0,100,48,10,2,latest,7724,0,7724
WO1-23-default,O1,default,0.99,50,100000,10,batchU,0,100,48,10,2,read_match,359941,0,359941
WO1-23-default,O1,default,0.99,50,100000,10,batchU,0,100,48,10,2,write_rts_deleted,50384,0,50384
WO1-23-default,O1,default,0.99,50,100000,10,batchU,0,100,48,10,2,node_set,0,0,0
WO1-23-default,O1,default,0.99,50,100000,10,batchU,0,100,48,10,2,scan_node_set,0,0,0
WO1-23-default,O1,default,0.99,50,100000,10,batchU,0,100,48,10,2,other,0,0,0
WO1-23-tuned,O1,tuned,0.99,50,100000,10,batchU,0,100,48,10,1,early_wts,1348042,2603,1350645
WO1-23-tuned,O1,tuned,0.99,50,100000,10,batchU,0,100,48,10,1,early_rts,1111009,155259,1266268
WO1-23-tuned,O1,tuned,0.99,50,100000,10,batchU,0,100,48,10,1,precheck,5410599,0,5410599
WO1-23-tuned,O1,tuned,0.99,50,100000,10,batchU,0,100,48,10,1,latest,284096,0,284096
WO1-23-tuned,O1,tuned,0.99,50,100000,10,batchU,0,100,48,10,1,read_match,3010159,0,3010159
WO1-23-tuned,O1,tuned,0.99,50,100000,10,batchU,0,100,48,10,1,write_rts_deleted,792887,0,792887
WO1-23-tuned,O1,tuned,0.99,50,100000,10,batchU,0,100,48,10,1,node_set,0,0,0
WO1-23-tuned,O1,tuned,0.99,50,100000,10,batchU,0,100,48,10,1,scan_node_set,0,0,0
WO1-23-tuned,O1,tuned,0.99,50,100000,10,batchU,0,100,48,10,1,other,0,0,0
WO1-23-tuned,O1,tuned,0.99,50,100000,10,batchU,0,100,48,10,2,early_wts,1337225,161877,1499102
WO1-23-tuned,O1,tuned,0.99,50,100000,10,batchU,0,100,48,10,2,early_rts,1118525,91808,1210333
WO1-23-tuned,O1,tuned,0.99,50,100000,10,batchU,0,100,48,10,2,precheck,5410521,0,5410521
WO1-23-tuned,O1,tuned,0.99,50,100000,10,batchU,0,100,48,10,2,latest,280123,0,280123
WO1-23-tuned,O1,tuned,0.99,50,100000,10,batchU,0,100,48,10,2,read_match,2994616,0,2994616
WO1-23-tuned,O1,tuned,0.99,50,100000,10,batchU,0,100,48,10,2,write_rts_deleted,786663,0,786663
WO1-23-tuned,O1,tuned,0.99,50,100000,10,batchU,0,100,48,10,2,node_set,0,0,0
WO1-23-tuned,O1,tuned,0.99,50,100000,10,batchU,0,100,48,10,2,scan_node_set,0,0,0
WO1-23-tuned,O1,tuned,0.99,50,100000,10,batchU,0,100,48,10,2,other,0,0,0
WO1-24-default,O1,default,0.99,50,1000000,10,batchU,50,4,12,100000,1,early_wts,97,3339,3436
WO1-24-default,O1,default,0.99,50,1000000,10,batchU,50,4,12,100000,1,early_rts,795,4961,5756
WO1-24-default,O1,default,0.99,50,1000000,10,batchU,50,4,12,100000,1,precheck,2541,4,2545
WO1-24-default,O1,default,0.99,50,1000000,10,batchU,50,4,12,100000,1,latest,154,0,154
WO1-24-default,O1,default,0.99,50,1000000,10,batchU,50,4,12,100000,1,read_match,17312,0,17312
WO1-24-default,O1,default,0.99,50,1000000,10,batchU,50,4,12,100000,1,write_rts_deleted,3272,0,3272
WO1-24-default,O1,default,0.99,50,1000000,10,batchU,50,4,12,100000,1,node_set,0,0,0
WO1-24-default,O1,default,0.99,50,1000000,10,batchU,50,4,12,100000,1,scan_node_set,0,0,0
WO1-24-default,O1,default,0.99,50,1000000,10,batchU,50,4,12,100000,1,other,0,0,0
WO1-24-default,O1,default,0.99,50,1000000,10,batchU,50,4,12,100000,2,early_wts,97,2995,3092
WO1-24-default,O1,default,0.99,50,1000000,10,batchU,50,4,12,100000,2,early_rts,763,4835,5598
WO1-24-default,O1,default,0.99,50,1000000,10,batchU,50,4,12,100000,2,precheck,2507,6,2513
WO1-24-default,O1,default,0.99,50,1000000,10,batchU,50,4,12,100000,2,latest,159,0,159
WO1-24-default,O1,default,0.99,50,1000000,10,batchU,50,4,12,100000,2,read_match,17269,0,17269
WO1-24-default,O1,default,0.99,50,1000000,10,batchU,50,4,12,100000,2,write_rts_deleted,3264,0,3264
WO1-24-default,O1,default,0.99,50,1000000,10,batchU,50,4,12,100000,2,node_set,0,0,0
WO1-24-default,O1,default,0.99,50,1000000,10,batchU,50,4,12,100000,2,scan_node_set,0,0,0
WO1-24-default,O1,default,0.99,50,1000000,10,batchU,50,4,12,100000,2,other,0,0,0
WO1-24-tuned,O1,tuned,0.99,50,1000000,10,batchU,50,4,12,100000,1,early_wts,594,28755,29349
WO1-24-tuned,O1,tuned,0.99,50,1000000,10,batchU,50,4,12,100000,1,early_rts,3247,40447,43694
WO1-24-tuned,O1,tuned,0.99,50,1000000,10,batchU,50,4,12,100000,1,precheck,13698,3,13701
WO1-24-tuned,O1,tuned,0.99,50,1000000,10,batchU,50,4,12,100000,1,latest,156,0,156
WO1-24-tuned,O1,tuned,0.99,50,1000000,10,batchU,50,4,12,100000,1,read_match,35039,0,35039
WO1-24-tuned,O1,tuned,0.99,50,1000000,10,batchU,50,4,12,100000,1,write_rts_deleted,4407,0,4407
WO1-24-tuned,O1,tuned,0.99,50,1000000,10,batchU,50,4,12,100000,1,node_set,0,0,0
WO1-24-tuned,O1,tuned,0.99,50,1000000,10,batchU,50,4,12,100000,1,scan_node_set,0,0,0
WO1-24-tuned,O1,tuned,0.99,50,1000000,10,batchU,50,4,12,100000,1,other,0,0,0
WO1-24-tuned,O1,tuned,0.99,50,1000000,10,batchU,50,4,12,100000,2,early_wts,560,23745,24305
WO1-24-tuned,O1,tuned,0.99,50,1000000,10,batchU,50,4,12,100000,2,early_rts,3262,38960,42222
WO1-24-tuned,O1,tuned,0.99,50,1000000,10,batchU,50,4,12,100000,2,precheck,13462,2,13464
WO1-24-tuned,O1,tuned,0.99,50,1000000,10,batchU,50,4,12,100000,2,latest,189,0,189
WO1-24-tuned,O1,tuned,0.99,50,1000000,10,batchU,50,4,12,100000,2,read_match,35512,0,35512
WO1-24-tuned,O1,tuned,0.99,50,1000000,10,batchU,50,4,12,100000,2,write_rts_deleted,4674,0,4674
WO1-24-tuned,O1,tuned,0.99,50,1000000,10,batchU,50,4,12,100000,2,node_set,0,0,0
WO1-24-tuned,O1,tuned,0.99,50,1000000,10,batchU,50,4,12,100000,2,scan_node_set,0,0,0
WO1-24-tuned,O1,tuned,0.99,50,1000000,10,batchU,50,4,12,100000,2,other,0,0,0
WO1-25-best100,O1,best100,0.99,95,10000,100,none,95,1000,48,100000,1,early_wts,3015,0,3015
WO1-25-best100,O1,best100,0.99,95,10000,100,none,95,1000,48,100000,1,early_rts,2578,0,2578
WO1-25-best100,O1,best100,0.99,95,10000,100,none,95,1000,48,100000,1,precheck,27575,0,27575
WO1-25-best100,O1,best100,0.99,95,10000,100,none,95,1000,48,100000,1,latest,668,0,668
WO1-25-best100,O1,best100,0.99,95,10000,100,none,95,1000,48,100000,1,read_match,49636,0,49636
WO1-25-best100,O1,best100,0.99,95,10000,100,none,95,1000,48,100000,1,write_rts_deleted,13394,0,13394
WO1-25-best100,O1,best100,0.99,95,10000,100,none,95,1000,48,100000,1,node_set,0,0,0
WO1-25-best100,O1,best100,0.99,95,10000,100,none,95,1000,48,100000,1,scan_node_set,0,0,0
WO1-25-best100,O1,best100,0.99,95,10000,100,none,95,1000,48,100000,1,other,0,0,0
WO1-25-best100,O1,best100,0.99,95,10000,100,none,95,1000,48,100000,2,early_wts,3203,0,3203
WO1-25-best100,O1,best100,0.99,95,10000,100,none,95,1000,48,100000,2,early_rts,2673,0,2673
WO1-25-best100,O1,best100,0.99,95,10000,100,none,95,1000,48,100000,2,precheck,27804,0,27804
WO1-25-best100,O1,best100,0.99,95,10000,100,none,95,1000,48,100000,2,latest,743,0,743
WO1-25-best100,O1,best100,0.99,95,10000,100,none,95,1000,48,100000,2,read_match,50848,0,50848
WO1-25-best100,O1,best100,0.99,95,10000,100,none,95,1000,48,100000,2,write_rts_deleted,14191,0,14191
WO1-25-best100,O1,best100,0.99,95,10000,100,none,95,1000,48,100000,2,node_set,0,0,0
WO1-25-best100,O1,best100,0.99,95,10000,100,none,95,1000,48,100000,2,scan_node_set,0,0,0
WO1-25-best100,O1,best100,0.99,95,10000,100,none,95,1000,48,100000,2,other,0,0,0
WO1-25-default,O1,default,0.99,95,10000,100,none,95,1000,48,100000,1,early_wts,612,0,612
WO1-25-default,O1,default,0.99,95,10000,100,none,95,1000,48,100000,1,early_rts,882,0,882
WO1-25-default,O1,default,0.99,95,10000,100,none,95,1000,48,100000,1,precheck,11646,0,11646
WO1-25-default,O1,default,0.99,95,10000,100,none,95,1000,48,100000,1,latest,254,0,254
WO1-25-default,O1,default,0.99,95,10000,100,none,95,1000,48,100000,1,read_match,47116,0,47116
WO1-25-default,O1,default,0.99,95,10000,100,none,95,1000,48,100000,1,write_rts_deleted,6769,0,6769
WO1-25-default,O1,default,0.99,95,10000,100,none,95,1000,48,100000,1,node_set,0,0,0
WO1-25-default,O1,default,0.99,95,10000,100,none,95,1000,48,100000,1,scan_node_set,0,0,0
WO1-25-default,O1,default,0.99,95,10000,100,none,95,1000,48,100000,1,other,0,0,0
WO1-25-default,O1,default,0.99,95,10000,100,none,95,1000,48,100000,2,early_wts,797,0,797
WO1-25-default,O1,default,0.99,95,10000,100,none,95,1000,48,100000,2,early_rts,1008,0,1008
WO1-25-default,O1,default,0.99,95,10000,100,none,95,1000,48,100000,2,precheck,13421,0,13421
WO1-25-default,O1,default,0.99,95,10000,100,none,95,1000,48,100000,2,latest,282,0,282
WO1-25-default,O1,default,0.99,95,10000,100,none,95,1000,48,100000,2,read_match,48771,0,48771
WO1-25-default,O1,default,0.99,95,10000,100,none,95,1000,48,100000,2,write_rts_deleted,7678,0,7678
WO1-25-default,O1,default,0.99,95,10000,100,none,95,1000,48,100000,2,node_set,0,0,0
WO1-25-default,O1,default,0.99,95,10000,100,none,95,1000,48,100000,2,scan_node_set,0,0,0
WO1-25-default,O1,default,0.99,95,10000,100,none,95,1000,48,100000,2,other,0,0,0
WO1-26-best100,O1,best100,0.99,95,100000,100,none,0,100,12,1000,1,early_wts,26302,0,26302
WO1-26-best100,O1,best100,0.99,95,100000,100,none,0,100,12,1000,1,early_rts,28978,0,28978
WO1-26-best100,O1,best100,0.99,95,100000,100,none,0,100,12,1000,1,precheck,297700,0,297700
WO1-26-best100,O1,best100,0.99,95,100000,100,none,0,100,12,1000,1,latest,6909,0,6909
WO1-26-best100,O1,best100,0.99,95,100000,100,none,0,100,12,1000,1,read_match,490843,0,490843
WO1-26-best100,O1,best100,0.99,95,100000,100,none,0,100,12,1000,1,write_rts_deleted,129468,0,129468
WO1-26-best100,O1,best100,0.99,95,100000,100,none,0,100,12,1000,1,node_set,0,0,0
WO1-26-best100,O1,best100,0.99,95,100000,100,none,0,100,12,1000,1,scan_node_set,0,0,0
WO1-26-best100,O1,best100,0.99,95,100000,100,none,0,100,12,1000,1,other,0,0,0
WO1-26-best100,O1,best100,0.99,95,100000,100,none,0,100,12,1000,2,early_wts,25876,0,25876
WO1-26-best100,O1,best100,0.99,95,100000,100,none,0,100,12,1000,2,early_rts,29275,0,29275
WO1-26-best100,O1,best100,0.99,95,100000,100,none,0,100,12,1000,2,precheck,296352,0,296352
WO1-26-best100,O1,best100,0.99,95,100000,100,none,0,100,12,1000,2,latest,7077,0,7077
WO1-26-best100,O1,best100,0.99,95,100000,100,none,0,100,12,1000,2,read_match,485663,0,485663
WO1-26-best100,O1,best100,0.99,95,100000,100,none,0,100,12,1000,2,write_rts_deleted,129672,0,129672
WO1-26-best100,O1,best100,0.99,95,100000,100,none,0,100,12,1000,2,node_set,0,0,0
WO1-26-best100,O1,best100,0.99,95,100000,100,none,0,100,12,1000,2,scan_node_set,0,0,0
WO1-26-best100,O1,best100,0.99,95,100000,100,none,0,100,12,1000,2,other,0,0,0
WO1-26-default,O1,default,0.99,95,100000,100,none,0,100,12,1000,1,early_wts,984,0,984
WO1-26-default,O1,default,0.99,95,100000,100,none,0,100,12,1000,1,early_rts,1981,0,1981
WO1-26-default,O1,default,0.99,95,100000,100,none,0,100,12,1000,1,precheck,18823,0,18823
WO1-26-default,O1,default,0.99,95,100000,100,none,0,100,12,1000,1,latest,320,0,320
WO1-26-default,O1,default,0.99,95,100000,100,none,0,100,12,1000,1,read_match,63055,0,63055
WO1-26-default,O1,default,0.99,95,100000,100,none,0,100,12,1000,1,write_rts_deleted,9360,0,9360
WO1-26-default,O1,default,0.99,95,100000,100,none,0,100,12,1000,1,node_set,0,0,0
WO1-26-default,O1,default,0.99,95,100000,100,none,0,100,12,1000,1,scan_node_set,0,0,0
WO1-26-default,O1,default,0.99,95,100000,100,none,0,100,12,1000,1,other,0,0,0
WO1-26-default,O1,default,0.99,95,100000,100,none,0,100,12,1000,2,early_wts,791,0,791
WO1-26-default,O1,default,0.99,95,100000,100,none,0,100,12,1000,2,early_rts,1743,0,1743
WO1-26-default,O1,default,0.99,95,100000,100,none,0,100,12,1000,2,precheck,16285,0,16285
WO1-26-default,O1,default,0.99,95,100000,100,none,0,100,12,1000,2,latest,307,0,307
WO1-26-default,O1,default,0.99,95,100000,100,none,0,100,12,1000,2,read_match,58410,0,58410
WO1-26-default,O1,default,0.99,95,100000,100,none,0,100,12,1000,2,write_rts_deleted,8354,0,8354
WO1-26-default,O1,default,0.99,95,100000,100,none,0,100,12,1000,2,node_set,0,0,0
WO1-26-default,O1,default,0.99,95,100000,100,none,0,100,12,1000,2,scan_node_set,0,0,0
WO1-26-default,O1,default,0.99,95,100000,100,none,0,100,12,1000,2,other,0,0,0
WO1-27-best100,O1,best100,0.99,95,1000000,100,none,50,4,24,10,1,early_wts,64167,0,64167
WO1-27-best100,O1,best100,0.99,95,1000000,100,none,50,4,24,10,1,early_rts,38292,0,38292
WO1-27-best100,O1,best100,0.99,95,1000000,100,none,50,4,24,10,1,precheck,597481,0,597481
WO1-27-best100,O1,best100,0.99,95,1000000,100,none,50,4,24,10,1,latest,19299,0,19299
WO1-27-best100,O1,best100,0.99,95,1000000,100,none,50,4,24,10,1,read_match,665561,0,665561
WO1-27-best100,O1,best100,0.99,95,1000000,100,none,50,4,24,10,1,write_rts_deleted,276945,0,276945
WO1-27-best100,O1,best100,0.99,95,1000000,100,none,50,4,24,10,1,node_set,0,0,0
WO1-27-best100,O1,best100,0.99,95,1000000,100,none,50,4,24,10,1,scan_node_set,0,0,0
WO1-27-best100,O1,best100,0.99,95,1000000,100,none,50,4,24,10,1,other,0,0,0
WO1-27-best100,O1,best100,0.99,95,1000000,100,none,50,4,24,10,2,early_wts,65144,0,65144
WO1-27-best100,O1,best100,0.99,95,1000000,100,none,50,4,24,10,2,early_rts,37585,0,37585
WO1-27-best100,O1,best100,0.99,95,1000000,100,none,50,4,24,10,2,precheck,614094,0,614094
WO1-27-best100,O1,best100,0.99,95,1000000,100,none,50,4,24,10,2,latest,19667,0,19667
WO1-27-best100,O1,best100,0.99,95,1000000,100,none,50,4,24,10,2,read_match,666863,0,666863
WO1-27-best100,O1,best100,0.99,95,1000000,100,none,50,4,24,10,2,write_rts_deleted,282589,0,282589
WO1-27-best100,O1,best100,0.99,95,1000000,100,none,50,4,24,10,2,node_set,0,0,0
WO1-27-best100,O1,best100,0.99,95,1000000,100,none,50,4,24,10,2,scan_node_set,0,0,0
WO1-27-best100,O1,best100,0.99,95,1000000,100,none,50,4,24,10,2,other,0,0,0
WO1-27-default,O1,default,0.99,95,1000000,100,none,50,4,24,10,1,early_wts,1964,0,1964
WO1-27-default,O1,default,0.99,95,1000000,100,none,50,4,24,10,1,early_rts,3510,0,3510
WO1-27-default,O1,default,0.99,95,1000000,100,none,50,4,24,10,1,precheck,34073,0,34073
WO1-27-default,O1,default,0.99,95,1000000,100,none,50,4,24,10,1,latest,546,0,546
WO1-27-default,O1,default,0.99,95,1000000,100,none,50,4,24,10,1,read_match,97328,0,97328
WO1-27-default,O1,default,0.99,95,1000000,100,none,50,4,24,10,1,write_rts_deleted,15413,0,15413
WO1-27-default,O1,default,0.99,95,1000000,100,none,50,4,24,10,1,node_set,0,0,0
WO1-27-default,O1,default,0.99,95,1000000,100,none,50,4,24,10,1,scan_node_set,0,0,0
WO1-27-default,O1,default,0.99,95,1000000,100,none,50,4,24,10,1,other,0,0,0
WO1-27-default,O1,default,0.99,95,1000000,100,none,50,4,24,10,2,early_wts,2228,0,2228
WO1-27-default,O1,default,0.99,95,1000000,100,none,50,4,24,10,2,early_rts,3678,0,3678
WO1-27-default,O1,default,0.99,95,1000000,100,none,50,4,24,10,2,precheck,37476,0,37476
WO1-27-default,O1,default,0.99,95,1000000,100,none,50,4,24,10,2,latest,637,0,637
WO1-27-default,O1,default,0.99,95,1000000,100,none,50,4,24,10,2,read_match,104244,0,104244
WO1-27-default,O1,default,0.99,95,1000000,100,none,50,4,24,10,2,write_rts_deleted,17179,0,17179
WO1-27-default,O1,default,0.99,95,1000000,100,none,50,4,24,10,2,node_set,0,0,0
WO1-27-default,O1,default,0.99,95,1000000,100,none,50,4,24,10,2,scan_node_set,0,0,0
WO1-27-default,O1,default,0.99,95,1000000,100,none,50,4,24,10,2,other,0,0,0
WO2-01-best100,O2,best100,0.9,95,100000,1000,batchU,95,100,48,1000,1,early_wts,2302,174,2476
WO2-01-best100,O2,best100,0.9,95,100000,1000,batchU,95,100,48,1000,1,early_rts,676,41,717
WO2-01-best100,O2,best100,0.9,95,100000,1000,batchU,95,100,48,1000,1,precheck,25476,1114,26590
WO2-01-best100,O2,best100,0.9,95,100000,1000,batchU,95,100,48,1000,1,latest,1121,55,1176
WO2-01-best100,O2,best100,0.9,95,100000,1000,batchU,95,100,48,1000,1,read_match,18421,425,18846
WO2-01-best100,O2,best100,0.9,95,100000,1000,batchU,95,100,48,1000,1,write_rts_deleted,4046,223,4269
WO2-01-best100,O2,best100,0.9,95,100000,1000,batchU,95,100,48,1000,1,node_set,0,0,0
WO2-01-best100,O2,best100,0.9,95,100000,1000,batchU,95,100,48,1000,1,scan_node_set,0,0,0
WO2-01-best100,O2,best100,0.9,95,100000,1000,batchU,95,100,48,1000,1,other,0,0,0
WO2-01-best100,O2,best100,0.9,95,100000,1000,batchU,95,100,48,1000,2,early_wts,2278,109,2387
WO2-01-best100,O2,best100,0.9,95,100000,1000,batchU,95,100,48,1000,2,early_rts,772,75,847
WO2-01-best100,O2,best100,0.9,95,100000,1000,batchU,95,100,48,1000,2,precheck,25779,1053,26832
WO2-01-best100,O2,best100,0.9,95,100000,1000,batchU,95,100,48,1000,2,latest,1119,45,1164
WO2-01-best100,O2,best100,0.9,95,100000,1000,batchU,95,100,48,1000,2,read_match,17344,539,17883
WO2-01-best100,O2,best100,0.9,95,100000,1000,batchU,95,100,48,1000,2,write_rts_deleted,4327,205,4532
WO2-01-best100,O2,best100,0.9,95,100000,1000,batchU,95,100,48,1000,2,node_set,0,0,0
WO2-01-best100,O2,best100,0.9,95,100000,1000,batchU,95,100,48,1000,2,scan_node_set,0,0,0
WO2-01-best100,O2,best100,0.9,95,100000,1000,batchU,95,100,48,1000,2,other,0,0,0
WO2-01-default,O2,default,0.9,95,100000,1000,batchU,95,100,48,1000,1,early_wts,1641,48,1689
WO2-01-default,O2,default,0.9,95,100000,1000,batchU,95,100,48,1000,1,early_rts,388,13,401
WO2-01-default,O2,default,0.9,95,100000,1000,batchU,95,100,48,1000,1,precheck,18522,664,19186
WO2-01-default,O2,default,0.9,95,100000,1000,batchU,95,100,48,1000,1,latest,1113,39,1152
WO2-01-default,O2,default,0.9,95,100000,1000,batchU,95,100,48,1000,1,read_match,22802,853,23655
WO2-01-default,O2,default,0.9,95,100000,1000,batchU,95,100,48,1000,1,write_rts_deleted,3047,121,3168
WO2-01-default,O2,default,0.9,95,100000,1000,batchU,95,100,48,1000,1,node_set,0,0,0
WO2-01-default,O2,default,0.9,95,100000,1000,batchU,95,100,48,1000,1,scan_node_set,0,0,0
WO2-01-default,O2,default,0.9,95,100000,1000,batchU,95,100,48,1000,1,other,0,0,0
WO2-01-default,O2,default,0.9,95,100000,1000,batchU,95,100,48,1000,2,early_wts,1428,39,1467
WO2-01-default,O2,default,0.9,95,100000,1000,batchU,95,100,48,1000,2,early_rts,343,17,360
WO2-01-default,O2,default,0.9,95,100000,1000,batchU,95,100,48,1000,2,precheck,16674,700,17374
WO2-01-default,O2,default,0.9,95,100000,1000,batchU,95,100,48,1000,2,latest,974,45,1019
WO2-01-default,O2,default,0.9,95,100000,1000,batchU,95,100,48,1000,2,read_match,21830,817,22647
WO2-01-default,O2,default,0.9,95,100000,1000,batchU,95,100,48,1000,2,write_rts_deleted,3192,129,3321
WO2-01-default,O2,default,0.9,95,100000,1000,batchU,95,100,48,1000,2,node_set,0,0,0
WO2-01-default,O2,default,0.9,95,100000,1000,batchU,95,100,48,1000,2,scan_node_set,0,0,0
WO2-01-default,O2,default,0.9,95,100000,1000,batchU,95,100,48,1000,2,other,0,0,0
WO2-02-default,O2,default,0.9,5,10000,10,none,95,100,12,1000,1,early_wts,244,0,244
WO2-02-default,O2,default,0.9,5,10000,10,none,95,100,12,1000,1,early_rts,965,0,965
WO2-02-default,O2,default,0.9,5,10000,10,none,95,100,12,1000,1,precheck,657,0,657
WO2-02-default,O2,default,0.9,5,10000,10,none,95,100,12,1000,1,latest,313,0,313
WO2-02-default,O2,default,0.9,5,10000,10,none,95,100,12,1000,1,read_match,5755,0,5755
WO2-02-default,O2,default,0.9,5,10000,10,none,95,100,12,1000,1,write_rts_deleted,2650,0,2650
WO2-02-default,O2,default,0.9,5,10000,10,none,95,100,12,1000,1,node_set,0,0,0
WO2-02-default,O2,default,0.9,5,10000,10,none,95,100,12,1000,1,scan_node_set,0,0,0
WO2-02-default,O2,default,0.9,5,10000,10,none,95,100,12,1000,1,other,0,0,0
WO2-02-default,O2,default,0.9,5,10000,10,none,95,100,12,1000,2,early_wts,271,0,271
WO2-02-default,O2,default,0.9,5,10000,10,none,95,100,12,1000,2,early_rts,975,0,975
WO2-02-default,O2,default,0.9,5,10000,10,none,95,100,12,1000,2,precheck,610,0,610
WO2-02-default,O2,default,0.9,5,10000,10,none,95,100,12,1000,2,latest,350,0,350
WO2-02-default,O2,default,0.9,5,10000,10,none,95,100,12,1000,2,read_match,5602,0,5602
WO2-02-default,O2,default,0.9,5,10000,10,none,95,100,12,1000,2,write_rts_deleted,2707,0,2707
WO2-02-default,O2,default,0.9,5,10000,10,none,95,100,12,1000,2,node_set,0,0,0
WO2-02-default,O2,default,0.9,5,10000,10,none,95,100,12,1000,2,scan_node_set,0,0,0
WO2-02-default,O2,default,0.9,5,10000,10,none,95,100,12,1000,2,other,0,0,0
WO2-02-tuned,O2,tuned,0.9,5,10000,10,none,95,100,12,1000,1,early_wts,294,0,294
WO2-02-tuned,O2,tuned,0.9,5,10000,10,none,95,100,12,1000,1,early_rts,1749,0,1749
WO2-02-tuned,O2,tuned,0.9,5,10000,10,none,95,100,12,1000,1,precheck,1520,0,1520
WO2-02-tuned,O2,tuned,0.9,5,10000,10,none,95,100,12,1000,1,latest,345,0,345
WO2-02-tuned,O2,tuned,0.9,5,10000,10,none,95,100,12,1000,1,read_match,9086,0,9086
WO2-02-tuned,O2,tuned,0.9,5,10000,10,none,95,100,12,1000,1,write_rts_deleted,4218,0,4218
WO2-02-tuned,O2,tuned,0.9,5,10000,10,none,95,100,12,1000,1,node_set,0,0,0
WO2-02-tuned,O2,tuned,0.9,5,10000,10,none,95,100,12,1000,1,scan_node_set,0,0,0
WO2-02-tuned,O2,tuned,0.9,5,10000,10,none,95,100,12,1000,1,other,0,0,0
WO2-02-tuned,O2,tuned,0.9,5,10000,10,none,95,100,12,1000,2,early_wts,350,0,350
WO2-02-tuned,O2,tuned,0.9,5,10000,10,none,95,100,12,1000,2,early_rts,1743,0,1743
WO2-02-tuned,O2,tuned,0.9,5,10000,10,none,95,100,12,1000,2,precheck,1673,0,1673
WO2-02-tuned,O2,tuned,0.9,5,10000,10,none,95,100,12,1000,2,latest,319,0,319
WO2-02-tuned,O2,tuned,0.9,5,10000,10,none,95,100,12,1000,2,read_match,9353,0,9353
WO2-02-tuned,O2,tuned,0.9,5,10000,10,none,95,100,12,1000,2,write_rts_deleted,4380,0,4380
WO2-02-tuned,O2,tuned,0.9,5,10000,10,none,95,100,12,1000,2,node_set,0,0,0
WO2-02-tuned,O2,tuned,0.9,5,10000,10,none,95,100,12,1000,2,scan_node_set,0,0,0
WO2-02-tuned,O2,tuned,0.9,5,10000,10,none,95,100,12,1000,2,other,0,0,0
WO2-03-best100,O2,best100,0.9,50,1000000,100,batchR,95,100,24,1000,1,early_wts,31,0,31
WO2-03-best100,O2,best100,0.9,50,1000000,100,batchR,95,100,24,1000,1,early_rts,46,0,46
WO2-03-best100,O2,best100,0.9,50,1000000,100,batchR,95,100,24,1000,1,precheck,340,0,340
WO2-03-best100,O2,best100,0.9,50,1000000,100,batchR,95,100,24,1000,1,latest,6,0,6
WO2-03-best100,O2,best100,0.9,50,1000000,100,batchR,95,100,24,1000,1,read_match,1234,0,1234
WO2-03-best100,O2,best100,0.9,50,1000000,100,batchR,95,100,24,1000,1,write_rts_deleted,39,0,39
WO2-03-best100,O2,best100,0.9,50,1000000,100,batchR,95,100,24,1000,1,node_set,0,0,0
WO2-03-best100,O2,best100,0.9,50,1000000,100,batchR,95,100,24,1000,1,scan_node_set,0,0,0
WO2-03-best100,O2,best100,0.9,50,1000000,100,batchR,95,100,24,1000,1,other,0,0,0
WO2-03-best100,O2,best100,0.9,50,1000000,100,batchR,95,100,24,1000,2,early_wts,25,0,25
WO2-03-best100,O2,best100,0.9,50,1000000,100,batchR,95,100,24,1000,2,early_rts,35,0,35
WO2-03-best100,O2,best100,0.9,50,1000000,100,batchR,95,100,24,1000,2,precheck,386,0,386
WO2-03-best100,O2,best100,0.9,50,1000000,100,batchR,95,100,24,1000,2,latest,9,0,9
WO2-03-best100,O2,best100,0.9,50,1000000,100,batchR,95,100,24,1000,2,read_match,1264,0,1264
WO2-03-best100,O2,best100,0.9,50,1000000,100,batchR,95,100,24,1000,2,write_rts_deleted,40,0,40
WO2-03-best100,O2,best100,0.9,50,1000000,100,batchR,95,100,24,1000,2,node_set,0,0,0
WO2-03-best100,O2,best100,0.9,50,1000000,100,batchR,95,100,24,1000,2,scan_node_set,0,0,0
WO2-03-best100,O2,best100,0.9,50,1000000,100,batchR,95,100,24,1000,2,other,0,0,0
WO2-03-default,O2,default,0.9,50,1000000,100,batchR,95,100,24,1000,1,early_wts,19,0,19
WO2-03-default,O2,default,0.9,50,1000000,100,batchR,95,100,24,1000,1,early_rts,20,0,20
WO2-03-default,O2,default,0.9,50,1000000,100,batchR,95,100,24,1000,1,precheck,183,0,183
WO2-03-default,O2,default,0.9,50,1000000,100,batchR,95,100,24,1000,1,latest,14,0,14
WO2-03-default,O2,default,0.9,50,1000000,100,batchR,95,100,24,1000,1,read_match,1077,0,1077
WO2-03-default,O2,default,0.9,50,1000000,100,batchR,95,100,24,1000,1,write_rts_deleted,39,0,39
WO2-03-default,O2,default,0.9,50,1000000,100,batchR,95,100,24,1000,1,node_set,0,0,0
WO2-03-default,O2,default,0.9,50,1000000,100,batchR,95,100,24,1000,1,scan_node_set,0,0,0
WO2-03-default,O2,default,0.9,50,1000000,100,batchR,95,100,24,1000,1,other,0,0,0
WO2-03-default,O2,default,0.9,50,1000000,100,batchR,95,100,24,1000,2,early_wts,11,0,11
WO2-03-default,O2,default,0.9,50,1000000,100,batchR,95,100,24,1000,2,early_rts,15,0,15
WO2-03-default,O2,default,0.9,50,1000000,100,batchR,95,100,24,1000,2,precheck,165,0,165
WO2-03-default,O2,default,0.9,50,1000000,100,batchR,95,100,24,1000,2,latest,3,0,3
WO2-03-default,O2,default,0.9,50,1000000,100,batchR,95,100,24,1000,2,read_match,1047,0,1047
WO2-03-default,O2,default,0.9,50,1000000,100,batchR,95,100,24,1000,2,write_rts_deleted,51,0,51
WO2-03-default,O2,default,0.9,50,1000000,100,batchR,95,100,24,1000,2,node_set,0,0,0
WO2-03-default,O2,default,0.9,50,1000000,100,batchR,95,100,24,1000,2,scan_node_set,0,0,0
WO2-03-default,O2,default,0.9,50,1000000,100,batchR,95,100,24,1000,2,other,0,0,0
WO2-04-default,O2,default,0.6,95,100000,10,batchR,95,1000,48,100000,1,early_wts,0,0,0
WO2-04-default,O2,default,0.6,95,100000,10,batchR,95,1000,48,100000,1,early_rts,30,0,30
WO2-04-default,O2,default,0.6,95,100000,10,batchR,95,1000,48,100000,1,precheck,2,0,2
WO2-04-default,O2,default,0.6,95,100000,10,batchR,95,1000,48,100000,1,latest,0,0,0
WO2-04-default,O2,default,0.6,95,100000,10,batchR,95,1000,48,100000,1,read_match,124,0,124
WO2-04-default,O2,default,0.6,95,100000,10,batchR,95,1000,48,100000,1,write_rts_deleted,74,0,74
WO2-04-default,O2,default,0.6,95,100000,10,batchR,95,1000,48,100000,1,node_set,0,0,0
WO2-04-default,O2,default,0.6,95,100000,10,batchR,95,1000,48,100000,1,scan_node_set,0,0,0
WO2-04-default,O2,default,0.6,95,100000,10,batchR,95,1000,48,100000,1,other,0,0,0
WO2-04-default,O2,default,0.6,95,100000,10,batchR,95,1000,48,100000,2,early_wts,0,0,0
WO2-04-default,O2,default,0.6,95,100000,10,batchR,95,1000,48,100000,2,early_rts,44,0,44
WO2-04-default,O2,default,0.6,95,100000,10,batchR,95,1000,48,100000,2,precheck,1,0,1
WO2-04-default,O2,default,0.6,95,100000,10,batchR,95,1000,48,100000,2,latest,0,0,0
WO2-04-default,O2,default,0.6,95,100000,10,batchR,95,1000,48,100000,2,read_match,118,0,118
WO2-04-default,O2,default,0.6,95,100000,10,batchR,95,1000,48,100000,2,write_rts_deleted,89,0,89
WO2-04-default,O2,default,0.6,95,100000,10,batchR,95,1000,48,100000,2,node_set,0,0,0
WO2-04-default,O2,default,0.6,95,100000,10,batchR,95,1000,48,100000,2,scan_node_set,0,0,0
WO2-04-default,O2,default,0.6,95,100000,10,batchR,95,1000,48,100000,2,other,0,0,0
WO2-04-tuned,O2,tuned,0.6,95,100000,10,batchR,95,1000,48,100000,1,early_wts,0,0,0
WO2-04-tuned,O2,tuned,0.6,95,100000,10,batchR,95,1000,48,100000,1,early_rts,32,0,32
WO2-04-tuned,O2,tuned,0.6,95,100000,10,batchR,95,1000,48,100000,1,precheck,1,0,1
WO2-04-tuned,O2,tuned,0.6,95,100000,10,batchR,95,1000,48,100000,1,latest,0,0,0
WO2-04-tuned,O2,tuned,0.6,95,100000,10,batchR,95,1000,48,100000,1,read_match,131,0,131
WO2-04-tuned,O2,tuned,0.6,95,100000,10,batchR,95,1000,48,100000,1,write_rts_deleted,74,0,74
WO2-04-tuned,O2,tuned,0.6,95,100000,10,batchR,95,1000,48,100000,1,node_set,0,0,0
WO2-04-tuned,O2,tuned,0.6,95,100000,10,batchR,95,1000,48,100000,1,scan_node_set,0,0,0
WO2-04-tuned,O2,tuned,0.6,95,100000,10,batchR,95,1000,48,100000,1,other,0,0,0
WO2-04-tuned,O2,tuned,0.6,95,100000,10,batchR,95,1000,48,100000,2,early_wts,1,0,1
WO2-04-tuned,O2,tuned,0.6,95,100000,10,batchR,95,1000,48,100000,2,early_rts,29,0,29
WO2-04-tuned,O2,tuned,0.6,95,100000,10,batchR,95,1000,48,100000,2,precheck,0,0,0
WO2-04-tuned,O2,tuned,0.6,95,100000,10,batchR,95,1000,48,100000,2,latest,0,0,0
WO2-04-tuned,O2,tuned,0.6,95,100000,10,batchR,95,1000,48,100000,2,read_match,156,0,156
WO2-04-tuned,O2,tuned,0.6,95,100000,10,batchR,95,1000,48,100000,2,write_rts_deleted,79,0,79
WO2-04-tuned,O2,tuned,0.6,95,100000,10,batchR,95,1000,48,100000,2,node_set,0,0,0
WO2-04-tuned,O2,tuned,0.6,95,100000,10,batchR,95,1000,48,100000,2,scan_node_set,0,0,0
WO2-04-tuned,O2,tuned,0.6,95,100000,10,batchR,95,1000,48,100000,2,other,0,0,0
WO2-05-best100,O2,best100,0.6,5,10000,100,batchU,95,1000,12,100000,1,early_wts,11,946,957
WO2-05-best100,O2,best100,0.6,5,10000,100,batchU,95,1000,12,100000,1,early_rts,47,2119,2166
WO2-05-best100,O2,best100,0.6,5,10000,100,batchU,95,1000,12,100000,1,precheck,90,165,255
WO2-05-best100,O2,best100,0.6,5,10000,100,batchU,95,1000,12,100000,1,latest,2,2,4
WO2-05-best100,O2,best100,0.6,5,10000,100,batchU,95,1000,12,100000,1,read_match,1314,1,1315
WO2-05-best100,O2,best100,0.6,5,10000,100,batchU,95,1000,12,100000,1,write_rts_deleted,56,3,59
WO2-05-best100,O2,best100,0.6,5,10000,100,batchU,95,1000,12,100000,1,node_set,0,0,0
WO2-05-best100,O2,best100,0.6,5,10000,100,batchU,95,1000,12,100000,1,scan_node_set,0,0,0
WO2-05-best100,O2,best100,0.6,5,10000,100,batchU,95,1000,12,100000,1,other,0,0,0
WO2-05-best100,O2,best100,0.6,5,10000,100,batchU,95,1000,12,100000,2,early_wts,10,962,972
WO2-05-best100,O2,best100,0.6,5,10000,100,batchU,95,1000,12,100000,2,early_rts,56,2244,2300
WO2-05-best100,O2,best100,0.6,5,10000,100,batchU,95,1000,12,100000,2,precheck,71,126,197
WO2-05-best100,O2,best100,0.6,5,10000,100,batchU,95,1000,12,100000,2,latest,0,1,1
WO2-05-best100,O2,best100,0.6,5,10000,100,batchU,95,1000,12,100000,2,read_match,1333,1,1334
WO2-05-best100,O2,best100,0.6,5,10000,100,batchU,95,1000,12,100000,2,write_rts_deleted,46,2,48
WO2-05-best100,O2,best100,0.6,5,10000,100,batchU,95,1000,12,100000,2,node_set,0,0,0
WO2-05-best100,O2,best100,0.6,5,10000,100,batchU,95,1000,12,100000,2,scan_node_set,0,0,0
WO2-05-best100,O2,best100,0.6,5,10000,100,batchU,95,1000,12,100000,2,other,0,0,0
WO2-05-default,O2,default,0.6,5,10000,100,batchU,95,1000,12,100000,1,early_wts,1,215,216
WO2-05-default,O2,default,0.6,5,10000,100,batchU,95,1000,12,100000,1,early_rts,11,1827,1838
WO2-05-default,O2,default,0.6,5,10000,100,batchU,95,1000,12,100000,1,precheck,162,310,472
WO2-05-default,O2,default,0.6,5,10000,100,batchU,95,1000,12,100000,1,latest,4,3,7
WO2-05-default,O2,default,0.6,5,10000,100,batchU,95,1000,12,100000,1,read_match,1358,1,1359
WO2-05-default,O2,default,0.6,5,10000,100,batchU,95,1000,12,100000,1,write_rts_deleted,83,0,83
WO2-05-default,O2,default,0.6,5,10000,100,batchU,95,1000,12,100000,1,node_set,0,0,0
WO2-05-default,O2,default,0.6,5,10000,100,batchU,95,1000,12,100000,1,scan_node_set,0,0,0
WO2-05-default,O2,default,0.6,5,10000,100,batchU,95,1000,12,100000,1,other,0,0,0
WO2-05-default,O2,default,0.6,5,10000,100,batchU,95,1000,12,100000,2,early_wts,4,826,830
WO2-05-default,O2,default,0.6,5,10000,100,batchU,95,1000,12,100000,2,early_rts,6,1545,1551
WO2-05-default,O2,default,0.6,5,10000,100,batchU,95,1000,12,100000,2,precheck,188,179,367
WO2-05-default,O2,default,0.6,5,10000,100,batchU,95,1000,12,100000,2,latest,8,0,8
WO2-05-default,O2,default,0.6,5,10000,100,batchU,95,1000,12,100000,2,read_match,1406,0,1406
WO2-05-default,O2,default,0.6,5,10000,100,batchU,95,1000,12,100000,2,write_rts_deleted,100,2,102
WO2-05-default,O2,default,0.6,5,10000,100,batchU,95,1000,12,100000,2,node_set,0,0,0
WO2-05-default,O2,default,0.6,5,10000,100,batchU,95,1000,12,100000,2,scan_node_set,0,0,0
WO2-05-default,O2,default,0.6,5,10000,100,batchU,95,1000,12,100000,2,other,0,0,0
WO2-06-best100,O2,best100,0.6,50,1000000,1000,none,95,1000,24,100000,1,early_wts,15,0,15
WO2-06-best100,O2,best100,0.6,50,1000000,1000,none,95,1000,24,100000,1,early_rts,46,0,46
WO2-06-best100,O2,best100,0.6,50,1000000,1000,none,95,1000,24,100000,1,precheck,746,0,746
WO2-06-best100,O2,best100,0.6,50,1000000,1000,none,95,1000,24,100000,1,latest,25,0,25
WO2-06-best100,O2,best100,0.6,50,1000000,1000,none,95,1000,24,100000,1,read_match,3874,0,3874
WO2-06-best100,O2,best100,0.6,50,1000000,1000,none,95,1000,24,100000,1,write_rts_deleted,59,0,59
WO2-06-best100,O2,best100,0.6,50,1000000,1000,none,95,1000,24,100000,1,node_set,0,0,0
WO2-06-best100,O2,best100,0.6,50,1000000,1000,none,95,1000,24,100000,1,scan_node_set,0,0,0
WO2-06-best100,O2,best100,0.6,50,1000000,1000,none,95,1000,24,100000,1,other,0,0,0
WO2-06-best100,O2,best100,0.6,50,1000000,1000,none,95,1000,24,100000,2,early_wts,17,0,17
WO2-06-best100,O2,best100,0.6,50,1000000,1000,none,95,1000,24,100000,2,early_rts,46,0,46
WO2-06-best100,O2,best100,0.6,50,1000000,1000,none,95,1000,24,100000,2,precheck,759,0,759
WO2-06-best100,O2,best100,0.6,50,1000000,1000,none,95,1000,24,100000,2,latest,26,0,26
WO2-06-best100,O2,best100,0.6,50,1000000,1000,none,95,1000,24,100000,2,read_match,3616,0,3616
WO2-06-best100,O2,best100,0.6,50,1000000,1000,none,95,1000,24,100000,2,write_rts_deleted,58,0,58
WO2-06-best100,O2,best100,0.6,50,1000000,1000,none,95,1000,24,100000,2,node_set,0,0,0
WO2-06-best100,O2,best100,0.6,50,1000000,1000,none,95,1000,24,100000,2,scan_node_set,0,0,0
WO2-06-best100,O2,best100,0.6,50,1000000,1000,none,95,1000,24,100000,2,other,0,0,0
WO2-06-default,O2,default,0.6,50,1000000,1000,none,95,1000,24,100000,1,early_wts,6,0,6
WO2-06-default,O2,default,0.6,50,1000000,1000,none,95,1000,24,100000,1,early_rts,20,0,20
WO2-06-default,O2,default,0.6,50,1000000,1000,none,95,1000,24,100000,1,precheck,838,0,838
WO2-06-default,O2,default,0.6,50,1000000,1000,none,95,1000,24,100000,1,latest,33,0,33
WO2-06-default,O2,default,0.6,50,1000000,1000,none,95,1000,24,100000,1,read_match,3495,0,3495
WO2-06-default,O2,default,0.6,50,1000000,1000,none,95,1000,24,100000,1,write_rts_deleted,50,0,50
WO2-06-default,O2,default,0.6,50,1000000,1000,none,95,1000,24,100000,1,node_set,0,0,0
WO2-06-default,O2,default,0.6,50,1000000,1000,none,95,1000,24,100000,1,scan_node_set,0,0,0
WO2-06-default,O2,default,0.6,50,1000000,1000,none,95,1000,24,100000,1,other,0,0,0
WO2-06-default,O2,default,0.6,50,1000000,1000,none,95,1000,24,100000,2,early_wts,13,0,13
WO2-06-default,O2,default,0.6,50,1000000,1000,none,95,1000,24,100000,2,early_rts,13,0,13
WO2-06-default,O2,default,0.6,50,1000000,1000,none,95,1000,24,100000,2,precheck,990,0,990
WO2-06-default,O2,default,0.6,50,1000000,1000,none,95,1000,24,100000,2,latest,30,0,30
WO2-06-default,O2,default,0.6,50,1000000,1000,none,95,1000,24,100000,2,read_match,3788,0,3788
WO2-06-default,O2,default,0.6,50,1000000,1000,none,95,1000,24,100000,2,write_rts_deleted,50,0,50
WO2-06-default,O2,default,0.6,50,1000000,1000,none,95,1000,24,100000,2,node_set,0,0,0
WO2-06-default,O2,default,0.6,50,1000000,1000,none,95,1000,24,100000,2,scan_node_set,0,0,0
WO2-06-default,O2,default,0.6,50,1000000,1000,none,95,1000,24,100000,2,other,0,0,0
WO2-07-best100,O2,best100,0.99,95,100000,100,none,95,4,48,10,1,early_wts,21918,0,21918
WO2-07-best100,O2,best100,0.99,95,100000,100,none,95,4,48,10,1,early_rts,20185,0,20185
WO2-07-best100,O2,best100,0.99,95,100000,100,none,95,4,48,10,1,precheck,219902,0,219902
WO2-07-best100,O2,best100,0.99,95,100000,100,none,95,4,48,10,1,latest,5284,0,5284
WO2-07-best100,O2,best100,0.99,95,100000,100,none,95,4,48,10,1,read_match,309795,0,309795
WO2-07-best100,O2,best100,0.99,95,100000,100,none,95,4,48,10,1,write_rts_deleted,124554,0,124554
WO2-07-best100,O2,best100,0.99,95,100000,100,none,95,4,48,10,1,node_set,0,0,0
WO2-07-best100,O2,best100,0.99,95,100000,100,none,95,4,48,10,1,scan_node_set,0,0,0
WO2-07-best100,O2,best100,0.99,95,100000,100,none,95,4,48,10,1,other,0,0,0
WO2-07-best100,O2,best100,0.99,95,100000,100,none,95,4,48,10,2,early_wts,22903,0,22903
WO2-07-best100,O2,best100,0.99,95,100000,100,none,95,4,48,10,2,early_rts,20790,0,20790
WO2-07-best100,O2,best100,0.99,95,100000,100,none,95,4,48,10,2,precheck,226589,0,226589
WO2-07-best100,O2,best100,0.99,95,100000,100,none,95,4,48,10,2,latest,5607,0,5607
WO2-07-best100,O2,best100,0.99,95,100000,100,none,95,4,48,10,2,read_match,306939,0,306939
WO2-07-best100,O2,best100,0.99,95,100000,100,none,95,4,48,10,2,write_rts_deleted,131314,0,131314
WO2-07-best100,O2,best100,0.99,95,100000,100,none,95,4,48,10,2,node_set,0,0,0
WO2-07-best100,O2,best100,0.99,95,100000,100,none,95,4,48,10,2,scan_node_set,0,0,0
WO2-07-best100,O2,best100,0.99,95,100000,100,none,95,4,48,10,2,other,0,0,0
WO2-07-default,O2,default,0.99,95,100000,100,none,95,4,48,10,1,early_wts,2043,0,2043
WO2-07-default,O2,default,0.99,95,100000,100,none,95,4,48,10,1,early_rts,1976,0,1976
WO2-07-default,O2,default,0.99,95,100000,100,none,95,4,48,10,1,precheck,35044,0,35044
WO2-07-default,O2,default,0.99,95,100000,100,none,95,4,48,10,1,latest,749,0,749
WO2-07-default,O2,default,0.99,95,100000,100,none,95,4,48,10,1,read_match,114174,0,114174
WO2-07-default,O2,default,0.99,95,100000,100,none,95,4,48,10,1,write_rts_deleted,23734,0,23734
WO2-07-default,O2,default,0.99,95,100000,100,none,95,4,48,10,1,node_set,0,0,0
WO2-07-default,O2,default,0.99,95,100000,100,none,95,4,48,10,1,scan_node_set,0,0,0
WO2-07-default,O2,default,0.99,95,100000,100,none,95,4,48,10,1,other,0,0,0
WO2-07-default,O2,default,0.99,95,100000,100,none,95,4,48,10,2,early_wts,1945,0,1945
WO2-07-default,O2,default,0.99,95,100000,100,none,95,4,48,10,2,early_rts,1857,0,1857
WO2-07-default,O2,default,0.99,95,100000,100,none,95,4,48,10,2,precheck,34540,0,34540
WO2-07-default,O2,default,0.99,95,100000,100,none,95,4,48,10,2,latest,803,0,803
WO2-07-default,O2,default,0.99,95,100000,100,none,95,4,48,10,2,read_match,113324,0,113324
WO2-07-default,O2,default,0.99,95,100000,100,none,95,4,48,10,2,write_rts_deleted,24032,0,24032
WO2-07-default,O2,default,0.99,95,100000,100,none,95,4,48,10,2,node_set,0,0,0
WO2-07-default,O2,default,0.99,95,100000,100,none,95,4,48,10,2,scan_node_set,0,0,0
WO2-07-default,O2,default,0.99,95,100000,100,none,95,4,48,10,2,other,0,0,0
WO2-08-best100,O2,best100,0.99,5,10000,1000,batchR,95,4,12,10,1,early_wts,0,0,0
WO2-08-best100,O2,best100,0.99,5,10000,1000,batchR,95,4,12,10,1,early_rts,0,0,0
WO2-08-best100,O2,best100,0.99,5,10000,1000,batchR,95,4,12,10,1,precheck,14,0,14
WO2-08-best100,O2,best100,0.99,5,10000,1000,batchR,95,4,12,10,1,latest,0,0,0
WO2-08-best100,O2,best100,0.99,5,10000,1000,batchR,95,4,12,10,1,read_match,193,0,193
WO2-08-best100,O2,best100,0.99,5,10000,1000,batchR,95,4,12,10,1,write_rts_deleted,2,0,2
WO2-08-best100,O2,best100,0.99,5,10000,1000,batchR,95,4,12,10,1,node_set,0,0,0
WO2-08-best100,O2,best100,0.99,5,10000,1000,batchR,95,4,12,10,1,scan_node_set,0,0,0
WO2-08-best100,O2,best100,0.99,5,10000,1000,batchR,95,4,12,10,1,other,0,0,0
WO2-08-best100,O2,best100,0.99,5,10000,1000,batchR,95,4,12,10,2,early_wts,0,0,0
WO2-08-best100,O2,best100,0.99,5,10000,1000,batchR,95,4,12,10,2,early_rts,0,0,0
WO2-08-best100,O2,best100,0.99,5,10000,1000,batchR,95,4,12,10,2,precheck,3,0,3
WO2-08-best100,O2,best100,0.99,5,10000,1000,batchR,95,4,12,10,2,latest,1,0,1
WO2-08-best100,O2,best100,0.99,5,10000,1000,batchR,95,4,12,10,2,read_match,136,0,136
WO2-08-best100,O2,best100,0.99,5,10000,1000,batchR,95,4,12,10,2,write_rts_deleted,1,0,1
WO2-08-best100,O2,best100,0.99,5,10000,1000,batchR,95,4,12,10,2,node_set,0,0,0
WO2-08-best100,O2,best100,0.99,5,10000,1000,batchR,95,4,12,10,2,scan_node_set,0,0,0
WO2-08-best100,O2,best100,0.99,5,10000,1000,batchR,95,4,12,10,2,other,0,0,0
WO2-08-default,O2,default,0.99,5,10000,1000,batchR,95,4,12,10,1,early_wts,0,0,0
WO2-08-default,O2,default,0.99,5,10000,1000,batchR,95,4,12,10,1,early_rts,0,0,0
WO2-08-default,O2,default,0.99,5,10000,1000,batchR,95,4,12,10,1,precheck,10,0,10
WO2-08-default,O2,default,0.99,5,10000,1000,batchR,95,4,12,10,1,latest,2,0,2
WO2-08-default,O2,default,0.99,5,10000,1000,batchR,95,4,12,10,1,read_match,145,0,145
WO2-08-default,O2,default,0.99,5,10000,1000,batchR,95,4,12,10,1,write_rts_deleted,0,0,0
WO2-08-default,O2,default,0.99,5,10000,1000,batchR,95,4,12,10,1,node_set,0,0,0
WO2-08-default,O2,default,0.99,5,10000,1000,batchR,95,4,12,10,1,scan_node_set,0,0,0
WO2-08-default,O2,default,0.99,5,10000,1000,batchR,95,4,12,10,1,other,0,0,0
WO2-08-default,O2,default,0.99,5,10000,1000,batchR,95,4,12,10,2,early_wts,0,0,0
WO2-08-default,O2,default,0.99,5,10000,1000,batchR,95,4,12,10,2,early_rts,0,0,0
WO2-08-default,O2,default,0.99,5,10000,1000,batchR,95,4,12,10,2,precheck,3,0,3
WO2-08-default,O2,default,0.99,5,10000,1000,batchR,95,4,12,10,2,latest,4,0,4
WO2-08-default,O2,default,0.99,5,10000,1000,batchR,95,4,12,10,2,read_match,149,0,149
WO2-08-default,O2,default,0.99,5,10000,1000,batchR,95,4,12,10,2,write_rts_deleted,0,0,0
WO2-08-default,O2,default,0.99,5,10000,1000,batchR,95,4,12,10,2,node_set,0,0,0
WO2-08-default,O2,default,0.99,5,10000,1000,batchR,95,4,12,10,2,scan_node_set,0,0,0
WO2-08-default,O2,default,0.99,5,10000,1000,batchR,95,4,12,10,2,other,0,0,0
WO2-09-default,O2,default,0.99,50,1000000,10,batchU,95,4,24,10,1,early_wts,358,3025,3383
WO2-09-default,O2,default,0.99,50,1000000,10,batchU,95,4,24,10,1,early_rts,2826,4053,6879
WO2-09-default,O2,default,0.99,50,1000000,10,batchU,95,4,24,10,1,precheck,5237,0,5237
WO2-09-default,O2,default,0.99,50,1000000,10,batchU,95,4,24,10,1,latest,334,0,334
WO2-09-default,O2,default,0.99,50,1000000,10,batchU,95,4,24,10,1,read_match,31841,0,31841
WO2-09-default,O2,default,0.99,50,1000000,10,batchU,95,4,24,10,1,write_rts_deleted,7456,0,7456
WO2-09-default,O2,default,0.99,50,1000000,10,batchU,95,4,24,10,1,node_set,0,0,0
WO2-09-default,O2,default,0.99,50,1000000,10,batchU,95,4,24,10,1,scan_node_set,0,0,0
WO2-09-default,O2,default,0.99,50,1000000,10,batchU,95,4,24,10,1,other,0,0,0
WO2-09-default,O2,default,0.99,50,1000000,10,batchU,95,4,24,10,2,early_wts,362,3867,4229
WO2-09-default,O2,default,0.99,50,1000000,10,batchU,95,4,24,10,2,early_rts,2807,3129,5936
WO2-09-default,O2,default,0.99,50,1000000,10,batchU,95,4,24,10,2,precheck,4598,0,4598
WO2-09-default,O2,default,0.99,50,1000000,10,batchU,95,4,24,10,2,latest,427,0,427
WO2-09-default,O2,default,0.99,50,1000000,10,batchU,95,4,24,10,2,read_match,31193,0,31193
WO2-09-default,O2,default,0.99,50,1000000,10,batchU,95,4,24,10,2,write_rts_deleted,7939,0,7939
WO2-09-default,O2,default,0.99,50,1000000,10,batchU,95,4,24,10,2,node_set,0,0,0
WO2-09-default,O2,default,0.99,50,1000000,10,batchU,95,4,24,10,2,scan_node_set,0,0,0
WO2-09-default,O2,default,0.99,50,1000000,10,batchU,95,4,24,10,2,other,0,0,0
WO2-09-tuned,O2,tuned,0.99,50,1000000,10,batchU,95,4,24,10,1,early_wts,2145,44367,46512
WO2-09-tuned,O2,tuned,0.99,50,1000000,10,batchU,95,4,24,10,1,early_rts,14840,66177,81017
WO2-09-tuned,O2,tuned,0.99,50,1000000,10,batchU,95,4,24,10,1,precheck,37188,0,37188
WO2-09-tuned,O2,tuned,0.99,50,1000000,10,batchU,95,4,24,10,1,latest,434,0,434
WO2-09-tuned,O2,tuned,0.99,50,1000000,10,batchU,95,4,24,10,1,read_match,88026,0,88026
WO2-09-tuned,O2,tuned,0.99,50,1000000,10,batchU,95,4,24,10,1,write_rts_deleted,14507,0,14507
WO2-09-tuned,O2,tuned,0.99,50,1000000,10,batchU,95,4,24,10,1,node_set,0,0,0
WO2-09-tuned,O2,tuned,0.99,50,1000000,10,batchU,95,4,24,10,1,scan_node_set,0,0,0
WO2-09-tuned,O2,tuned,0.99,50,1000000,10,batchU,95,4,24,10,1,other,0,0,0
WO2-09-tuned,O2,tuned,0.99,50,1000000,10,batchU,95,4,24,10,2,early_wts,1948,40023,41971
WO2-09-tuned,O2,tuned,0.99,50,1000000,10,batchU,95,4,24,10,2,early_rts,13284,59663,72947
WO2-09-tuned,O2,tuned,0.99,50,1000000,10,batchU,95,4,24,10,2,precheck,35008,0,35008
WO2-09-tuned,O2,tuned,0.99,50,1000000,10,batchU,95,4,24,10,2,latest,378,0,378
WO2-09-tuned,O2,tuned,0.99,50,1000000,10,batchU,95,4,24,10,2,read_match,85435,0,85435
WO2-09-tuned,O2,tuned,0.99,50,1000000,10,batchU,95,4,24,10,2,write_rts_deleted,13655,0,13655
WO2-09-tuned,O2,tuned,0.99,50,1000000,10,batchU,95,4,24,10,2,node_set,0,0,0
WO2-09-tuned,O2,tuned,0.99,50,1000000,10,batchU,95,4,24,10,2,scan_node_set,0,0,0
WO2-09-tuned,O2,tuned,0.99,50,1000000,10,batchU,95,4,24,10,2,other,0,0,0
WO2-10-best100,O2,best100,0.99,5,1000000,1000,batchU,0,100,48,100000,1,early_wts,3588,101,3689
WO2-10-best100,O2,best100,0.99,5,1000000,1000,batchU,0,100,48,100000,1,early_rts,605,9,614
WO2-10-best100,O2,best100,0.99,5,1000000,1000,batchU,0,100,48,100000,1,precheck,17840,457,18297
WO2-10-best100,O2,best100,0.99,5,1000000,1000,batchU,0,100,48,100000,1,latest,9533,269,9802
WO2-10-best100,O2,best100,0.99,5,1000000,1000,batchU,0,100,48,100000,1,read_match,12584,287,12871
WO2-10-best100,O2,best100,0.99,5,1000000,1000,batchU,0,100,48,100000,1,write_rts_deleted,919,9,928
WO2-10-best100,O2,best100,0.99,5,1000000,1000,batchU,0,100,48,100000,1,node_set,0,0,0
WO2-10-best100,O2,best100,0.99,5,1000000,1000,batchU,0,100,48,100000,1,scan_node_set,0,0,0
WO2-10-best100,O2,best100,0.99,5,1000000,1000,batchU,0,100,48,100000,1,other,0,0,0
WO2-10-best100,O2,best100,0.99,5,1000000,1000,batchU,0,100,48,100000,2,early_wts,4196,51,4247
WO2-10-best100,O2,best100,0.99,5,1000000,1000,batchU,0,100,48,100000,2,early_rts,525,12,537
WO2-10-best100,O2,best100,0.99,5,1000000,1000,batchU,0,100,48,100000,2,precheck,17070,413,17483
WO2-10-best100,O2,best100,0.99,5,1000000,1000,batchU,0,100,48,100000,2,latest,9433,183,9616
WO2-10-best100,O2,best100,0.99,5,1000000,1000,batchU,0,100,48,100000,2,read_match,12680,260,12940
WO2-10-best100,O2,best100,0.99,5,1000000,1000,batchU,0,100,48,100000,2,write_rts_deleted,832,18,850
WO2-10-best100,O2,best100,0.99,5,1000000,1000,batchU,0,100,48,100000,2,node_set,0,0,0
WO2-10-best100,O2,best100,0.99,5,1000000,1000,batchU,0,100,48,100000,2,scan_node_set,0,0,0
WO2-10-best100,O2,best100,0.99,5,1000000,1000,batchU,0,100,48,100000,2,other,0,0,0
WO2-10-default,O2,default,0.99,5,1000000,1000,batchU,0,100,48,100000,1,early_wts,6731,156,6887
WO2-10-default,O2,default,0.99,5,1000000,1000,batchU,0,100,48,100000,1,early_rts,643,19,662
WO2-10-default,O2,default,0.99,5,1000000,1000,batchU,0,100,48,100000,1,precheck,20027,401,20428
WO2-10-default,O2,default,0.99,5,1000000,1000,batchU,0,100,48,100000,1,latest,13724,295,14019
WO2-10-default,O2,default,0.99,5,1000000,1000,batchU,0,100,48,100000,1,read_match,14663,275,14938
WO2-10-default,O2,default,0.99,5,1000000,1000,batchU,0,100,48,100000,1,write_rts_deleted,1450,32,1482
WO2-10-default,O2,default,0.99,5,1000000,1000,batchU,0,100,48,100000,1,node_set,0,0,0
WO2-10-default,O2,default,0.99,5,1000000,1000,batchU,0,100,48,100000,1,scan_node_set,0,0,0
WO2-10-default,O2,default,0.99,5,1000000,1000,batchU,0,100,48,100000,1,other,0,0,0
WO2-10-default,O2,default,0.99,5,1000000,1000,batchU,0,100,48,100000,2,early_wts,6737,55,6792
WO2-10-default,O2,default,0.99,5,1000000,1000,batchU,0,100,48,100000,2,early_rts,590,10,600
WO2-10-default,O2,default,0.99,5,1000000,1000,batchU,0,100,48,100000,2,precheck,19989,555,20544
WO2-10-default,O2,default,0.99,5,1000000,1000,batchU,0,100,48,100000,2,latest,14001,120,14121
WO2-10-default,O2,default,0.99,5,1000000,1000,batchU,0,100,48,100000,2,read_match,14532,464,14996
WO2-10-default,O2,default,0.99,5,1000000,1000,batchU,0,100,48,100000,2,write_rts_deleted,1350,55,1405
WO2-10-default,O2,default,0.99,5,1000000,1000,batchU,0,100,48,100000,2,node_set,0,0,0
WO2-10-default,O2,default,0.99,5,1000000,1000,batchU,0,100,48,100000,2,scan_node_set,0,0,0
WO2-10-default,O2,default,0.99,5,1000000,1000,batchU,0,100,48,100000,2,other,0,0,0
WO2-11-default,O2,default,0.99,50,100000,10,none,0,100,12,100000,1,early_wts,2056,0,2056
WO2-11-default,O2,default,0.99,50,100000,10,none,0,100,12,100000,1,early_rts,8516,0,8516
WO2-11-default,O2,default,0.99,50,100000,10,none,0,100,12,100000,1,precheck,15169,0,15169
WO2-11-default,O2,default,0.99,50,100000,10,none,0,100,12,100000,1,latest,1156,0,1156
WO2-11-default,O2,default,0.99,50,100000,10,none,0,100,12,100000,1,read_match,40984,0,40984
WO2-11-default,O2,default,0.99,50,100000,10,none,0,100,12,100000,1,write_rts_deleted,10178,0,10178
WO2-11-default,O2,default,0.99,50,100000,10,none,0,100,12,100000,1,node_set,0,0,0
WO2-11-default,O2,default,0.99,50,100000,10,none,0,100,12,100000,1,scan_node_set,0,0,0
WO2-11-default,O2,default,0.99,50,100000,10,none,0,100,12,100000,1,other,0,0,0
WO2-11-default,O2,default,0.99,50,100000,10,none,0,100,12,100000,2,early_wts,2017,0,2017
WO2-11-default,O2,default,0.99,50,100000,10,none,0,100,12,100000,2,early_rts,8335,0,8335
WO2-11-default,O2,default,0.99,50,100000,10,none,0,100,12,100000,2,precheck,15276,0,15276
WO2-11-default,O2,default,0.99,50,100000,10,none,0,100,12,100000,2,latest,1116,0,1116
WO2-11-default,O2,default,0.99,50,100000,10,none,0,100,12,100000,2,read_match,41316,0,41316
WO2-11-default,O2,default,0.99,50,100000,10,none,0,100,12,100000,2,write_rts_deleted,10112,0,10112
WO2-11-default,O2,default,0.99,50,100000,10,none,0,100,12,100000,2,node_set,0,0,0
WO2-11-default,O2,default,0.99,50,100000,10,none,0,100,12,100000,2,scan_node_set,0,0,0
WO2-11-default,O2,default,0.99,50,100000,10,none,0,100,12,100000,2,other,0,0,0
WO2-11-tuned,O2,tuned,0.99,50,100000,10,none,0,100,12,100000,1,early_wts,54884,0,54884
WO2-11-tuned,O2,tuned,0.99,50,100000,10,none,0,100,12,100000,1,early_rts,164590,0,164590
WO2-11-tuned,O2,tuned,0.99,50,100000,10,none,0,100,12,100000,1,precheck,433136,0,433136
WO2-11-tuned,O2,tuned,0.99,50,100000,10,none,0,100,12,100000,1,latest,3981,0,3981
WO2-11-tuned,O2,tuned,0.99,50,100000,10,none,0,100,12,100000,1,read_match,343295,0,343295
WO2-11-tuned,O2,tuned,0.99,50,100000,10,none,0,100,12,100000,1,write_rts_deleted,44331,0,44331
WO2-11-tuned,O2,tuned,0.99,50,100000,10,none,0,100,12,100000,1,node_set,0,0,0
WO2-11-tuned,O2,tuned,0.99,50,100000,10,none,0,100,12,100000,1,scan_node_set,0,0,0
WO2-11-tuned,O2,tuned,0.99,50,100000,10,none,0,100,12,100000,1,other,0,0,0
WO2-11-tuned,O2,tuned,0.99,50,100000,10,none,0,100,12,100000,2,early_wts,54211,0,54211
WO2-11-tuned,O2,tuned,0.99,50,100000,10,none,0,100,12,100000,2,early_rts,164431,0,164431
WO2-11-tuned,O2,tuned,0.99,50,100000,10,none,0,100,12,100000,2,precheck,429589,0,429589
WO2-11-tuned,O2,tuned,0.99,50,100000,10,none,0,100,12,100000,2,latest,3718,0,3718
WO2-11-tuned,O2,tuned,0.99,50,100000,10,none,0,100,12,100000,2,read_match,341665,0,341665
WO2-11-tuned,O2,tuned,0.99,50,100000,10,none,0,100,12,100000,2,write_rts_deleted,43755,0,43755
WO2-11-tuned,O2,tuned,0.99,50,100000,10,none,0,100,12,100000,2,node_set,0,0,0
WO2-11-tuned,O2,tuned,0.99,50,100000,10,none,0,100,12,100000,2,scan_node_set,0,0,0
WO2-11-tuned,O2,tuned,0.99,50,100000,10,none,0,100,12,100000,2,other,0,0,0
WO2-12-best100,O2,best100,0.99,95,10000,100,batchR,0,100,24,100000,1,early_wts,117194,0,117194
WO2-12-best100,O2,best100,0.99,95,10000,100,batchR,0,100,24,100000,1,early_rts,32571,0,32571
WO2-12-best100,O2,best100,0.99,95,10000,100,batchR,0,100,24,100000,1,precheck,899808,0,899808
WO2-12-best100,O2,best100,0.99,95,10000,100,batchR,0,100,24,100000,1,latest,29105,0,29105
WO2-12-best100,O2,best100,0.99,95,10000,100,batchR,0,100,24,100000,1,read_match,489390,0,489390
WO2-12-best100,O2,best100,0.99,95,10000,100,batchR,0,100,24,100000,1,write_rts_deleted,377662,0,377662
WO2-12-best100,O2,best100,0.99,95,10000,100,batchR,0,100,24,100000,1,node_set,0,0,0
WO2-12-best100,O2,best100,0.99,95,10000,100,batchR,0,100,24,100000,1,scan_node_set,0,0,0
WO2-12-best100,O2,best100,0.99,95,10000,100,batchR,0,100,24,100000,1,other,0,0,0
WO2-12-best100,O2,best100,0.99,95,10000,100,batchR,0,100,24,100000,2,early_wts,116208,0,116208
WO2-12-best100,O2,best100,0.99,95,10000,100,batchR,0,100,24,100000,2,early_rts,32289,0,32289
WO2-12-best100,O2,best100,0.99,95,10000,100,batchR,0,100,24,100000,2,precheck,902308,0,902308
WO2-12-best100,O2,best100,0.99,95,10000,100,batchR,0,100,24,100000,2,latest,29377,0,29377
WO2-12-best100,O2,best100,0.99,95,10000,100,batchR,0,100,24,100000,2,read_match,484751,0,484751
WO2-12-best100,O2,best100,0.99,95,10000,100,batchR,0,100,24,100000,2,write_rts_deleted,377322,0,377322
WO2-12-best100,O2,best100,0.99,95,10000,100,batchR,0,100,24,100000,2,node_set,0,0,0
WO2-12-best100,O2,best100,0.99,95,10000,100,batchR,0,100,24,100000,2,scan_node_set,0,0,0
WO2-12-best100,O2,best100,0.99,95,10000,100,batchR,0,100,24,100000,2,other,0,0,0
WO2-12-default,O2,default,0.99,95,10000,100,batchR,0,100,24,100000,1,early_wts,2720,0,2720
WO2-12-default,O2,default,0.99,95,10000,100,batchR,0,100,24,100000,1,early_rts,2784,0,2784
WO2-12-default,O2,default,0.99,95,10000,100,batchR,0,100,24,100000,1,precheck,43608,0,43608
WO2-12-default,O2,default,0.99,95,10000,100,batchR,0,100,24,100000,1,latest,1160,0,1160
WO2-12-default,O2,default,0.99,95,10000,100,batchR,0,100,24,100000,1,read_match,107137,0,107137
WO2-12-default,O2,default,0.99,95,10000,100,batchR,0,100,24,100000,1,write_rts_deleted,21384,0,21384
WO2-12-default,O2,default,0.99,95,10000,100,batchR,0,100,24,100000,1,node_set,0,0,0
WO2-12-default,O2,default,0.99,95,10000,100,batchR,0,100,24,100000,1,scan_node_set,0,0,0
WO2-12-default,O2,default,0.99,95,10000,100,batchR,0,100,24,100000,1,other,0,0,0
WO2-12-default,O2,default,0.99,95,10000,100,batchR,0,100,24,100000,2,early_wts,3520,0,3520
WO2-12-default,O2,default,0.99,95,10000,100,batchR,0,100,24,100000,2,early_rts,3290,0,3290
WO2-12-default,O2,default,0.99,95,10000,100,batchR,0,100,24,100000,2,precheck,53092,0,53092
WO2-12-default,O2,default,0.99,95,10000,100,batchR,0,100,24,100000,2,latest,1397,0,1397
WO2-12-default,O2,default,0.99,95,10000,100,batchR,0,100,24,100000,2,read_match,121331,0,121331
WO2-12-default,O2,default,0.99,95,10000,100,batchR,0,100,24,100000,2,write_rts_deleted,26404,0,26404
WO2-12-default,O2,default,0.99,95,10000,100,batchR,0,100,24,100000,2,node_set,0,0,0
WO2-12-default,O2,default,0.99,95,10000,100,batchR,0,100,24,100000,2,scan_node_set,0,0,0
WO2-12-default,O2,default,0.99,95,10000,100,batchR,0,100,24,100000,2,other,0,0,0
WO2-13-default,O2,default,0.9,5,1000000,10,batchR,0,1000,48,10,1,early_wts,728,0,728
WO2-13-default,O2,default,0.9,5,1000000,10,batchR,0,1000,48,10,1,early_rts,10862,0,10862
WO2-13-default,O2,default,0.9,5,1000000,10,batchR,0,1000,48,10,1,precheck,8911,0,8911
WO2-13-default,O2,default,0.9,5,1000000,10,batchR,0,1000,48,10,1,latest,329,0,329
WO2-13-default,O2,default,0.9,5,1000000,10,batchR,0,1000,48,10,1,read_match,9083,0,9083
WO2-13-default,O2,default,0.9,5,1000000,10,batchR,0,1000,48,10,1,write_rts_deleted,7003,0,7003
WO2-13-default,O2,default,0.9,5,1000000,10,batchR,0,1000,48,10,1,node_set,0,0,0
WO2-13-default,O2,default,0.9,5,1000000,10,batchR,0,1000,48,10,1,scan_node_set,0,0,0
WO2-13-default,O2,default,0.9,5,1000000,10,batchR,0,1000,48,10,1,other,0,0,0
WO2-13-default,O2,default,0.9,5,1000000,10,batchR,0,1000,48,10,2,early_wts,809,0,809
WO2-13-default,O2,default,0.9,5,1000000,10,batchR,0,1000,48,10,2,early_rts,10985,0,10985
WO2-13-default,O2,default,0.9,5,1000000,10,batchR,0,1000,48,10,2,precheck,9063,0,9063
WO2-13-default,O2,default,0.9,5,1000000,10,batchR,0,1000,48,10,2,latest,293,0,293
WO2-13-default,O2,default,0.9,5,1000000,10,batchR,0,1000,48,10,2,read_match,8950,0,8950
WO2-13-default,O2,default,0.9,5,1000000,10,batchR,0,1000,48,10,2,write_rts_deleted,7017,0,7017
WO2-13-default,O2,default,0.9,5,1000000,10,batchR,0,1000,48,10,2,node_set,0,0,0
WO2-13-default,O2,default,0.9,5,1000000,10,batchR,0,1000,48,10,2,scan_node_set,0,0,0
WO2-13-default,O2,default,0.9,5,1000000,10,batchR,0,1000,48,10,2,other,0,0,0
WO2-13-tuned,O2,tuned,0.9,5,1000000,10,batchR,0,1000,48,10,1,early_wts,861,0,861
WO2-13-tuned,O2,tuned,0.9,5,1000000,10,batchR,0,1000,48,10,1,early_rts,11651,0,11651
WO2-13-tuned,O2,tuned,0.9,5,1000000,10,batchR,0,1000,48,10,1,precheck,9231,0,9231
WO2-13-tuned,O2,tuned,0.9,5,1000000,10,batchR,0,1000,48,10,1,latest,310,0,310
WO2-13-tuned,O2,tuned,0.9,5,1000000,10,batchR,0,1000,48,10,1,read_match,8715,0,8715
WO2-13-tuned,O2,tuned,0.9,5,1000000,10,batchR,0,1000,48,10,1,write_rts_deleted,7366,0,7366
WO2-13-tuned,O2,tuned,0.9,5,1000000,10,batchR,0,1000,48,10,1,node_set,0,0,0
WO2-13-tuned,O2,tuned,0.9,5,1000000,10,batchR,0,1000,48,10,1,scan_node_set,0,0,0
WO2-13-tuned,O2,tuned,0.9,5,1000000,10,batchR,0,1000,48,10,1,other,0,0,0
WO2-13-tuned,O2,tuned,0.9,5,1000000,10,batchR,0,1000,48,10,2,early_wts,981,0,981
WO2-13-tuned,O2,tuned,0.9,5,1000000,10,batchR,0,1000,48,10,2,early_rts,11543,0,11543
WO2-13-tuned,O2,tuned,0.9,5,1000000,10,batchR,0,1000,48,10,2,precheck,9062,0,9062
WO2-13-tuned,O2,tuned,0.9,5,1000000,10,batchR,0,1000,48,10,2,latest,308,0,308
WO2-13-tuned,O2,tuned,0.9,5,1000000,10,batchR,0,1000,48,10,2,read_match,8823,0,8823
WO2-13-tuned,O2,tuned,0.9,5,1000000,10,batchR,0,1000,48,10,2,write_rts_deleted,7322,0,7322
WO2-13-tuned,O2,tuned,0.9,5,1000000,10,batchR,0,1000,48,10,2,node_set,0,0,0
WO2-13-tuned,O2,tuned,0.9,5,1000000,10,batchR,0,1000,48,10,2,scan_node_set,0,0,0
WO2-13-tuned,O2,tuned,0.9,5,1000000,10,batchR,0,1000,48,10,2,other,0,0,0
WO2-14-best100,O2,best100,0.9,50,100000,100,batchU,0,1000,12,10,1,early_wts,15574,15864,31438
WO2-14-best100,O2,best100,0.9,50,100000,100,batchU,0,1000,12,10,1,early_rts,7778,9492,17270
WO2-14-best100,O2,best100,0.9,50,100000,100,batchU,0,1000,12,10,1,precheck,99019,0,99019
WO2-14-best100,O2,best100,0.9,50,100000,100,batchU,0,1000,12,10,1,latest,7485,0,7485
WO2-14-best100,O2,best100,0.9,50,100000,100,batchU,0,1000,12,10,1,read_match,132490,0,132490
WO2-14-best100,O2,best100,0.9,50,100000,100,batchU,0,1000,12,10,1,write_rts_deleted,4793,0,4793
WO2-14-best100,O2,best100,0.9,50,100000,100,batchU,0,1000,12,10,1,node_set,0,0,0
WO2-14-best100,O2,best100,0.9,50,100000,100,batchU,0,1000,12,10,1,scan_node_set,0,0,0
WO2-14-best100,O2,best100,0.9,50,100000,100,batchU,0,1000,12,10,1,other,0,0,0
WO2-14-best100,O2,best100,0.9,50,100000,100,batchU,0,1000,12,10,2,early_wts,16238,14457,30695
WO2-14-best100,O2,best100,0.9,50,100000,100,batchU,0,1000,12,10,2,early_rts,7794,8749,16543
WO2-14-best100,O2,best100,0.9,50,100000,100,batchU,0,1000,12,10,2,precheck,98373,0,98373
WO2-14-best100,O2,best100,0.9,50,100000,100,batchU,0,1000,12,10,2,latest,6996,0,6996
WO2-14-best100,O2,best100,0.9,50,100000,100,batchU,0,1000,12,10,2,read_match,131765,0,131765
WO2-14-best100,O2,best100,0.9,50,100000,100,batchU,0,1000,12,10,2,write_rts_deleted,4853,0,4853
WO2-14-best100,O2,best100,0.9,50,100000,100,batchU,0,1000,12,10,2,node_set,0,0,0
WO2-14-best100,O2,best100,0.9,50,100000,100,batchU,0,1000,12,10,2,scan_node_set,0,0,0
WO2-14-best100,O2,best100,0.9,50,100000,100,batchU,0,1000,12,10,2,other,0,0,0
WO2-14-default,O2,default,0.9,50,100000,100,batchU,0,1000,12,10,1,early_wts,2435,2200,4635
WO2-14-default,O2,default,0.9,50,100000,100,batchU,0,1000,12,10,1,early_rts,1642,2584,4226
WO2-14-default,O2,default,0.9,50,100000,100,batchU,0,1000,12,10,1,precheck,15444,0,15444
WO2-14-default,O2,default,0.9,50,100000,100,batchU,0,1000,12,10,1,latest,703,0,703
WO2-14-default,O2,default,0.9,50,100000,100,batchU,0,1000,12,10,1,read_match,33620,0,33620
WO2-14-default,O2,default,0.9,50,100000,100,batchU,0,1000,12,10,1,write_rts_deleted,927,0,927
WO2-14-default,O2,default,0.9,50,100000,100,batchU,0,1000,12,10,1,node_set,0,0,0
WO2-14-default,O2,default,0.9,50,100000,100,batchU,0,1000,12,10,1,scan_node_set,0,0,0
WO2-14-default,O2,default,0.9,50,100000,100,batchU,0,1000,12,10,1,other,0,0,0
WO2-14-default,O2,default,0.9,50,100000,100,batchU,0,1000,12,10,2,early_wts,2803,3220,6023
WO2-14-default,O2,default,0.9,50,100000,100,batchU,0,1000,12,10,2,early_rts,1855,2006,3861
WO2-14-default,O2,default,0.9,50,100000,100,batchU,0,1000,12,10,2,precheck,16777,0,16777
WO2-14-default,O2,default,0.9,50,100000,100,batchU,0,1000,12,10,2,latest,748,0,748
WO2-14-default,O2,default,0.9,50,100000,100,batchU,0,1000,12,10,2,read_match,35000,0,35000
WO2-14-default,O2,default,0.9,50,100000,100,batchU,0,1000,12,10,2,write_rts_deleted,979,0,979
WO2-14-default,O2,default,0.9,50,100000,100,batchU,0,1000,12,10,2,node_set,0,0,0
WO2-14-default,O2,default,0.9,50,100000,100,batchU,0,1000,12,10,2,scan_node_set,0,0,0
WO2-14-default,O2,default,0.9,50,100000,100,batchU,0,1000,12,10,2,other,0,0,0
WO2-15-best100,O2,best100,0.9,95,10000,1000,none,0,1000,24,10,1,early_wts,3267,0,3267
WO2-15-best100,O2,best100,0.9,95,10000,1000,none,0,1000,24,10,1,early_rts,1195,0,1195
WO2-15-best100,O2,best100,0.9,95,10000,1000,none,0,1000,24,10,1,precheck,33758,0,33758
WO2-15-best100,O2,best100,0.9,95,10000,1000,none,0,1000,24,10,1,latest,1366,0,1366
WO2-15-best100,O2,best100,0.9,95,10000,1000,none,0,1000,24,10,1,read_match,16738,0,16738
WO2-15-best100,O2,best100,0.9,95,10000,1000,none,0,1000,24,10,1,write_rts_deleted,6627,0,6627
WO2-15-best100,O2,best100,0.9,95,10000,1000,none,0,1000,24,10,1,node_set,0,0,0
WO2-15-best100,O2,best100,0.9,95,10000,1000,none,0,1000,24,10,1,scan_node_set,0,0,0
WO2-15-best100,O2,best100,0.9,95,10000,1000,none,0,1000,24,10,1,other,0,0,0
WO2-15-best100,O2,best100,0.9,95,10000,1000,none,0,1000,24,10,2,early_wts,3631,0,3631
WO2-15-best100,O2,best100,0.9,95,10000,1000,none,0,1000,24,10,2,early_rts,1261,0,1261
WO2-15-best100,O2,best100,0.9,95,10000,1000,none,0,1000,24,10,2,precheck,33603,0,33603
WO2-15-best100,O2,best100,0.9,95,10000,1000,none,0,1000,24,10,2,latest,1356,0,1356
WO2-15-best100,O2,best100,0.9,95,10000,1000,none,0,1000,24,10,2,read_match,16983,0,16983
WO2-15-best100,O2,best100,0.9,95,10000,1000,none,0,1000,24,10,2,write_rts_deleted,6481,0,6481
WO2-15-best100,O2,best100,0.9,95,10000,1000,none,0,1000,24,10,2,node_set,0,0,0
WO2-15-best100,O2,best100,0.9,95,10000,1000,none,0,1000,24,10,2,scan_node_set,0,0,0
WO2-15-best100,O2,best100,0.9,95,10000,1000,none,0,1000,24,10,2,other,0,0,0
WO2-15-default,O2,default,0.9,95,10000,1000,none,0,1000,24,10,1,early_wts,3905,0,3905
WO2-15-default,O2,default,0.9,95,10000,1000,none,0,1000,24,10,1,early_rts,1063,0,1063
WO2-15-default,O2,default,0.9,95,10000,1000,none,0,1000,24,10,1,precheck,28410,0,28410
WO2-15-default,O2,default,0.9,95,10000,1000,none,0,1000,24,10,1,latest,1277,0,1277
WO2-15-default,O2,default,0.9,95,10000,1000,none,0,1000,24,10,1,read_match,21072,0,21072
WO2-15-default,O2,default,0.9,95,10000,1000,none,0,1000,24,10,1,write_rts_deleted,7893,0,7893
WO2-15-default,O2,default,0.9,95,10000,1000,none,0,1000,24,10,1,node_set,0,0,0
WO2-15-default,O2,default,0.9,95,10000,1000,none,0,1000,24,10,1,scan_node_set,0,0,0
WO2-15-default,O2,default,0.9,95,10000,1000,none,0,1000,24,10,1,other,0,0,0
WO2-15-default,O2,default,0.9,95,10000,1000,none,0,1000,24,10,2,early_wts,4154,0,4154
WO2-15-default,O2,default,0.9,95,10000,1000,none,0,1000,24,10,2,early_rts,1107,0,1107
WO2-15-default,O2,default,0.9,95,10000,1000,none,0,1000,24,10,2,precheck,29347,0,29347
WO2-15-default,O2,default,0.9,95,10000,1000,none,0,1000,24,10,2,latest,1207,0,1207
WO2-15-default,O2,default,0.9,95,10000,1000,none,0,1000,24,10,2,read_match,20989,0,20989
WO2-15-default,O2,default,0.9,95,10000,1000,none,0,1000,24,10,2,write_rts_deleted,7681,0,7681
WO2-15-default,O2,default,0.9,95,10000,1000,none,0,1000,24,10,2,node_set,0,0,0
WO2-15-default,O2,default,0.9,95,10000,1000,none,0,1000,24,10,2,scan_node_set,0,0,0
WO2-15-default,O2,default,0.9,95,10000,1000,none,0,1000,24,10,2,other,0,0,0
WO2-16-best100,O2,best100,0.6,5,1000000,100,none,0,4,48,1000,1,early_wts,77,0,77
WO2-16-best100,O2,best100,0.6,5,1000000,100,none,0,4,48,1000,1,early_rts,2105,0,2105
WO2-16-best100,O2,best100,0.6,5,1000000,100,none,0,4,48,1000,1,precheck,2086,0,2086
WO2-16-best100,O2,best100,0.6,5,1000000,100,none,0,4,48,1000,1,latest,25,0,25
WO2-16-best100,O2,best100,0.6,5,1000000,100,none,0,4,48,1000,1,read_match,6661,0,6661
WO2-16-best100,O2,best100,0.6,5,1000000,100,none,0,4,48,1000,1,write_rts_deleted,2257,0,2257
WO2-16-best100,O2,best100,0.6,5,1000000,100,none,0,4,48,1000,1,node_set,0,0,0
WO2-16-best100,O2,best100,0.6,5,1000000,100,none,0,4,48,1000,1,scan_node_set,0,0,0
WO2-16-best100,O2,best100,0.6,5,1000000,100,none,0,4,48,1000,1,other,0,0,0
WO2-16-best100,O2,best100,0.6,5,1000000,100,none,0,4,48,1000,2,early_wts,52,0,52
WO2-16-best100,O2,best100,0.6,5,1000000,100,none,0,4,48,1000,2,early_rts,1810,0,1810
WO2-16-best100,O2,best100,0.6,5,1000000,100,none,0,4,48,1000,2,precheck,1956,0,1956
WO2-16-best100,O2,best100,0.6,5,1000000,100,none,0,4,48,1000,2,latest,25,0,25
WO2-16-best100,O2,best100,0.6,5,1000000,100,none,0,4,48,1000,2,read_match,6094,0,6094
WO2-16-best100,O2,best100,0.6,5,1000000,100,none,0,4,48,1000,2,write_rts_deleted,2032,0,2032
WO2-16-best100,O2,best100,0.6,5,1000000,100,none,0,4,48,1000,2,node_set,0,0,0
WO2-16-best100,O2,best100,0.6,5,1000000,100,none,0,4,48,1000,2,scan_node_set,0,0,0
WO2-16-best100,O2,best100,0.6,5,1000000,100,none,0,4,48,1000,2,other,0,0,0
WO2-16-default,O2,default,0.6,5,1000000,100,none,0,4,48,1000,1,early_wts,296,0,296
WO2-16-default,O2,default,0.6,5,1000000,100,none,0,4,48,1000,1,early_rts,1137,0,1137
WO2-16-default,O2,default,0.6,5,1000000,100,none,0,4,48,1000,1,precheck,3522,0,3522
WO2-16-default,O2,default,0.6,5,1000000,100,none,0,4,48,1000,1,latest,67,0,67
WO2-16-default,O2,default,0.6,5,1000000,100,none,0,4,48,1000,1,read_match,37523,0,37523
WO2-16-default,O2,default,0.6,5,1000000,100,none,0,4,48,1000,1,write_rts_deleted,4518,0,4518
WO2-16-default,O2,default,0.6,5,1000000,100,none,0,4,48,1000,1,node_set,0,0,0
WO2-16-default,O2,default,0.6,5,1000000,100,none,0,4,48,1000,1,scan_node_set,0,0,0
WO2-16-default,O2,default,0.6,5,1000000,100,none,0,4,48,1000,1,other,0,0,0
WO2-16-default,O2,default,0.6,5,1000000,100,none,0,4,48,1000,2,early_wts,256,0,256
WO2-16-default,O2,default,0.6,5,1000000,100,none,0,4,48,1000,2,early_rts,1157,0,1157
WO2-16-default,O2,default,0.6,5,1000000,100,none,0,4,48,1000,2,precheck,3236,0,3236
WO2-16-default,O2,default,0.6,5,1000000,100,none,0,4,48,1000,2,latest,78,0,78
WO2-16-default,O2,default,0.6,5,1000000,100,none,0,4,48,1000,2,read_match,35935,0,35935
WO2-16-default,O2,default,0.6,5,1000000,100,none,0,4,48,1000,2,write_rts_deleted,4570,0,4570
WO2-16-default,O2,default,0.6,5,1000000,100,none,0,4,48,1000,2,node_set,0,0,0
WO2-16-default,O2,default,0.6,5,1000000,100,none,0,4,48,1000,2,scan_node_set,0,0,0
WO2-16-default,O2,default,0.6,5,1000000,100,none,0,4,48,1000,2,other,0,0,0
WO2-17-best100,O2,best100,0.6,50,100000,1000,batchR,0,4,12,1000,1,early_wts,59,0,59
WO2-17-best100,O2,best100,0.6,50,100000,1000,batchR,0,4,12,1000,1,early_rts,152,0,152
WO2-17-best100,O2,best100,0.6,50,100000,1000,batchR,0,4,12,1000,1,precheck,4027,0,4027
WO2-17-best100,O2,best100,0.6,50,100000,1000,batchR,0,4,12,1000,1,latest,1422,0,1422
WO2-17-best100,O2,best100,0.6,50,100000,1000,batchR,0,4,12,1000,1,read_match,6349,0,6349
WO2-17-best100,O2,best100,0.6,50,100000,1000,batchR,0,4,12,1000,1,write_rts_deleted,893,0,893
WO2-17-best100,O2,best100,0.6,50,100000,1000,batchR,0,4,12,1000,1,node_set,0,0,0
WO2-17-best100,O2,best100,0.6,50,100000,1000,batchR,0,4,12,1000,1,scan_node_set,0,0,0
WO2-17-best100,O2,best100,0.6,50,100000,1000,batchR,0,4,12,1000,1,other,0,0,0
WO2-17-best100,O2,best100,0.6,50,100000,1000,batchR,0,4,12,1000,2,early_wts,61,0,61
WO2-17-best100,O2,best100,0.6,50,100000,1000,batchR,0,4,12,1000,2,early_rts,91,0,91
WO2-17-best100,O2,best100,0.6,50,100000,1000,batchR,0,4,12,1000,2,precheck,3100,0,3100
WO2-17-best100,O2,best100,0.6,50,100000,1000,batchR,0,4,12,1000,2,latest,1873,0,1873
WO2-17-best100,O2,best100,0.6,50,100000,1000,batchR,0,4,12,1000,2,read_match,6279,0,6279
WO2-17-best100,O2,best100,0.6,50,100000,1000,batchR,0,4,12,1000,2,write_rts_deleted,666,0,666
WO2-17-best100,O2,best100,0.6,50,100000,1000,batchR,0,4,12,1000,2,node_set,0,0,0
WO2-17-best100,O2,best100,0.6,50,100000,1000,batchR,0,4,12,1000,2,scan_node_set,0,0,0
WO2-17-best100,O2,best100,0.6,50,100000,1000,batchR,0,4,12,1000,2,other,0,0,0
WO2-17-default,O2,default,0.6,50,100000,1000,batchR,0,4,12,1000,1,early_wts,122,0,122
WO2-17-default,O2,default,0.6,50,100000,1000,batchR,0,4,12,1000,1,early_rts,182,0,182
WO2-17-default,O2,default,0.6,50,100000,1000,batchR,0,4,12,1000,1,precheck,3819,0,3819
WO2-17-default,O2,default,0.6,50,100000,1000,batchR,0,4,12,1000,1,latest,1275,0,1275
WO2-17-default,O2,default,0.6,50,100000,1000,batchR,0,4,12,1000,1,read_match,6757,0,6757
WO2-17-default,O2,default,0.6,50,100000,1000,batchR,0,4,12,1000,1,write_rts_deleted,706,0,706
WO2-17-default,O2,default,0.6,50,100000,1000,batchR,0,4,12,1000,1,node_set,0,0,0
WO2-17-default,O2,default,0.6,50,100000,1000,batchR,0,4,12,1000,1,scan_node_set,0,0,0
WO2-17-default,O2,default,0.6,50,100000,1000,batchR,0,4,12,1000,1,other,0,0,0
WO2-17-default,O2,default,0.6,50,100000,1000,batchR,0,4,12,1000,2,early_wts,123,0,123
WO2-17-default,O2,default,0.6,50,100000,1000,batchR,0,4,12,1000,2,early_rts,153,0,153
WO2-17-default,O2,default,0.6,50,100000,1000,batchR,0,4,12,1000,2,precheck,3517,0,3517
WO2-17-default,O2,default,0.6,50,100000,1000,batchR,0,4,12,1000,2,latest,1044,0,1044
WO2-17-default,O2,default,0.6,50,100000,1000,batchR,0,4,12,1000,2,read_match,6963,0,6963
WO2-17-default,O2,default,0.6,50,100000,1000,batchR,0,4,12,1000,2,write_rts_deleted,587,0,587
WO2-17-default,O2,default,0.6,50,100000,1000,batchR,0,4,12,1000,2,node_set,0,0,0
WO2-17-default,O2,default,0.6,50,100000,1000,batchR,0,4,12,1000,2,scan_node_set,0,0,0
WO2-17-default,O2,default,0.6,50,100000,1000,batchR,0,4,12,1000,2,other,0,0,0
WO2-18-default,O2,default,0.6,95,10000,10,batchU,0,4,24,1000,1,early_wts,5,0,5
WO2-18-default,O2,default,0.6,95,10000,10,batchU,0,4,24,1000,1,early_rts,2522,5291,7813
WO2-18-default,O2,default,0.6,95,10000,10,batchU,0,4,24,1000,1,precheck,603,0,603
WO2-18-default,O2,default,0.6,95,10000,10,batchU,0,4,24,1000,1,latest,4,0,4
WO2-18-default,O2,default,0.6,95,10000,10,batchU,0,4,24,1000,1,read_match,74474,0,74474
WO2-18-default,O2,default,0.6,95,10000,10,batchU,0,4,24,1000,1,write_rts_deleted,15862,0,15862
WO2-18-default,O2,default,0.6,95,10000,10,batchU,0,4,24,1000,1,node_set,0,0,0
WO2-18-default,O2,default,0.6,95,10000,10,batchU,0,4,24,1000,1,scan_node_set,0,0,0
WO2-18-default,O2,default,0.6,95,10000,10,batchU,0,4,24,1000,1,other,0,0,0
WO2-18-default,O2,default,0.6,95,10000,10,batchU,0,4,24,1000,2,early_wts,6,41,47
WO2-18-default,O2,default,0.6,95,10000,10,batchU,0,4,24,1000,2,early_rts,2598,5348,7946
WO2-18-default,O2,default,0.6,95,10000,10,batchU,0,4,24,1000,2,precheck,610,0,610
WO2-18-default,O2,default,0.6,95,10000,10,batchU,0,4,24,1000,2,latest,10,0,10
WO2-18-default,O2,default,0.6,95,10000,10,batchU,0,4,24,1000,2,read_match,74824,0,74824
WO2-18-default,O2,default,0.6,95,10000,10,batchU,0,4,24,1000,2,write_rts_deleted,15955,0,15955
WO2-18-default,O2,default,0.6,95,10000,10,batchU,0,4,24,1000,2,node_set,0,0,0
WO2-18-default,O2,default,0.6,95,10000,10,batchU,0,4,24,1000,2,scan_node_set,0,0,0
WO2-18-default,O2,default,0.6,95,10000,10,batchU,0,4,24,1000,2,other,0,0,0
WO2-18-tuned,O2,tuned,0.6,95,10000,10,batchU,0,4,24,1000,1,early_wts,151,33229,33380
WO2-18-tuned,O2,tuned,0.6,95,10000,10,batchU,0,4,24,1000,1,early_rts,23781,141469,165250
WO2-18-tuned,O2,tuned,0.6,95,10000,10,batchU,0,4,24,1000,1,precheck,13669,0,13669
WO2-18-tuned,O2,tuned,0.6,95,10000,10,batchU,0,4,24,1000,1,latest,150,0,150
WO2-18-tuned,O2,tuned,0.6,95,10000,10,batchU,0,4,24,1000,1,read_match,542006,0,542006
WO2-18-tuned,O2,tuned,0.6,95,10000,10,batchU,0,4,24,1000,1,write_rts_deleted,158760,0,158760
WO2-18-tuned,O2,tuned,0.6,95,10000,10,batchU,0,4,24,1000,1,node_set,0,0,0
WO2-18-tuned,O2,tuned,0.6,95,10000,10,batchU,0,4,24,1000,1,scan_node_set,0,0,0
WO2-18-tuned,O2,tuned,0.6,95,10000,10,batchU,0,4,24,1000,1,other,0,0,0
WO2-18-tuned,O2,tuned,0.6,95,10000,10,batchU,0,4,24,1000,2,early_wts,135,103,238
WO2-18-tuned,O2,tuned,0.6,95,10000,10,batchU,0,4,24,1000,2,early_rts,23143,52391,75534
WO2-18-tuned,O2,tuned,0.6,95,10000,10,batchU,0,4,24,1000,2,precheck,12624,0,12624
WO2-18-tuned,O2,tuned,0.6,95,10000,10,batchU,0,4,24,1000,2,latest,138,0,138
WO2-18-tuned,O2,tuned,0.6,95,10000,10,batchU,0,4,24,1000,2,read_match,539272,0,539272
WO2-18-tuned,O2,tuned,0.6,95,10000,10,batchU,0,4,24,1000,2,write_rts_deleted,155523,0,155523
WO2-18-tuned,O2,tuned,0.6,95,10000,10,batchU,0,4,24,1000,2,node_set,0,0,0
WO2-18-tuned,O2,tuned,0.6,95,10000,10,batchU,0,4,24,1000,2,scan_node_set,0,0,0
WO2-18-tuned,O2,tuned,0.6,95,10000,10,batchU,0,4,24,1000,2,other,0,0,0
WO2-19-best100,O2,best100,0.6,50,10000,1000,batchU,50,100,48,10,1,early_wts,6682,224,6906
WO2-19-best100,O2,best100,0.6,50,10000,1000,batchU,50,100,48,10,1,early_rts,1411,19,1430
WO2-19-best100,O2,best100,0.6,50,10000,1000,batchU,50,100,48,10,1,precheck,21554,472,22026
WO2-19-best100,O2,best100,0.6,50,10000,1000,batchU,50,100,48,10,1,latest,3551,69,3620
WO2-19-best100,O2,best100,0.6,50,10000,1000,batchU,50,100,48,10,1,read_match,7414,116,7530
WO2-19-best100,O2,best100,0.6,50,10000,1000,batchU,50,100,48,10,1,write_rts_deleted,2273,25,2298
WO2-19-best100,O2,best100,0.6,50,10000,1000,batchU,50,100,48,10,1,node_set,0,0,0
WO2-19-best100,O2,best100,0.6,50,10000,1000,batchU,50,100,48,10,1,scan_node_set,0,0,0
WO2-19-best100,O2,best100,0.6,50,10000,1000,batchU,50,100,48,10,1,other,0,0,0
WO2-19-best100,O2,best100,0.6,50,10000,1000,batchU,50,100,48,10,2,early_wts,6549,158,6707
WO2-19-best100,O2,best100,0.6,50,10000,1000,batchU,50,100,48,10,2,early_rts,1527,27,1554
WO2-19-best100,O2,best100,0.6,50,10000,1000,batchU,50,100,48,10,2,precheck,20754,450,21204
WO2-19-best100,O2,best100,0.6,50,10000,1000,batchU,50,100,48,10,2,latest,3425,56,3481
WO2-19-best100,O2,best100,0.6,50,10000,1000,batchU,50,100,48,10,2,read_match,7257,170,7427
WO2-19-best100,O2,best100,0.6,50,10000,1000,batchU,50,100,48,10,2,write_rts_deleted,2192,43,2235
WO2-19-best100,O2,best100,0.6,50,10000,1000,batchU,50,100,48,10,2,node_set,0,0,0
WO2-19-best100,O2,best100,0.6,50,10000,1000,batchU,50,100,48,10,2,scan_node_set,0,0,0
WO2-19-best100,O2,best100,0.6,50,10000,1000,batchU,50,100,48,10,2,other,0,0,0
WO2-19-default,O2,default,0.6,50,10000,1000,batchU,50,100,48,10,1,early_wts,5524,131,5655
WO2-19-default,O2,default,0.6,50,10000,1000,batchU,50,100,48,10,1,early_rts,828,20,848
WO2-19-default,O2,default,0.6,50,10000,1000,batchU,50,100,48,10,1,precheck,23423,501,23924
WO2-19-default,O2,default,0.6,50,10000,1000,batchU,50,100,48,10,1,latest,3975,83,4058
WO2-19-default,O2,default,0.6,50,10000,1000,batchU,50,100,48,10,1,read_match,6097,130,6227
WO2-19-default,O2,default,0.6,50,10000,1000,batchU,50,100,48,10,1,write_rts_deleted,3694,82,3776
WO2-19-default,O2,default,0.6,50,10000,1000,batchU,50,100,48,10,1,node_set,0,0,0
WO2-19-default,O2,default,0.6,50,10000,1000,batchU,50,100,48,10,1,scan_node_set,0,0,0
WO2-19-default,O2,default,0.6,50,10000,1000,batchU,50,100,48,10,1,other,0,0,0
WO2-19-default,O2,default,0.6,50,10000,1000,batchU,50,100,48,10,2,early_wts,4921,93,5014
WO2-19-default,O2,default,0.6,50,10000,1000,batchU,50,100,48,10,2,early_rts,797,15,812
WO2-19-default,O2,default,0.6,50,10000,1000,batchU,50,100,48,10,2,precheck,22720,579,23299
WO2-19-default,O2,default,0.6,50,10000,1000,batchU,50,100,48,10,2,latest,4070,88,4158
WO2-19-default,O2,default,0.6,50,10000,1000,batchU,50,100,48,10,2,read_match,5834,93,5927
WO2-19-default,O2,default,0.6,50,10000,1000,batchU,50,100,48,10,2,write_rts_deleted,3883,60,3943
WO2-19-default,O2,default,0.6,50,10000,1000,batchU,50,100,48,10,2,node_set,0,0,0
WO2-19-default,O2,default,0.6,50,10000,1000,batchU,50,100,48,10,2,scan_node_set,0,0,0
WO2-19-default,O2,default,0.6,50,10000,1000,batchU,50,100,48,10,2,other,0,0,0
WO2-20-default,O2,default,0.6,95,1000000,10,none,50,100,12,10,1,early_wts,0,0,0
WO2-20-default,O2,default,0.6,95,1000000,10,none,50,100,12,10,1,early_rts,25,0,25
WO2-20-default,O2,default,0.6,95,1000000,10,none,50,100,12,10,1,precheck,2,0,2
WO2-20-default,O2,default,0.6,95,1000000,10,none,50,100,12,10,1,latest,0,0,0
WO2-20-default,O2,default,0.6,95,1000000,10,none,50,100,12,10,1,read_match,751,0,751
WO2-20-default,O2,default,0.6,95,1000000,10,none,50,100,12,10,1,write_rts_deleted,230,0,230
WO2-20-default,O2,default,0.6,95,1000000,10,none,50,100,12,10,1,node_set,0,0,0
WO2-20-default,O2,default,0.6,95,1000000,10,none,50,100,12,10,1,scan_node_set,0,0,0
WO2-20-default,O2,default,0.6,95,1000000,10,none,50,100,12,10,1,other,0,0,0
WO2-20-default,O2,default,0.6,95,1000000,10,none,50,100,12,10,2,early_wts,0,0,0
WO2-20-default,O2,default,0.6,95,1000000,10,none,50,100,12,10,2,early_rts,17,0,17
WO2-20-default,O2,default,0.6,95,1000000,10,none,50,100,12,10,2,precheck,2,0,2
WO2-20-default,O2,default,0.6,95,1000000,10,none,50,100,12,10,2,latest,0,0,0
WO2-20-default,O2,default,0.6,95,1000000,10,none,50,100,12,10,2,read_match,741,0,741
WO2-20-default,O2,default,0.6,95,1000000,10,none,50,100,12,10,2,write_rts_deleted,254,0,254
WO2-20-default,O2,default,0.6,95,1000000,10,none,50,100,12,10,2,node_set,0,0,0
WO2-20-default,O2,default,0.6,95,1000000,10,none,50,100,12,10,2,scan_node_set,0,0,0
WO2-20-default,O2,default,0.6,95,1000000,10,none,50,100,12,10,2,other,0,0,0
WO2-20-tuned,O2,tuned,0.6,95,1000000,10,none,50,100,12,10,1,early_wts,0,0,0
WO2-20-tuned,O2,tuned,0.6,95,1000000,10,none,50,100,12,10,1,early_rts,39,0,39
WO2-20-tuned,O2,tuned,0.6,95,1000000,10,none,50,100,12,10,1,precheck,9,0,9
WO2-20-tuned,O2,tuned,0.6,95,1000000,10,none,50,100,12,10,1,latest,0,0,0
WO2-20-tuned,O2,tuned,0.6,95,1000000,10,none,50,100,12,10,1,read_match,880,0,880
WO2-20-tuned,O2,tuned,0.6,95,1000000,10,none,50,100,12,10,1,write_rts_deleted,300,0,300
WO2-20-tuned,O2,tuned,0.6,95,1000000,10,none,50,100,12,10,1,node_set,0,0,0
WO2-20-tuned,O2,tuned,0.6,95,1000000,10,none,50,100,12,10,1,scan_node_set,0,0,0
WO2-20-tuned,O2,tuned,0.6,95,1000000,10,none,50,100,12,10,1,other,0,0,0
WO2-20-tuned,O2,tuned,0.6,95,1000000,10,none,50,100,12,10,2,early_wts,0,0,0
WO2-20-tuned,O2,tuned,0.6,95,1000000,10,none,50,100,12,10,2,early_rts,27,0,27
WO2-20-tuned,O2,tuned,0.6,95,1000000,10,none,50,100,12,10,2,precheck,6,0,6
WO2-20-tuned,O2,tuned,0.6,95,1000000,10,none,50,100,12,10,2,latest,0,0,0
WO2-20-tuned,O2,tuned,0.6,95,1000000,10,none,50,100,12,10,2,read_match,781,0,781
WO2-20-tuned,O2,tuned,0.6,95,1000000,10,none,50,100,12,10,2,write_rts_deleted,316,0,316
WO2-20-tuned,O2,tuned,0.6,95,1000000,10,none,50,100,12,10,2,node_set,0,0,0
WO2-20-tuned,O2,tuned,0.6,95,1000000,10,none,50,100,12,10,2,scan_node_set,0,0,0
WO2-20-tuned,O2,tuned,0.6,95,1000000,10,none,50,100,12,10,2,other,0,0,0
WO2-21-best100,O2,best100,0.6,5,100000,100,batchR,50,100,24,10,1,early_wts,27,0,27
WO2-21-best100,O2,best100,0.6,5,100000,100,batchR,50,100,24,10,1,early_rts,120,0,120
WO2-21-best100,O2,best100,0.6,5,100000,100,batchR,50,100,24,10,1,precheck,403,0,403
WO2-21-best100,O2,best100,0.6,5,100000,100,batchR,50,100,24,10,1,latest,7,0,7
WO2-21-best100,O2,best100,0.6,5,100000,100,batchR,50,100,24,10,1,read_match,2987,0,2987
WO2-21-best100,O2,best100,0.6,5,100000,100,batchR,50,100,24,10,1,write_rts_deleted,218,0,218
WO2-21-best100,O2,best100,0.6,5,100000,100,batchR,50,100,24,10,1,node_set,0,0,0
WO2-21-best100,O2,best100,0.6,5,100000,100,batchR,50,100,24,10,1,scan_node_set,0,0,0
WO2-21-best100,O2,best100,0.6,5,100000,100,batchR,50,100,24,10,1,other,0,0,0
WO2-21-best100,O2,best100,0.6,5,100000,100,batchR,50,100,24,10,2,early_wts,15,0,15
WO2-21-best100,O2,best100,0.6,5,100000,100,batchR,50,100,24,10,2,early_rts,82,0,82
WO2-21-best100,O2,best100,0.6,5,100000,100,batchR,50,100,24,10,2,precheck,362,0,362
WO2-21-best100,O2,best100,0.6,5,100000,100,batchR,50,100,24,10,2,latest,6,0,6
WO2-21-best100,O2,best100,0.6,5,100000,100,batchR,50,100,24,10,2,read_match,2797,0,2797
WO2-21-best100,O2,best100,0.6,5,100000,100,batchR,50,100,24,10,2,write_rts_deleted,240,0,240
WO2-21-best100,O2,best100,0.6,5,100000,100,batchR,50,100,24,10,2,node_set,0,0,0
WO2-21-best100,O2,best100,0.6,5,100000,100,batchR,50,100,24,10,2,scan_node_set,0,0,0
WO2-21-best100,O2,best100,0.6,5,100000,100,batchR,50,100,24,10,2,other,0,0,0
WO2-21-default,O2,default,0.6,5,100000,100,batchR,50,100,24,10,1,early_wts,6,0,6
WO2-21-default,O2,default,0.6,5,100000,100,batchR,50,100,24,10,1,early_rts,56,0,56
WO2-21-default,O2,default,0.6,5,100000,100,batchR,50,100,24,10,1,precheck,262,0,262
WO2-21-default,O2,default,0.6,5,100000,100,batchR,50,100,24,10,1,latest,14,0,14
WO2-21-default,O2,default,0.6,5,100000,100,batchR,50,100,24,10,1,read_match,2701,0,2701
WO2-21-default,O2,default,0.6,5,100000,100,batchR,50,100,24,10,1,write_rts_deleted,215,0,215
WO2-21-default,O2,default,0.6,5,100000,100,batchR,50,100,24,10,1,node_set,0,0,0
WO2-21-default,O2,default,0.6,5,100000,100,batchR,50,100,24,10,1,scan_node_set,0,0,0
WO2-21-default,O2,default,0.6,5,100000,100,batchR,50,100,24,10,1,other,0,0,0
WO2-21-default,O2,default,0.6,5,100000,100,batchR,50,100,24,10,2,early_wts,13,0,13
WO2-21-default,O2,default,0.6,5,100000,100,batchR,50,100,24,10,2,early_rts,40,0,40
WO2-21-default,O2,default,0.6,5,100000,100,batchR,50,100,24,10,2,precheck,219,0,219
WO2-21-default,O2,default,0.6,5,100000,100,batchR,50,100,24,10,2,latest,9,0,9
WO2-21-default,O2,default,0.6,5,100000,100,batchR,50,100,24,10,2,read_match,2723,0,2723
WO2-21-default,O2,default,0.6,5,100000,100,batchR,50,100,24,10,2,write_rts_deleted,211,0,211
WO2-21-default,O2,default,0.6,5,100000,100,batchR,50,100,24,10,2,node_set,0,0,0
WO2-21-default,O2,default,0.6,5,100000,100,batchR,50,100,24,10,2,scan_node_set,0,0,0
WO2-21-default,O2,default,0.6,5,100000,100,batchR,50,100,24,10,2,other,0,0,0
WO2-22-default,O2,default,0.99,50,10000,10,batchR,50,1000,48,1000,1,early_wts,393,0,393
WO2-22-default,O2,default,0.99,50,10000,10,batchR,50,1000,48,1000,1,early_rts,2099,0,2099
WO2-22-default,O2,default,0.99,50,10000,10,batchR,50,1000,48,1000,1,precheck,1929,0,1929
WO2-22-default,O2,default,0.99,50,10000,10,batchR,50,1000,48,1000,1,latest,122,0,122
WO2-22-default,O2,default,0.99,50,10000,10,batchR,50,1000,48,1000,1,read_match,5115,0,5115
WO2-22-default,O2,default,0.99,50,10000,10,batchR,50,1000,48,1000,1,write_rts_deleted,1214,0,1214
WO2-22-default,O2,default,0.99,50,10000,10,batchR,50,1000,48,1000,1,node_set,0,0,0
WO2-22-default,O2,default,0.99,50,10000,10,batchR,50,1000,48,1000,1,scan_node_set,0,0,0
WO2-22-default,O2,default,0.99,50,10000,10,batchR,50,1000,48,1000,1,other,0,0,0
WO2-22-default,O2,default,0.99,50,10000,10,batchR,50,1000,48,1000,2,early_wts,704,0,704
WO2-22-default,O2,default,0.99,50,10000,10,batchR,50,1000,48,1000,2,early_rts,3216,0,3216
WO2-22-default,O2,default,0.99,50,10000,10,batchR,50,1000,48,1000,2,precheck,3089,0,3089
WO2-22-default,O2,default,0.99,50,10000,10,batchR,50,1000,48,1000,2,latest,101,0,101
WO2-22-default,O2,default,0.99,50,10000,10,batchR,50,1000,48,1000,2,read_match,5136,0,5136
WO2-22-default,O2,default,0.99,50,10000,10,batchR,50,1000,48,1000,2,write_rts_deleted,1276,0,1276
WO2-22-default,O2,default,0.99,50,10000,10,batchR,50,1000,48,1000,2,node_set,0,0,0
WO2-22-default,O2,default,0.99,50,10000,10,batchR,50,1000,48,1000,2,scan_node_set,0,0,0
WO2-22-default,O2,default,0.99,50,10000,10,batchR,50,1000,48,1000,2,other,0,0,0
WO2-22-tuned,O2,tuned,0.99,50,10000,10,batchR,50,1000,48,1000,1,early_wts,1321,0,1321
WO2-22-tuned,O2,tuned,0.99,50,10000,10,batchR,50,1000,48,1000,1,early_rts,6257,0,6257
WO2-22-tuned,O2,tuned,0.99,50,10000,10,batchR,50,1000,48,1000,1,precheck,4925,0,4925
WO2-22-tuned,O2,tuned,0.99,50,10000,10,batchR,50,1000,48,1000,1,latest,113,0,113
WO2-22-tuned,O2,tuned,0.99,50,10000,10,batchR,50,1000,48,1000,1,read_match,5524,0,5524
WO2-22-tuned,O2,tuned,0.99,50,10000,10,batchR,50,1000,48,1000,1,write_rts_deleted,1406,0,1406
WO2-22-tuned,O2,tuned,0.99,50,10000,10,batchR,50,1000,48,1000,1,node_set,0,0,0
WO2-22-tuned,O2,tuned,0.99,50,10000,10,batchR,50,1000,48,1000,1,scan_node_set,0,0,0
WO2-22-tuned,O2,tuned,0.99,50,10000,10,batchR,50,1000,48,1000,1,other,0,0,0
WO2-22-tuned,O2,tuned,0.99,50,10000,10,batchR,50,1000,48,1000,2,early_wts,1375,0,1375
WO2-22-tuned,O2,tuned,0.99,50,10000,10,batchR,50,1000,48,1000,2,early_rts,6231,0,6231
WO2-22-tuned,O2,tuned,0.99,50,10000,10,batchR,50,1000,48,1000,2,precheck,4958,0,4958
WO2-22-tuned,O2,tuned,0.99,50,10000,10,batchR,50,1000,48,1000,2,latest,122,0,122
WO2-22-tuned,O2,tuned,0.99,50,10000,10,batchR,50,1000,48,1000,2,read_match,5297,0,5297
WO2-22-tuned,O2,tuned,0.99,50,10000,10,batchR,50,1000,48,1000,2,write_rts_deleted,1413,0,1413
WO2-22-tuned,O2,tuned,0.99,50,10000,10,batchR,50,1000,48,1000,2,node_set,0,0,0
WO2-22-tuned,O2,tuned,0.99,50,10000,10,batchR,50,1000,48,1000,2,scan_node_set,0,0,0
WO2-22-tuned,O2,tuned,0.99,50,10000,10,batchR,50,1000,48,1000,2,other,0,0,0
WO2-23-best100,O2,best100,0.99,95,1000000,100,batchU,50,1000,12,1000,1,early_wts,11220,16647,27867
WO2-23-best100,O2,best100,0.99,95,1000000,100,batchU,50,1000,12,1000,1,early_rts,26848,7057,33905
WO2-23-best100,O2,best100,0.99,95,1000000,100,batchU,50,1000,12,1000,1,precheck,146157,1,146158
WO2-23-best100,O2,best100,0.99,95,1000000,100,batchU,50,1000,12,1000,1,latest,1558,0,1558
WO2-23-best100,O2,best100,0.99,95,1000000,100,batchU,50,1000,12,1000,1,read_match,311010,0,311010
WO2-23-best100,O2,best100,0.99,95,1000000,100,batchU,50,1000,12,1000,1,write_rts_deleted,45269,0,45269
WO2-23-best100,O2,best100,0.99,95,1000000,100,batchU,50,1000,12,1000,1,node_set,0,0,0
WO2-23-best100,O2,best100,0.99,95,1000000,100,batchU,50,1000,12,1000,1,scan_node_set,0,0,0
WO2-23-best100,O2,best100,0.99,95,1000000,100,batchU,50,1000,12,1000,1,other,0,0,0
WO2-23-best100,O2,best100,0.99,95,1000000,100,batchU,50,1000,12,1000,2,early_wts,10971,20627,31598
WO2-23-best100,O2,best100,0.99,95,1000000,100,batchU,50,1000,12,1000,2,early_rts,26916,27187,54103
WO2-23-best100,O2,best100,0.99,95,1000000,100,batchU,50,1000,12,1000,2,precheck,145748,1,145749
WO2-23-best100,O2,best100,0.99,95,1000000,100,batchU,50,1000,12,1000,2,latest,1642,0,1642
WO2-23-best100,O2,best100,0.99,95,1000000,100,batchU,50,1000,12,1000,2,read_match,310977,0,310977
WO2-23-best100,O2,best100,0.99,95,1000000,100,batchU,50,1000,12,1000,2,write_rts_deleted,45931,0,45931
WO2-23-best100,O2,best100,0.99,95,1000000,100,batchU,50,1000,12,1000,2,node_set,0,0,0
WO2-23-best100,O2,best100,0.99,95,1000000,100,batchU,50,1000,12,1000,2,scan_node_set,0,0,0
WO2-23-best100,O2,best100,0.99,95,1000000,100,batchU,50,1000,12,1000,2,other,0,0,0
WO2-23-default,O2,default,0.99,95,1000000,100,batchU,50,1000,12,1000,1,early_wts,658,1977,2635
WO2-23-default,O2,default,0.99,95,1000000,100,batchU,50,1000,12,1000,1,early_rts,2010,3755,5765
WO2-23-default,O2,default,0.99,95,1000000,100,batchU,50,1000,12,1000,1,precheck,12174,0,12174
WO2-23-default,O2,default,0.99,95,1000000,100,batchU,50,1000,12,1000,1,latest,124,0,124
WO2-23-default,O2,default,0.99,95,1000000,100,batchU,50,1000,12,1000,1,read_match,43028,0,43028
WO2-23-default,O2,default,0.99,95,1000000,100,batchU,50,1000,12,1000,1,write_rts_deleted,4486,0,4486
WO2-23-default,O2,default,0.99,95,1000000,100,batchU,50,1000,12,1000,1,node_set,0,0,0
WO2-23-default,O2,default,0.99,95,1000000,100,batchU,50,1000,12,1000,1,scan_node_set,0,0,0
WO2-23-default,O2,default,0.99,95,1000000,100,batchU,50,1000,12,1000,1,other,0,0,0
WO2-23-default,O2,default,0.99,95,1000000,100,batchU,50,1000,12,1000,2,early_wts,589,2471,3060
WO2-23-default,O2,default,0.99,95,1000000,100,batchU,50,1000,12,1000,2,early_rts,1857,2751,4608
WO2-23-default,O2,default,0.99,95,1000000,100,batchU,50,1000,12,1000,2,precheck,11068,0,11068
WO2-23-default,O2,default,0.99,95,1000000,100,batchU,50,1000,12,1000,2,latest,95,0,95
WO2-23-default,O2,default,0.99,95,1000000,100,batchU,50,1000,12,1000,2,read_match,41166,0,41166
WO2-23-default,O2,default,0.99,95,1000000,100,batchU,50,1000,12,1000,2,write_rts_deleted,4203,0,4203
WO2-23-default,O2,default,0.99,95,1000000,100,batchU,50,1000,12,1000,2,node_set,0,0,0
WO2-23-default,O2,default,0.99,95,1000000,100,batchU,50,1000,12,1000,2,scan_node_set,0,0,0
WO2-23-default,O2,default,0.99,95,1000000,100,batchU,50,1000,12,1000,2,other,0,0,0
WO2-24-best100,O2,best100,0.99,5,100000,1000,none,50,1000,24,1000,1,early_wts,1191,0,1191
WO2-24-best100,O2,best100,0.99,5,100000,1000,none,50,1000,24,1000,1,early_rts,147,0,147
WO2-24-best100,O2,best100,0.99,5,100000,1000,none,50,1000,24,1000,1,precheck,8960,0,8960
WO2-24-best100,O2,best100,0.99,5,100000,1000,none,50,1000,24,1000,1,latest,4191,0,4191
WO2-24-best100,O2,best100,0.99,5,100000,1000,none,50,1000,24,1000,1,read_match,11484,0,11484
WO2-24-best100,O2,best100,0.99,5,100000,1000,none,50,1000,24,1000,1,write_rts_deleted,852,0,852
WO2-24-best100,O2,best100,0.99,5,100000,1000,none,50,1000,24,1000,1,node_set,0,0,0
WO2-24-best100,O2,best100,0.99,5,100000,1000,none,50,1000,24,1000,1,scan_node_set,0,0,0
WO2-24-best100,O2,best100,0.99,5,100000,1000,none,50,1000,24,1000,1,other,0,0,0
WO2-24-best100,O2,best100,0.99,5,100000,1000,none,50,1000,24,1000,2,early_wts,1057,0,1057
WO2-24-best100,O2,best100,0.99,5,100000,1000,none,50,1000,24,1000,2,early_rts,138,0,138
WO2-24-best100,O2,best100,0.99,5,100000,1000,none,50,1000,24,1000,2,precheck,9012,0,9012
WO2-24-best100,O2,best100,0.99,5,100000,1000,none,50,1000,24,1000,2,latest,4209,0,4209
WO2-24-best100,O2,best100,0.99,5,100000,1000,none,50,1000,24,1000,2,read_match,11489,0,11489
WO2-24-best100,O2,best100,0.99,5,100000,1000,none,50,1000,24,1000,2,write_rts_deleted,837,0,837
WO2-24-best100,O2,best100,0.99,5,100000,1000,none,50,1000,24,1000,2,node_set,0,0,0
WO2-24-best100,O2,best100,0.99,5,100000,1000,none,50,1000,24,1000,2,scan_node_set,0,0,0
WO2-24-best100,O2,best100,0.99,5,100000,1000,none,50,1000,24,1000,2,other,0,0,0
WO2-24-default,O2,default,0.99,5,100000,1000,none,50,1000,24,1000,1,early_wts,2381,0,2381
WO2-24-default,O2,default,0.99,5,100000,1000,none,50,1000,24,1000,1,early_rts,177,0,177
WO2-24-default,O2,default,0.99,5,100000,1000,none,50,1000,24,1000,1,precheck,12392,0,12392
WO2-24-default,O2,default,0.99,5,100000,1000,none,50,1000,24,1000,1,latest,3108,0,3108
WO2-24-default,O2,default,0.99,5,100000,1000,none,50,1000,24,1000,1,read_match,13055,0,13055
WO2-24-default,O2,default,0.99,5,100000,1000,none,50,1000,24,1000,1,write_rts_deleted,518,0,518
WO2-24-default,O2,default,0.99,5,100000,1000,none,50,1000,24,1000,1,node_set,0,0,0
WO2-24-default,O2,default,0.99,5,100000,1000,none,50,1000,24,1000,1,scan_node_set,0,0,0
WO2-24-default,O2,default,0.99,5,100000,1000,none,50,1000,24,1000,1,other,0,0,0
WO2-24-default,O2,default,0.99,5,100000,1000,none,50,1000,24,1000,2,early_wts,3018,0,3018
WO2-24-default,O2,default,0.99,5,100000,1000,none,50,1000,24,1000,2,early_rts,233,0,233
WO2-24-default,O2,default,0.99,5,100000,1000,none,50,1000,24,1000,2,precheck,14102,0,14102
WO2-24-default,O2,default,0.99,5,100000,1000,none,50,1000,24,1000,2,latest,3651,0,3651
WO2-24-default,O2,default,0.99,5,100000,1000,none,50,1000,24,1000,2,read_match,13540,0,13540
WO2-24-default,O2,default,0.99,5,100000,1000,none,50,1000,24,1000,2,write_rts_deleted,735,0,735
WO2-24-default,O2,default,0.99,5,100000,1000,none,50,1000,24,1000,2,node_set,0,0,0
WO2-24-default,O2,default,0.99,5,100000,1000,none,50,1000,24,1000,2,scan_node_set,0,0,0
WO2-24-default,O2,default,0.99,5,100000,1000,none,50,1000,24,1000,2,other,0,0,0
WO2-25-best100,O2,best100,0.9,50,10000,100,none,50,4,48,100000,1,early_wts,36078,0,36078
WO2-25-best100,O2,best100,0.9,50,10000,100,none,50,4,48,100000,1,early_rts,10257,0,10257
WO2-25-best100,O2,best100,0.9,50,10000,100,none,50,4,48,100000,1,precheck,179719,0,179719
WO2-25-best100,O2,best100,0.9,50,10000,100,none,50,4,48,100000,1,latest,45428,0,45428
WO2-25-best100,O2,best100,0.9,50,10000,100,none,50,4,48,100000,1,read_match,138404,0,138404
WO2-25-best100,O2,best100,0.9,50,10000,100,none,50,4,48,100000,1,write_rts_deleted,28672,0,28672
WO2-25-best100,O2,best100,0.9,50,10000,100,none,50,4,48,100000,1,node_set,0,0,0
WO2-25-best100,O2,best100,0.9,50,10000,100,none,50,4,48,100000,1,scan_node_set,0,0,0
WO2-25-best100,O2,best100,0.9,50,10000,100,none,50,4,48,100000,1,other,0,0,0
WO2-25-best100,O2,best100,0.9,50,10000,100,none,50,4,48,100000,2,early_wts,37273,0,37273
WO2-25-best100,O2,best100,0.9,50,10000,100,none,50,4,48,100000,2,early_rts,10463,0,10463
WO2-25-best100,O2,best100,0.9,50,10000,100,none,50,4,48,100000,2,precheck,183698,0,183698
WO2-25-best100,O2,best100,0.9,50,10000,100,none,50,4,48,100000,2,latest,45941,0,45941
WO2-25-best100,O2,best100,0.9,50,10000,100,none,50,4,48,100000,2,read_match,138811,0,138811
WO2-25-best100,O2,best100,0.9,50,10000,100,none,50,4,48,100000,2,write_rts_deleted,29310,0,29310
WO2-25-best100,O2,best100,0.9,50,10000,100,none,50,4,48,100000,2,node_set,0,0,0
WO2-25-best100,O2,best100,0.9,50,10000,100,none,50,4,48,100000,2,scan_node_set,0,0,0
WO2-25-best100,O2,best100,0.9,50,10000,100,none,50,4,48,100000,2,other,0,0,0
WO2-25-default,O2,default,0.9,50,10000,100,none,50,4,48,100000,1,early_wts,17526,0,17526
WO2-25-default,O2,default,0.9,50,10000,100,none,50,4,48,100000,1,early_rts,4872,0,4872
WO2-25-default,O2,default,0.9,50,10000,100,none,50,4,48,100000,1,precheck,89267,0,89267
WO2-25-default,O2,default,0.9,50,10000,100,none,50,4,48,100000,1,latest,15004,0,15004
WO2-25-default,O2,default,0.9,50,10000,100,none,50,4,48,100000,1,read_match,104852,0,104852
WO2-25-default,O2,default,0.9,50,10000,100,none,50,4,48,100000,1,write_rts_deleted,10287,0,10287
WO2-25-default,O2,default,0.9,50,10000,100,none,50,4,48,100000,1,node_set,0,0,0
WO2-25-default,O2,default,0.9,50,10000,100,none,50,4,48,100000,1,scan_node_set,0,0,0
WO2-25-default,O2,default,0.9,50,10000,100,none,50,4,48,100000,1,other,0,0,0
WO2-25-default,O2,default,0.9,50,10000,100,none,50,4,48,100000,2,early_wts,13990,0,13990
WO2-25-default,O2,default,0.9,50,10000,100,none,50,4,48,100000,2,early_rts,4156,0,4156
WO2-25-default,O2,default,0.9,50,10000,100,none,50,4,48,100000,2,precheck,71231,0,71231
WO2-25-default,O2,default,0.9,50,10000,100,none,50,4,48,100000,2,latest,11530,0,11530
WO2-25-default,O2,default,0.9,50,10000,100,none,50,4,48,100000,2,read_match,96919,0,96919
WO2-25-default,O2,default,0.9,50,10000,100,none,50,4,48,100000,2,write_rts_deleted,7954,0,7954
WO2-25-default,O2,default,0.9,50,10000,100,none,50,4,48,100000,2,node_set,0,0,0
WO2-25-default,O2,default,0.9,50,10000,100,none,50,4,48,100000,2,scan_node_set,0,0,0
WO2-25-default,O2,default,0.9,50,10000,100,none,50,4,48,100000,2,other,0,0,0
WO2-26-best100,O2,best100,0.9,95,1000000,1000,batchR,50,4,12,100000,1,early_wts,126,0,126
WO2-26-best100,O2,best100,0.9,95,1000000,1000,batchR,50,4,12,100000,1,early_rts,222,0,222
WO2-26-best100,O2,best100,0.9,95,1000000,1000,batchR,50,4,12,100000,1,precheck,3027,0,3027
WO2-26-best100,O2,best100,0.9,95,1000000,1000,batchR,50,4,12,100000,1,latest,79,0,79
WO2-26-best100,O2,best100,0.9,95,1000000,1000,batchR,50,4,12,100000,1,read_match,10819,0,10819
WO2-26-best100,O2,best100,0.9,95,1000000,1000,batchR,50,4,12,100000,1,write_rts_deleted,222,0,222
WO2-26-best100,O2,best100,0.9,95,1000000,1000,batchR,50,4,12,100000,1,node_set,0,0,0
WO2-26-best100,O2,best100,0.9,95,1000000,1000,batchR,50,4,12,100000,1,scan_node_set,0,0,0
WO2-26-best100,O2,best100,0.9,95,1000000,1000,batchR,50,4,12,100000,1,other,0,0,0
WO2-26-best100,O2,best100,0.9,95,1000000,1000,batchR,50,4,12,100000,2,early_wts,166,0,166
WO2-26-best100,O2,best100,0.9,95,1000000,1000,batchR,50,4,12,100000,2,early_rts,230,0,230
WO2-26-best100,O2,best100,0.9,95,1000000,1000,batchR,50,4,12,100000,2,precheck,3196,0,3196
WO2-26-best100,O2,best100,0.9,95,1000000,1000,batchR,50,4,12,100000,2,latest,69,0,69
WO2-26-best100,O2,best100,0.9,95,1000000,1000,batchR,50,4,12,100000,2,read_match,10706,0,10706
WO2-26-best100,O2,best100,0.9,95,1000000,1000,batchR,50,4,12,100000,2,write_rts_deleted,211,0,211
WO2-26-best100,O2,best100,0.9,95,1000000,1000,batchR,50,4,12,100000,2,node_set,0,0,0
WO2-26-best100,O2,best100,0.9,95,1000000,1000,batchR,50,4,12,100000,2,scan_node_set,0,0,0
WO2-26-best100,O2,best100,0.9,95,1000000,1000,batchR,50,4,12,100000,2,other,0,0,0
WO2-26-default,O2,default,0.9,95,1000000,1000,batchR,50,4,12,100000,1,early_wts,111,0,111
WO2-26-default,O2,default,0.9,95,1000000,1000,batchR,50,4,12,100000,1,early_rts,175,0,175
WO2-26-default,O2,default,0.9,95,1000000,1000,batchR,50,4,12,100000,1,precheck,2464,0,2464
WO2-26-default,O2,default,0.9,95,1000000,1000,batchR,50,4,12,100000,1,latest,100,0,100
WO2-26-default,O2,default,0.9,95,1000000,1000,batchR,50,4,12,100000,1,read_match,11000,0,11000
WO2-26-default,O2,default,0.9,95,1000000,1000,batchR,50,4,12,100000,1,write_rts_deleted,265,0,265
WO2-26-default,O2,default,0.9,95,1000000,1000,batchR,50,4,12,100000,1,node_set,0,0,0
WO2-26-default,O2,default,0.9,95,1000000,1000,batchR,50,4,12,100000,1,scan_node_set,0,0,0
WO2-26-default,O2,default,0.9,95,1000000,1000,batchR,50,4,12,100000,1,other,0,0,0
WO2-26-default,O2,default,0.9,95,1000000,1000,batchR,50,4,12,100000,2,early_wts,92,0,92
WO2-26-default,O2,default,0.9,95,1000000,1000,batchR,50,4,12,100000,2,early_rts,120,0,120
WO2-26-default,O2,default,0.9,95,1000000,1000,batchR,50,4,12,100000,2,precheck,2248,0,2248
WO2-26-default,O2,default,0.9,95,1000000,1000,batchR,50,4,12,100000,2,latest,83,0,83
WO2-26-default,O2,default,0.9,95,1000000,1000,batchR,50,4,12,100000,2,read_match,10631,0,10631
WO2-26-default,O2,default,0.9,95,1000000,1000,batchR,50,4,12,100000,2,write_rts_deleted,212,0,212
WO2-26-default,O2,default,0.9,95,1000000,1000,batchR,50,4,12,100000,2,node_set,0,0,0
WO2-26-default,O2,default,0.9,95,1000000,1000,batchR,50,4,12,100000,2,scan_node_set,0,0,0
WO2-26-default,O2,default,0.9,95,1000000,1000,batchR,50,4,12,100000,2,other,0,0,0
WO2-27-default,O2,default,0.9,5,100000,10,batchU,50,4,24,100000,1,early_wts,37,1585,1622
WO2-27-default,O2,default,0.9,5,100000,10,batchU,50,4,24,100000,1,early_rts,234,2895,3129
WO2-27-default,O2,default,0.9,5,100000,10,batchU,50,4,24,100000,1,precheck,575,52,627
WO2-27-default,O2,default,0.9,5,100000,10,batchU,50,4,24,100000,1,latest,45,1,46
WO2-27-default,O2,default,0.9,5,100000,10,batchU,50,4,24,100000,1,read_match,9211,0,9211
WO2-27-default,O2,default,0.9,5,100000,10,batchU,50,4,24,100000,1,write_rts_deleted,1562,1,1563
WO2-27-default,O2,default,0.9,5,100000,10,batchU,50,4,24,100000,1,node_set,0,0,0
WO2-27-default,O2,default,0.9,5,100000,10,batchU,50,4,24,100000,1,scan_node_set,0,0,0
WO2-27-default,O2,default,0.9,5,100000,10,batchU,50,4,24,100000,1,other,0,0,0
WO2-27-default,O2,default,0.9,5,100000,10,batchU,50,4,24,100000,2,early_wts,51,2560,2611
WO2-27-default,O2,default,0.9,5,100000,10,batchU,50,4,24,100000,2,early_rts,208,2706,2914
WO2-27-default,O2,default,0.9,5,100000,10,batchU,50,4,24,100000,2,precheck,686,59,745
WO2-27-default,O2,default,0.9,5,100000,10,batchU,50,4,24,100000,2,latest,70,3,73
WO2-27-default,O2,default,0.9,5,100000,10,batchU,50,4,24,100000,2,read_match,9982,0,9982
WO2-27-default,O2,default,0.9,5,100000,10,batchU,50,4,24,100000,2,write_rts_deleted,1584,1,1585
WO2-27-default,O2,default,0.9,5,100000,10,batchU,50,4,24,100000,2,node_set,0,0,0
WO2-27-default,O2,default,0.9,5,100000,10,batchU,50,4,24,100000,2,scan_node_set,0,0,0
WO2-27-default,O2,default,0.9,5,100000,10,batchU,50,4,24,100000,2,other,0,0,0
WO2-27-tuned,O2,tuned,0.9,5,100000,10,batchU,50,4,24,100000,1,early_wts,72,6193,6265
WO2-27-tuned,O2,tuned,0.9,5,100000,10,batchU,50,4,24,100000,1,early_rts,443,7496,7939
WO2-27-tuned,O2,tuned,0.9,5,100000,10,batchU,50,4,24,100000,1,precheck,2484,99,2583
WO2-27-tuned,O2,tuned,0.9,5,100000,10,batchU,50,4,24,100000,1,latest,78,1,79
WO2-27-tuned,O2,tuned,0.9,5,100000,10,batchU,50,4,24,100000,1,read_match,15923,0,15923
WO2-27-tuned,O2,tuned,0.9,5,100000,10,batchU,50,4,24,100000,1,write_rts_deleted,2151,0,2151
WO2-27-tuned,O2,tuned,0.9,5,100000,10,batchU,50,4,24,100000,1,node_set,0,0,0
WO2-27-tuned,O2,tuned,0.9,5,100000,10,batchU,50,4,24,100000,1,scan_node_set,0,0,0
WO2-27-tuned,O2,tuned,0.9,5,100000,10,batchU,50,4,24,100000,1,other,0,0,0
WO2-27-tuned,O2,tuned,0.9,5,100000,10,batchU,50,4,24,100000,2,early_wts,49,5178,5227
WO2-27-tuned,O2,tuned,0.9,5,100000,10,batchU,50,4,24,100000,2,early_rts,438,7496,7934
WO2-27-tuned,O2,tuned,0.9,5,100000,10,batchU,50,4,24,100000,2,precheck,2284,142,2426
WO2-27-tuned,O2,tuned,0.9,5,100000,10,batchU,50,4,24,100000,2,latest,71,3,74
WO2-27-tuned,O2,tuned,0.9,5,100000,10,batchU,50,4,24,100000,2,read_match,16263,0,16263
WO2-27-tuned,O2,tuned,0.9,5,100000,10,batchU,50,4,24,100000,2,write_rts_deleted,2247,1,2248
WO2-27-tuned,O2,tuned,0.9,5,100000,10,batchU,50,4,24,100000,2,node_set,0,0,0
WO2-27-tuned,O2,tuned,0.9,5,100000,10,batchU,50,4,24,100000,2,scan_node_set,0,0,0
WO2-27-tuned,O2,tuned,0.9,5,100000,10,batchU,50,4,24,100000,2,other,0,0,0
WS-01-default,S,default,0.5,5,1000000,10,none,0,4,48,100,1,early_wts,0,0,0
WS-01-default,S,default,0.5,5,1000000,10,none,0,4,48,100,1,early_rts,121,0,121
WS-01-default,S,default,0.5,5,1000000,10,none,0,4,48,100,1,precheck,7,0,7
WS-01-default,S,default,0.5,5,1000000,10,none,0,4,48,100,1,latest,0,0,0
WS-01-default,S,default,0.5,5,1000000,10,none,0,4,48,100,1,read_match,2255,0,2255
WS-01-default,S,default,0.5,5,1000000,10,none,0,4,48,100,1,write_rts_deleted,450,0,450
WS-01-default,S,default,0.5,5,1000000,10,none,0,4,48,100,1,node_set,0,0,0
WS-01-default,S,default,0.5,5,1000000,10,none,0,4,48,100,1,scan_node_set,0,0,0
WS-01-default,S,default,0.5,5,1000000,10,none,0,4,48,100,1,other,0,0,0
WS-01-default,S,default,0.5,5,1000000,10,none,0,4,48,100,2,early_wts,0,0,0
WS-01-default,S,default,0.5,5,1000000,10,none,0,4,48,100,2,early_rts,132,0,132
WS-01-default,S,default,0.5,5,1000000,10,none,0,4,48,100,2,precheck,5,0,5
WS-01-default,S,default,0.5,5,1000000,10,none,0,4,48,100,2,latest,0,0,0
WS-01-default,S,default,0.5,5,1000000,10,none,0,4,48,100,2,read_match,2268,0,2268
WS-01-default,S,default,0.5,5,1000000,10,none,0,4,48,100,2,write_rts_deleted,438,0,438
WS-01-default,S,default,0.5,5,1000000,10,none,0,4,48,100,2,node_set,0,0,0
WS-01-default,S,default,0.5,5,1000000,10,none,0,4,48,100,2,scan_node_set,0,0,0
WS-01-default,S,default,0.5,5,1000000,10,none,0,4,48,100,2,other,0,0,0
WS-01-tuned,S,tuned,0.5,5,1000000,10,none,0,4,48,100,1,early_wts,0,0,0
WS-01-tuned,S,tuned,0.5,5,1000000,10,none,0,4,48,100,1,early_rts,132,0,132
WS-01-tuned,S,tuned,0.5,5,1000000,10,none,0,4,48,100,1,precheck,10,0,10
WS-01-tuned,S,tuned,0.5,5,1000000,10,none,0,4,48,100,1,latest,0,0,0
WS-01-tuned,S,tuned,0.5,5,1000000,10,none,0,4,48,100,1,read_match,2542,0,2542
WS-01-tuned,S,tuned,0.5,5,1000000,10,none,0,4,48,100,1,write_rts_deleted,526,0,526
WS-01-tuned,S,tuned,0.5,5,1000000,10,none,0,4,48,100,1,node_set,0,0,0
WS-01-tuned,S,tuned,0.5,5,1000000,10,none,0,4,48,100,1,scan_node_set,0,0,0
WS-01-tuned,S,tuned,0.5,5,1000000,10,none,0,4,48,100,1,other,0,0,0
WS-01-tuned,S,tuned,0.5,5,1000000,10,none,0,4,48,100,2,early_wts,0,0,0
WS-01-tuned,S,tuned,0.5,5,1000000,10,none,0,4,48,100,2,early_rts,116,0,116
WS-01-tuned,S,tuned,0.5,5,1000000,10,none,0,4,48,100,2,precheck,3,0,3
WS-01-tuned,S,tuned,0.5,5,1000000,10,none,0,4,48,100,2,latest,0,0,0
WS-01-tuned,S,tuned,0.5,5,1000000,10,none,0,4,48,100,2,read_match,2455,0,2455
WS-01-tuned,S,tuned,0.5,5,1000000,10,none,0,4,48,100,2,write_rts_deleted,523,0,523
WS-01-tuned,S,tuned,0.5,5,1000000,10,none,0,4,48,100,2,node_set,0,0,0
WS-01-tuned,S,tuned,0.5,5,1000000,10,none,0,4,48,100,2,scan_node_set,0,0,0
WS-01-tuned,S,tuned,0.5,5,1000000,10,none,0,4,48,100,2,other,0,0,0
WS-02-default,S,default,0.5,5,1000000,10,batchU,0,4,48,100,1,early_wts,0,173,173
WS-02-default,S,default,0.5,5,1000000,10,batchU,0,4,48,100,1,early_rts,117,1521,1638
WS-02-default,S,default,0.5,5,1000000,10,batchU,0,4,48,100,1,precheck,11,241,252
WS-02-default,S,default,0.5,5,1000000,10,batchU,0,4,48,100,1,latest,0,1,1
WS-02-default,S,default,0.5,5,1000000,10,batchU,0,4,48,100,1,read_match,1976,0,1976
WS-02-default,S,default,0.5,5,1000000,10,batchU,0,4,48,100,1,write_rts_deleted,382,14,396
WS-02-default,S,default,0.5,5,1000000,10,batchU,0,4,48,100,1,node_set,0,0,0
WS-02-default,S,default,0.5,5,1000000,10,batchU,0,4,48,100,1,scan_node_set,0,0,0
WS-02-default,S,default,0.5,5,1000000,10,batchU,0,4,48,100,1,other,0,0,0
WS-02-default,S,default,0.5,5,1000000,10,batchU,0,4,48,100,2,early_wts,0,0,0
WS-02-default,S,default,0.5,5,1000000,10,batchU,0,4,48,100,2,early_rts,102,1545,1647
WS-02-default,S,default,0.5,5,1000000,10,batchU,0,4,48,100,2,precheck,15,300,315
WS-02-default,S,default,0.5,5,1000000,10,batchU,0,4,48,100,2,latest,0,0,0
WS-02-default,S,default,0.5,5,1000000,10,batchU,0,4,48,100,2,read_match,1883,0,1883
WS-02-default,S,default,0.5,5,1000000,10,batchU,0,4,48,100,2,write_rts_deleted,377,19,396
WS-02-default,S,default,0.5,5,1000000,10,batchU,0,4,48,100,2,node_set,0,0,0
WS-02-default,S,default,0.5,5,1000000,10,batchU,0,4,48,100,2,scan_node_set,0,0,0
WS-02-default,S,default,0.5,5,1000000,10,batchU,0,4,48,100,2,other,0,0,0
WS-02-tuned,S,tuned,0.5,5,1000000,10,batchU,0,4,48,100,1,early_wts,0,1,1
WS-02-tuned,S,tuned,0.5,5,1000000,10,batchU,0,4,48,100,1,early_rts,109,1997,2106
WS-02-tuned,S,tuned,0.5,5,1000000,10,batchU,0,4,48,100,1,precheck,14,442,456
WS-02-tuned,S,tuned,0.5,5,1000000,10,batchU,0,4,48,100,1,latest,0,0,0
WS-02-tuned,S,tuned,0.5,5,1000000,10,batchU,0,4,48,100,1,read_match,2104,0,2104
WS-02-tuned,S,tuned,0.5,5,1000000,10,batchU,0,4,48,100,1,write_rts_deleted,473,22,495
WS-02-tuned,S,tuned,0.5,5,1000000,10,batchU,0,4,48,100,1,node_set,0,0,0
WS-02-tuned,S,tuned,0.5,5,1000000,10,batchU,0,4,48,100,1,scan_node_set,0,0,0
WS-02-tuned,S,tuned,0.5,5,1000000,10,batchU,0,4,48,100,1,other,0,0,0
WS-02-tuned,S,tuned,0.5,5,1000000,10,batchU,0,4,48,100,2,early_wts,0,37,37
WS-02-tuned,S,tuned,0.5,5,1000000,10,batchU,0,4,48,100,2,early_rts,116,2063,2179
WS-02-tuned,S,tuned,0.5,5,1000000,10,batchU,0,4,48,100,2,precheck,13,392,405
WS-02-tuned,S,tuned,0.5,5,1000000,10,batchU,0,4,48,100,2,latest,0,1,1
WS-02-tuned,S,tuned,0.5,5,1000000,10,batchU,0,4,48,100,2,read_match,2205,0,2205
WS-02-tuned,S,tuned,0.5,5,1000000,10,batchU,0,4,48,100,2,write_rts_deleted,447,22,469
WS-02-tuned,S,tuned,0.5,5,1000000,10,batchU,0,4,48,100,2,node_set,0,0,0
WS-02-tuned,S,tuned,0.5,5,1000000,10,batchU,0,4,48,100,2,scan_node_set,0,0,0
WS-02-tuned,S,tuned,0.5,5,1000000,10,batchU,0,4,48,100,2,other,0,0,0
WS-03-default,S,default,0.5,5,1000000,10,batchR,0,4,48,100,1,early_wts,0,0,0
WS-03-default,S,default,0.5,5,1000000,10,batchR,0,4,48,100,1,early_rts,110,0,110
WS-03-default,S,default,0.5,5,1000000,10,batchR,0,4,48,100,1,precheck,16,0,16
WS-03-default,S,default,0.5,5,1000000,10,batchR,0,4,48,100,1,latest,0,0,0
WS-03-default,S,default,0.5,5,1000000,10,batchR,0,4,48,100,1,read_match,126,0,126
WS-03-default,S,default,0.5,5,1000000,10,batchR,0,4,48,100,1,write_rts_deleted,214,0,214
WS-03-default,S,default,0.5,5,1000000,10,batchR,0,4,48,100,1,node_set,0,0,0
WS-03-default,S,default,0.5,5,1000000,10,batchR,0,4,48,100,1,scan_node_set,0,0,0
WS-03-default,S,default,0.5,5,1000000,10,batchR,0,4,48,100,1,other,0,0,0
WS-03-default,S,default,0.5,5,1000000,10,batchR,0,4,48,100,2,early_wts,0,0,0
WS-03-default,S,default,0.5,5,1000000,10,batchR,0,4,48,100,2,early_rts,92,0,92
WS-03-default,S,default,0.5,5,1000000,10,batchR,0,4,48,100,2,precheck,25,0,25
WS-03-default,S,default,0.5,5,1000000,10,batchR,0,4,48,100,2,latest,0,0,0
WS-03-default,S,default,0.5,5,1000000,10,batchR,0,4,48,100,2,read_match,102,0,102
WS-03-default,S,default,0.5,5,1000000,10,batchR,0,4,48,100,2,write_rts_deleted,218,0,218
WS-03-default,S,default,0.5,5,1000000,10,batchR,0,4,48,100,2,node_set,0,0,0
WS-03-default,S,default,0.5,5,1000000,10,batchR,0,4,48,100,2,scan_node_set,0,0,0
WS-03-default,S,default,0.5,5,1000000,10,batchR,0,4,48,100,2,other,0,0,0
WS-03-tuned,S,tuned,0.5,5,1000000,10,batchR,0,4,48,100,1,early_wts,0,0,0
WS-03-tuned,S,tuned,0.5,5,1000000,10,batchR,0,4,48,100,1,early_rts,102,0,102
WS-03-tuned,S,tuned,0.5,5,1000000,10,batchR,0,4,48,100,1,precheck,14,0,14
WS-03-tuned,S,tuned,0.5,5,1000000,10,batchR,0,4,48,100,1,latest,0,0,0
WS-03-tuned,S,tuned,0.5,5,1000000,10,batchR,0,4,48,100,1,read_match,117,0,117
WS-03-tuned,S,tuned,0.5,5,1000000,10,batchR,0,4,48,100,1,write_rts_deleted,223,0,223
WS-03-tuned,S,tuned,0.5,5,1000000,10,batchR,0,4,48,100,1,node_set,0,0,0
WS-03-tuned,S,tuned,0.5,5,1000000,10,batchR,0,4,48,100,1,scan_node_set,0,0,0
WS-03-tuned,S,tuned,0.5,5,1000000,10,batchR,0,4,48,100,1,other,0,0,0
WS-03-tuned,S,tuned,0.5,5,1000000,10,batchR,0,4,48,100,2,early_wts,0,0,0
WS-03-tuned,S,tuned,0.5,5,1000000,10,batchR,0,4,48,100,2,early_rts,120,0,120
WS-03-tuned,S,tuned,0.5,5,1000000,10,batchR,0,4,48,100,2,precheck,20,0,20
WS-03-tuned,S,tuned,0.5,5,1000000,10,batchR,0,4,48,100,2,latest,0,0,0
WS-03-tuned,S,tuned,0.5,5,1000000,10,batchR,0,4,48,100,2,read_match,116,0,116
WS-03-tuned,S,tuned,0.5,5,1000000,10,batchR,0,4,48,100,2,write_rts_deleted,224,0,224
WS-03-tuned,S,tuned,0.5,5,1000000,10,batchR,0,4,48,100,2,node_set,0,0,0
WS-03-tuned,S,tuned,0.5,5,1000000,10,batchR,0,4,48,100,2,scan_node_set,0,0,0
WS-03-tuned,S,tuned,0.5,5,1000000,10,batchR,0,4,48,100,2,other,0,0,0
WS-04-default,S,default,0.5,50,1000000,10,none,0,4,48,100,1,early_wts,0,0,0
WS-04-default,S,default,0.5,50,1000000,10,none,0,4,48,100,1,early_rts,1089,0,1089
WS-04-default,S,default,0.5,50,1000000,10,none,0,4,48,100,1,precheck,106,0,106
WS-04-default,S,default,0.5,50,1000000,10,none,0,4,48,100,1,latest,0,0,0
WS-04-default,S,default,0.5,50,1000000,10,none,0,4,48,100,1,read_match,15088,0,15088
WS-04-default,S,default,0.5,50,1000000,10,none,0,4,48,100,1,write_rts_deleted,3960,0,3960
WS-04-default,S,default,0.5,50,1000000,10,none,0,4,48,100,1,node_set,0,0,0
WS-04-default,S,default,0.5,50,1000000,10,none,0,4,48,100,1,scan_node_set,0,0,0
WS-04-default,S,default,0.5,50,1000000,10,none,0,4,48,100,1,other,0,0,0
WS-04-default,S,default,0.5,50,1000000,10,none,0,4,48,100,2,early_wts,0,0,0
WS-04-default,S,default,0.5,50,1000000,10,none,0,4,48,100,2,early_rts,1051,0,1051
WS-04-default,S,default,0.5,50,1000000,10,none,0,4,48,100,2,precheck,114,0,114
WS-04-default,S,default,0.5,50,1000000,10,none,0,4,48,100,2,latest,0,0,0
WS-04-default,S,default,0.5,50,1000000,10,none,0,4,48,100,2,read_match,14964,0,14964
WS-04-default,S,default,0.5,50,1000000,10,none,0,4,48,100,2,write_rts_deleted,3868,0,3868
WS-04-default,S,default,0.5,50,1000000,10,none,0,4,48,100,2,node_set,0,0,0
WS-04-default,S,default,0.5,50,1000000,10,none,0,4,48,100,2,scan_node_set,0,0,0
WS-04-default,S,default,0.5,50,1000000,10,none,0,4,48,100,2,other,0,0,0
WS-04-tuned,S,tuned,0.5,50,1000000,10,none,0,4,48,100,1,early_wts,0,0,0
WS-04-tuned,S,tuned,0.5,50,1000000,10,none,0,4,48,100,1,early_rts,1523,0,1523
WS-04-tuned,S,tuned,0.5,50,1000000,10,none,0,4,48,100,1,precheck,200,0,200
WS-04-tuned,S,tuned,0.5,50,1000000,10,none,0,4,48,100,1,latest,0,0,0
WS-04-tuned,S,tuned,0.5,50,1000000,10,none,0,4,48,100,1,read_match,18914,0,18914
WS-04-tuned,S,tuned,0.5,50,1000000,10,none,0,4,48,100,1,write_rts_deleted,5777,0,5777
WS-04-tuned,S,tuned,0.5,50,1000000,10,none,0,4,48,100,1,node_set,0,0,0
WS-04-tuned,S,tuned,0.5,50,1000000,10,none,0,4,48,100,1,scan_node_set,0,0,0
WS-04-tuned,S,tuned,0.5,50,1000000,10,none,0,4,48,100,1,other,0,0,0
WS-04-tuned,S,tuned,0.5,50,1000000,10,none,0,4,48,100,2,early_wts,0,0,0
WS-04-tuned,S,tuned,0.5,50,1000000,10,none,0,4,48,100,2,early_rts,1429,0,1429
WS-04-tuned,S,tuned,0.5,50,1000000,10,none,0,4,48,100,2,precheck,234,0,234
WS-04-tuned,S,tuned,0.5,50,1000000,10,none,0,4,48,100,2,latest,0,0,0
WS-04-tuned,S,tuned,0.5,50,1000000,10,none,0,4,48,100,2,read_match,18600,0,18600
WS-04-tuned,S,tuned,0.5,50,1000000,10,none,0,4,48,100,2,write_rts_deleted,5739,0,5739
WS-04-tuned,S,tuned,0.5,50,1000000,10,none,0,4,48,100,2,node_set,0,0,0
WS-04-tuned,S,tuned,0.5,50,1000000,10,none,0,4,48,100,2,scan_node_set,0,0,0
WS-04-tuned,S,tuned,0.5,50,1000000,10,none,0,4,48,100,2,other,0,0,0
WS-05-default,S,default,0.5,50,1000000,10,batchU,0,4,48,100,1,early_wts,0,0,0
WS-05-default,S,default,0.5,50,1000000,10,batchU,0,4,48,100,1,early_rts,1050,4328,5378
WS-05-default,S,default,0.5,50,1000000,10,batchU,0,4,48,100,1,precheck,146,1,147
WS-05-default,S,default,0.5,50,1000000,10,batchU,0,4,48,100,1,latest,0,0,0
WS-05-default,S,default,0.5,50,1000000,10,batchU,0,4,48,100,1,read_match,14284,0,14284
WS-05-default,S,default,0.5,50,1000000,10,batchU,0,4,48,100,1,write_rts_deleted,3757,0,3757
WS-05-default,S,default,0.5,50,1000000,10,batchU,0,4,48,100,1,node_set,0,0,0
WS-05-default,S,default,0.5,50,1000000,10,batchU,0,4,48,100,1,scan_node_set,0,0,0
WS-05-default,S,default,0.5,50,1000000,10,batchU,0,4,48,100,1,other,0,0,0
WS-05-default,S,default,0.5,50,1000000,10,batchU,0,4,48,100,2,early_wts,0,168,168
WS-05-default,S,default,0.5,50,1000000,10,batchU,0,4,48,100,2,early_rts,1019,4147,5166
WS-05-default,S,default,0.5,50,1000000,10,batchU,0,4,48,100,2,precheck,140,6,146
WS-05-default,S,default,0.5,50,1000000,10,batchU,0,4,48,100,2,latest,1,0,1
WS-05-default,S,default,0.5,50,1000000,10,batchU,0,4,48,100,2,read_match,13899,0,13899
WS-05-default,S,default,0.5,50,1000000,10,batchU,0,4,48,100,2,write_rts_deleted,3671,1,3672
WS-05-default,S,default,0.5,50,1000000,10,batchU,0,4,48,100,2,node_set,0,0,0
WS-05-default,S,default,0.5,50,1000000,10,batchU,0,4,48,100,2,scan_node_set,0,0,0
WS-05-default,S,default,0.5,50,1000000,10,batchU,0,4,48,100,2,other,0,0,0
WS-05-tuned,S,tuned,0.5,50,1000000,10,batchU,0,4,48,100,1,early_wts,0,0,0
WS-05-tuned,S,tuned,0.5,50,1000000,10,batchU,0,4,48,100,1,early_rts,1420,11860,13280
WS-05-tuned,S,tuned,0.5,50,1000000,10,batchU,0,4,48,100,1,precheck,259,5,264
WS-05-tuned,S,tuned,0.5,50,1000000,10,batchU,0,4,48,100,1,latest,0,0,0
WS-05-tuned,S,tuned,0.5,50,1000000,10,batchU,0,4,48,100,1,read_match,17468,0,17468
WS-05-tuned,S,tuned,0.5,50,1000000,10,batchU,0,4,48,100,1,write_rts_deleted,5139,0,5139
WS-05-tuned,S,tuned,0.5,50,1000000,10,batchU,0,4,48,100,1,node_set,0,0,0
WS-05-tuned,S,tuned,0.5,50,1000000,10,batchU,0,4,48,100,1,scan_node_set,0,0,0
WS-05-tuned,S,tuned,0.5,50,1000000,10,batchU,0,4,48,100,1,other,0,0,0
WS-05-tuned,S,tuned,0.5,50,1000000,10,batchU,0,4,48,100,2,early_wts,0,0,0
WS-05-tuned,S,tuned,0.5,50,1000000,10,batchU,0,4,48,100,2,early_rts,1425,12485,13910
WS-05-tuned,S,tuned,0.5,50,1000000,10,batchU,0,4,48,100,2,precheck,247,3,250
WS-05-tuned,S,tuned,0.5,50,1000000,10,batchU,0,4,48,100,2,latest,1,0,1
WS-05-tuned,S,tuned,0.5,50,1000000,10,batchU,0,4,48,100,2,read_match,17600,0,17600
WS-05-tuned,S,tuned,0.5,50,1000000,10,batchU,0,4,48,100,2,write_rts_deleted,5237,0,5237
WS-05-tuned,S,tuned,0.5,50,1000000,10,batchU,0,4,48,100,2,node_set,0,0,0
WS-05-tuned,S,tuned,0.5,50,1000000,10,batchU,0,4,48,100,2,scan_node_set,0,0,0
WS-05-tuned,S,tuned,0.5,50,1000000,10,batchU,0,4,48,100,2,other,0,0,0
WS-06-default,S,default,0.5,50,1000000,10,batchR,0,4,48,100,1,early_wts,0,0,0
WS-06-default,S,default,0.5,50,1000000,10,batchR,0,4,48,100,1,early_rts,996,0,996
WS-06-default,S,default,0.5,50,1000000,10,batchR,0,4,48,100,1,precheck,212,0,212
WS-06-default,S,default,0.5,50,1000000,10,batchR,0,4,48,100,1,latest,1,0,1
WS-06-default,S,default,0.5,50,1000000,10,batchR,0,4,48,100,1,read_match,1005,0,1005
WS-06-default,S,default,0.5,50,1000000,10,batchR,0,4,48,100,1,write_rts_deleted,2165,0,2165
WS-06-default,S,default,0.5,50,1000000,10,batchR,0,4,48,100,1,node_set,0,0,0
WS-06-default,S,default,0.5,50,1000000,10,batchR,0,4,48,100,1,scan_node_set,0,0,0
WS-06-default,S,default,0.5,50,1000000,10,batchR,0,4,48,100,1,other,0,0,0
WS-06-default,S,default,0.5,50,1000000,10,batchR,0,4,48,100,2,early_wts,0,0,0
WS-06-default,S,default,0.5,50,1000000,10,batchR,0,4,48,100,2,early_rts,1007,0,1007
WS-06-default,S,default,0.5,50,1000000,10,batchR,0,4,48,100,2,precheck,203,0,203
WS-06-default,S,default,0.5,50,1000000,10,batchR,0,4,48,100,2,latest,0,0,0
WS-06-default,S,default,0.5,50,1000000,10,batchR,0,4,48,100,2,read_match,1046,0,1046
WS-06-default,S,default,0.5,50,1000000,10,batchR,0,4,48,100,2,write_rts_deleted,2259,0,2259
WS-06-default,S,default,0.5,50,1000000,10,batchR,0,4,48,100,2,node_set,0,0,0
WS-06-default,S,default,0.5,50,1000000,10,batchR,0,4,48,100,2,scan_node_set,0,0,0
WS-06-default,S,default,0.5,50,1000000,10,batchR,0,4,48,100,2,other,0,0,0
WS-06-tuned,S,tuned,0.5,50,1000000,10,batchR,0,4,48,100,1,early_wts,0,0,0
WS-06-tuned,S,tuned,0.5,50,1000000,10,batchR,0,4,48,100,1,early_rts,1008,0,1008
WS-06-tuned,S,tuned,0.5,50,1000000,10,batchR,0,4,48,100,1,precheck,227,0,227
WS-06-tuned,S,tuned,0.5,50,1000000,10,batchR,0,4,48,100,1,latest,0,0,0
WS-06-tuned,S,tuned,0.5,50,1000000,10,batchR,0,4,48,100,1,read_match,1011,0,1011
WS-06-tuned,S,tuned,0.5,50,1000000,10,batchR,0,4,48,100,1,write_rts_deleted,2250,0,2250
WS-06-tuned,S,tuned,0.5,50,1000000,10,batchR,0,4,48,100,1,node_set,0,0,0
WS-06-tuned,S,tuned,0.5,50,1000000,10,batchR,0,4,48,100,1,scan_node_set,0,0,0
WS-06-tuned,S,tuned,0.5,50,1000000,10,batchR,0,4,48,100,1,other,0,0,0
WS-06-tuned,S,tuned,0.5,50,1000000,10,batchR,0,4,48,100,2,early_wts,0,0,0
WS-06-tuned,S,tuned,0.5,50,1000000,10,batchR,0,4,48,100,2,early_rts,990,0,990
WS-06-tuned,S,tuned,0.5,50,1000000,10,batchR,0,4,48,100,2,precheck,235,0,235
WS-06-tuned,S,tuned,0.5,50,1000000,10,batchR,0,4,48,100,2,latest,1,0,1
WS-06-tuned,S,tuned,0.5,50,1000000,10,batchR,0,4,48,100,2,read_match,998,0,998
WS-06-tuned,S,tuned,0.5,50,1000000,10,batchR,0,4,48,100,2,write_rts_deleted,2283,0,2283
WS-06-tuned,S,tuned,0.5,50,1000000,10,batchR,0,4,48,100,2,node_set,0,0,0
WS-06-tuned,S,tuned,0.5,50,1000000,10,batchR,0,4,48,100,2,scan_node_set,0,0,0
WS-06-tuned,S,tuned,0.5,50,1000000,10,batchR,0,4,48,100,2,other,0,0,0
WS-07-default,S,default,0.5,95,1000000,10,none,0,4,48,100,1,early_wts,0,0,0
WS-07-default,S,default,0.5,95,1000000,10,none,0,4,48,100,1,early_rts,564,0,564
WS-07-default,S,default,0.5,95,1000000,10,none,0,4,48,100,1,precheck,14,0,14
WS-07-default,S,default,0.5,95,1000000,10,none,0,4,48,100,1,latest,0,0,0
WS-07-default,S,default,0.5,95,1000000,10,none,0,4,48,100,1,read_match,11425,0,11425
WS-07-default,S,default,0.5,95,1000000,10,none,0,4,48,100,1,write_rts_deleted,1649,0,1649
WS-07-default,S,default,0.5,95,1000000,10,none,0,4,48,100,1,node_set,0,0,0
WS-07-default,S,default,0.5,95,1000000,10,none,0,4,48,100,1,scan_node_set,0,0,0
WS-07-default,S,default,0.5,95,1000000,10,none,0,4,48,100,1,other,0,0,0
WS-07-default,S,default,0.5,95,1000000,10,none,0,4,48,100,2,early_wts,0,0,0
WS-07-default,S,default,0.5,95,1000000,10,none,0,4,48,100,2,early_rts,534,0,534
WS-07-default,S,default,0.5,95,1000000,10,none,0,4,48,100,2,precheck,24,0,24
WS-07-default,S,default,0.5,95,1000000,10,none,0,4,48,100,2,latest,0,0,0
WS-07-default,S,default,0.5,95,1000000,10,none,0,4,48,100,2,read_match,11423,0,11423
WS-07-default,S,default,0.5,95,1000000,10,none,0,4,48,100,2,write_rts_deleted,1698,0,1698
WS-07-default,S,default,0.5,95,1000000,10,none,0,4,48,100,2,node_set,0,0,0
WS-07-default,S,default,0.5,95,1000000,10,none,0,4,48,100,2,scan_node_set,0,0,0
WS-07-default,S,default,0.5,95,1000000,10,none,0,4,48,100,2,other,0,0,0
WS-07-tuned,S,tuned,0.5,95,1000000,10,none,0,4,48,100,1,early_wts,0,0,0
WS-07-tuned,S,tuned,0.5,95,1000000,10,none,0,4,48,100,1,early_rts,761,0,761
WS-07-tuned,S,tuned,0.5,95,1000000,10,none,0,4,48,100,1,precheck,29,0,29
WS-07-tuned,S,tuned,0.5,95,1000000,10,none,0,4,48,100,1,latest,0,0,0
WS-07-tuned,S,tuned,0.5,95,1000000,10,none,0,4,48,100,1,read_match,13022,0,13022
WS-07-tuned,S,tuned,0.5,95,1000000,10,none,0,4,48,100,1,write_rts_deleted,2183,0,2183
WS-07-tuned,S,tuned,0.5,95,1000000,10,none,0,4,48,100,1,node_set,0,0,0
WS-07-tuned,S,tuned,0.5,95,1000000,10,none,0,4,48,100,1,scan_node_set,0,0,0
WS-07-tuned,S,tuned,0.5,95,1000000,10,none,0,4,48,100,1,other,0,0,0
WS-07-tuned,S,tuned,0.5,95,1000000,10,none,0,4,48,100,2,early_wts,0,0,0
WS-07-tuned,S,tuned,0.5,95,1000000,10,none,0,4,48,100,2,early_rts,749,0,749
WS-07-tuned,S,tuned,0.5,95,1000000,10,none,0,4,48,100,2,precheck,34,0,34
WS-07-tuned,S,tuned,0.5,95,1000000,10,none,0,4,48,100,2,latest,0,0,0
WS-07-tuned,S,tuned,0.5,95,1000000,10,none,0,4,48,100,2,read_match,12563,0,12563
WS-07-tuned,S,tuned,0.5,95,1000000,10,none,0,4,48,100,2,write_rts_deleted,2150,0,2150
WS-07-tuned,S,tuned,0.5,95,1000000,10,none,0,4,48,100,2,node_set,0,0,0
WS-07-tuned,S,tuned,0.5,95,1000000,10,none,0,4,48,100,2,scan_node_set,0,0,0
WS-07-tuned,S,tuned,0.5,95,1000000,10,none,0,4,48,100,2,other,0,0,0
WS-08-default,S,default,0.5,95,1000000,10,batchU,0,4,48,100,1,early_wts,0,1,1
WS-08-default,S,default,0.5,95,1000000,10,batchU,0,4,48,100,1,early_rts,500,3034,3534
WS-08-default,S,default,0.5,95,1000000,10,batchU,0,4,48,100,1,precheck,20,0,20
WS-08-default,S,default,0.5,95,1000000,10,batchU,0,4,48,100,1,latest,0,0,0
WS-08-default,S,default,0.5,95,1000000,10,batchU,0,4,48,100,1,read_match,10908,0,10908
WS-08-default,S,default,0.5,95,1000000,10,batchU,0,4,48,100,1,write_rts_deleted,1561,0,1561
WS-08-default,S,default,0.5,95,1000000,10,batchU,0,4,48,100,1,node_set,0,0,0
WS-08-default,S,default,0.5,95,1000000,10,batchU,0,4,48,100,1,scan_node_set,0,0,0
WS-08-default,S,default,0.5,95,1000000,10,batchU,0,4,48,100,1,other,0,0,0
WS-08-default,S,default,0.5,95,1000000,10,batchU,0,4,48,100,2,early_wts,0,0,0
WS-08-default,S,default,0.5,95,1000000,10,batchU,0,4,48,100,2,early_rts,522,3094,3616
WS-08-default,S,default,0.5,95,1000000,10,batchU,0,4,48,100,2,precheck,22,16,38
WS-08-default,S,default,0.5,95,1000000,10,batchU,0,4,48,100,2,latest,0,0,0
WS-08-default,S,default,0.5,95,1000000,10,batchU,0,4,48,100,2,read_match,10807,0,10807
WS-08-default,S,default,0.5,95,1000000,10,batchU,0,4,48,100,2,write_rts_deleted,1649,1,1650
WS-08-default,S,default,0.5,95,1000000,10,batchU,0,4,48,100,2,node_set,0,0,0
WS-08-default,S,default,0.5,95,1000000,10,batchU,0,4,48,100,2,scan_node_set,0,0,0
WS-08-default,S,default,0.5,95,1000000,10,batchU,0,4,48,100,2,other,0,0,0
WS-08-tuned,S,tuned,0.5,95,1000000,10,batchU,0,4,48,100,1,early_wts,0,0,0
WS-08-tuned,S,tuned,0.5,95,1000000,10,batchU,0,4,48,100,1,early_rts,690,5489,6179
WS-08-tuned,S,tuned,0.5,95,1000000,10,batchU,0,4,48,100,1,precheck,26,85,111
WS-08-tuned,S,tuned,0.5,95,1000000,10,batchU,0,4,48,100,1,latest,0,0,0
WS-08-tuned,S,tuned,0.5,95,1000000,10,batchU,0,4,48,100,1,read_match,12132,0,12132
WS-08-tuned,S,tuned,0.5,95,1000000,10,batchU,0,4,48,100,1,write_rts_deleted,2073,0,2073
WS-08-tuned,S,tuned,0.5,95,1000000,10,batchU,0,4,48,100,1,node_set,0,0,0
WS-08-tuned,S,tuned,0.5,95,1000000,10,batchU,0,4,48,100,1,scan_node_set,0,0,0
WS-08-tuned,S,tuned,0.5,95,1000000,10,batchU,0,4,48,100,1,other,0,0,0
WS-08-tuned,S,tuned,0.5,95,1000000,10,batchU,0,4,48,100,2,early_wts,0,0,0
WS-08-tuned,S,tuned,0.5,95,1000000,10,batchU,0,4,48,100,2,early_rts,665,4827,5492
WS-08-tuned,S,tuned,0.5,95,1000000,10,batchU,0,4,48,100,2,precheck,27,326,353
WS-08-tuned,S,tuned,0.5,95,1000000,10,batchU,0,4,48,100,2,latest,0,0,0
WS-08-tuned,S,tuned,0.5,95,1000000,10,batchU,0,4,48,100,2,read_match,12020,0,12020
WS-08-tuned,S,tuned,0.5,95,1000000,10,batchU,0,4,48,100,2,write_rts_deleted,2039,0,2039
WS-08-tuned,S,tuned,0.5,95,1000000,10,batchU,0,4,48,100,2,node_set,0,0,0
WS-08-tuned,S,tuned,0.5,95,1000000,10,batchU,0,4,48,100,2,scan_node_set,0,0,0
WS-08-tuned,S,tuned,0.5,95,1000000,10,batchU,0,4,48,100,2,other,0,0,0
WS-09-default,S,default,0.5,95,1000000,10,batchR,0,4,48,100,1,early_wts,0,0,0
WS-09-default,S,default,0.5,95,1000000,10,batchR,0,4,48,100,1,early_rts,416,0,416
WS-09-default,S,default,0.5,95,1000000,10,batchR,0,4,48,100,1,precheck,88,0,88
WS-09-default,S,default,0.5,95,1000000,10,batchR,0,4,48,100,1,latest,0,0,0
WS-09-default,S,default,0.5,95,1000000,10,batchR,0,4,48,100,1,read_match,3004,0,3004
WS-09-default,S,default,0.5,95,1000000,10,batchR,0,4,48,100,1,write_rts_deleted,3655,0,3655
WS-09-default,S,default,0.5,95,1000000,10,batchR,0,4,48,100,1,node_set,0,0,0
WS-09-default,S,default,0.5,95,1000000,10,batchR,0,4,48,100,1,scan_node_set,0,0,0
WS-09-default,S,default,0.5,95,1000000,10,batchR,0,4,48,100,1,other,0,0,0
WS-09-default,S,default,0.5,95,1000000,10,batchR,0,4,48,100,2,early_wts,0,0,0
WS-09-default,S,default,0.5,95,1000000,10,batchR,0,4,48,100,2,early_rts,420,0,420
WS-09-default,S,default,0.5,95,1000000,10,batchR,0,4,48,100,2,precheck,81,0,81
WS-09-default,S,default,0.5,95,1000000,10,batchR,0,4,48,100,2,latest,0,0,0
WS-09-default,S,default,0.5,95,1000000,10,batchR,0,4,48,100,2,read_match,2944,0,2944
WS-09-default,S,default,0.5,95,1000000,10,batchR,0,4,48,100,2,write_rts_deleted,3622,0,3622
WS-09-default,S,default,0.5,95,1000000,10,batchR,0,4,48,100,2,node_set,0,0,0
WS-09-default,S,default,0.5,95,1000000,10,batchR,0,4,48,100,2,scan_node_set,0,0,0
WS-09-default,S,default,0.5,95,1000000,10,batchR,0,4,48,100,2,other,0,0,0
WS-09-tuned,S,tuned,0.5,95,1000000,10,batchR,0,4,48,100,1,early_wts,0,0,0
WS-09-tuned,S,tuned,0.5,95,1000000,10,batchR,0,4,48,100,1,early_rts,490,0,490
WS-09-tuned,S,tuned,0.5,95,1000000,10,batchR,0,4,48,100,1,precheck,87,0,87
WS-09-tuned,S,tuned,0.5,95,1000000,10,batchR,0,4,48,100,1,latest,0,0,0
WS-09-tuned,S,tuned,0.5,95,1000000,10,batchR,0,4,48,100,1,read_match,3076,0,3076
WS-09-tuned,S,tuned,0.5,95,1000000,10,batchR,0,4,48,100,1,write_rts_deleted,3689,0,3689
WS-09-tuned,S,tuned,0.5,95,1000000,10,batchR,0,4,48,100,1,node_set,0,0,0
WS-09-tuned,S,tuned,0.5,95,1000000,10,batchR,0,4,48,100,1,scan_node_set,0,0,0
WS-09-tuned,S,tuned,0.5,95,1000000,10,batchR,0,4,48,100,1,other,0,0,0
WS-09-tuned,S,tuned,0.5,95,1000000,10,batchR,0,4,48,100,2,early_wts,0,0,0
WS-09-tuned,S,tuned,0.5,95,1000000,10,batchR,0,4,48,100,2,early_rts,472,0,472
WS-09-tuned,S,tuned,0.5,95,1000000,10,batchR,0,4,48,100,2,precheck,83,0,83
WS-09-tuned,S,tuned,0.5,95,1000000,10,batchR,0,4,48,100,2,latest,0,0,0
WS-09-tuned,S,tuned,0.5,95,1000000,10,batchR,0,4,48,100,2,read_match,3026,0,3026
WS-09-tuned,S,tuned,0.5,95,1000000,10,batchR,0,4,48,100,2,write_rts_deleted,3784,0,3784
WS-09-tuned,S,tuned,0.5,95,1000000,10,batchR,0,4,48,100,2,node_set,0,0,0
WS-09-tuned,S,tuned,0.5,95,1000000,10,batchR,0,4,48,100,2,scan_node_set,0,0,0
WS-09-tuned,S,tuned,0.5,95,1000000,10,batchR,0,4,48,100,2,other,0,0,0
WS-10-default,S,default,0.6,5,1000000,10,none,0,4,48,100,1,early_wts,0,0,0
WS-10-default,S,default,0.6,5,1000000,10,none,0,4,48,100,1,early_rts,262,0,262
WS-10-default,S,default,0.6,5,1000000,10,none,0,4,48,100,1,precheck,52,0,52
WS-10-default,S,default,0.6,5,1000000,10,none,0,4,48,100,1,latest,0,0,0
WS-10-default,S,default,0.6,5,1000000,10,none,0,4,48,100,1,read_match,7685,0,7685
WS-10-default,S,default,0.6,5,1000000,10,none,0,4,48,100,1,write_rts_deleted,1621,0,1621
WS-10-default,S,default,0.6,5,1000000,10,none,0,4,48,100,1,node_set,0,0,0
WS-10-default,S,default,0.6,5,1000000,10,none,0,4,48,100,1,scan_node_set,0,0,0
WS-10-default,S,default,0.6,5,1000000,10,none,0,4,48,100,1,other,0,0,0
WS-10-default,S,default,0.6,5,1000000,10,none,0,4,48,100,2,early_wts,3,0,3
WS-10-default,S,default,0.6,5,1000000,10,none,0,4,48,100,2,early_rts,308,0,308
WS-10-default,S,default,0.6,5,1000000,10,none,0,4,48,100,2,precheck,29,0,29
WS-10-default,S,default,0.6,5,1000000,10,none,0,4,48,100,2,latest,2,0,2
WS-10-default,S,default,0.6,5,1000000,10,none,0,4,48,100,2,read_match,7718,0,7718
WS-10-default,S,default,0.6,5,1000000,10,none,0,4,48,100,2,write_rts_deleted,1520,0,1520
WS-10-default,S,default,0.6,5,1000000,10,none,0,4,48,100,2,node_set,0,0,0
WS-10-default,S,default,0.6,5,1000000,10,none,0,4,48,100,2,scan_node_set,0,0,0
WS-10-default,S,default,0.6,5,1000000,10,none,0,4,48,100,2,other,0,0,0
WS-10-tuned,S,tuned,0.6,5,1000000,10,none,0,4,48,100,1,early_wts,0,0,0
WS-10-tuned,S,tuned,0.6,5,1000000,10,none,0,4,48,100,1,early_rts,387,0,387
WS-10-tuned,S,tuned,0.6,5,1000000,10,none,0,4,48,100,1,precheck,85,0,85
WS-10-tuned,S,tuned,0.6,5,1000000,10,none,0,4,48,100,1,latest,3,0,3
WS-10-tuned,S,tuned,0.6,5,1000000,10,none,0,4,48,100,1,read_match,9931,0,9931
WS-10-tuned,S,tuned,0.6,5,1000000,10,none,0,4,48,100,1,write_rts_deleted,2281,0,2281
WS-10-tuned,S,tuned,0.6,5,1000000,10,none,0,4,48,100,1,node_set,0,0,0
WS-10-tuned,S,tuned,0.6,5,1000000,10,none,0,4,48,100,1,scan_node_set,0,0,0
WS-10-tuned,S,tuned,0.6,5,1000000,10,none,0,4,48,100,1,other,0,0,0
WS-10-tuned,S,tuned,0.6,5,1000000,10,none,0,4,48,100,2,early_wts,1,0,1
WS-10-tuned,S,tuned,0.6,5,1000000,10,none,0,4,48,100,2,early_rts,372,0,372
WS-10-tuned,S,tuned,0.6,5,1000000,10,none,0,4,48,100,2,precheck,79,0,79
WS-10-tuned,S,tuned,0.6,5,1000000,10,none,0,4,48,100,2,latest,0,0,0
WS-10-tuned,S,tuned,0.6,5,1000000,10,none,0,4,48,100,2,read_match,9833,0,9833
WS-10-tuned,S,tuned,0.6,5,1000000,10,none,0,4,48,100,2,write_rts_deleted,2137,0,2137
WS-10-tuned,S,tuned,0.6,5,1000000,10,none,0,4,48,100,2,node_set,0,0,0
WS-10-tuned,S,tuned,0.6,5,1000000,10,none,0,4,48,100,2,scan_node_set,0,0,0
WS-10-tuned,S,tuned,0.6,5,1000000,10,none,0,4,48,100,2,other,0,0,0
WS-11-default,S,default,0.6,5,1000000,10,batchU,0,4,48,100,1,early_wts,0,4,4
WS-11-default,S,default,0.6,5,1000000,10,batchU,0,4,48,100,1,early_rts,254,2373,2627
WS-11-default,S,default,0.6,5,1000000,10,batchU,0,4,48,100,1,precheck,72,94,166
WS-11-default,S,default,0.6,5,1000000,10,batchU,0,4,48,100,1,latest,1,0,1
WS-11-default,S,default,0.6,5,1000000,10,batchU,0,4,48,100,1,read_match,7185,1,7186
WS-11-default,S,default,0.6,5,1000000,10,batchU,0,4,48,100,1,write_rts_deleted,1390,3,1393
WS-11-default,S,default,0.6,5,1000000,10,batchU,0,4,48,100,1,node_set,0,0,0
WS-11-default,S,default,0.6,5,1000000,10,batchU,0,4,48,100,1,scan_node_set,0,0,0
WS-11-default,S,default,0.6,5,1000000,10,batchU,0,4,48,100,1,other,0,0,0
WS-11-default,S,default,0.6,5,1000000,10,batchU,0,4,48,100,2,early_wts,1,164,165
WS-11-default,S,default,0.6,5,1000000,10,batchU,0,4,48,100,2,early_rts,259,2524,2783
WS-11-default,S,default,0.6,5,1000000,10,batchU,0,4,48,100,2,precheck,80,4,84
WS-11-default,S,default,0.6,5,1000000,10,batchU,0,4,48,100,2,latest,0,0,0
WS-11-default,S,default,0.6,5,1000000,10,batchU,0,4,48,100,2,read_match,7254,0,7254
WS-11-default,S,default,0.6,5,1000000,10,batchU,0,4,48,100,2,write_rts_deleted,1370,0,1370
WS-11-default,S,default,0.6,5,1000000,10,batchU,0,4,48,100,2,node_set,0,0,0
WS-11-default,S,default,0.6,5,1000000,10,batchU,0,4,48,100,2,scan_node_set,0,0,0
WS-11-default,S,default,0.6,5,1000000,10,batchU,0,4,48,100,2,other,0,0,0
WS-11-tuned,S,tuned,0.6,5,1000000,10,batchU,0,4,48,100,1,early_wts,0,26,26
WS-11-tuned,S,tuned,0.6,5,1000000,10,batchU,0,4,48,100,1,early_rts,353,4295,4648
WS-11-tuned,S,tuned,0.6,5,1000000,10,batchU,0,4,48,100,1,precheck,213,131,344
WS-11-tuned,S,tuned,0.6,5,1000000,10,batchU,0,4,48,100,1,latest,0,0,0
WS-11-tuned,S,tuned,0.6,5,1000000,10,batchU,0,4,48,100,1,read_match,8932,1,8933
WS-11-tuned,S,tuned,0.6,5,1000000,10,batchU,0,4,48,100,1,write_rts_deleted,1851,4,1855
WS-11-tuned,S,tuned,0.6,5,1000000,10,batchU,0,4,48,100,1,node_set,0,0,0
WS-11-tuned,S,tuned,0.6,5,1000000,10,batchU,0,4,48,100,1,scan_node_set,0,0,0
WS-11-tuned,S,tuned,0.6,5,1000000,10,batchU,0,4,48,100,1,other,0,0,0
WS-11-tuned,S,tuned,0.6,5,1000000,10,batchU,0,4,48,100,2,early_wts,0,1930,1930
WS-11-tuned,S,tuned,0.6,5,1000000,10,batchU,0,4,48,100,2,early_rts,352,3749,4101
WS-11-tuned,S,tuned,0.6,5,1000000,10,batchU,0,4,48,100,2,precheck,191,105,296
WS-11-tuned,S,tuned,0.6,5,1000000,10,batchU,0,4,48,100,2,latest,0,0,0
WS-11-tuned,S,tuned,0.6,5,1000000,10,batchU,0,4,48,100,2,read_match,8994,0,8994
WS-11-tuned,S,tuned,0.6,5,1000000,10,batchU,0,4,48,100,2,write_rts_deleted,1870,3,1873
WS-11-tuned,S,tuned,0.6,5,1000000,10,batchU,0,4,48,100,2,node_set,0,0,0
WS-11-tuned,S,tuned,0.6,5,1000000,10,batchU,0,4,48,100,2,scan_node_set,0,0,0
WS-11-tuned,S,tuned,0.6,5,1000000,10,batchU,0,4,48,100,2,other,0,0,0
WS-12-default,S,default,0.6,5,1000000,10,batchR,0,4,48,100,1,early_wts,2,0,2
WS-12-default,S,default,0.6,5,1000000,10,batchR,0,4,48,100,1,early_rts,352,0,352
WS-12-default,S,default,0.6,5,1000000,10,batchR,0,4,48,100,1,precheck,54,0,54
WS-12-default,S,default,0.6,5,1000000,10,batchR,0,4,48,100,1,latest,3,0,3
WS-12-default,S,default,0.6,5,1000000,10,batchR,0,4,48,100,1,read_match,419,0,419
WS-12-default,S,default,0.6,5,1000000,10,batchR,0,4,48,100,1,write_rts_deleted,790,0,790
WS-12-default,S,default,0.6,5,1000000,10,batchR,0,4,48,100,1,node_set,0,0,0
WS-12-default,S,default,0.6,5,1000000,10,batchR,0,4,48,100,1,scan_node_set,0,0,0
WS-12-default,S,default,0.6,5,1000000,10,batchR,0,4,48,100,1,other,0,0,0
WS-12-default,S,default,0.6,5,1000000,10,batchR,0,4,48,100,2,early_wts,1,0,1
WS-12-default,S,default,0.6,5,1000000,10,batchR,0,4,48,100,2,early_rts,373,0,373
WS-12-default,S,default,0.6,5,1000000,10,batchR,0,4,48,100,2,precheck,64,0,64
WS-12-default,S,default,0.6,5,1000000,10,batchR,0,4,48,100,2,latest,0,0,0
WS-12-default,S,default,0.6,5,1000000,10,batchR,0,4,48,100,2,read_match,407,0,407
WS-12-default,S,default,0.6,5,1000000,10,batchR,0,4,48,100,2,write_rts_deleted,776,0,776
WS-12-default,S,default,0.6,5,1000000,10,batchR,0,4,48,100,2,node_set,0,0,0
WS-12-default,S,default,0.6,5,1000000,10,batchR,0,4,48,100,2,scan_node_set,0,0,0
WS-12-default,S,default,0.6,5,1000000,10,batchR,0,4,48,100,2,other,0,0,0
WS-12-tuned,S,tuned,0.6,5,1000000,10,batchR,0,4,48,100,1,early_wts,3,0,3
WS-12-tuned,S,tuned,0.6,5,1000000,10,batchR,0,4,48,100,1,early_rts,377,0,377
WS-12-tuned,S,tuned,0.6,5,1000000,10,batchR,0,4,48,100,1,precheck,75,0,75
WS-12-tuned,S,tuned,0.6,5,1000000,10,batchR,0,4,48,100,1,latest,1,0,1
WS-12-tuned,S,tuned,0.6,5,1000000,10,batchR,0,4,48,100,1,read_match,408,0,408
WS-12-tuned,S,tuned,0.6,5,1000000,10,batchR,0,4,48,100,1,write_rts_deleted,766,0,766
WS-12-tuned,S,tuned,0.6,5,1000000,10,batchR,0,4,48,100,1,node_set,0,0,0
WS-12-tuned,S,tuned,0.6,5,1000000,10,batchR,0,4,48,100,1,scan_node_set,0,0,0
WS-12-tuned,S,tuned,0.6,5,1000000,10,batchR,0,4,48,100,1,other,0,0,0
WS-12-tuned,S,tuned,0.6,5,1000000,10,batchR,0,4,48,100,2,early_wts,2,0,2
WS-12-tuned,S,tuned,0.6,5,1000000,10,batchR,0,4,48,100,2,early_rts,338,0,338
WS-12-tuned,S,tuned,0.6,5,1000000,10,batchR,0,4,48,100,2,precheck,56,0,56
WS-12-tuned,S,tuned,0.6,5,1000000,10,batchR,0,4,48,100,2,latest,2,0,2
WS-12-tuned,S,tuned,0.6,5,1000000,10,batchR,0,4,48,100,2,read_match,364,0,364
WS-12-tuned,S,tuned,0.6,5,1000000,10,batchR,0,4,48,100,2,write_rts_deleted,665,0,665
WS-12-tuned,S,tuned,0.6,5,1000000,10,batchR,0,4,48,100,2,node_set,0,0,0
WS-12-tuned,S,tuned,0.6,5,1000000,10,batchR,0,4,48,100,2,scan_node_set,0,0,0
WS-12-tuned,S,tuned,0.6,5,1000000,10,batchR,0,4,48,100,2,other,0,0,0
WS-13-default,S,default,0.6,50,1000000,10,none,0,4,48,100,1,early_wts,1,0,1
WS-13-default,S,default,0.6,50,1000000,10,none,0,4,48,100,1,early_rts,2325,0,2325
WS-13-default,S,default,0.6,50,1000000,10,none,0,4,48,100,1,precheck,863,0,863
WS-13-default,S,default,0.6,50,1000000,10,none,0,4,48,100,1,latest,2,0,2
WS-13-default,S,default,0.6,50,1000000,10,none,0,4,48,100,1,read_match,43256,0,43256
WS-13-default,S,default,0.6,50,1000000,10,none,0,4,48,100,1,write_rts_deleted,10801,0,10801
WS-13-default,S,default,0.6,50,1000000,10,none,0,4,48,100,1,node_set,0,0,0
WS-13-default,S,default,0.6,50,1000000,10,none,0,4,48,100,1,scan_node_set,0,0,0
WS-13-default,S,default,0.6,50,1000000,10,none,0,4,48,100,1,other,0,0,0
WS-13-default,S,default,0.6,50,1000000,10,none,0,4,48,100,2,early_wts,0,0,0
WS-13-default,S,default,0.6,50,1000000,10,none,0,4,48,100,2,early_rts,2198,0,2198
WS-13-default,S,default,0.6,50,1000000,10,none,0,4,48,100,2,precheck,808,0,808
WS-13-default,S,default,0.6,50,1000000,10,none,0,4,48,100,2,latest,4,0,4
WS-13-default,S,default,0.6,50,1000000,10,none,0,4,48,100,2,read_match,42473,0,42473
WS-13-default,S,default,0.6,50,1000000,10,none,0,4,48,100,2,write_rts_deleted,10475,0,10475
WS-13-default,S,default,0.6,50,1000000,10,none,0,4,48,100,2,node_set,0,0,0
WS-13-default,S,default,0.6,50,1000000,10,none,0,4,48,100,2,scan_node_set,0,0,0
WS-13-default,S,default,0.6,50,1000000,10,none,0,4,48,100,2,other,0,0,0
WS-13-tuned,S,tuned,0.6,50,1000000,10,none,0,4,48,100,1,early_wts,8,0,8
WS-13-tuned,S,tuned,0.6,50,1000000,10,none,0,4,48,100,1,early_rts,4815,0,4815
WS-13-tuned,S,tuned,0.6,50,1000000,10,none,0,4,48,100,1,precheck,2275,0,2275
WS-13-tuned,S,tuned,0.6,50,1000000,10,none,0,4,48,100,1,latest,11,0,11
WS-13-tuned,S,tuned,0.6,50,1000000,10,none,0,4,48,100,1,read_match,70170,0,70170
WS-13-tuned,S,tuned,0.6,50,1000000,10,none,0,4,48,100,1,write_rts_deleted,20697,0,20697
WS-13-tuned,S,tuned,0.6,50,1000000,10,none,0,4,48,100,1,node_set,0,0,0
WS-13-tuned,S,tuned,0.6,50,1000000,10,none,0,4,48,100,1,scan_node_set,0,0,0
WS-13-tuned,S,tuned,0.6,50,1000000,10,none,0,4,48,100,1,other,0,0,0
WS-13-tuned,S,tuned,0.6,50,1000000,10,none,0,4,48,100,2,early_wts,3,0,3
WS-13-tuned,S,tuned,0.6,50,1000000,10,none,0,4,48,100,2,early_rts,4787,0,4787
WS-13-tuned,S,tuned,0.6,50,1000000,10,none,0,4,48,100,2,precheck,2222,0,2222
WS-13-tuned,S,tuned,0.6,50,1000000,10,none,0,4,48,100,2,latest,8,0,8
WS-13-tuned,S,tuned,0.6,50,1000000,10,none,0,4,48,100,2,read_match,69605,0,69605
WS-13-tuned,S,tuned,0.6,50,1000000,10,none,0,4,48,100,2,write_rts_deleted,20290,0,20290
WS-13-tuned,S,tuned,0.6,50,1000000,10,none,0,4,48,100,2,node_set,0,0,0
WS-13-tuned,S,tuned,0.6,50,1000000,10,none,0,4,48,100,2,scan_node_set,0,0,0
WS-13-tuned,S,tuned,0.6,50,1000000,10,none,0,4,48,100,2,other,0,0,0
WS-14-default,S,default,0.6,50,1000000,10,batchU,0,4,48,100,1,early_wts,1,0,1
WS-14-default,S,default,0.6,50,1000000,10,batchU,0,4,48,100,1,early_rts,2141,6060,8201
WS-14-default,S,default,0.6,50,1000000,10,batchU,0,4,48,100,1,precheck,1103,0,1103
WS-14-default,S,default,0.6,50,1000000,10,batchU,0,4,48,100,1,latest,3,0,3
WS-14-default,S,default,0.6,50,1000000,10,batchU,0,4,48,100,1,read_match,40594,0,40594
WS-14-default,S,default,0.6,50,1000000,10,batchU,0,4,48,100,1,write_rts_deleted,10024,0,10024
WS-14-default,S,default,0.6,50,1000000,10,batchU,0,4,48,100,1,node_set,0,0,0
WS-14-default,S,default,0.6,50,1000000,10,batchU,0,4,48,100,1,scan_node_set,0,0,0
WS-14-default,S,default,0.6,50,1000000,10,batchU,0,4,48,100,1,other,0,0,0
WS-14-default,S,default,0.6,50,1000000,10,batchU,0,4,48,100,2,early_wts,0,18,18
WS-14-default,S,default,0.6,50,1000000,10,batchU,0,4,48,100,2,early_rts,2164,5195,7359
WS-14-default,S,default,0.6,50,1000000,10,batchU,0,4,48,100,2,precheck,857,0,857
WS-14-default,S,default,0.6,50,1000000,10,batchU,0,4,48,100,2,latest,3,0,3
WS-14-default,S,default,0.6,50,1000000,10,batchU,0,4,48,100,2,read_match,40652,0,40652
WS-14-default,S,default,0.6,50,1000000,10,batchU,0,4,48,100,2,write_rts_deleted,10051,0,10051
WS-14-default,S,default,0.6,50,1000000,10,batchU,0,4,48,100,2,node_set,0,0,0
WS-14-default,S,default,0.6,50,1000000,10,batchU,0,4,48,100,2,scan_node_set,0,0,0
WS-14-default,S,default,0.6,50,1000000,10,batchU,0,4,48,100,2,other,0,0,0
WS-14-tuned,S,tuned,0.6,50,1000000,10,batchU,0,4,48,100,1,early_wts,2,7,9
WS-14-tuned,S,tuned,0.6,50,1000000,10,batchU,0,4,48,100,1,early_rts,4436,22631,27067
WS-14-tuned,S,tuned,0.6,50,1000000,10,batchU,0,4,48,100,1,precheck,3202,1,3203
WS-14-tuned,S,tuned,0.6,50,1000000,10,batchU,0,4,48,100,1,latest,8,0,8
WS-14-tuned,S,tuned,0.6,50,1000000,10,batchU,0,4,48,100,1,read_match,67538,0,67538
WS-14-tuned,S,tuned,0.6,50,1000000,10,batchU,0,4,48,100,1,write_rts_deleted,18729,0,18729
WS-14-tuned,S,tuned,0.6,50,1000000,10,batchU,0,4,48,100,1,node_set,0,0,0
WS-14-tuned,S,tuned,0.6,50,1000000,10,batchU,0,4,48,100,1,scan_node_set,0,0,0
WS-14-tuned,S,tuned,0.6,50,1000000,10,batchU,0,4,48,100,1,other,0,0,0
WS-14-tuned,S,tuned,0.6,50,1000000,10,batchU,0,4,48,100,2,early_wts,3,0,3
WS-14-tuned,S,tuned,0.6,50,1000000,10,batchU,0,4,48,100,2,early_rts,4431,19204,23635
WS-14-tuned,S,tuned,0.6,50,1000000,10,batchU,0,4,48,100,2,precheck,2175,0,2175
WS-14-tuned,S,tuned,0.6,50,1000000,10,batchU,0,4,48,100,2,latest,9,0,9
WS-14-tuned,S,tuned,0.6,50,1000000,10,batchU,0,4,48,100,2,read_match,66781,0,66781
WS-14-tuned,S,tuned,0.6,50,1000000,10,batchU,0,4,48,100,2,write_rts_deleted,19478,0,19478
WS-14-tuned,S,tuned,0.6,50,1000000,10,batchU,0,4,48,100,2,node_set,0,0,0
WS-14-tuned,S,tuned,0.6,50,1000000,10,batchU,0,4,48,100,2,scan_node_set,0,0,0
WS-14-tuned,S,tuned,0.6,50,1000000,10,batchU,0,4,48,100,2,other,0,0,0
WS-15-default,S,default,0.6,50,1000000,10,batchR,0,4,48,100,1,early_wts,9,0,9
WS-15-default,S,default,0.6,50,1000000,10,batchR,0,4,48,100,1,early_rts,3001,0,3001
WS-15-default,S,default,0.6,50,1000000,10,batchR,0,4,48,100,1,precheck,1073,0,1073
WS-15-default,S,default,0.6,50,1000000,10,batchR,0,4,48,100,1,latest,5,0,5
WS-15-default,S,default,0.6,50,1000000,10,batchR,0,4,48,100,1,read_match,3531,0,3531
WS-15-default,S,default,0.6,50,1000000,10,batchR,0,4,48,100,1,write_rts_deleted,6567,0,6567
WS-15-default,S,default,0.6,50,1000000,10,batchR,0,4,48,100,1,node_set,0,0,0
WS-15-default,S,default,0.6,50,1000000,10,batchR,0,4,48,100,1,scan_node_set,0,0,0
WS-15-default,S,default,0.6,50,1000000,10,batchR,0,4,48,100,1,other,0,0,0
WS-15-default,S,default,0.6,50,1000000,10,batchR,0,4,48,100,2,early_wts,10,0,10
WS-15-default,S,default,0.6,50,1000000,10,batchR,0,4,48,100,2,early_rts,3041,0,3041
WS-15-default,S,default,0.6,50,1000000,10,batchR,0,4,48,100,2,precheck,1084,0,1084
WS-15-default,S,default,0.6,50,1000000,10,batchR,0,4,48,100,2,latest,7,0,7
WS-15-default,S,default,0.6,50,1000000,10,batchR,0,4,48,100,2,read_match,3349,0,3349
WS-15-default,S,default,0.6,50,1000000,10,batchR,0,4,48,100,2,write_rts_deleted,6613,0,6613
WS-15-default,S,default,0.6,50,1000000,10,batchR,0,4,48,100,2,node_set,0,0,0
WS-15-default,S,default,0.6,50,1000000,10,batchR,0,4,48,100,2,scan_node_set,0,0,0
WS-15-default,S,default,0.6,50,1000000,10,batchR,0,4,48,100,2,other,0,0,0
WS-15-tuned,S,tuned,0.6,50,1000000,10,batchR,0,4,48,100,1,early_wts,6,0,6
WS-15-tuned,S,tuned,0.6,50,1000000,10,batchR,0,4,48,100,1,early_rts,3366,0,3366
WS-15-tuned,S,tuned,0.6,50,1000000,10,batchR,0,4,48,100,1,precheck,1246,0,1246
WS-15-tuned,S,tuned,0.6,50,1000000,10,batchR,0,4,48,100,1,latest,8,0,8
WS-15-tuned,S,tuned,0.6,50,1000000,10,batchR,0,4,48,100,1,read_match,3463,0,3463
WS-15-tuned,S,tuned,0.6,50,1000000,10,batchR,0,4,48,100,1,write_rts_deleted,6803,0,6803
WS-15-tuned,S,tuned,0.6,50,1000000,10,batchR,0,4,48,100,1,node_set,0,0,0
WS-15-tuned,S,tuned,0.6,50,1000000,10,batchR,0,4,48,100,1,scan_node_set,0,0,0
WS-15-tuned,S,tuned,0.6,50,1000000,10,batchR,0,4,48,100,1,other,0,0,0
WS-15-tuned,S,tuned,0.6,50,1000000,10,batchR,0,4,48,100,2,early_wts,5,0,5
WS-15-tuned,S,tuned,0.6,50,1000000,10,batchR,0,4,48,100,2,early_rts,3317,0,3317
WS-15-tuned,S,tuned,0.6,50,1000000,10,batchR,0,4,48,100,2,precheck,1153,0,1153
WS-15-tuned,S,tuned,0.6,50,1000000,10,batchR,0,4,48,100,2,latest,5,0,5
WS-15-tuned,S,tuned,0.6,50,1000000,10,batchR,0,4,48,100,2,read_match,3409,0,3409
WS-15-tuned,S,tuned,0.6,50,1000000,10,batchR,0,4,48,100,2,write_rts_deleted,6788,0,6788
WS-15-tuned,S,tuned,0.6,50,1000000,10,batchR,0,4,48,100,2,node_set,0,0,0
WS-15-tuned,S,tuned,0.6,50,1000000,10,batchR,0,4,48,100,2,scan_node_set,0,0,0
WS-15-tuned,S,tuned,0.6,50,1000000,10,batchR,0,4,48,100,2,other,0,0,0
WS-16-default,S,default,0.6,95,1000000,10,none,0,4,48,100,1,early_wts,1,0,1
WS-16-default,S,default,0.6,95,1000000,10,none,0,4,48,100,1,early_rts,887,0,887
WS-16-default,S,default,0.6,95,1000000,10,none,0,4,48,100,1,precheck,106,0,106
WS-16-default,S,default,0.6,95,1000000,10,none,0,4,48,100,1,latest,1,0,1
WS-16-default,S,default,0.6,95,1000000,10,none,0,4,48,100,1,read_match,35023,0,35023
WS-16-default,S,default,0.6,95,1000000,10,none,0,4,48,100,1,write_rts_deleted,5882,0,5882
WS-16-default,S,default,0.6,95,1000000,10,none,0,4,48,100,1,node_set,0,0,0
WS-16-default,S,default,0.6,95,1000000,10,none,0,4,48,100,1,scan_node_set,0,0,0
WS-16-default,S,default,0.6,95,1000000,10,none,0,4,48,100,1,other,0,0,0
WS-16-default,S,default,0.6,95,1000000,10,none,0,4,48,100,2,early_wts,0,0,0
WS-16-default,S,default,0.6,95,1000000,10,none,0,4,48,100,2,early_rts,902,0,902
WS-16-default,S,default,0.6,95,1000000,10,none,0,4,48,100,2,precheck,133,0,133
WS-16-default,S,default,0.6,95,1000000,10,none,0,4,48,100,2,latest,0,0,0
WS-16-default,S,default,0.6,95,1000000,10,none,0,4,48,100,2,read_match,35132,0,35132
WS-16-default,S,default,0.6,95,1000000,10,none,0,4,48,100,2,write_rts_deleted,5973,0,5973
WS-16-default,S,default,0.6,95,1000000,10,none,0,4,48,100,2,node_set,0,0,0
WS-16-default,S,default,0.6,95,1000000,10,none,0,4,48,100,2,scan_node_set,0,0,0
WS-16-default,S,default,0.6,95,1000000,10,none,0,4,48,100,2,other,0,0,0
WS-16-tuned,S,tuned,0.6,95,1000000,10,none,0,4,48,100,1,early_wts,0,0,0
WS-16-tuned,S,tuned,0.6,95,1000000,10,none,0,4,48,100,1,early_rts,1684,0,1684
WS-16-tuned,S,tuned,0.6,95,1000000,10,none,0,4,48,100,1,precheck,213,0,213
WS-16-tuned,S,tuned,0.6,95,1000000,10,none,0,4,48,100,1,latest,0,0,0
WS-16-tuned,S,tuned,0.6,95,1000000,10,none,0,4,48,100,1,read_match,48470,0,48470
WS-16-tuned,S,tuned,0.6,95,1000000,10,none,0,4,48,100,1,write_rts_deleted,9089,0,9089
WS-16-tuned,S,tuned,0.6,95,1000000,10,none,0,4,48,100,1,node_set,0,0,0
WS-16-tuned,S,tuned,0.6,95,1000000,10,none,0,4,48,100,1,scan_node_set,0,0,0
WS-16-tuned,S,tuned,0.6,95,1000000,10,none,0,4,48,100,1,other,0,0,0
WS-16-tuned,S,tuned,0.6,95,1000000,10,none,0,4,48,100,2,early_wts,0,0,0
WS-16-tuned,S,tuned,0.6,95,1000000,10,none,0,4,48,100,2,early_rts,1549,0,1549
WS-16-tuned,S,tuned,0.6,95,1000000,10,none,0,4,48,100,2,precheck,207,0,207
WS-16-tuned,S,tuned,0.6,95,1000000,10,none,0,4,48,100,2,latest,0,0,0
WS-16-tuned,S,tuned,0.6,95,1000000,10,none,0,4,48,100,2,read_match,47975,0,47975
WS-16-tuned,S,tuned,0.6,95,1000000,10,none,0,4,48,100,2,write_rts_deleted,9013,0,9013
WS-16-tuned,S,tuned,0.6,95,1000000,10,none,0,4,48,100,2,node_set,0,0,0
WS-16-tuned,S,tuned,0.6,95,1000000,10,none,0,4,48,100,2,scan_node_set,0,0,0
WS-16-tuned,S,tuned,0.6,95,1000000,10,none,0,4,48,100,2,other,0,0,0
WS-17-default,S,default,0.6,95,1000000,10,batchU,0,4,48,100,1,early_wts,0,0,0
WS-17-default,S,default,0.6,95,1000000,10,batchU,0,4,48,100,1,early_rts,895,4940,5835
WS-17-default,S,default,0.6,95,1000000,10,batchU,0,4,48,100,1,precheck,133,16,149
WS-17-default,S,default,0.6,95,1000000,10,batchU,0,4,48,100,1,latest,0,0,0
WS-17-default,S,default,0.6,95,1000000,10,batchU,0,4,48,100,1,read_match,34071,0,34071
WS-17-default,S,default,0.6,95,1000000,10,batchU,0,4,48,100,1,write_rts_deleted,5618,0,5618
WS-17-default,S,default,0.6,95,1000000,10,batchU,0,4,48,100,1,node_set,0,0,0
WS-17-default,S,default,0.6,95,1000000,10,batchU,0,4,48,100,1,scan_node_set,0,0,0
WS-17-default,S,default,0.6,95,1000000,10,batchU,0,4,48,100,1,other,0,0,0
WS-17-default,S,default,0.6,95,1000000,10,batchU,0,4,48,100,2,early_wts,1,0,1
WS-17-default,S,default,0.6,95,1000000,10,batchU,0,4,48,100,2,early_rts,896,5618,6514
WS-17-default,S,default,0.6,95,1000000,10,batchU,0,4,48,100,2,precheck,102,3,105
WS-17-default,S,default,0.6,95,1000000,10,batchU,0,4,48,100,2,latest,0,0,0
WS-17-default,S,default,0.6,95,1000000,10,batchU,0,4,48,100,2,read_match,33768,0,33768
WS-17-default,S,default,0.6,95,1000000,10,batchU,0,4,48,100,2,write_rts_deleted,5708,0,5708
WS-17-default,S,default,0.6,95,1000000,10,batchU,0,4,48,100,2,node_set,0,0,0
WS-17-default,S,default,0.6,95,1000000,10,batchU,0,4,48,100,2,scan_node_set,0,0,0
WS-17-default,S,default,0.6,95,1000000,10,batchU,0,4,48,100,2,other,0,0,0
WS-17-tuned,S,tuned,0.6,95,1000000,10,batchU,0,4,48,100,1,early_wts,1,3828,3829
WS-17-tuned,S,tuned,0.6,95,1000000,10,batchU,0,4,48,100,1,early_rts,1641,3071,4712
WS-17-tuned,S,tuned,0.6,95,1000000,10,batchU,0,4,48,100,1,precheck,193,0,193
WS-17-tuned,S,tuned,0.6,95,1000000,10,batchU,0,4,48,100,1,latest,1,0,1
WS-17-tuned,S,tuned,0.6,95,1000000,10,batchU,0,4,48,100,1,read_match,45455,0,45455
WS-17-tuned,S,tuned,0.6,95,1000000,10,batchU,0,4,48,100,1,write_rts_deleted,8325,0,8325
WS-17-tuned,S,tuned,0.6,95,1000000,10,batchU,0,4,48,100,1,node_set,0,0,0
WS-17-tuned,S,tuned,0.6,95,1000000,10,batchU,0,4,48,100,1,scan_node_set,0,0,0
WS-17-tuned,S,tuned,0.6,95,1000000,10,batchU,0,4,48,100,1,other,0,0,0
WS-17-tuned,S,tuned,0.6,95,1000000,10,batchU,0,4,48,100,2,early_wts,1,0,1
WS-17-tuned,S,tuned,0.6,95,1000000,10,batchU,0,4,48,100,2,early_rts,1540,8797,10337
WS-17-tuned,S,tuned,0.6,95,1000000,10,batchU,0,4,48,100,2,precheck,186,74,260
WS-17-tuned,S,tuned,0.6,95,1000000,10,batchU,0,4,48,100,2,latest,2,0,2
WS-17-tuned,S,tuned,0.6,95,1000000,10,batchU,0,4,48,100,2,read_match,45280,0,45280
WS-17-tuned,S,tuned,0.6,95,1000000,10,batchU,0,4,48,100,2,write_rts_deleted,8298,0,8298
WS-17-tuned,S,tuned,0.6,95,1000000,10,batchU,0,4,48,100,2,node_set,0,0,0
WS-17-tuned,S,tuned,0.6,95,1000000,10,batchU,0,4,48,100,2,scan_node_set,0,0,0
WS-17-tuned,S,tuned,0.6,95,1000000,10,batchU,0,4,48,100,2,other,0,0,0
WS-18-default,S,default,0.6,95,1000000,10,batchR,0,4,48,100,1,early_wts,1,0,1
WS-18-default,S,default,0.6,95,1000000,10,batchR,0,4,48,100,1,early_rts,1094,0,1094
WS-18-default,S,default,0.6,95,1000000,10,batchR,0,4,48,100,1,precheck,374,0,374
WS-18-default,S,default,0.6,95,1000000,10,batchR,0,4,48,100,1,latest,2,0,2
WS-18-default,S,default,0.6,95,1000000,10,batchR,0,4,48,100,1,read_match,10191,0,10191
WS-18-default,S,default,0.6,95,1000000,10,batchR,0,4,48,100,1,write_rts_deleted,10542,0,10542
WS-18-default,S,default,0.6,95,1000000,10,batchR,0,4,48,100,1,node_set,0,0,0
WS-18-default,S,default,0.6,95,1000000,10,batchR,0,4,48,100,1,scan_node_set,0,0,0
WS-18-default,S,default,0.6,95,1000000,10,batchR,0,4,48,100,1,other,0,0,0
WS-18-default,S,default,0.6,95,1000000,10,batchR,0,4,48,100,2,early_wts,0,0,0
WS-18-default,S,default,0.6,95,1000000,10,batchR,0,4,48,100,2,early_rts,1180,0,1180
WS-18-default,S,default,0.6,95,1000000,10,batchR,0,4,48,100,2,precheck,353,0,353
WS-18-default,S,default,0.6,95,1000000,10,batchR,0,4,48,100,2,latest,1,0,1
WS-18-default,S,default,0.6,95,1000000,10,batchR,0,4,48,100,2,read_match,10370,0,10370
WS-18-default,S,default,0.6,95,1000000,10,batchR,0,4,48,100,2,write_rts_deleted,10843,0,10843
WS-18-default,S,default,0.6,95,1000000,10,batchR,0,4,48,100,2,node_set,0,0,0
WS-18-default,S,default,0.6,95,1000000,10,batchR,0,4,48,100,2,scan_node_set,0,0,0
WS-18-default,S,default,0.6,95,1000000,10,batchR,0,4,48,100,2,other,0,0,0
WS-18-tuned,S,tuned,0.6,95,1000000,10,batchR,0,4,48,100,1,early_wts,1,0,1
WS-18-tuned,S,tuned,0.6,95,1000000,10,batchR,0,4,48,100,1,early_rts,1407,0,1407
WS-18-tuned,S,tuned,0.6,95,1000000,10,batchR,0,4,48,100,1,precheck,375,0,375
WS-18-tuned,S,tuned,0.6,95,1000000,10,batchR,0,4,48,100,1,latest,1,0,1
WS-18-tuned,S,tuned,0.6,95,1000000,10,batchR,0,4,48,100,1,read_match,10989,0,10989
WS-18-tuned,S,tuned,0.6,95,1000000,10,batchR,0,4,48,100,1,write_rts_deleted,11098,0,11098
WS-18-tuned,S,tuned,0.6,95,1000000,10,batchR,0,4,48,100,1,node_set,0,0,0
WS-18-tuned,S,tuned,0.6,95,1000000,10,batchR,0,4,48,100,1,scan_node_set,0,0,0
WS-18-tuned,S,tuned,0.6,95,1000000,10,batchR,0,4,48,100,1,other,0,0,0
WS-18-tuned,S,tuned,0.6,95,1000000,10,batchR,0,4,48,100,2,early_wts,0,0,0
WS-18-tuned,S,tuned,0.6,95,1000000,10,batchR,0,4,48,100,2,early_rts,1280,0,1280
WS-18-tuned,S,tuned,0.6,95,1000000,10,batchR,0,4,48,100,2,precheck,375,0,375
WS-18-tuned,S,tuned,0.6,95,1000000,10,batchR,0,4,48,100,2,latest,4,0,4
WS-18-tuned,S,tuned,0.6,95,1000000,10,batchR,0,4,48,100,2,read_match,10612,0,10612
WS-18-tuned,S,tuned,0.6,95,1000000,10,batchR,0,4,48,100,2,write_rts_deleted,10970,0,10970
WS-18-tuned,S,tuned,0.6,95,1000000,10,batchR,0,4,48,100,2,node_set,0,0,0
WS-18-tuned,S,tuned,0.6,95,1000000,10,batchR,0,4,48,100,2,scan_node_set,0,0,0
WS-18-tuned,S,tuned,0.6,95,1000000,10,batchR,0,4,48,100,2,other,0,0,0
WS-19-default,S,default,0.7,5,1000000,10,none,0,4,48,100,1,early_wts,24,0,24
WS-19-default,S,default,0.7,5,1000000,10,none,0,4,48,100,1,early_rts,881,0,881
WS-19-default,S,default,0.7,5,1000000,10,none,0,4,48,100,1,precheck,761,0,761
WS-19-default,S,default,0.7,5,1000000,10,none,0,4,48,100,1,latest,21,0,21
WS-19-default,S,default,0.7,5,1000000,10,none,0,4,48,100,1,read_match,31865,0,31865
WS-19-default,S,default,0.7,5,1000000,10,none,0,4,48,100,1,write_rts_deleted,6564,0,6564
WS-19-default,S,default,0.7,5,1000000,10,none,0,4,48,100,1,node_set,0,0,0
WS-19-default,S,default,0.7,5,1000000,10,none,0,4,48,100,1,scan_node_set,0,0,0
WS-19-default,S,default,0.7,5,1000000,10,none,0,4,48,100,1,other,0,0,0
WS-19-default,S,default,0.7,5,1000000,10,none,0,4,48,100,2,early_wts,27,0,27
WS-19-default,S,default,0.7,5,1000000,10,none,0,4,48,100,2,early_rts,956,0,956
WS-19-default,S,default,0.7,5,1000000,10,none,0,4,48,100,2,precheck,852,0,852
WS-19-default,S,default,0.7,5,1000000,10,none,0,4,48,100,2,latest,17,0,17
WS-19-default,S,default,0.7,5,1000000,10,none,0,4,48,100,2,read_match,32075,0,32075
WS-19-default,S,default,0.7,5,1000000,10,none,0,4,48,100,2,write_rts_deleted,6628,0,6628
WS-19-default,S,default,0.7,5,1000000,10,none,0,4,48,100,2,node_set,0,0,0
WS-19-default,S,default,0.7,5,1000000,10,none,0,4,48,100,2,scan_node_set,0,0,0
WS-19-default,S,default,0.7,5,1000000,10,none,0,4,48,100,2,other,0,0,0
WS-19-tuned,S,tuned,0.7,5,1000000,10,none,0,4,48,100,1,early_wts,8,0,8
WS-19-tuned,S,tuned,0.7,5,1000000,10,none,0,4,48,100,1,early_rts,2098,0,2098
WS-19-tuned,S,tuned,0.7,5,1000000,10,none,0,4,48,100,1,precheck,2562,0,2562
WS-19-tuned,S,tuned,0.7,5,1000000,10,none,0,4,48,100,1,latest,26,0,26
WS-19-tuned,S,tuned,0.7,5,1000000,10,none,0,4,48,100,1,read_match,54975,0,54975
WS-19-tuned,S,tuned,0.7,5,1000000,10,none,0,4,48,100,1,write_rts_deleted,12903,0,12903
WS-19-tuned,S,tuned,0.7,5,1000000,10,none,0,4,48,100,1,node_set,0,0,0
WS-19-tuned,S,tuned,0.7,5,1000000,10,none,0,4,48,100,1,scan_node_set,0,0,0
WS-19-tuned,S,tuned,0.7,5,1000000,10,none,0,4,48,100,1,other,0,0,0
WS-19-tuned,S,tuned,0.7,5,1000000,10,none,0,4,48,100,2,early_wts,21,0,21
WS-19-tuned,S,tuned,0.7,5,1000000,10,none,0,4,48,100,2,early_rts,2143,0,2143
WS-19-tuned,S,tuned,0.7,5,1000000,10,none,0,4,48,100,2,precheck,2749,0,2749
WS-19-tuned,S,tuned,0.7,5,1000000,10,none,0,4,48,100,2,latest,23,0,23
WS-19-tuned,S,tuned,0.7,5,1000000,10,none,0,4,48,100,2,read_match,57285,0,57285
WS-19-tuned,S,tuned,0.7,5,1000000,10,none,0,4,48,100,2,write_rts_deleted,13200,0,13200
WS-19-tuned,S,tuned,0.7,5,1000000,10,none,0,4,48,100,2,node_set,0,0,0
WS-19-tuned,S,tuned,0.7,5,1000000,10,none,0,4,48,100,2,scan_node_set,0,0,0
WS-19-tuned,S,tuned,0.7,5,1000000,10,none,0,4,48,100,2,other,0,0,0
WS-20-default,S,default,0.7,5,1000000,10,batchU,0,4,48,100,1,early_wts,28,292,320
WS-20-default,S,default,0.7,5,1000000,10,batchU,0,4,48,100,1,early_rts,870,3096,3966
WS-20-default,S,default,0.7,5,1000000,10,batchU,0,4,48,100,1,precheck,1035,0,1035
WS-20-default,S,default,0.7,5,1000000,10,batchU,0,4,48,100,1,latest,13,0,13
WS-20-default,S,default,0.7,5,1000000,10,batchU,0,4,48,100,1,read_match,30557,0,30557
WS-20-default,S,default,0.7,5,1000000,10,batchU,0,4,48,100,1,write_rts_deleted,6174,0,6174
WS-20-default,S,default,0.7,5,1000000,10,batchU,0,4,48,100,1,node_set,0,0,0
WS-20-default,S,default,0.7,5,1000000,10,batchU,0,4,48,100,1,scan_node_set,0,0,0
WS-20-default,S,default,0.7,5,1000000,10,batchU,0,4,48,100,1,other,0,0,0
WS-20-default,S,default,0.7,5,1000000,10,batchU,0,4,48,100,2,early_wts,25,31,56
WS-20-default,S,default,0.7,5,1000000,10,batchU,0,4,48,100,2,early_rts,803,3334,4137
WS-20-default,S,default,0.7,5,1000000,10,batchU,0,4,48,100,2,precheck,1101,70,1171
WS-20-default,S,default,0.7,5,1000000,10,batchU,0,4,48,100,2,latest,17,0,17
WS-20-default,S,default,0.7,5,1000000,10,batchU,0,4,48,100,2,read_match,30738,0,30738
WS-20-default,S,default,0.7,5,1000000,10,batchU,0,4,48,100,2,write_rts_deleted,5788,6,5794
WS-20-default,S,default,0.7,5,1000000,10,batchU,0,4,48,100,2,node_set,0,0,0
WS-20-default,S,default,0.7,5,1000000,10,batchU,0,4,48,100,2,scan_node_set,0,0,0
WS-20-default,S,default,0.7,5,1000000,10,batchU,0,4,48,100,2,other,0,0,0
WS-20-tuned,S,tuned,0.7,5,1000000,10,batchU,0,4,48,100,1,early_wts,13,3,16
WS-20-tuned,S,tuned,0.7,5,1000000,10,batchU,0,4,48,100,1,early_rts,1900,8793,10693
WS-20-tuned,S,tuned,0.7,5,1000000,10,batchU,0,4,48,100,1,precheck,3470,70,3540
WS-20-tuned,S,tuned,0.7,5,1000000,10,batchU,0,4,48,100,1,latest,22,3,25
WS-20-tuned,S,tuned,0.7,5,1000000,10,batchU,0,4,48,100,1,read_match,53049,0,53049
WS-20-tuned,S,tuned,0.7,5,1000000,10,batchU,0,4,48,100,1,write_rts_deleted,11085,3,11088
WS-20-tuned,S,tuned,0.7,5,1000000,10,batchU,0,4,48,100,1,node_set,0,0,0
WS-20-tuned,S,tuned,0.7,5,1000000,10,batchU,0,4,48,100,1,scan_node_set,0,0,0
WS-20-tuned,S,tuned,0.7,5,1000000,10,batchU,0,4,48,100,1,other,0,0,0
WS-20-tuned,S,tuned,0.7,5,1000000,10,batchU,0,4,48,100,2,early_wts,12,5989,6001
WS-20-tuned,S,tuned,0.7,5,1000000,10,batchU,0,4,48,100,2,early_rts,1942,7558,9500
WS-20-tuned,S,tuned,0.7,5,1000000,10,batchU,0,4,48,100,2,precheck,3713,105,3818
WS-20-tuned,S,tuned,0.7,5,1000000,10,batchU,0,4,48,100,2,latest,24,3,27
WS-20-tuned,S,tuned,0.7,5,1000000,10,batchU,0,4,48,100,2,read_match,54124,0,54124
WS-20-tuned,S,tuned,0.7,5,1000000,10,batchU,0,4,48,100,2,write_rts_deleted,11340,1,11341
WS-20-tuned,S,tuned,0.7,5,1000000,10,batchU,0,4,48,100,2,node_set,0,0,0
WS-20-tuned,S,tuned,0.7,5,1000000,10,batchU,0,4,48,100,2,scan_node_set,0,0,0
WS-20-tuned,S,tuned,0.7,5,1000000,10,batchU,0,4,48,100,2,other,0,0,0
WS-21-default,S,default,0.7,5,1000000,10,batchR,0,4,48,100,1,early_wts,18,0,18
WS-21-default,S,default,0.7,5,1000000,10,batchR,0,4,48,100,1,early_rts,1447,0,1447
WS-21-default,S,default,0.7,5,1000000,10,batchR,0,4,48,100,1,precheck,661,0,661
WS-21-default,S,default,0.7,5,1000000,10,batchR,0,4,48,100,1,latest,14,0,14
WS-21-default,S,default,0.7,5,1000000,10,batchR,0,4,48,100,1,read_match,1727,0,1727
WS-21-default,S,default,0.7,5,1000000,10,batchR,0,4,48,100,1,write_rts_deleted,2849,0,2849
WS-21-default,S,default,0.7,5,1000000,10,batchR,0,4,48,100,1,node_set,0,0,0
WS-21-default,S,default,0.7,5,1000000,10,batchR,0,4,48,100,1,scan_node_set,0,0,0
WS-21-default,S,default,0.7,5,1000000,10,batchR,0,4,48,100,1,other,0,0,0
WS-21-default,S,default,0.7,5,1000000,10,batchR,0,4,48,100,2,early_wts,20,0,20
WS-21-default,S,default,0.7,5,1000000,10,batchR,0,4,48,100,2,early_rts,1469,0,1469
WS-21-default,S,default,0.7,5,1000000,10,batchR,0,4,48,100,2,precheck,657,0,657
WS-21-default,S,default,0.7,5,1000000,10,batchR,0,4,48,100,2,latest,13,0,13
WS-21-default,S,default,0.7,5,1000000,10,batchR,0,4,48,100,2,read_match,1744,0,1744
WS-21-default,S,default,0.7,5,1000000,10,batchR,0,4,48,100,2,write_rts_deleted,2878,0,2878
WS-21-default,S,default,0.7,5,1000000,10,batchR,0,4,48,100,2,node_set,0,0,0
WS-21-default,S,default,0.7,5,1000000,10,batchR,0,4,48,100,2,scan_node_set,0,0,0
WS-21-default,S,default,0.7,5,1000000,10,batchR,0,4,48,100,2,other,0,0,0
WS-21-tuned,S,tuned,0.7,5,1000000,10,batchR,0,4,48,100,1,early_wts,11,0,11
WS-21-tuned,S,tuned,0.7,5,1000000,10,batchR,0,4,48,100,1,early_rts,1509,0,1509
WS-21-tuned,S,tuned,0.7,5,1000000,10,batchR,0,4,48,100,1,precheck,666,0,666
WS-21-tuned,S,tuned,0.7,5,1000000,10,batchR,0,4,48,100,1,latest,11,0,11
WS-21-tuned,S,tuned,0.7,5,1000000,10,batchR,0,4,48,100,1,read_match,1737,0,1737
WS-21-tuned,S,tuned,0.7,5,1000000,10,batchR,0,4,48,100,1,write_rts_deleted,2876,0,2876
WS-21-tuned,S,tuned,0.7,5,1000000,10,batchR,0,4,48,100,1,node_set,0,0,0
WS-21-tuned,S,tuned,0.7,5,1000000,10,batchR,0,4,48,100,1,scan_node_set,0,0,0
WS-21-tuned,S,tuned,0.7,5,1000000,10,batchR,0,4,48,100,1,other,0,0,0
WS-21-tuned,S,tuned,0.7,5,1000000,10,batchR,0,4,48,100,2,early_wts,20,0,20
WS-21-tuned,S,tuned,0.7,5,1000000,10,batchR,0,4,48,100,2,early_rts,1431,0,1431
WS-21-tuned,S,tuned,0.7,5,1000000,10,batchR,0,4,48,100,2,precheck,656,0,656
WS-21-tuned,S,tuned,0.7,5,1000000,10,batchR,0,4,48,100,2,latest,17,0,17
WS-21-tuned,S,tuned,0.7,5,1000000,10,batchR,0,4,48,100,2,read_match,1771,0,1771
WS-21-tuned,S,tuned,0.7,5,1000000,10,batchR,0,4,48,100,2,write_rts_deleted,2809,0,2809
WS-21-tuned,S,tuned,0.7,5,1000000,10,batchR,0,4,48,100,2,node_set,0,0,0
WS-21-tuned,S,tuned,0.7,5,1000000,10,batchR,0,4,48,100,2,scan_node_set,0,0,0
WS-21-tuned,S,tuned,0.7,5,1000000,10,batchR,0,4,48,100,2,other,0,0,0
WS-22-default,S,default,0.7,50,1000000,10,none,0,4,48,100,1,early_wts,20,0,20
WS-22-default,S,default,0.7,50,1000000,10,none,0,4,48,100,1,early_rts,5249,0,5249
WS-22-default,S,default,0.7,50,1000000,10,none,0,4,48,100,1,precheck,6691,0,6691
WS-22-default,S,default,0.7,50,1000000,10,none,0,4,48,100,1,latest,54,0,54
WS-22-default,S,default,0.7,50,1000000,10,none,0,4,48,100,1,read_match,106463,0,106463
WS-22-default,S,default,0.7,50,1000000,10,none,0,4,48,100,1,write_rts_deleted,24770,0,24770
WS-22-default,S,default,0.7,50,1000000,10,none,0,4,48,100,1,node_set,0,0,0
WS-22-default,S,default,0.7,50,1000000,10,none,0,4,48,100,1,scan_node_set,0,0,0
WS-22-default,S,default,0.7,50,1000000,10,none,0,4,48,100,1,other,0,0,0
WS-22-default,S,default,0.7,50,1000000,10,none,0,4,48,100,2,early_wts,31,0,31
WS-22-default,S,default,0.7,50,1000000,10,none,0,4,48,100,2,early_rts,5423,0,5423
WS-22-default,S,default,0.7,50,1000000,10,none,0,4,48,100,2,precheck,7040,0,7040
WS-22-default,S,default,0.7,50,1000000,10,none,0,4,48,100,2,latest,59,0,59
WS-22-default,S,default,0.7,50,1000000,10,none,0,4,48,100,2,read_match,109435,0,109435
WS-22-default,S,default,0.7,50,1000000,10,none,0,4,48,100,2,write_rts_deleted,25408,0,25408
WS-22-default,S,default,0.7,50,1000000,10,none,0,4,48,100,2,node_set,0,0,0
WS-22-default,S,default,0.7,50,1000000,10,none,0,4,48,100,2,scan_node_set,0,0,0
WS-22-default,S,default,0.7,50,1000000,10,none,0,4,48,100,2,other,0,0,0
WS-22-tuned,S,tuned,0.7,50,1000000,10,none,0,4,48,100,1,early_wts,225,0,225
WS-22-tuned,S,tuned,0.7,50,1000000,10,none,0,4,48,100,1,early_rts,27623,0,27623
WS-22-tuned,S,tuned,0.7,50,1000000,10,none,0,4,48,100,1,precheck,46091,0,46091
WS-22-tuned,S,tuned,0.7,50,1000000,10,none,0,4,48,100,1,latest,159,0,159
WS-22-tuned,S,tuned,0.7,50,1000000,10,none,0,4,48,100,1,read_match,330993,0,330993
WS-22-tuned,S,tuned,0.7,50,1000000,10,none,0,4,48,100,1,write_rts_deleted,85820,0,85820
WS-22-tuned,S,tuned,0.7,50,1000000,10,none,0,4,48,100,1,node_set,0,0,0
WS-22-tuned,S,tuned,0.7,50,1000000,10,none,0,4,48,100,1,scan_node_set,0,0,0
WS-22-tuned,S,tuned,0.7,50,1000000,10,none,0,4,48,100,1,other,0,0,0
WS-22-tuned,S,tuned,0.7,50,1000000,10,none,0,4,48,100,2,early_wts,213,0,213
WS-22-tuned,S,tuned,0.7,50,1000000,10,none,0,4,48,100,2,early_rts,28542,0,28542
WS-22-tuned,S,tuned,0.7,50,1000000,10,none,0,4,48,100,2,precheck,47708,0,47708
WS-22-tuned,S,tuned,0.7,50,1000000,10,none,0,4,48,100,2,latest,175,0,175
WS-22-tuned,S,tuned,0.7,50,1000000,10,none,0,4,48,100,2,read_match,338098,0,338098
WS-22-tuned,S,tuned,0.7,50,1000000,10,none,0,4,48,100,2,write_rts_deleted,87818,0,87818
WS-22-tuned,S,tuned,0.7,50,1000000,10,none,0,4,48,100,2,node_set,0,0,0
WS-22-tuned,S,tuned,0.7,50,1000000,10,none,0,4,48,100,2,scan_node_set,0,0,0
WS-22-tuned,S,tuned,0.7,50,1000000,10,none,0,4,48,100,2,other,0,0,0
WS-23-default,S,default,0.7,50,1000000,10,batchU,0,4,48,100,1,early_wts,27,1676,1703
WS-23-default,S,default,0.7,50,1000000,10,batchU,0,4,48,100,1,early_rts,5481,5142,10623
WS-23-default,S,default,0.7,50,1000000,10,batchU,0,4,48,100,1,precheck,7485,0,7485
WS-23-default,S,default,0.7,50,1000000,10,batchU,0,4,48,100,1,latest,60,0,60
WS-23-default,S,default,0.7,50,1000000,10,batchU,0,4,48,100,1,read_match,104990,0,104990
WS-23-default,S,default,0.7,50,1000000,10,batchU,0,4,48,100,1,write_rts_deleted,23954,0,23954
WS-23-default,S,default,0.7,50,1000000,10,batchU,0,4,48,100,1,node_set,0,0,0
WS-23-default,S,default,0.7,50,1000000,10,batchU,0,4,48,100,1,scan_node_set,0,0,0
WS-23-default,S,default,0.7,50,1000000,10,batchU,0,4,48,100,1,other,0,0,0
WS-23-default,S,default,0.7,50,1000000,10,batchU,0,4,48,100,2,early_wts,25,0,25
WS-23-default,S,default,0.7,50,1000000,10,batchU,0,4,48,100,2,early_rts,5034,6129,11163
WS-23-default,S,default,0.7,50,1000000,10,batchU,0,4,48,100,2,precheck,6695,0,6695
WS-23-default,S,default,0.7,50,1000000,10,batchU,0,4,48,100,2,latest,40,0,40
WS-23-default,S,default,0.7,50,1000000,10,batchU,0,4,48,100,2,read_match,102134,0,102134
WS-23-default,S,default,0.7,50,1000000,10,batchU,0,4,48,100,2,write_rts_deleted,23796,0,23796
WS-23-default,S,default,0.7,50,1000000,10,batchU,0,4,48,100,2,node_set,0,0,0
WS-23-default,S,default,0.7,50,1000000,10,batchU,0,4,48,100,2,scan_node_set,0,0,0
WS-23-default,S,default,0.7,50,1000000,10,batchU,0,4,48,100,2,other,0,0,0
WS-23-tuned,S,tuned,0.7,50,1000000,10,batchU,0,4,48,100,1,early_wts,182,2021,2203
WS-23-tuned,S,tuned,0.7,50,1000000,10,batchU,0,4,48,100,1,early_rts,27900,50176,78076
WS-23-tuned,S,tuned,0.7,50,1000000,10,batchU,0,4,48,100,1,precheck,48912,0,48912
WS-23-tuned,S,tuned,0.7,50,1000000,10,batchU,0,4,48,100,1,latest,160,0,160
WS-23-tuned,S,tuned,0.7,50,1000000,10,batchU,0,4,48,100,1,read_match,329935,0,329935
WS-23-tuned,S,tuned,0.7,50,1000000,10,batchU,0,4,48,100,1,write_rts_deleted,82811,0,82811
WS-23-tuned,S,tuned,0.7,50,1000000,10,batchU,0,4,48,100,1,node_set,0,0,0
WS-23-tuned,S,tuned,0.7,50,1000000,10,batchU,0,4,48,100,1,scan_node_set,0,0,0
WS-23-tuned,S,tuned,0.7,50,1000000,10,batchU,0,4,48,100,1,other,0,0,0
WS-23-tuned,S,tuned,0.7,50,1000000,10,batchU,0,4,48,100,2,early_wts,174,5,179
WS-23-tuned,S,tuned,0.7,50,1000000,10,batchU,0,4,48,100,2,early_rts,27577,47168,74745
WS-23-tuned,S,tuned,0.7,50,1000000,10,batchU,0,4,48,100,2,precheck,51210,0,51210
WS-23-tuned,S,tuned,0.7,50,1000000,10,batchU,0,4,48,100,2,latest,142,0,142
WS-23-tuned,S,tuned,0.7,50,1000000,10,batchU,0,4,48,100,2,read_match,327246,0,327246
WS-23-tuned,S,tuned,0.7,50,1000000,10,batchU,0,4,48,100,2,write_rts_deleted,79987,0,79987
WS-23-tuned,S,tuned,0.7,50,1000000,10,batchU,0,4,48,100,2,node_set,0,0,0
WS-23-tuned,S,tuned,0.7,50,1000000,10,batchU,0,4,48,100,2,scan_node_set,0,0,0
WS-23-tuned,S,tuned,0.7,50,1000000,10,batchU,0,4,48,100,2,other,0,0,0
WS-24-default,S,default,0.7,50,1000000,10,batchR,0,4,48,100,1,early_wts,88,0,88
WS-24-default,S,default,0.7,50,1000000,10,batchR,0,4,48,100,1,early_rts,10633,0,10633
WS-24-default,S,default,0.7,50,1000000,10,batchR,0,4,48,100,1,precheck,8362,0,8362
WS-24-default,S,default,0.7,50,1000000,10,batchR,0,4,48,100,1,latest,72,0,72
WS-24-default,S,default,0.7,50,1000000,10,batchR,0,4,48,100,1,read_match,14751,0,14751
WS-24-default,S,default,0.7,50,1000000,10,batchR,0,4,48,100,1,write_rts_deleted,19231,0,19231
WS-24-default,S,default,0.7,50,1000000,10,batchR,0,4,48,100,1,node_set,0,0,0
WS-24-default,S,default,0.7,50,1000000,10,batchR,0,4,48,100,1,scan_node_set,0,0,0
WS-24-default,S,default,0.7,50,1000000,10,batchR,0,4,48,100,1,other,0,0,0
WS-24-default,S,default,0.7,50,1000000,10,batchR,0,4,48,100,2,early_wts,88,0,88
WS-24-default,S,default,0.7,50,1000000,10,batchR,0,4,48,100,2,early_rts,10527,0,10527
WS-24-default,S,default,0.7,50,1000000,10,batchR,0,4,48,100,2,precheck,8510,0,8510
WS-24-default,S,default,0.7,50,1000000,10,batchR,0,4,48,100,2,latest,76,0,76
WS-24-default,S,default,0.7,50,1000000,10,batchR,0,4,48,100,2,read_match,14700,0,14700
WS-24-default,S,default,0.7,50,1000000,10,batchR,0,4,48,100,2,write_rts_deleted,19018,0,19018
WS-24-default,S,default,0.7,50,1000000,10,batchR,0,4,48,100,2,node_set,0,0,0
WS-24-default,S,default,0.7,50,1000000,10,batchR,0,4,48,100,2,scan_node_set,0,0,0
WS-24-default,S,default,0.7,50,1000000,10,batchR,0,4,48,100,2,other,0,0,0
WS-24-tuned,S,tuned,0.7,50,1000000,10,batchR,0,4,48,100,1,early_wts,86,0,86
WS-24-tuned,S,tuned,0.7,50,1000000,10,batchR,0,4,48,100,1,early_rts,11482,0,11482
WS-24-tuned,S,tuned,0.7,50,1000000,10,batchR,0,4,48,100,1,precheck,9074,0,9074
WS-24-tuned,S,tuned,0.7,50,1000000,10,batchR,0,4,48,100,1,latest,66,0,66
WS-24-tuned,S,tuned,0.7,50,1000000,10,batchR,0,4,48,100,1,read_match,13796,0,13796
WS-24-tuned,S,tuned,0.7,50,1000000,10,batchR,0,4,48,100,1,write_rts_deleted,19953,0,19953
WS-24-tuned,S,tuned,0.7,50,1000000,10,batchR,0,4,48,100,1,node_set,0,0,0
WS-24-tuned,S,tuned,0.7,50,1000000,10,batchR,0,4,48,100,1,scan_node_set,0,0,0
WS-24-tuned,S,tuned,0.7,50,1000000,10,batchR,0,4,48,100,1,other,0,0,0
WS-24-tuned,S,tuned,0.7,50,1000000,10,batchR,0,4,48,100,2,early_wts,78,0,78
WS-24-tuned,S,tuned,0.7,50,1000000,10,batchR,0,4,48,100,2,early_rts,11636,0,11636
WS-24-tuned,S,tuned,0.7,50,1000000,10,batchR,0,4,48,100,2,precheck,8994,0,8994
WS-24-tuned,S,tuned,0.7,50,1000000,10,batchR,0,4,48,100,2,latest,68,0,68
WS-24-tuned,S,tuned,0.7,50,1000000,10,batchR,0,4,48,100,2,read_match,13621,0,13621
WS-24-tuned,S,tuned,0.7,50,1000000,10,batchR,0,4,48,100,2,write_rts_deleted,20182,0,20182
WS-24-tuned,S,tuned,0.7,50,1000000,10,batchR,0,4,48,100,2,node_set,0,0,0
WS-24-tuned,S,tuned,0.7,50,1000000,10,batchR,0,4,48,100,2,scan_node_set,0,0,0
WS-24-tuned,S,tuned,0.7,50,1000000,10,batchR,0,4,48,100,2,other,0,0,0
WS-25-default,S,default,0.7,95,1000000,10,none,0,4,48,100,1,early_wts,4,0,4
WS-25-default,S,default,0.7,95,1000000,10,none,0,4,48,100,1,early_rts,1951,0,1951
WS-25-default,S,default,0.7,95,1000000,10,none,0,4,48,100,1,precheck,932,0,932
WS-25-default,S,default,0.7,95,1000000,10,none,0,4,48,100,1,latest,6,0,6
WS-25-default,S,default,0.7,95,1000000,10,none,0,4,48,100,1,read_match,96376,0,96376
WS-25-default,S,default,0.7,95,1000000,10,none,0,4,48,100,1,write_rts_deleted,19266,0,19266
WS-25-default,S,default,0.7,95,1000000,10,none,0,4,48,100,1,node_set,0,0,0
WS-25-default,S,default,0.7,95,1000000,10,none,0,4,48,100,1,scan_node_set,0,0,0
WS-25-default,S,default,0.7,95,1000000,10,none,0,4,48,100,1,other,0,0,0
WS-25-default,S,default,0.7,95,1000000,10,none,0,4,48,100,2,early_wts,2,0,2
WS-25-default,S,default,0.7,95,1000000,10,none,0,4,48,100,2,early_rts,2021,0,2021
WS-25-default,S,default,0.7,95,1000000,10,none,0,4,48,100,2,precheck,904,0,904
WS-25-default,S,default,0.7,95,1000000,10,none,0,4,48,100,2,latest,6,0,6
WS-25-default,S,default,0.7,95,1000000,10,none,0,4,48,100,2,read_match,95906,0,95906
WS-25-default,S,default,0.7,95,1000000,10,none,0,4,48,100,2,write_rts_deleted,18988,0,18988
WS-25-default,S,default,0.7,95,1000000,10,none,0,4,48,100,2,node_set,0,0,0
WS-25-default,S,default,0.7,95,1000000,10,none,0,4,48,100,2,scan_node_set,0,0,0
WS-25-default,S,default,0.7,95,1000000,10,none,0,4,48,100,2,other,0,0,0
WS-25-tuned,S,tuned,0.7,95,1000000,10,none,0,4,48,100,1,early_wts,24,0,24
WS-25-tuned,S,tuned,0.7,95,1000000,10,none,0,4,48,100,1,early_rts,6994,0,6994
WS-25-tuned,S,tuned,0.7,95,1000000,10,none,0,4,48,100,1,precheck,4154,0,4154
WS-25-tuned,S,tuned,0.7,95,1000000,10,none,0,4,48,100,1,latest,24,0,24
WS-25-tuned,S,tuned,0.7,95,1000000,10,none,0,4,48,100,1,read_match,239769,0,239769
WS-25-tuned,S,tuned,0.7,95,1000000,10,none,0,4,48,100,1,write_rts_deleted,54993,0,54993
WS-25-tuned,S,tuned,0.7,95,1000000,10,none,0,4,48,100,1,node_set,0,0,0
WS-25-tuned,S,tuned,0.7,95,1000000,10,none,0,4,48,100,1,scan_node_set,0,0,0
WS-25-tuned,S,tuned,0.7,95,1000000,10,none,0,4,48,100,1,other,0,0,0
WS-25-tuned,S,tuned,0.7,95,1000000,10,none,0,4,48,100,2,early_wts,18,0,18
WS-25-tuned,S,tuned,0.7,95,1000000,10,none,0,4,48,100,2,early_rts,7085,0,7085
WS-25-tuned,S,tuned,0.7,95,1000000,10,none,0,4,48,100,2,precheck,4072,0,4072
WS-25-tuned,S,tuned,0.7,95,1000000,10,none,0,4,48,100,2,latest,31,0,31
WS-25-tuned,S,tuned,0.7,95,1000000,10,none,0,4,48,100,2,read_match,239235,0,239235
WS-25-tuned,S,tuned,0.7,95,1000000,10,none,0,4,48,100,2,write_rts_deleted,55098,0,55098
WS-25-tuned,S,tuned,0.7,95,1000000,10,none,0,4,48,100,2,node_set,0,0,0
WS-25-tuned,S,tuned,0.7,95,1000000,10,none,0,4,48,100,2,scan_node_set,0,0,0
WS-25-tuned,S,tuned,0.7,95,1000000,10,none,0,4,48,100,2,other,0,0,0
WS-26-default,S,default,0.7,95,1000000,10,batchU,0,4,48,100,1,early_wts,8,0,8
WS-26-default,S,default,0.7,95,1000000,10,batchU,0,4,48,100,1,early_rts,1980,3668,5648
WS-26-default,S,default,0.7,95,1000000,10,batchU,0,4,48,100,1,precheck,944,0,944
WS-26-default,S,default,0.7,95,1000000,10,batchU,0,4,48,100,1,latest,7,0,7
WS-26-default,S,default,0.7,95,1000000,10,batchU,0,4,48,100,1,read_match,93595,0,93595
WS-26-default,S,default,0.7,95,1000000,10,batchU,0,4,48,100,1,write_rts_deleted,19092,0,19092
WS-26-default,S,default,0.7,95,1000000,10,batchU,0,4,48,100,1,node_set,0,0,0
WS-26-default,S,default,0.7,95,1000000,10,batchU,0,4,48,100,1,scan_node_set,0,0,0
WS-26-default,S,default,0.7,95,1000000,10,batchU,0,4,48,100,1,other,0,0,0
WS-26-default,S,default,0.7,95,1000000,10,batchU,0,4,48,100,2,early_wts,6,0,6
WS-26-default,S,default,0.7,95,1000000,10,batchU,0,4,48,100,2,early_rts,2021,3613,5634
WS-26-default,S,default,0.7,95,1000000,10,batchU,0,4,48,100,2,precheck,890,6,896
WS-26-default,S,default,0.7,95,1000000,10,batchU,0,4,48,100,2,latest,7,0,7
WS-26-default,S,default,0.7,95,1000000,10,batchU,0,4,48,100,2,read_match,92908,0,92908
WS-26-default,S,default,0.7,95,1000000,10,batchU,0,4,48,100,2,write_rts_deleted,18748,0,18748
WS-26-default,S,default,0.7,95,1000000,10,batchU,0,4,48,100,2,node_set,0,0,0
WS-26-default,S,default,0.7,95,1000000,10,batchU,0,4,48,100,2,scan_node_set,0,0,0
WS-26-default,S,default,0.7,95,1000000,10,batchU,0,4,48,100,2,other,0,0,0
WS-26-tuned,S,tuned,0.7,95,1000000,10,batchU,0,4,48,100,1,early_wts,22,15736,15758
WS-26-tuned,S,tuned,0.7,95,1000000,10,batchU,0,4,48,100,1,early_rts,6707,14926,21633
WS-26-tuned,S,tuned,0.7,95,1000000,10,batchU,0,4,48,100,1,precheck,3925,0,3925
WS-26-tuned,S,tuned,0.7,95,1000000,10,batchU,0,4,48,100,1,latest,13,0,13
WS-26-tuned,S,tuned,0.7,95,1000000,10,batchU,0,4,48,100,1,read_match,229679,0,229679
WS-26-tuned,S,tuned,0.7,95,1000000,10,batchU,0,4,48,100,1,write_rts_deleted,52203,0,52203
WS-26-tuned,S,tuned,0.7,95,1000000,10,batchU,0,4,48,100,1,node_set,0,0,0
WS-26-tuned,S,tuned,0.7,95,1000000,10,batchU,0,4,48,100,1,scan_node_set,0,0,0
WS-26-tuned,S,tuned,0.7,95,1000000,10,batchU,0,4,48,100,1,other,0,0,0
WS-26-tuned,S,tuned,0.7,95,1000000,10,batchU,0,4,48,100,2,early_wts,23,1261,1284
WS-26-tuned,S,tuned,0.7,95,1000000,10,batchU,0,4,48,100,2,early_rts,6794,41775,48569
WS-26-tuned,S,tuned,0.7,95,1000000,10,batchU,0,4,48,100,2,precheck,3904,0,3904
WS-26-tuned,S,tuned,0.7,95,1000000,10,batchU,0,4,48,100,2,latest,22,0,22
WS-26-tuned,S,tuned,0.7,95,1000000,10,batchU,0,4,48,100,2,read_match,228689,0,228689
WS-26-tuned,S,tuned,0.7,95,1000000,10,batchU,0,4,48,100,2,write_rts_deleted,51838,0,51838
WS-26-tuned,S,tuned,0.7,95,1000000,10,batchU,0,4,48,100,2,node_set,0,0,0
WS-26-tuned,S,tuned,0.7,95,1000000,10,batchU,0,4,48,100,2,scan_node_set,0,0,0
WS-26-tuned,S,tuned,0.7,95,1000000,10,batchU,0,4,48,100,2,other,0,0,0
WS-27-default,S,default,0.7,95,1000000,10,batchR,0,4,48,100,1,early_wts,11,0,11
WS-27-default,S,default,0.7,95,1000000,10,batchR,0,4,48,100,1,early_rts,2576,0,2576
WS-27-default,S,default,0.7,95,1000000,10,batchR,0,4,48,100,1,precheck,1827,0,1827
WS-27-default,S,default,0.7,95,1000000,10,batchR,0,4,48,100,1,latest,18,0,18
WS-27-default,S,default,0.7,95,1000000,10,batchR,0,4,48,100,1,read_match,46869,0,46869
WS-27-default,S,default,0.7,95,1000000,10,batchR,0,4,48,100,1,write_rts_deleted,29193,0,29193
WS-27-default,S,default,0.7,95,1000000,10,batchR,0,4,48,100,1,node_set,0,0,0
WS-27-default,S,default,0.7,95,1000000,10,batchR,0,4,48,100,1,scan_node_set,0,0,0
WS-27-default,S,default,0.7,95,1000000,10,batchR,0,4,48,100,1,other,0,0,0
WS-27-default,S,default,0.7,95,1000000,10,batchR,0,4,48,100,2,early_wts,13,0,13
WS-27-default,S,default,0.7,95,1000000,10,batchR,0,4,48,100,2,early_rts,2652,0,2652
WS-27-default,S,default,0.7,95,1000000,10,batchR,0,4,48,100,2,precheck,1809,0,1809
WS-27-default,S,default,0.7,95,1000000,10,batchR,0,4,48,100,2,latest,22,0,22
WS-27-default,S,default,0.7,95,1000000,10,batchR,0,4,48,100,2,read_match,47233,0,47233
WS-27-default,S,default,0.7,95,1000000,10,batchR,0,4,48,100,2,write_rts_deleted,29362,0,29362
WS-27-default,S,default,0.7,95,1000000,10,batchR,0,4,48,100,2,node_set,0,0,0
WS-27-default,S,default,0.7,95,1000000,10,batchR,0,4,48,100,2,scan_node_set,0,0,0
WS-27-default,S,default,0.7,95,1000000,10,batchR,0,4,48,100,2,other,0,0,0
WS-27-tuned,S,tuned,0.7,95,1000000,10,batchR,0,4,48,100,1,early_wts,16,0,16
WS-27-tuned,S,tuned,0.7,95,1000000,10,batchR,0,4,48,100,1,early_rts,4472,0,4472
WS-27-tuned,S,tuned,0.7,95,1000000,10,batchR,0,4,48,100,1,precheck,2545,0,2545
WS-27-tuned,S,tuned,0.7,95,1000000,10,batchR,0,4,48,100,1,latest,34,0,34
WS-27-tuned,S,tuned,0.7,95,1000000,10,batchR,0,4,48,100,1,read_match,50349,0,50349
WS-27-tuned,S,tuned,0.7,95,1000000,10,batchR,0,4,48,100,1,write_rts_deleted,36777,0,36777
WS-27-tuned,S,tuned,0.7,95,1000000,10,batchR,0,4,48,100,1,node_set,0,0,0
WS-27-tuned,S,tuned,0.7,95,1000000,10,batchR,0,4,48,100,1,scan_node_set,0,0,0
WS-27-tuned,S,tuned,0.7,95,1000000,10,batchR,0,4,48,100,1,other,0,0,0
WS-27-tuned,S,tuned,0.7,95,1000000,10,batchR,0,4,48,100,2,early_wts,15,0,15
WS-27-tuned,S,tuned,0.7,95,1000000,10,batchR,0,4,48,100,2,early_rts,4655,0,4655
WS-27-tuned,S,tuned,0.7,95,1000000,10,batchR,0,4,48,100,2,precheck,2532,0,2532
WS-27-tuned,S,tuned,0.7,95,1000000,10,batchR,0,4,48,100,2,latest,40,0,40
WS-27-tuned,S,tuned,0.7,95,1000000,10,batchR,0,4,48,100,2,read_match,50715,0,50715
WS-27-tuned,S,tuned,0.7,95,1000000,10,batchR,0,4,48,100,2,write_rts_deleted,37865,0,37865
WS-27-tuned,S,tuned,0.7,95,1000000,10,batchR,0,4,48,100,2,node_set,0,0,0
WS-27-tuned,S,tuned,0.7,95,1000000,10,batchR,0,4,48,100,2,scan_node_set,0,0,0
WS-27-tuned,S,tuned,0.7,95,1000000,10,batchR,0,4,48,100,2,other,0,0,0
WS-28-default,S,default,0.8,5,1000000,10,none,0,4,48,100,1,early_wts,374,0,374
WS-28-default,S,default,0.8,5,1000000,10,none,0,4,48,100,1,early_rts,2538,0,2538
WS-28-default,S,default,0.8,5,1000000,10,none,0,4,48,100,1,precheck,6555,0,6555
WS-28-default,S,default,0.8,5,1000000,10,none,0,4,48,100,1,latest,178,0,178
WS-28-default,S,default,0.8,5,1000000,10,none,0,4,48,100,1,read_match,88734,0,88734
WS-28-default,S,default,0.8,5,1000000,10,none,0,4,48,100,1,write_rts_deleted,16493,0,16493
WS-28-default,S,default,0.8,5,1000000,10,none,0,4,48,100,1,node_set,0,0,0
WS-28-default,S,default,0.8,5,1000000,10,none,0,4,48,100,1,scan_node_set,0,0,0
WS-28-default,S,default,0.8,5,1000000,10,none,0,4,48,100,1,other,0,0,0
WS-28-default,S,default,0.8,5,1000000,10,none,0,4,48,100,2,early_wts,429,0,429
WS-28-default,S,default,0.8,5,1000000,10,none,0,4,48,100,2,early_rts,2614,0,2614
WS-28-default,S,default,0.8,5,1000000,10,none,0,4,48,100,2,precheck,6544,0,6544
WS-28-default,S,default,0.8,5,1000000,10,none,0,4,48,100,2,latest,206,0,206
WS-28-default,S,default,0.8,5,1000000,10,none,0,4,48,100,2,read_match,89271,0,89271
WS-28-default,S,default,0.8,5,1000000,10,none,0,4,48,100,2,write_rts_deleted,16560,0,16560
WS-28-default,S,default,0.8,5,1000000,10,none,0,4,48,100,2,node_set,0,0,0
WS-28-default,S,default,0.8,5,1000000,10,none,0,4,48,100,2,scan_node_set,0,0,0
WS-28-default,S,default,0.8,5,1000000,10,none,0,4,48,100,2,other,0,0,0
WS-28-tuned,S,tuned,0.8,5,1000000,10,none,0,4,48,100,1,early_wts,424,0,424
WS-28-tuned,S,tuned,0.8,5,1000000,10,none,0,4,48,100,1,early_rts,12692,0,12692
WS-28-tuned,S,tuned,0.8,5,1000000,10,none,0,4,48,100,1,precheck,53382,0,53382
WS-28-tuned,S,tuned,0.8,5,1000000,10,none,0,4,48,100,1,latest,559,0,559
WS-28-tuned,S,tuned,0.8,5,1000000,10,none,0,4,48,100,1,read_match,332816,0,332816
WS-28-tuned,S,tuned,0.8,5,1000000,10,none,0,4,48,100,1,write_rts_deleted,57987,0,57987
WS-28-tuned,S,tuned,0.8,5,1000000,10,none,0,4,48,100,1,node_set,0,0,0
WS-28-tuned,S,tuned,0.8,5,1000000,10,none,0,4,48,100,1,scan_node_set,0,0,0
WS-28-tuned,S,tuned,0.8,5,1000000,10,none,0,4,48,100,1,other,0,0,0
WS-28-tuned,S,tuned,0.8,5,1000000,10,none,0,4,48,100,2,early_wts,468,0,468
WS-28-tuned,S,tuned,0.8,5,1000000,10,none,0,4,48,100,2,early_rts,12607,0,12607
WS-28-tuned,S,tuned,0.8,5,1000000,10,none,0,4,48,100,2,precheck,52159,0,52159
WS-28-tuned,S,tuned,0.8,5,1000000,10,none,0,4,48,100,2,latest,577,0,577
WS-28-tuned,S,tuned,0.8,5,1000000,10,none,0,4,48,100,2,read_match,330420,0,330420
WS-28-tuned,S,tuned,0.8,5,1000000,10,none,0,4,48,100,2,write_rts_deleted,57354,0,57354
WS-28-tuned,S,tuned,0.8,5,1000000,10,none,0,4,48,100,2,node_set,0,0,0
WS-28-tuned,S,tuned,0.8,5,1000000,10,none,0,4,48,100,2,scan_node_set,0,0,0
WS-28-tuned,S,tuned,0.8,5,1000000,10,none,0,4,48,100,2,other,0,0,0
WS-29-default,S,default,0.8,5,1000000,10,batchU,0,4,48,100,1,early_wts,384,2295,2679
WS-29-default,S,default,0.8,5,1000000,10,batchU,0,4,48,100,1,early_rts,2523,2599,5122
WS-29-default,S,default,0.8,5,1000000,10,batchU,0,4,48,100,1,precheck,6896,10,6906
WS-29-default,S,default,0.8,5,1000000,10,batchU,0,4,48,100,1,latest,179,0,179
WS-29-default,S,default,0.8,5,1000000,10,batchU,0,4,48,100,1,read_match,86167,1,86168
WS-29-default,S,default,0.8,5,1000000,10,batchU,0,4,48,100,1,write_rts_deleted,15426,1,15427
WS-29-default,S,default,0.8,5,1000000,10,batchU,0,4,48,100,1,node_set,0,0,0
WS-29-default,S,default,0.8,5,1000000,10,batchU,0,4,48,100,1,scan_node_set,0,0,0
WS-29-default,S,default,0.8,5,1000000,10,batchU,0,4,48,100,1,other,0,0,0
WS-29-default,S,default,0.8,5,1000000,10,batchU,0,4,48,100,2,early_wts,404,1098,1502
WS-29-default,S,default,0.8,5,1000000,10,batchU,0,4,48,100,2,early_rts,2718,3532,6250
WS-29-default,S,default,0.8,5,1000000,10,batchU,0,4,48,100,2,precheck,7483,18,7501
WS-29-default,S,default,0.8,5,1000000,10,batchU,0,4,48,100,2,latest,186,0,186
WS-29-default,S,default,0.8,5,1000000,10,batchU,0,4,48,100,2,read_match,90486,0,90486
WS-29-default,S,default,0.8,5,1000000,10,batchU,0,4,48,100,2,write_rts_deleted,15717,4,15721
WS-29-default,S,default,0.8,5,1000000,10,batchU,0,4,48,100,2,node_set,0,0,0
WS-29-default,S,default,0.8,5,1000000,10,batchU,0,4,48,100,2,scan_node_set,0,0,0
WS-29-default,S,default,0.8,5,1000000,10,batchU,0,4,48,100,2,other,0,0,0
WS-29-tuned,S,tuned,0.8,5,1000000,10,batchU,0,4,48,100,1,early_wts,431,155,586
WS-29-tuned,S,tuned,0.8,5,1000000,10,batchU,0,4,48,100,1,early_rts,11874,15791,27665
WS-29-tuned,S,tuned,0.8,5,1000000,10,batchU,0,4,48,100,1,precheck,54280,1,54281
WS-29-tuned,S,tuned,0.8,5,1000000,10,batchU,0,4,48,100,1,latest,554,0,554
WS-29-tuned,S,tuned,0.8,5,1000000,10,batchU,0,4,48,100,1,read_match,322174,0,322174
WS-29-tuned,S,tuned,0.8,5,1000000,10,batchU,0,4,48,100,1,write_rts_deleted,51257,0,51257
WS-29-tuned,S,tuned,0.8,5,1000000,10,batchU,0,4,48,100,1,node_set,0,0,0
WS-29-tuned,S,tuned,0.8,5,1000000,10,batchU,0,4,48,100,1,scan_node_set,0,0,0
WS-29-tuned,S,tuned,0.8,5,1000000,10,batchU,0,4,48,100,1,other,0,0,0
WS-29-tuned,S,tuned,0.8,5,1000000,10,batchU,0,4,48,100,2,early_wts,518,483,1001
WS-29-tuned,S,tuned,0.8,5,1000000,10,batchU,0,4,48,100,2,early_rts,11901,14242,26143
WS-29-tuned,S,tuned,0.8,5,1000000,10,batchU,0,4,48,100,2,precheck,52958,49,53007
WS-29-tuned,S,tuned,0.8,5,1000000,10,batchU,0,4,48,100,2,latest,489,0,489
WS-29-tuned,S,tuned,0.8,5,1000000,10,batchU,0,4,48,100,2,read_match,321184,0,321184
WS-29-tuned,S,tuned,0.8,5,1000000,10,batchU,0,4,48,100,2,write_rts_deleted,50526,0,50526
WS-29-tuned,S,tuned,0.8,5,1000000,10,batchU,0,4,48,100,2,node_set,0,0,0
WS-29-tuned,S,tuned,0.8,5,1000000,10,batchU,0,4,48,100,2,scan_node_set,0,0,0
WS-29-tuned,S,tuned,0.8,5,1000000,10,batchU,0,4,48,100,2,other,0,0,0
WS-30-default,S,default,0.8,5,1000000,10,batchR,0,4,48,100,1,early_wts,155,0,155
WS-30-default,S,default,0.8,5,1000000,10,batchR,0,4,48,100,1,early_rts,4864,0,4864
WS-30-default,S,default,0.8,5,1000000,10,batchR,0,4,48,100,1,precheck,3897,0,3897
WS-30-default,S,default,0.8,5,1000000,10,batchR,0,4,48,100,1,latest,125,0,125
WS-30-default,S,default,0.8,5,1000000,10,batchR,0,4,48,100,1,read_match,6388,0,6388
WS-30-default,S,default,0.8,5,1000000,10,batchR,0,4,48,100,1,write_rts_deleted,8624,0,8624
WS-30-default,S,default,0.8,5,1000000,10,batchR,0,4,48,100,1,node_set,0,0,0
WS-30-default,S,default,0.8,5,1000000,10,batchR,0,4,48,100,1,scan_node_set,0,0,0
WS-30-default,S,default,0.8,5,1000000,10,batchR,0,4,48,100,1,other,0,0,0
WS-30-default,S,default,0.8,5,1000000,10,batchR,0,4,48,100,2,early_wts,151,0,151
WS-30-default,S,default,0.8,5,1000000,10,batchR,0,4,48,100,2,early_rts,4796,0,4796
WS-30-default,S,default,0.8,5,1000000,10,batchR,0,4,48,100,2,precheck,4027,0,4027
WS-30-default,S,default,0.8,5,1000000,10,batchR,0,4,48,100,2,latest,121,0,121
WS-30-default,S,default,0.8,5,1000000,10,batchR,0,4,48,100,2,read_match,6229,0,6229
WS-30-default,S,default,0.8,5,1000000,10,batchR,0,4,48,100,2,write_rts_deleted,8700,0,8700
WS-30-default,S,default,0.8,5,1000000,10,batchR,0,4,48,100,2,node_set,0,0,0
WS-30-default,S,default,0.8,5,1000000,10,batchR,0,4,48,100,2,scan_node_set,0,0,0
WS-30-default,S,default,0.8,5,1000000,10,batchR,0,4,48,100,2,other,0,0,0
WS-30-tuned,S,tuned,0.8,5,1000000,10,batchR,0,4,48,100,1,early_wts,152,0,152
WS-30-tuned,S,tuned,0.8,5,1000000,10,batchR,0,4,48,100,1,early_rts,5036,0,5036
WS-30-tuned,S,tuned,0.8,5,1000000,10,batchR,0,4,48,100,1,precheck,4234,0,4234
WS-30-tuned,S,tuned,0.8,5,1000000,10,batchR,0,4,48,100,1,latest,124,0,124
WS-30-tuned,S,tuned,0.8,5,1000000,10,batchR,0,4,48,100,1,read_match,6427,0,6427
WS-30-tuned,S,tuned,0.8,5,1000000,10,batchR,0,4,48,100,1,write_rts_deleted,9031,0,9031
WS-30-tuned,S,tuned,0.8,5,1000000,10,batchR,0,4,48,100,1,node_set,0,0,0
WS-30-tuned,S,tuned,0.8,5,1000000,10,batchR,0,4,48,100,1,scan_node_set,0,0,0
WS-30-tuned,S,tuned,0.8,5,1000000,10,batchR,0,4,48,100,1,other,0,0,0
WS-30-tuned,S,tuned,0.8,5,1000000,10,batchR,0,4,48,100,2,early_wts,165,0,165
WS-30-tuned,S,tuned,0.8,5,1000000,10,batchR,0,4,48,100,2,early_rts,4866,0,4866
WS-30-tuned,S,tuned,0.8,5,1000000,10,batchR,0,4,48,100,2,precheck,4130,0,4130
WS-30-tuned,S,tuned,0.8,5,1000000,10,batchR,0,4,48,100,2,latest,130,0,130
WS-30-tuned,S,tuned,0.8,5,1000000,10,batchR,0,4,48,100,2,read_match,6467,0,6467
WS-30-tuned,S,tuned,0.8,5,1000000,10,batchR,0,4,48,100,2,write_rts_deleted,9092,0,9092
WS-30-tuned,S,tuned,0.8,5,1000000,10,batchR,0,4,48,100,2,node_set,0,0,0
WS-30-tuned,S,tuned,0.8,5,1000000,10,batchR,0,4,48,100,2,scan_node_set,0,0,0
WS-30-tuned,S,tuned,0.8,5,1000000,10,batchR,0,4,48,100,2,other,0,0,0
WS-31-default,S,default,0.8,50,1000000,10,none,0,4,48,100,1,early_wts,273,0,273
WS-31-default,S,default,0.8,50,1000000,10,none,0,4,48,100,1,early_rts,10936,0,10936
WS-31-default,S,default,0.8,50,1000000,10,none,0,4,48,100,1,precheck,25948,0,25948
WS-31-default,S,default,0.8,50,1000000,10,none,0,4,48,100,1,latest,302,0,302
WS-31-default,S,default,0.8,50,1000000,10,none,0,4,48,100,1,read_match,171815,0,171815
WS-31-default,S,default,0.8,50,1000000,10,none,0,4,48,100,1,write_rts_deleted,35345,0,35345
WS-31-default,S,default,0.8,50,1000000,10,none,0,4,48,100,1,node_set,0,0,0
WS-31-default,S,default,0.8,50,1000000,10,none,0,4,48,100,1,scan_node_set,0,0,0
WS-31-default,S,default,0.8,50,1000000,10,none,0,4,48,100,1,other,0,0,0
WS-31-default,S,default,0.8,50,1000000,10,none,0,4,48,100,2,early_wts,324,0,324
WS-31-default,S,default,0.8,50,1000000,10,none,0,4,48,100,2,early_rts,11045,0,11045
WS-31-default,S,default,0.8,50,1000000,10,none,0,4,48,100,2,precheck,25856,0,25856
WS-31-default,S,default,0.8,50,1000000,10,none,0,4,48,100,2,latest,359,0,359
WS-31-default,S,default,0.8,50,1000000,10,none,0,4,48,100,2,read_match,171119,0,171119
WS-31-default,S,default,0.8,50,1000000,10,none,0,4,48,100,2,write_rts_deleted,35403,0,35403
WS-31-default,S,default,0.8,50,1000000,10,none,0,4,48,100,2,node_set,0,0,0
WS-31-default,S,default,0.8,50,1000000,10,none,0,4,48,100,2,scan_node_set,0,0,0
WS-31-default,S,default,0.8,50,1000000,10,none,0,4,48,100,2,other,0,0,0
WS-31-tuned,S,tuned,0.8,50,1000000,10,none,0,4,48,100,1,early_wts,8557,0,8557
WS-31-tuned,S,tuned,0.8,50,1000000,10,none,0,4,48,100,1,early_rts,186367,0,186367
WS-31-tuned,S,tuned,0.8,50,1000000,10,none,0,4,48,100,1,precheck,527258,0,527258
WS-31-tuned,S,tuned,0.8,50,1000000,10,none,0,4,48,100,1,latest,2091,0,2091
WS-31-tuned,S,tuned,0.8,50,1000000,10,none,0,4,48,100,1,read_match,1197897,0,1197897
WS-31-tuned,S,tuned,0.8,50,1000000,10,none,0,4,48,100,1,write_rts_deleted,226914,0,226914
WS-31-tuned,S,tuned,0.8,50,1000000,10,none,0,4,48,100,1,node_set,0,0,0
WS-31-tuned,S,tuned,0.8,50,1000000,10,none,0,4,48,100,1,scan_node_set,0,0,0
WS-31-tuned,S,tuned,0.8,50,1000000,10,none,0,4,48,100,1,other,0,0,0
WS-31-tuned,S,tuned,0.8,50,1000000,10,none,0,4,48,100,2,early_wts,8206,0,8206
WS-31-tuned,S,tuned,0.8,50,1000000,10,none,0,4,48,100,2,early_rts,181446,0,181446
WS-31-tuned,S,tuned,0.8,50,1000000,10,none,0,4,48,100,2,precheck,511468,0,511468
WS-31-tuned,S,tuned,0.8,50,1000000,10,none,0,4,48,100,2,latest,2088,0,2088
WS-31-tuned,S,tuned,0.8,50,1000000,10,none,0,4,48,100,2,read_match,1171671,0,1171671
WS-31-tuned,S,tuned,0.8,50,1000000,10,none,0,4,48,100,2,write_rts_deleted,220721,0,220721
WS-31-tuned,S,tuned,0.8,50,1000000,10,none,0,4,48,100,2,node_set,0,0,0
WS-31-tuned,S,tuned,0.8,50,1000000,10,none,0,4,48,100,2,scan_node_set,0,0,0
WS-31-tuned,S,tuned,0.8,50,1000000,10,none,0,4,48,100,2,other,0,0,0
WS-32-default,S,default,0.8,50,1000000,10,batchU,0,4,48,100,1,early_wts,258,522,780
WS-32-default,S,default,0.8,50,1000000,10,batchU,0,4,48,100,1,early_rts,10187,5187,15374
WS-32-default,S,default,0.8,50,1000000,10,batchU,0,4,48,100,1,precheck,25093,0,25093
WS-32-default,S,default,0.8,50,1000000,10,batchU,0,4,48,100,1,latest,295,0,295
WS-32-default,S,default,0.8,50,1000000,10,batchU,0,4,48,100,1,read_match,161529,0,161529
WS-32-default,S,default,0.8,50,1000000,10,batchU,0,4,48,100,1,write_rts_deleted,31906,0,31906
WS-32-default,S,default,0.8,50,1000000,10,batchU,0,4,48,100,1,node_set,0,0,0
WS-32-default,S,default,0.8,50,1000000,10,batchU,0,4,48,100,1,scan_node_set,0,0,0
WS-32-default,S,default,0.8,50,1000000,10,batchU,0,4,48,100,1,other,0,0,0
WS-32-default,S,default,0.8,50,1000000,10,batchU,0,4,48,100,2,early_wts,294,306,600
WS-32-default,S,default,0.8,50,1000000,10,batchU,0,4,48,100,2,early_rts,10545,6725,17270
WS-32-default,S,default,0.8,50,1000000,10,batchU,0,4,48,100,2,precheck,25385,0,25385
WS-32-default,S,default,0.8,50,1000000,10,batchU,0,4,48,100,2,latest,323,0,323
WS-32-default,S,default,0.8,50,1000000,10,batchU,0,4,48,100,2,read_match,165099,0,165099
WS-32-default,S,default,0.8,50,1000000,10,batchU,0,4,48,100,2,write_rts_deleted,33841,0,33841
WS-32-default,S,default,0.8,50,1000000,10,batchU,0,4,48,100,2,node_set,0,0,0
WS-32-default,S,default,0.8,50,1000000,10,batchU,0,4,48,100,2,scan_node_set,0,0,0
WS-32-default,S,default,0.8,50,1000000,10,batchU,0,4,48,100,2,other,0,0,0
WS-32-tuned,S,tuned,0.8,50,1000000,10,batchU,0,4,48,100,1,early_wts,7784,243,8027
WS-32-tuned,S,tuned,0.8,50,1000000,10,batchU,0,4,48,100,1,early_rts,172658,80271,252929
WS-32-tuned,S,tuned,0.8,50,1000000,10,batchU,0,4,48,100,1,precheck,499118,0,499118
WS-32-tuned,S,tuned,0.8,50,1000000,10,batchU,0,4,48,100,1,latest,1835,0,1835
WS-32-tuned,S,tuned,0.8,50,1000000,10,batchU,0,4,48,100,1,read_match,1114986,0,1114986
WS-32-tuned,S,tuned,0.8,50,1000000,10,batchU,0,4,48,100,1,write_rts_deleted,194726,0,194726
WS-32-tuned,S,tuned,0.8,50,1000000,10,batchU,0,4,48,100,1,node_set,0,0,0
WS-32-tuned,S,tuned,0.8,50,1000000,10,batchU,0,4,48,100,1,scan_node_set,0,0,0
WS-32-tuned,S,tuned,0.8,50,1000000,10,batchU,0,4,48,100,1,other,0,0,0
WS-32-tuned,S,tuned,0.8,50,1000000,10,batchU,0,4,48,100,2,early_wts,7946,202,8148
WS-32-tuned,S,tuned,0.8,50,1000000,10,batchU,0,4,48,100,2,early_rts,177672,115879,293551
WS-32-tuned,S,tuned,0.8,50,1000000,10,batchU,0,4,48,100,2,precheck,511431,0,511431
WS-32-tuned,S,tuned,0.8,50,1000000,10,batchU,0,4,48,100,2,latest,1706,0,1706
WS-32-tuned,S,tuned,0.8,50,1000000,10,batchU,0,4,48,100,2,read_match,1120222,0,1120222
WS-32-tuned,S,tuned,0.8,50,1000000,10,batchU,0,4,48,100,2,write_rts_deleted,184344,0,184344
WS-32-tuned,S,tuned,0.8,50,1000000,10,batchU,0,4,48,100,2,node_set,0,0,0
WS-32-tuned,S,tuned,0.8,50,1000000,10,batchU,0,4,48,100,2,scan_node_set,0,0,0
WS-32-tuned,S,tuned,0.8,50,1000000,10,batchU,0,4,48,100,2,other,0,0,0
WS-33-default,S,default,0.8,50,1000000,10,batchR,0,4,48,100,1,early_wts,838,0,838
WS-33-default,S,default,0.8,50,1000000,10,batchR,0,4,48,100,1,early_rts,26850,0,26850
WS-33-default,S,default,0.8,50,1000000,10,batchR,0,4,48,100,1,precheck,37603,0,37603
WS-33-default,S,default,0.8,50,1000000,10,batchR,0,4,48,100,1,latest,545,0,545
WS-33-default,S,default,0.8,50,1000000,10,batchR,0,4,48,100,1,read_match,57583,0,57583
WS-33-default,S,default,0.8,50,1000000,10,batchR,0,4,48,100,1,write_rts_deleted,38787,0,38787
WS-33-default,S,default,0.8,50,1000000,10,batchR,0,4,48,100,1,node_set,0,0,0
WS-33-default,S,default,0.8,50,1000000,10,batchR,0,4,48,100,1,scan_node_set,0,0,0
WS-33-default,S,default,0.8,50,1000000,10,batchR,0,4,48,100,1,other,0,0,0
WS-33-default,S,default,0.8,50,1000000,10,batchR,0,4,48,100,2,early_wts,784,0,784
WS-33-default,S,default,0.8,50,1000000,10,batchR,0,4,48,100,2,early_rts,26386,0,26386
WS-33-default,S,default,0.8,50,1000000,10,batchR,0,4,48,100,2,precheck,37319,0,37319
WS-33-default,S,default,0.8,50,1000000,10,batchR,0,4,48,100,2,latest,522,0,522
WS-33-default,S,default,0.8,50,1000000,10,batchR,0,4,48,100,2,read_match,58600,0,58600
WS-33-default,S,default,0.8,50,1000000,10,batchR,0,4,48,100,2,write_rts_deleted,38526,0,38526
WS-33-default,S,default,0.8,50,1000000,10,batchR,0,4,48,100,2,node_set,0,0,0
WS-33-default,S,default,0.8,50,1000000,10,batchR,0,4,48,100,2,scan_node_set,0,0,0
WS-33-default,S,default,0.8,50,1000000,10,batchR,0,4,48,100,2,other,0,0,0
WS-33-tuned,S,tuned,0.8,50,1000000,10,batchR,0,4,48,100,1,early_wts,1127,0,1127
WS-33-tuned,S,tuned,0.8,50,1000000,10,batchR,0,4,48,100,1,early_rts,36139,0,36139
WS-33-tuned,S,tuned,0.8,50,1000000,10,batchR,0,4,48,100,1,precheck,48317,0,48317
WS-33-tuned,S,tuned,0.8,50,1000000,10,batchR,0,4,48,100,1,latest,450,0,450
WS-33-tuned,S,tuned,0.8,50,1000000,10,batchR,0,4,48,100,1,read_match,52503,0,52503
WS-33-tuned,S,tuned,0.8,50,1000000,10,batchR,0,4,48,100,1,write_rts_deleted,42184,0,42184
WS-33-tuned,S,tuned,0.8,50,1000000,10,batchR,0,4,48,100,1,node_set,0,0,0
WS-33-tuned,S,tuned,0.8,50,1000000,10,batchR,0,4,48,100,1,scan_node_set,0,0,0
WS-33-tuned,S,tuned,0.8,50,1000000,10,batchR,0,4,48,100,1,other,0,0,0
WS-33-tuned,S,tuned,0.8,50,1000000,10,batchR,0,4,48,100,2,early_wts,1122,0,1122
WS-33-tuned,S,tuned,0.8,50,1000000,10,batchR,0,4,48,100,2,early_rts,36149,0,36149
WS-33-tuned,S,tuned,0.8,50,1000000,10,batchR,0,4,48,100,2,precheck,48153,0,48153
WS-33-tuned,S,tuned,0.8,50,1000000,10,batchR,0,4,48,100,2,latest,506,0,506
WS-33-tuned,S,tuned,0.8,50,1000000,10,batchR,0,4,48,100,2,read_match,52102,0,52102
WS-33-tuned,S,tuned,0.8,50,1000000,10,batchR,0,4,48,100,2,write_rts_deleted,42132,0,42132
WS-33-tuned,S,tuned,0.8,50,1000000,10,batchR,0,4,48,100,2,node_set,0,0,0
WS-33-tuned,S,tuned,0.8,50,1000000,10,batchR,0,4,48,100,2,scan_node_set,0,0,0
WS-33-tuned,S,tuned,0.8,50,1000000,10,batchR,0,4,48,100,2,other,0,0,0
WS-34-default,S,default,0.8,95,1000000,10,none,0,4,48,100,1,early_wts,54,0,54
WS-34-default,S,default,0.8,95,1000000,10,none,0,4,48,100,1,early_rts,4117,0,4117
WS-34-default,S,default,0.8,95,1000000,10,none,0,4,48,100,1,precheck,3485,0,3485
WS-34-default,S,default,0.8,95,1000000,10,none,0,4,48,100,1,latest,71,0,71
WS-34-default,S,default,0.8,95,1000000,10,none,0,4,48,100,1,read_match,163217,0,163217
WS-34-default,S,default,0.8,95,1000000,10,none,0,4,48,100,1,write_rts_deleted,40326,0,40326
WS-34-default,S,default,0.8,95,1000000,10,none,0,4,48,100,1,node_set,0,0,0
WS-34-default,S,default,0.8,95,1000000,10,none,0,4,48,100,1,scan_node_set,0,0,0
WS-34-default,S,default,0.8,95,1000000,10,none,0,4,48,100,1,other,0,0,0
WS-34-default,S,default,0.8,95,1000000,10,none,0,4,48,100,2,early_wts,53,0,53
WS-34-default,S,default,0.8,95,1000000,10,none,0,4,48,100,2,early_rts,4040,0,4040
WS-34-default,S,default,0.8,95,1000000,10,none,0,4,48,100,2,precheck,3361,0,3361
WS-34-default,S,default,0.8,95,1000000,10,none,0,4,48,100,2,latest,76,0,76
WS-34-default,S,default,0.8,95,1000000,10,none,0,4,48,100,2,read_match,159803,0,159803
WS-34-default,S,default,0.8,95,1000000,10,none,0,4,48,100,2,write_rts_deleted,39492,0,39492
WS-34-default,S,default,0.8,95,1000000,10,none,0,4,48,100,2,node_set,0,0,0
WS-34-default,S,default,0.8,95,1000000,10,none,0,4,48,100,2,scan_node_set,0,0,0
WS-34-default,S,default,0.8,95,1000000,10,none,0,4,48,100,2,other,0,0,0
WS-34-tuned,S,tuned,0.8,95,1000000,10,none,0,4,48,100,1,early_wts,1086,0,1086
WS-34-tuned,S,tuned,0.8,95,1000000,10,none,0,4,48,100,1,early_rts,48758,0,48758
WS-34-tuned,S,tuned,0.8,95,1000000,10,none,0,4,48,100,1,precheck,50338,0,50338
WS-34-tuned,S,tuned,0.8,95,1000000,10,none,0,4,48,100,1,latest,813,0,813
WS-34-tuned,S,tuned,0.8,95,1000000,10,none,0,4,48,100,1,read_match,1004866,0,1004866
WS-34-tuned,S,tuned,0.8,95,1000000,10,none,0,4,48,100,1,write_rts_deleted,343520,0,343520
WS-34-tuned,S,tuned,0.8,95,1000000,10,none,0,4,48,100,1,node_set,0,0,0
WS-34-tuned,S,tuned,0.8,95,1000000,10,none,0,4,48,100,1,scan_node_set,0,0,0
WS-34-tuned,S,tuned,0.8,95,1000000,10,none,0,4,48,100,1,other,0,0,0
WS-34-tuned,S,tuned,0.8,95,1000000,10,none,0,4,48,100,2,early_wts,1155,0,1155
WS-34-tuned,S,tuned,0.8,95,1000000,10,none,0,4,48,100,2,early_rts,48567,0,48567
WS-34-tuned,S,tuned,0.8,95,1000000,10,none,0,4,48,100,2,precheck,49677,0,49677
WS-34-tuned,S,tuned,0.8,95,1000000,10,none,0,4,48,100,2,latest,781,0,781
WS-34-tuned,S,tuned,0.8,95,1000000,10,none,0,4,48,100,2,read_match,995554,0,995554
WS-34-tuned,S,tuned,0.8,95,1000000,10,none,0,4,48,100,2,write_rts_deleted,341144,0,341144
WS-34-tuned,S,tuned,0.8,95,1000000,10,none,0,4,48,100,2,node_set,0,0,0
WS-34-tuned,S,tuned,0.8,95,1000000,10,none,0,4,48,100,2,scan_node_set,0,0,0
WS-34-tuned,S,tuned,0.8,95,1000000,10,none,0,4,48,100,2,other,0,0,0
WS-35-default,S,default,0.8,95,1000000,10,batchU,0,4,48,100,1,early_wts,54,1463,1517
WS-35-default,S,default,0.8,95,1000000,10,batchU,0,4,48,100,1,early_rts,4075,3609,7684
WS-35-default,S,default,0.8,95,1000000,10,batchU,0,4,48,100,1,precheck,3353,0,3353
WS-35-default,S,default,0.8,95,1000000,10,batchU,0,4,48,100,1,latest,67,0,67
WS-35-default,S,default,0.8,95,1000000,10,batchU,0,4,48,100,1,read_match,158759,0,158759
WS-35-default,S,default,0.8,95,1000000,10,batchU,0,4,48,100,1,write_rts_deleted,39042,0,39042
WS-35-default,S,default,0.8,95,1000000,10,batchU,0,4,48,100,1,node_set,0,0,0
WS-35-default,S,default,0.8,95,1000000,10,batchU,0,4,48,100,1,scan_node_set,0,0,0
WS-35-default,S,default,0.8,95,1000000,10,batchU,0,4,48,100,1,other,0,0,0
WS-35-default,S,default,0.8,95,1000000,10,batchU,0,4,48,100,2,early_wts,37,256,293
WS-35-default,S,default,0.8,95,1000000,10,batchU,0,4,48,100,2,early_rts,4004,4767,8771
WS-35-default,S,default,0.8,95,1000000,10,batchU,0,4,48,100,2,precheck,3236,0,3236
WS-35-default,S,default,0.8,95,1000000,10,batchU,0,4,48,100,2,latest,67,0,67
WS-35-default,S,default,0.8,95,1000000,10,batchU,0,4,48,100,2,read_match,155399,0,155399
WS-35-default,S,default,0.8,95,1000000,10,batchU,0,4,48,100,2,write_rts_deleted,38093,0,38093
WS-35-default,S,default,0.8,95,1000000,10,batchU,0,4,48,100,2,node_set,0,0,0
WS-35-default,S,default,0.8,95,1000000,10,batchU,0,4,48,100,2,scan_node_set,0,0,0
WS-35-default,S,default,0.8,95,1000000,10,batchU,0,4,48,100,2,other,0,0,0
WS-35-tuned,S,tuned,0.8,95,1000000,10,batchU,0,4,48,100,1,early_wts,948,60048,60996
WS-35-tuned,S,tuned,0.8,95,1000000,10,batchU,0,4,48,100,1,early_rts,46109,31085,77194
WS-35-tuned,S,tuned,0.8,95,1000000,10,batchU,0,4,48,100,1,precheck,49446,0,49446
WS-35-tuned,S,tuned,0.8,95,1000000,10,batchU,0,4,48,100,1,latest,753,0,753
WS-35-tuned,S,tuned,0.8,95,1000000,10,batchU,0,4,48,100,1,read_match,952268,0,952268
WS-35-tuned,S,tuned,0.8,95,1000000,10,batchU,0,4,48,100,1,write_rts_deleted,321283,0,321283
WS-35-tuned,S,tuned,0.8,95,1000000,10,batchU,0,4,48,100,1,node_set,0,0,0
WS-35-tuned,S,tuned,0.8,95,1000000,10,batchU,0,4,48,100,1,scan_node_set,0,0,0
WS-35-tuned,S,tuned,0.8,95,1000000,10,batchU,0,4,48,100,1,other,0,0,0
WS-35-tuned,S,tuned,0.8,95,1000000,10,batchU,0,4,48,100,2,early_wts,971,28055,29026
WS-35-tuned,S,tuned,0.8,95,1000000,10,batchU,0,4,48,100,2,early_rts,46653,15967,62620
WS-35-tuned,S,tuned,0.8,95,1000000,10,batchU,0,4,48,100,2,precheck,47260,0,47260
WS-35-tuned,S,tuned,0.8,95,1000000,10,batchU,0,4,48,100,2,latest,793,0,793
WS-35-tuned,S,tuned,0.8,95,1000000,10,batchU,0,4,48,100,2,read_match,954949,0,954949
WS-35-tuned,S,tuned,0.8,95,1000000,10,batchU,0,4,48,100,2,write_rts_deleted,325828,0,325828
WS-35-tuned,S,tuned,0.8,95,1000000,10,batchU,0,4,48,100,2,node_set,0,0,0
WS-35-tuned,S,tuned,0.8,95,1000000,10,batchU,0,4,48,100,2,scan_node_set,0,0,0
WS-35-tuned,S,tuned,0.8,95,1000000,10,batchU,0,4,48,100,2,other,0,0,0
WS-36-default,S,default,0.8,95,1000000,10,batchR,0,4,48,100,1,early_wts,65,0,65
WS-36-default,S,default,0.8,95,1000000,10,batchR,0,4,48,100,1,early_rts,4152,0,4152
WS-36-default,S,default,0.8,95,1000000,10,batchR,0,4,48,100,1,precheck,4829,0,4829
WS-36-default,S,default,0.8,95,1000000,10,batchR,0,4,48,100,1,latest,127,0,127
WS-36-default,S,default,0.8,95,1000000,10,batchR,0,4,48,100,1,read_match,125719,0,125719
WS-36-default,S,default,0.8,95,1000000,10,batchR,0,4,48,100,1,write_rts_deleted,48130,0,48130
WS-36-default,S,default,0.8,95,1000000,10,batchR,0,4,48,100,1,node_set,0,0,0
WS-36-default,S,default,0.8,95,1000000,10,batchR,0,4,48,100,1,scan_node_set,0,0,0
WS-36-default,S,default,0.8,95,1000000,10,batchR,0,4,48,100,1,other,0,0,0
WS-36-default,S,default,0.8,95,1000000,10,batchR,0,4,48,100,2,early_wts,64,0,64
WS-36-default,S,default,0.8,95,1000000,10,batchR,0,4,48,100,2,early_rts,4535,0,4535
WS-36-default,S,default,0.8,95,1000000,10,batchR,0,4,48,100,2,precheck,5001,0,5001
WS-36-default,S,default,0.8,95,1000000,10,batchR,0,4,48,100,2,latest,137,0,137
WS-36-default,S,default,0.8,95,1000000,10,batchR,0,4,48,100,2,read_match,131584,0,131584
WS-36-default,S,default,0.8,95,1000000,10,batchR,0,4,48,100,2,write_rts_deleted,50840,0,50840
WS-36-default,S,default,0.8,95,1000000,10,batchR,0,4,48,100,2,node_set,0,0,0
WS-36-default,S,default,0.8,95,1000000,10,batchR,0,4,48,100,2,scan_node_set,0,0,0
WS-36-default,S,default,0.8,95,1000000,10,batchR,0,4,48,100,2,other,0,0,0
WS-36-tuned,S,tuned,0.8,95,1000000,10,batchR,0,4,48,100,1,early_wts,265,0,265
WS-36-tuned,S,tuned,0.8,95,1000000,10,batchR,0,4,48,100,1,early_rts,16280,0,16280
WS-36-tuned,S,tuned,0.8,95,1000000,10,batchR,0,4,48,100,1,precheck,14590,0,14590
WS-36-tuned,S,tuned,0.8,95,1000000,10,batchR,0,4,48,100,1,latest,400,0,400
WS-36-tuned,S,tuned,0.8,95,1000000,10,batchR,0,4,48,100,1,read_match,209683,0,209683
WS-36-tuned,S,tuned,0.8,95,1000000,10,batchR,0,4,48,100,1,write_rts_deleted,126367,0,126367
WS-36-tuned,S,tuned,0.8,95,1000000,10,batchR,0,4,48,100,1,node_set,0,0,0
WS-36-tuned,S,tuned,0.8,95,1000000,10,batchR,0,4,48,100,1,scan_node_set,0,0,0
WS-36-tuned,S,tuned,0.8,95,1000000,10,batchR,0,4,48,100,1,other,0,0,0
WS-36-tuned,S,tuned,0.8,95,1000000,10,batchR,0,4,48,100,2,early_wts,315,0,315
WS-36-tuned,S,tuned,0.8,95,1000000,10,batchR,0,4,48,100,2,early_rts,16111,0,16111
WS-36-tuned,S,tuned,0.8,95,1000000,10,batchR,0,4,48,100,2,precheck,14586,0,14586
WS-36-tuned,S,tuned,0.8,95,1000000,10,batchR,0,4,48,100,2,latest,423,0,423
WS-36-tuned,S,tuned,0.8,95,1000000,10,batchR,0,4,48,100,2,read_match,205549,0,205549
WS-36-tuned,S,tuned,0.8,95,1000000,10,batchR,0,4,48,100,2,write_rts_deleted,125480,0,125480
WS-36-tuned,S,tuned,0.8,95,1000000,10,batchR,0,4,48,100,2,node_set,0,0,0
WS-36-tuned,S,tuned,0.8,95,1000000,10,batchR,0,4,48,100,2,scan_node_set,0,0,0
WS-36-tuned,S,tuned,0.8,95,1000000,10,batchR,0,4,48,100,2,other,0,0,0
WS-37-default,S,default,0.9,5,1000000,10,none,0,4,48,100,1,early_wts,2065,0,2065
WS-37-default,S,default,0.9,5,1000000,10,none,0,4,48,100,1,early_rts,5095,0,5095
WS-37-default,S,default,0.9,5,1000000,10,none,0,4,48,100,1,precheck,22710,0,22710
WS-37-default,S,default,0.9,5,1000000,10,none,0,4,48,100,1,latest,1254,0,1254
WS-37-default,S,default,0.9,5,1000000,10,none,0,4,48,100,1,read_match,155357,0,155357
WS-37-default,S,default,0.9,5,1000000,10,none,0,4,48,100,1,write_rts_deleted,24143,0,24143
WS-37-default,S,default,0.9,5,1000000,10,none,0,4,48,100,1,node_set,0,0,0
WS-37-default,S,default,0.9,5,1000000,10,none,0,4,48,100,1,scan_node_set,0,0,0
WS-37-default,S,default,0.9,5,1000000,10,none,0,4,48,100,1,other,0,0,0
WS-37-default,S,default,0.9,5,1000000,10,none,0,4,48,100,2,early_wts,2225,0,2225
WS-37-default,S,default,0.9,5,1000000,10,none,0,4,48,100,2,early_rts,5347,0,5347
WS-37-default,S,default,0.9,5,1000000,10,none,0,4,48,100,2,precheck,23663,0,23663
WS-37-default,S,default,0.9,5,1000000,10,none,0,4,48,100,2,latest,1253,0,1253
WS-37-default,S,default,0.9,5,1000000,10,none,0,4,48,100,2,read_match,160632,0,160632
WS-37-default,S,default,0.9,5,1000000,10,none,0,4,48,100,2,write_rts_deleted,24642,0,24642
WS-37-default,S,default,0.9,5,1000000,10,none,0,4,48,100,2,node_set,0,0,0
WS-37-default,S,default,0.9,5,1000000,10,none,0,4,48,100,2,scan_node_set,0,0,0
WS-37-default,S,default,0.9,5,1000000,10,none,0,4,48,100,2,other,0,0,0
WS-37-tuned,S,tuned,0.9,5,1000000,10,none,0,4,48,100,1,early_wts,11544,0,11544
WS-37-tuned,S,tuned,0.9,5,1000000,10,none,0,4,48,100,1,early_rts,60906,0,60906
WS-37-tuned,S,tuned,0.9,5,1000000,10,none,0,4,48,100,1,precheck,403587,0,403587
WS-37-tuned,S,tuned,0.9,5,1000000,10,none,0,4,48,100,1,latest,10639,0,10639
WS-37-tuned,S,tuned,0.9,5,1000000,10,none,0,4,48,100,1,read_match,1029427,0,1029427
WS-37-tuned,S,tuned,0.9,5,1000000,10,none,0,4,48,100,1,write_rts_deleted,138922,0,138922
WS-37-tuned,S,tuned,0.9,5,1000000,10,none,0,4,48,100,1,node_set,0,0,0
WS-37-tuned,S,tuned,0.9,5,1000000,10,none,0,4,48,100,1,scan_node_set,0,0,0
WS-37-tuned,S,tuned,0.9,5,1000000,10,none,0,4,48,100,1,other,0,0,0
WS-37-tuned,S,tuned,0.9,5,1000000,10,none,0,4,48,100,2,early_wts,11218,0,11218
WS-37-tuned,S,tuned,0.9,5,1000000,10,none,0,4,48,100,2,early_rts,59459,0,59459
WS-37-tuned,S,tuned,0.9,5,1000000,10,none,0,4,48,100,2,precheck,393033,0,393033
WS-37-tuned,S,tuned,0.9,5,1000000,10,none,0,4,48,100,2,latest,10220,0,10220
WS-37-tuned,S,tuned,0.9,5,1000000,10,none,0,4,48,100,2,read_match,1008217,0,1008217
WS-37-tuned,S,tuned,0.9,5,1000000,10,none,0,4,48,100,2,write_rts_deleted,135416,0,135416
WS-37-tuned,S,tuned,0.9,5,1000000,10,none,0,4,48,100,2,node_set,0,0,0
WS-37-tuned,S,tuned,0.9,5,1000000,10,none,0,4,48,100,2,scan_node_set,0,0,0
WS-37-tuned,S,tuned,0.9,5,1000000,10,none,0,4,48,100,2,other,0,0,0
WS-38-default,S,default,0.9,5,1000000,10,batchU,0,4,48,100,1,early_wts,1908,40,1948
WS-38-default,S,default,0.9,5,1000000,10,batchU,0,4,48,100,1,early_rts,5273,4797,10070
WS-38-default,S,default,0.9,5,1000000,10,batchU,0,4,48,100,1,precheck,23665,36,23701
WS-38-default,S,default,0.9,5,1000000,10,batchU,0,4,48,100,1,latest,1125,0,1125
WS-38-default,S,default,0.9,5,1000000,10,batchU,0,4,48,100,1,read_match,154796,1,154797
WS-38-default,S,default,0.9,5,1000000,10,batchU,0,4,48,100,1,write_rts_deleted,23004,0,23004
WS-38-default,S,default,0.9,5,1000000,10,batchU,0,4,48,100,1,node_set,0,0,0
WS-38-default,S,default,0.9,5,1000000,10,batchU,0,4,48,100,1,scan_node_set,0,0,0
WS-38-default,S,default,0.9,5,1000000,10,batchU,0,4,48,100,1,other,0,0,0
WS-38-default,S,default,0.9,5,1000000,10,batchU,0,4,48,100,2,early_wts,1926,539,2465
WS-38-default,S,default,0.9,5,1000000,10,batchU,0,4,48,100,2,early_rts,5308,4276,9584
WS-38-default,S,default,0.9,5,1000000,10,batchU,0,4,48,100,2,precheck,23641,7,23648
WS-38-default,S,default,0.9,5,1000000,10,batchU,0,4,48,100,2,latest,1104,0,1104
WS-38-default,S,default,0.9,5,1000000,10,batchU,0,4,48,100,2,read_match,152958,0,152958
WS-38-default,S,default,0.9,5,1000000,10,batchU,0,4,48,100,2,write_rts_deleted,23477,0,23477
WS-38-default,S,default,0.9,5,1000000,10,batchU,0,4,48,100,2,node_set,0,0,0
WS-38-default,S,default,0.9,5,1000000,10,batchU,0,4,48,100,2,scan_node_set,0,0,0
WS-38-default,S,default,0.9,5,1000000,10,batchU,0,4,48,100,2,other,0,0,0
WS-38-tuned,S,tuned,0.9,5,1000000,10,batchU,0,4,48,100,1,early_wts,12089,1060,13149
WS-38-tuned,S,tuned,0.9,5,1000000,10,batchU,0,4,48,100,1,early_rts,66321,29159,95480
WS-38-tuned,S,tuned,0.9,5,1000000,10,batchU,0,4,48,100,1,precheck,423346,0,423346
WS-38-tuned,S,tuned,0.9,5,1000000,10,batchU,0,4,48,100,1,latest,10462,0,10462
WS-38-tuned,S,tuned,0.9,5,1000000,10,batchU,0,4,48,100,1,read_match,1033148,0,1033148
WS-38-tuned,S,tuned,0.9,5,1000000,10,batchU,0,4,48,100,1,write_rts_deleted,134724,0,134724
WS-38-tuned,S,tuned,0.9,5,1000000,10,batchU,0,4,48,100,1,node_set,0,0,0
WS-38-tuned,S,tuned,0.9,5,1000000,10,batchU,0,4,48,100,1,scan_node_set,0,0,0
WS-38-tuned,S,tuned,0.9,5,1000000,10,batchU,0,4,48,100,1,other,0,0,0
WS-38-tuned,S,tuned,0.9,5,1000000,10,batchU,0,4,48,100,2,early_wts,10201,22221,32422
WS-38-tuned,S,tuned,0.9,5,1000000,10,batchU,0,4,48,100,2,early_rts,55901,25827,81728
WS-38-tuned,S,tuned,0.9,5,1000000,10,batchU,0,4,48,100,2,precheck,370289,1,370290
WS-38-tuned,S,tuned,0.9,5,1000000,10,batchU,0,4,48,100,2,latest,9200,0,9200
WS-38-tuned,S,tuned,0.9,5,1000000,10,batchU,0,4,48,100,2,read_match,925649,0,925649
WS-38-tuned,S,tuned,0.9,5,1000000,10,batchU,0,4,48,100,2,write_rts_deleted,113268,0,113268
WS-38-tuned,S,tuned,0.9,5,1000000,10,batchU,0,4,48,100,2,node_set,0,0,0
WS-38-tuned,S,tuned,0.9,5,1000000,10,batchU,0,4,48,100,2,scan_node_set,0,0,0
WS-38-tuned,S,tuned,0.9,5,1000000,10,batchU,0,4,48,100,2,other,0,0,0
WS-39-default,S,default,0.9,5,1000000,10,batchR,0,4,48,100,1,early_wts,1709,0,1709
WS-39-default,S,default,0.9,5,1000000,10,batchR,0,4,48,100,1,early_rts,12438,0,12438
WS-39-default,S,default,0.9,5,1000000,10,batchR,0,4,48,100,1,precheck,21233,0,21233
WS-39-default,S,default,0.9,5,1000000,10,batchR,0,4,48,100,1,latest,930,0,930
WS-39-default,S,default,0.9,5,1000000,10,batchR,0,4,48,100,1,read_match,27511,0,27511
WS-39-default,S,default,0.9,5,1000000,10,batchR,0,4,48,100,1,write_rts_deleted,18801,0,18801
WS-39-default,S,default,0.9,5,1000000,10,batchR,0,4,48,100,1,node_set,0,0,0
WS-39-default,S,default,0.9,5,1000000,10,batchR,0,4,48,100,1,scan_node_set,0,0,0
WS-39-default,S,default,0.9,5,1000000,10,batchR,0,4,48,100,1,other,0,0,0
WS-39-default,S,default,0.9,5,1000000,10,batchR,0,4,48,100,2,early_wts,1839,0,1839
WS-39-default,S,default,0.9,5,1000000,10,batchR,0,4,48,100,2,early_rts,13011,0,13011
WS-39-default,S,default,0.9,5,1000000,10,batchR,0,4,48,100,2,precheck,22012,0,22012
WS-39-default,S,default,0.9,5,1000000,10,batchR,0,4,48,100,2,latest,934,0,934
WS-39-default,S,default,0.9,5,1000000,10,batchR,0,4,48,100,2,read_match,28608,0,28608
WS-39-default,S,default,0.9,5,1000000,10,batchR,0,4,48,100,2,write_rts_deleted,19077,0,19077
WS-39-default,S,default,0.9,5,1000000,10,batchR,0,4,48,100,2,node_set,0,0,0
WS-39-default,S,default,0.9,5,1000000,10,batchR,0,4,48,100,2,scan_node_set,0,0,0
WS-39-default,S,default,0.9,5,1000000,10,batchR,0,4,48,100,2,other,0,0,0
WS-39-tuned,S,tuned,0.9,5,1000000,10,batchR,0,4,48,100,1,early_wts,2598,0,2598
WS-39-tuned,S,tuned,0.9,5,1000000,10,batchR,0,4,48,100,1,early_rts,14623,0,14623
WS-39-tuned,S,tuned,0.9,5,1000000,10,batchR,0,4,48,100,1,precheck,24718,0,24718
WS-39-tuned,S,tuned,0.9,5,1000000,10,batchR,0,4,48,100,1,latest,878,0,878
WS-39-tuned,S,tuned,0.9,5,1000000,10,batchR,0,4,48,100,1,read_match,27325,0,27325
WS-39-tuned,S,tuned,0.9,5,1000000,10,batchR,0,4,48,100,1,write_rts_deleted,20880,0,20880
WS-39-tuned,S,tuned,0.9,5,1000000,10,batchR,0,4,48,100,1,node_set,0,0,0
WS-39-tuned,S,tuned,0.9,5,1000000,10,batchR,0,4,48,100,1,scan_node_set,0,0,0
WS-39-tuned,S,tuned,0.9,5,1000000,10,batchR,0,4,48,100,1,other,0,0,0
WS-39-tuned,S,tuned,0.9,5,1000000,10,batchR,0,4,48,100,2,early_wts,2454,0,2454
WS-39-tuned,S,tuned,0.9,5,1000000,10,batchR,0,4,48,100,2,early_rts,14766,0,14766
WS-39-tuned,S,tuned,0.9,5,1000000,10,batchR,0,4,48,100,2,precheck,25280,0,25280
WS-39-tuned,S,tuned,0.9,5,1000000,10,batchR,0,4,48,100,2,latest,845,0,845
WS-39-tuned,S,tuned,0.9,5,1000000,10,batchR,0,4,48,100,2,read_match,28093,0,28093
WS-39-tuned,S,tuned,0.9,5,1000000,10,batchR,0,4,48,100,2,write_rts_deleted,20999,0,20999
WS-39-tuned,S,tuned,0.9,5,1000000,10,batchR,0,4,48,100,2,node_set,0,0,0
WS-39-tuned,S,tuned,0.9,5,1000000,10,batchR,0,4,48,100,2,scan_node_set,0,0,0
WS-39-tuned,S,tuned,0.9,5,1000000,10,batchR,0,4,48,100,2,other,0,0,0
WS-40-default,S,default,0.9,50,1000000,10,none,0,4,48,100,1,early_wts,2415,0,2415
WS-40-default,S,default,0.9,50,1000000,10,none,0,4,48,100,1,early_rts,21024,0,21024
WS-40-default,S,default,0.9,50,1000000,10,none,0,4,48,100,1,precheck,70696,0,70696
WS-40-default,S,default,0.9,50,1000000,10,none,0,4,48,100,1,latest,1343,0,1343
WS-40-default,S,default,0.9,50,1000000,10,none,0,4,48,100,1,read_match,221872,0,221872
WS-40-default,S,default,0.9,50,1000000,10,none,0,4,48,100,1,write_rts_deleted,38413,0,38413
WS-40-default,S,default,0.9,50,1000000,10,none,0,4,48,100,1,node_set,0,0,0
WS-40-default,S,default,0.9,50,1000000,10,none,0,4,48,100,1,scan_node_set,0,0,0
WS-40-default,S,default,0.9,50,1000000,10,none,0,4,48,100,1,other,0,0,0
WS-40-default,S,default,0.9,50,1000000,10,none,0,4,48,100,2,early_wts,2277,0,2277
WS-40-default,S,default,0.9,50,1000000,10,none,0,4,48,100,2,early_rts,18916,0,18916
WS-40-default,S,default,0.9,50,1000000,10,none,0,4,48,100,2,precheck,62624,0,62624
WS-40-default,S,default,0.9,50,1000000,10,none,0,4,48,100,2,latest,1364,0,1364
WS-40-default,S,default,0.9,50,1000000,10,none,0,4,48,100,2,read_match,206701,0,206701
WS-40-default,S,default,0.9,50,1000000,10,none,0,4,48,100,2,write_rts_deleted,36224,0,36224
WS-40-default,S,default,0.9,50,1000000,10,none,0,4,48,100,2,node_set,0,0,0
WS-40-default,S,default,0.9,50,1000000,10,none,0,4,48,100,2,scan_node_set,0,0,0
WS-40-default,S,default,0.9,50,1000000,10,none,0,4,48,100,2,other,0,0,0
WS-40-tuned,S,tuned,0.9,50,1000000,10,none,0,4,48,100,1,early_wts,182912,0,182912
WS-40-tuned,S,tuned,0.9,50,1000000,10,none,0,4,48,100,1,early_rts,770031,0,770031
WS-40-tuned,S,tuned,0.9,50,1000000,10,none,0,4,48,100,1,precheck,2786256,0,2786256
WS-40-tuned,S,tuned,0.9,50,1000000,10,none,0,4,48,100,1,latest,60904,0,60904
WS-40-tuned,S,tuned,0.9,50,1000000,10,none,0,4,48,100,1,read_match,2903533,0,2903533
WS-40-tuned,S,tuned,0.9,50,1000000,10,none,0,4,48,100,1,write_rts_deleted,444951,0,444951
WS-40-tuned,S,tuned,0.9,50,1000000,10,none,0,4,48,100,1,node_set,0,0,0
WS-40-tuned,S,tuned,0.9,50,1000000,10,none,0,4,48,100,1,scan_node_set,0,0,0
WS-40-tuned,S,tuned,0.9,50,1000000,10,none,0,4,48,100,1,other,0,0,0
WS-40-tuned,S,tuned,0.9,50,1000000,10,none,0,4,48,100,2,early_wts,177123,0,177123
WS-40-tuned,S,tuned,0.9,50,1000000,10,none,0,4,48,100,2,early_rts,751646,0,751646
WS-40-tuned,S,tuned,0.9,50,1000000,10,none,0,4,48,100,2,precheck,2745736,0,2745736
WS-40-tuned,S,tuned,0.9,50,1000000,10,none,0,4,48,100,2,latest,59898,0,59898
WS-40-tuned,S,tuned,0.9,50,1000000,10,none,0,4,48,100,2,read_match,2873947,0,2873947
WS-40-tuned,S,tuned,0.9,50,1000000,10,none,0,4,48,100,2,write_rts_deleted,441264,0,441264
WS-40-tuned,S,tuned,0.9,50,1000000,10,none,0,4,48,100,2,node_set,0,0,0
WS-40-tuned,S,tuned,0.9,50,1000000,10,none,0,4,48,100,2,scan_node_set,0,0,0
WS-40-tuned,S,tuned,0.9,50,1000000,10,none,0,4,48,100,2,other,0,0,0
WS-41-default,S,default,0.9,50,1000000,10,batchU,0,4,48,100,1,early_wts,2589,3519,6108
WS-41-default,S,default,0.9,50,1000000,10,batchU,0,4,48,100,1,early_rts,22402,4167,26569
WS-41-default,S,default,0.9,50,1000000,10,batchU,0,4,48,100,1,precheck,74766,0,74766
WS-41-default,S,default,0.9,50,1000000,10,batchU,0,4,48,100,1,latest,1529,0,1529
WS-41-default,S,default,0.9,50,1000000,10,batchU,0,4,48,100,1,read_match,227069,0,227069
WS-41-default,S,default,0.9,50,1000000,10,batchU,0,4,48,100,1,write_rts_deleted,38697,0,38697
WS-41-default,S,default,0.9,50,1000000,10,batchU,0,4,48,100,1,node_set,0,0,0
WS-41-default,S,default,0.9,50,1000000,10,batchU,0,4,48,100,1,scan_node_set,0,0,0
WS-41-default,S,default,0.9,50,1000000,10,batchU,0,4,48,100,1,other,0,0,0
WS-41-default,S,default,0.9,50,1000000,10,batchU,0,4,48,100,2,early_wts,2227,3209,5436
WS-41-default,S,default,0.9,50,1000000,10,batchU,0,4,48,100,2,early_rts,19399,4592,23991
WS-41-default,S,default,0.9,50,1000000,10,batchU,0,4,48,100,2,precheck,65788,0,65788
WS-41-default,S,default,0.9,50,1000000,10,batchU,0,4,48,100,2,latest,1416,0,1416
WS-41-default,S,default,0.9,50,1000000,10,batchU,0,4,48,100,2,read_match,210683,0,210683
WS-41-default,S,default,0.9,50,1000000,10,batchU,0,4,48,100,2,write_rts_deleted,35602,0,35602
WS-41-default,S,default,0.9,50,1000000,10,batchU,0,4,48,100,2,node_set,0,0,0
WS-41-default,S,default,0.9,50,1000000,10,batchU,0,4,48,100,2,scan_node_set,0,0,0
WS-41-default,S,default,0.9,50,1000000,10,batchU,0,4,48,100,2,other,0,0,0
WS-41-tuned,S,tuned,0.9,50,1000000,10,batchU,0,4,48,100,1,early_wts,171686,2263,173949
WS-41-tuned,S,tuned,0.9,50,1000000,10,batchU,0,4,48,100,1,early_rts,739533,171445,910978
WS-41-tuned,S,tuned,0.9,50,1000000,10,batchU,0,4,48,100,1,precheck,2666370,0,2666370
WS-41-tuned,S,tuned,0.9,50,1000000,10,batchU,0,4,48,100,1,latest,55157,0,55157
WS-41-tuned,S,tuned,0.9,50,1000000,10,batchU,0,4,48,100,1,read_match,2791300,0,2791300
WS-41-tuned,S,tuned,0.9,50,1000000,10,batchU,0,4,48,100,1,write_rts_deleted,420395,0,420395
WS-41-tuned,S,tuned,0.9,50,1000000,10,batchU,0,4,48,100,1,node_set,0,0,0
WS-41-tuned,S,tuned,0.9,50,1000000,10,batchU,0,4,48,100,1,scan_node_set,0,0,0
WS-41-tuned,S,tuned,0.9,50,1000000,10,batchU,0,4,48,100,1,other,0,0,0
WS-41-tuned,S,tuned,0.9,50,1000000,10,batchU,0,4,48,100,2,early_wts,169777,48498,218275
WS-41-tuned,S,tuned,0.9,50,1000000,10,batchU,0,4,48,100,2,early_rts,711863,117519,829382
WS-41-tuned,S,tuned,0.9,50,1000000,10,batchU,0,4,48,100,2,precheck,2632955,0,2632955
WS-41-tuned,S,tuned,0.9,50,1000000,10,batchU,0,4,48,100,2,latest,58826,0,58826
WS-41-tuned,S,tuned,0.9,50,1000000,10,batchU,0,4,48,100,2,read_match,2771184,1,2771185
WS-41-tuned,S,tuned,0.9,50,1000000,10,batchU,0,4,48,100,2,write_rts_deleted,421351,0,421351
WS-41-tuned,S,tuned,0.9,50,1000000,10,batchU,0,4,48,100,2,node_set,0,0,0
WS-41-tuned,S,tuned,0.9,50,1000000,10,batchU,0,4,48,100,2,scan_node_set,0,0,0
WS-41-tuned,S,tuned,0.9,50,1000000,10,batchU,0,4,48,100,2,other,0,0,0
WS-42-default,S,default,0.9,50,1000000,10,batchR,0,4,48,100,1,early_wts,5042,0,5042
WS-42-default,S,default,0.9,50,1000000,10,batchR,0,4,48,100,1,early_rts,47435,0,47435
WS-42-default,S,default,0.9,50,1000000,10,batchR,0,4,48,100,1,precheck,95302,0,95302
WS-42-default,S,default,0.9,50,1000000,10,batchR,0,4,48,100,1,latest,1683,0,1683
WS-42-default,S,default,0.9,50,1000000,10,batchR,0,4,48,100,1,read_match,138019,0,138019
WS-42-default,S,default,0.9,50,1000000,10,batchR,0,4,48,100,1,write_rts_deleted,43020,0,43020
WS-42-default,S,default,0.9,50,1000000,10,batchR,0,4,48,100,1,node_set,0,0,0
WS-42-default,S,default,0.9,50,1000000,10,batchR,0,4,48,100,1,scan_node_set,0,0,0
WS-42-default,S,default,0.9,50,1000000,10,batchR,0,4,48,100,1,other,0,0,0
WS-42-default,S,default,0.9,50,1000000,10,batchR,0,4,48,100,2,early_wts,4126,0,4126
WS-42-default,S,default,0.9,50,1000000,10,batchR,0,4,48,100,2,early_rts,40563,0,40563
WS-42-default,S,default,0.9,50,1000000,10,batchR,0,4,48,100,2,precheck,83893,0,83893
WS-42-default,S,default,0.9,50,1000000,10,batchR,0,4,48,100,2,latest,1596,0,1596
WS-42-default,S,default,0.9,50,1000000,10,batchR,0,4,48,100,2,read_match,132454,0,132454
WS-42-default,S,default,0.9,50,1000000,10,batchR,0,4,48,100,2,write_rts_deleted,40231,0,40231
WS-42-default,S,default,0.9,50,1000000,10,batchR,0,4,48,100,2,node_set,0,0,0
WS-42-default,S,default,0.9,50,1000000,10,batchR,0,4,48,100,2,scan_node_set,0,0,0
WS-42-default,S,default,0.9,50,1000000,10,batchR,0,4,48,100,2,other,0,0,0
WS-42-tuned,S,tuned,0.9,50,1000000,10,batchR,0,4,48,100,1,early_wts,12992,0,12992
WS-42-tuned,S,tuned,0.9,50,1000000,10,batchR,0,4,48,100,1,early_rts,104073,0,104073
WS-42-tuned,S,tuned,0.9,50,1000000,10,batchR,0,4,48,100,1,precheck,192625,0,192625
WS-42-tuned,S,tuned,0.9,50,1000000,10,batchR,0,4,48,100,1,latest,1891,0,1891
WS-42-tuned,S,tuned,0.9,50,1000000,10,batchR,0,4,48,100,1,read_match,144189,0,144189
WS-42-tuned,S,tuned,0.9,50,1000000,10,batchR,0,4,48,100,1,write_rts_deleted,53535,0,53535
WS-42-tuned,S,tuned,0.9,50,1000000,10,batchR,0,4,48,100,1,node_set,0,0,0
WS-42-tuned,S,tuned,0.9,50,1000000,10,batchR,0,4,48,100,1,scan_node_set,0,0,0
WS-42-tuned,S,tuned,0.9,50,1000000,10,batchR,0,4,48,100,1,other,0,0,0
WS-42-tuned,S,tuned,0.9,50,1000000,10,batchR,0,4,48,100,2,early_wts,15551,0,15551
WS-42-tuned,S,tuned,0.9,50,1000000,10,batchR,0,4,48,100,2,early_rts,123674,0,123674
WS-42-tuned,S,tuned,0.9,50,1000000,10,batchR,0,4,48,100,2,precheck,228297,0,228297
WS-42-tuned,S,tuned,0.9,50,1000000,10,batchR,0,4,48,100,2,latest,2298,0,2298
WS-42-tuned,S,tuned,0.9,50,1000000,10,batchR,0,4,48,100,2,read_match,168266,0,168266
WS-42-tuned,S,tuned,0.9,50,1000000,10,batchR,0,4,48,100,2,write_rts_deleted,62080,0,62080
WS-42-tuned,S,tuned,0.9,50,1000000,10,batchR,0,4,48,100,2,node_set,0,0,0
WS-42-tuned,S,tuned,0.9,50,1000000,10,batchR,0,4,48,100,2,scan_node_set,0,0,0
WS-42-tuned,S,tuned,0.9,50,1000000,10,batchR,0,4,48,100,2,other,0,0,0
WS-43-default,S,default,0.9,95,1000000,10,none,0,4,48,100,1,early_wts,387,0,387
WS-43-default,S,default,0.9,95,1000000,10,none,0,4,48,100,1,early_rts,7731,0,7731
WS-43-default,S,default,0.9,95,1000000,10,none,0,4,48,100,1,precheck,7895,0,7895
WS-43-default,S,default,0.9,95,1000000,10,none,0,4,48,100,1,latest,399,0,399
WS-43-default,S,default,0.9,95,1000000,10,none,0,4,48,100,1,read_match,204440,0,204440
WS-43-default,S,default,0.9,95,1000000,10,none,0,4,48,100,1,write_rts_deleted,67629,0,67629
WS-43-default,S,default,0.9,95,1000000,10,none,0,4,48,100,1,node_set,0,0,0
WS-43-default,S,default,0.9,95,1000000,10,none,0,4,48,100,1,scan_node_set,0,0,0
WS-43-default,S,default,0.9,95,1000000,10,none,0,4,48,100,1,other,0,0,0
WS-43-default,S,default,0.9,95,1000000,10,none,0,4,48,100,2,early_wts,371,0,371
WS-43-default,S,default,0.9,95,1000000,10,none,0,4,48,100,2,early_rts,7347,0,7347
WS-43-default,S,default,0.9,95,1000000,10,none,0,4,48,100,2,precheck,7299,0,7299
WS-43-default,S,default,0.9,95,1000000,10,none,0,4,48,100,2,latest,380,0,380
WS-43-default,S,default,0.9,95,1000000,10,none,0,4,48,100,2,read_match,200854,0,200854
WS-43-default,S,default,0.9,95,1000000,10,none,0,4,48,100,2,write_rts_deleted,65161,0,65161
WS-43-default,S,default,0.9,95,1000000,10,none,0,4,48,100,2,node_set,0,0,0
WS-43-default,S,default,0.9,95,1000000,10,none,0,4,48,100,2,scan_node_set,0,0,0
WS-43-default,S,default,0.9,95,1000000,10,none,0,4,48,100,2,other,0,0,0
WS-43-tuned,S,tuned,0.9,95,1000000,10,none,0,4,48,100,1,early_wts,26658,0,26658
WS-43-tuned,S,tuned,0.9,95,1000000,10,none,0,4,48,100,1,early_rts,246673,0,246673
WS-43-tuned,S,tuned,0.9,95,1000000,10,none,0,4,48,100,1,precheck,267588,0,267588
WS-43-tuned,S,tuned,0.9,95,1000000,10,none,0,4,48,100,1,latest,18257,0,18257
WS-43-tuned,S,tuned,0.9,95,1000000,10,none,0,4,48,100,1,read_match,2446164,0,2446164
WS-43-tuned,S,tuned,0.9,95,1000000,10,none,0,4,48,100,1,write_rts_deleted,1680477,0,1680477
WS-43-tuned,S,tuned,0.9,95,1000000,10,none,0,4,48,100,1,node_set,0,0,0
WS-43-tuned,S,tuned,0.9,95,1000000,10,none,0,4,48,100,1,scan_node_set,0,0,0
WS-43-tuned,S,tuned,0.9,95,1000000,10,none,0,4,48,100,1,other,0,0,0
WS-43-tuned,S,tuned,0.9,95,1000000,10,none,0,4,48,100,2,early_wts,26540,0,26540
WS-43-tuned,S,tuned,0.9,95,1000000,10,none,0,4,48,100,2,early_rts,243253,0,243253
WS-43-tuned,S,tuned,0.9,95,1000000,10,none,0,4,48,100,2,precheck,265998,0,265998
WS-43-tuned,S,tuned,0.9,95,1000000,10,none,0,4,48,100,2,latest,18237,0,18237
WS-43-tuned,S,tuned,0.9,95,1000000,10,none,0,4,48,100,2,read_match,2428072,0,2428072
WS-43-tuned,S,tuned,0.9,95,1000000,10,none,0,4,48,100,2,write_rts_deleted,1672851,0,1672851
WS-43-tuned,S,tuned,0.9,95,1000000,10,none,0,4,48,100,2,node_set,0,0,0
WS-43-tuned,S,tuned,0.9,95,1000000,10,none,0,4,48,100,2,scan_node_set,0,0,0
WS-43-tuned,S,tuned,0.9,95,1000000,10,none,0,4,48,100,2,other,0,0,0
WS-44-default,S,default,0.9,95,1000000,10,batchU,0,4,48,100,1,early_wts,317,4607,4924
WS-44-default,S,default,0.9,95,1000000,10,batchU,0,4,48,100,1,early_rts,7143,1509,8652
WS-44-default,S,default,0.9,95,1000000,10,batchU,0,4,48,100,1,precheck,7167,0,7167
WS-44-default,S,default,0.9,95,1000000,10,batchU,0,4,48,100,1,latest,368,0,368
WS-44-default,S,default,0.9,95,1000000,10,batchU,0,4,48,100,1,read_match,195504,0,195504
WS-44-default,S,default,0.9,95,1000000,10,batchU,0,4,48,100,1,write_rts_deleted,62695,0,62695
WS-44-default,S,default,0.9,95,1000000,10,batchU,0,4,48,100,1,node_set,0,0,0
WS-44-default,S,default,0.9,95,1000000,10,batchU,0,4,48,100,1,scan_node_set,0,0,0
WS-44-default,S,default,0.9,95,1000000,10,batchU,0,4,48,100,1,other,0,0,0
WS-44-default,S,default,0.9,95,1000000,10,batchU,0,4,48,100,2,early_wts,312,74,386
WS-44-default,S,default,0.9,95,1000000,10,batchU,0,4,48,100,2,early_rts,6818,4720,11538
WS-44-default,S,default,0.9,95,1000000,10,batchU,0,4,48,100,2,precheck,6834,0,6834
WS-44-default,S,default,0.9,95,1000000,10,batchU,0,4,48,100,2,latest,337,0,337
WS-44-default,S,default,0.9,95,1000000,10,batchU,0,4,48,100,2,read_match,189013,0,189013
WS-44-default,S,default,0.9,95,1000000,10,batchU,0,4,48,100,2,write_rts_deleted,60737,0,60737
WS-44-default,S,default,0.9,95,1000000,10,batchU,0,4,48,100,2,node_set,0,0,0
WS-44-default,S,default,0.9,95,1000000,10,batchU,0,4,48,100,2,scan_node_set,0,0,0
WS-44-default,S,default,0.9,95,1000000,10,batchU,0,4,48,100,2,other,0,0,0
WS-44-tuned,S,tuned,0.9,95,1000000,10,batchU,0,4,48,100,1,early_wts,24767,37660,62427
WS-44-tuned,S,tuned,0.9,95,1000000,10,batchU,0,4,48,100,1,early_rts,228368,40027,268395
WS-44-tuned,S,tuned,0.9,95,1000000,10,batchU,0,4,48,100,1,precheck,253062,0,253062
WS-44-tuned,S,tuned,0.9,95,1000000,10,batchU,0,4,48,100,1,latest,17193,0,17193
WS-44-tuned,S,tuned,0.9,95,1000000,10,batchU,0,4,48,100,1,read_match,2330656,0,2330656
WS-44-tuned,S,tuned,0.9,95,1000000,10,batchU,0,4,48,100,1,write_rts_deleted,1590684,0,1590684
WS-44-tuned,S,tuned,0.9,95,1000000,10,batchU,0,4,48,100,1,node_set,0,0,0
WS-44-tuned,S,tuned,0.9,95,1000000,10,batchU,0,4,48,100,1,scan_node_set,0,0,0
WS-44-tuned,S,tuned,0.9,95,1000000,10,batchU,0,4,48,100,1,other,0,0,0
WS-44-tuned,S,tuned,0.9,95,1000000,10,batchU,0,4,48,100,2,early_wts,24246,21,24267
WS-44-tuned,S,tuned,0.9,95,1000000,10,batchU,0,4,48,100,2,early_rts,223254,29642,252896
WS-44-tuned,S,tuned,0.9,95,1000000,10,batchU,0,4,48,100,2,precheck,249157,0,249157
WS-44-tuned,S,tuned,0.9,95,1000000,10,batchU,0,4,48,100,2,latest,17306,0,17306
WS-44-tuned,S,tuned,0.9,95,1000000,10,batchU,0,4,48,100,2,read_match,2294880,0,2294880
WS-44-tuned,S,tuned,0.9,95,1000000,10,batchU,0,4,48,100,2,write_rts_deleted,1560161,0,1560161
WS-44-tuned,S,tuned,0.9,95,1000000,10,batchU,0,4,48,100,2,node_set,0,0,0
WS-44-tuned,S,tuned,0.9,95,1000000,10,batchU,0,4,48,100,2,scan_node_set,0,0,0
WS-44-tuned,S,tuned,0.9,95,1000000,10,batchU,0,4,48,100,2,other,0,0,0
WS-45-default,S,default,0.9,95,1000000,10,batchR,0,4,48,100,1,early_wts,458,0,458
WS-45-default,S,default,0.9,95,1000000,10,batchR,0,4,48,100,1,early_rts,8511,0,8511
WS-45-default,S,default,0.9,95,1000000,10,batchR,0,4,48,100,1,precheck,10589,0,10589
WS-45-default,S,default,0.9,95,1000000,10,batchR,0,4,48,100,1,latest,586,0,586
WS-45-default,S,default,0.9,95,1000000,10,batchR,0,4,48,100,1,read_match,186982,0,186982
WS-45-default,S,default,0.9,95,1000000,10,batchR,0,4,48,100,1,write_rts_deleted,80948,0,80948
WS-45-default,S,default,0.9,95,1000000,10,batchR,0,4,48,100,1,node_set,0,0,0
WS-45-default,S,default,0.9,95,1000000,10,batchR,0,4,48,100,1,scan_node_set,0,0,0
WS-45-default,S,default,0.9,95,1000000,10,batchR,0,4,48,100,1,other,0,0,0
WS-45-default,S,default,0.9,95,1000000,10,batchR,0,4,48,100,2,early_wts,500,0,500
WS-45-default,S,default,0.9,95,1000000,10,batchR,0,4,48,100,2,early_rts,8649,0,8649
WS-45-default,S,default,0.9,95,1000000,10,batchR,0,4,48,100,2,precheck,10582,0,10582
WS-45-default,S,default,0.9,95,1000000,10,batchR,0,4,48,100,2,latest,539,0,539
WS-45-default,S,default,0.9,95,1000000,10,batchR,0,4,48,100,2,read_match,187682,0,187682
WS-45-default,S,default,0.9,95,1000000,10,batchR,0,4,48,100,2,write_rts_deleted,82753,0,82753
WS-45-default,S,default,0.9,95,1000000,10,batchR,0,4,48,100,2,node_set,0,0,0
WS-45-default,S,default,0.9,95,1000000,10,batchR,0,4,48,100,2,scan_node_set,0,0,0
WS-45-default,S,default,0.9,95,1000000,10,batchR,0,4,48,100,2,other,0,0,0
WS-45-tuned,S,tuned,0.9,95,1000000,10,batchR,0,4,48,100,1,early_wts,4345,0,4345
WS-45-tuned,S,tuned,0.9,95,1000000,10,batchR,0,4,48,100,1,early_rts,60140,0,60140
WS-45-tuned,S,tuned,0.9,95,1000000,10,batchR,0,4,48,100,1,precheck,63298,0,63298
WS-45-tuned,S,tuned,0.9,95,1000000,10,batchR,0,4,48,100,1,latest,4372,0,4372
WS-45-tuned,S,tuned,0.9,95,1000000,10,batchR,0,4,48,100,1,read_match,541527,0,541527
WS-45-tuned,S,tuned,0.9,95,1000000,10,batchR,0,4,48,100,1,write_rts_deleted,418774,0,418774
WS-45-tuned,S,tuned,0.9,95,1000000,10,batchR,0,4,48,100,1,node_set,0,0,0
WS-45-tuned,S,tuned,0.9,95,1000000,10,batchR,0,4,48,100,1,scan_node_set,0,0,0
WS-45-tuned,S,tuned,0.9,95,1000000,10,batchR,0,4,48,100,1,other,0,0,0
WS-45-tuned,S,tuned,0.9,95,1000000,10,batchR,0,4,48,100,2,early_wts,4235,0,4235
WS-45-tuned,S,tuned,0.9,95,1000000,10,batchR,0,4,48,100,2,early_rts,60845,0,60845
WS-45-tuned,S,tuned,0.9,95,1000000,10,batchR,0,4,48,100,2,precheck,63710,0,63710
WS-45-tuned,S,tuned,0.9,95,1000000,10,batchR,0,4,48,100,2,latest,4330,0,4330
WS-45-tuned,S,tuned,0.9,95,1000000,10,batchR,0,4,48,100,2,read_match,546810,0,546810
WS-45-tuned,S,tuned,0.9,95,1000000,10,batchR,0,4,48,100,2,write_rts_deleted,420458,0,420458
WS-45-tuned,S,tuned,0.9,95,1000000,10,batchR,0,4,48,100,2,node_set,0,0,0
WS-45-tuned,S,tuned,0.9,95,1000000,10,batchR,0,4,48,100,2,scan_node_set,0,0,0
WS-45-tuned,S,tuned,0.9,95,1000000,10,batchR,0,4,48,100,2,other,0,0,0
WS-46-default,S,default,0.95,5,1000000,10,none,0,4,48,100,1,early_wts,3438,0,3438
WS-46-default,S,default,0.95,5,1000000,10,none,0,4,48,100,1,early_rts,5733,0,5733
WS-46-default,S,default,0.95,5,1000000,10,none,0,4,48,100,1,precheck,32286,0,32286
WS-46-default,S,default,0.95,5,1000000,10,none,0,4,48,100,1,latest,2321,0,2321
WS-46-default,S,default,0.95,5,1000000,10,none,0,4,48,100,1,read_match,176779,0,176779
WS-46-default,S,default,0.95,5,1000000,10,none,0,4,48,100,1,write_rts_deleted,25189,0,25189
WS-46-default,S,default,0.95,5,1000000,10,none,0,4,48,100,1,node_set,0,0,0
WS-46-default,S,default,0.95,5,1000000,10,none,0,4,48,100,1,scan_node_set,0,0,0
WS-46-default,S,default,0.95,5,1000000,10,none,0,4,48,100,1,other,0,0,0
WS-46-default,S,default,0.95,5,1000000,10,none,0,4,48,100,2,early_wts,3674,0,3674
WS-46-default,S,default,0.95,5,1000000,10,none,0,4,48,100,2,early_rts,6198,0,6198
WS-46-default,S,default,0.95,5,1000000,10,none,0,4,48,100,2,precheck,34794,0,34794
WS-46-default,S,default,0.95,5,1000000,10,none,0,4,48,100,2,latest,2494,0,2494
WS-46-default,S,default,0.95,5,1000000,10,none,0,4,48,100,2,read_match,183114,0,183114
WS-46-default,S,default,0.95,5,1000000,10,none,0,4,48,100,2,write_rts_deleted,25791,0,25791
WS-46-default,S,default,0.95,5,1000000,10,none,0,4,48,100,2,node_set,0,0,0
WS-46-default,S,default,0.95,5,1000000,10,none,0,4,48,100,2,scan_node_set,0,0,0
WS-46-default,S,default,0.95,5,1000000,10,none,0,4,48,100,2,other,0,0,0
WS-46-tuned,S,tuned,0.95,5,1000000,10,none,0,4,48,100,1,early_wts,43373,0,43373
WS-46-tuned,S,tuned,0.95,5,1000000,10,none,0,4,48,100,1,early_rts,102103,0,102103
WS-46-tuned,S,tuned,0.95,5,1000000,10,none,0,4,48,100,1,precheck,824609,0,824609
WS-46-tuned,S,tuned,0.95,5,1000000,10,none,0,4,48,100,1,latest,31299,0,31299
WS-46-tuned,S,tuned,0.95,5,1000000,10,none,0,4,48,100,1,read_match,1417846,0,1417846
WS-46-tuned,S,tuned,0.95,5,1000000,10,none,0,4,48,100,1,write_rts_deleted,194968,0,194968
WS-46-tuned,S,tuned,0.95,5,1000000,10,none,0,4,48,100,1,node_set,0,0,0
WS-46-tuned,S,tuned,0.95,5,1000000,10,none,0,4,48,100,1,scan_node_set,0,0,0
WS-46-tuned,S,tuned,0.95,5,1000000,10,none,0,4,48,100,1,other,0,0,0
WS-46-tuned,S,tuned,0.95,5,1000000,10,none,0,4,48,100,2,early_wts,42867,0,42867
WS-46-tuned,S,tuned,0.95,5,1000000,10,none,0,4,48,100,2,early_rts,99464,0,99464
WS-46-tuned,S,tuned,0.95,5,1000000,10,none,0,4,48,100,2,precheck,806591,0,806591
WS-46-tuned,S,tuned,0.95,5,1000000,10,none,0,4,48,100,2,latest,30898,0,30898
WS-46-tuned,S,tuned,0.95,5,1000000,10,none,0,4,48,100,2,read_match,1403861,0,1403861
WS-46-tuned,S,tuned,0.95,5,1000000,10,none,0,4,48,100,2,write_rts_deleted,189783,0,189783
WS-46-tuned,S,tuned,0.95,5,1000000,10,none,0,4,48,100,2,node_set,0,0,0
WS-46-tuned,S,tuned,0.95,5,1000000,10,none,0,4,48,100,2,scan_node_set,0,0,0
WS-46-tuned,S,tuned,0.95,5,1000000,10,none,0,4,48,100,2,other,0,0,0
WS-47-default,S,default,0.95,5,1000000,10,batchU,0,4,48,100,1,early_wts,3538,5447,8985
WS-47-default,S,default,0.95,5,1000000,10,batchU,0,4,48,100,1,early_rts,6323,1192,7515
WS-47-default,S,default,0.95,5,1000000,10,batchU,0,4,48,100,1,precheck,36592,0,36592
WS-47-default,S,default,0.95,5,1000000,10,batchU,0,4,48,100,1,latest,2409,0,2409
WS-47-default,S,default,0.95,5,1000000,10,batchU,0,4,48,100,1,read_match,185198,0,185198
WS-47-default,S,default,0.95,5,1000000,10,batchU,0,4,48,100,1,write_rts_deleted,25152,0,25152
WS-47-default,S,default,0.95,5,1000000,10,batchU,0,4,48,100,1,node_set,0,0,0
WS-47-default,S,default,0.95,5,1000000,10,batchU,0,4,48,100,1,scan_node_set,0,0,0
WS-47-default,S,default,0.95,5,1000000,10,batchU,0,4,48,100,1,other,0,0,0
WS-47-default,S,default,0.95,5,1000000,10,batchU,0,4,48,100,2,early_wts,3420,3133,6553
WS-47-default,S,default,0.95,5,1000000,10,batchU,0,4,48,100,2,early_rts,6100,2895,8995
WS-47-default,S,default,0.95,5,1000000,10,batchU,0,4,48,100,2,precheck,35047,1,35048
WS-47-default,S,default,0.95,5,1000000,10,batchU,0,4,48,100,2,latest,2321,0,2321
WS-47-default,S,default,0.95,5,1000000,10,batchU,0,4,48,100,2,read_match,180632,0,180632
WS-47-default,S,default,0.95,5,1000000,10,batchU,0,4,48,100,2,write_rts_deleted,24483,0,24483
WS-47-default,S,default,0.95,5,1000000,10,batchU,0,4,48,100,2,node_set,0,0,0
WS-47-default,S,default,0.95,5,1000000,10,batchU,0,4,48,100,2,scan_node_set,0,0,0
WS-47-default,S,default,0.95,5,1000000,10,batchU,0,4,48,100,2,other,0,0,0
WS-47-tuned,S,tuned,0.95,5,1000000,10,batchU,0,4,48,100,1,early_wts,42237,2073,44310
WS-47-tuned,S,tuned,0.95,5,1000000,10,batchU,0,4,48,100,1,early_rts,99848,30507,130355
WS-47-tuned,S,tuned,0.95,5,1000000,10,batchU,0,4,48,100,1,precheck,801646,13,801659
WS-47-tuned,S,tuned,0.95,5,1000000,10,batchU,0,4,48,100,1,latest,30126,0,30126
WS-47-tuned,S,tuned,0.95,5,1000000,10,batchU,0,4,48,100,1,read_match,1381591,0,1381591
WS-47-tuned,S,tuned,0.95,5,1000000,10,batchU,0,4,48,100,1,write_rts_deleted,179833,0,179833
WS-47-tuned,S,tuned,0.95,5,1000000,10,batchU,0,4,48,100,1,node_set,0,0,0
WS-47-tuned,S,tuned,0.95,5,1000000,10,batchU,0,4,48,100,1,scan_node_set,0,0,0
WS-47-tuned,S,tuned,0.95,5,1000000,10,batchU,0,4,48,100,1,other,0,0,0
WS-47-tuned,S,tuned,0.95,5,1000000,10,batchU,0,4,48,100,2,early_wts,41355,488,41843
WS-47-tuned,S,tuned,0.95,5,1000000,10,batchU,0,4,48,100,2,early_rts,101521,38925,140446
WS-47-tuned,S,tuned,0.95,5,1000000,10,batchU,0,4,48,100,2,precheck,803229,0,803229
WS-47-tuned,S,tuned,0.95,5,1000000,10,batchU,0,4,48,100,2,latest,29465,0,29465
WS-47-tuned,S,tuned,0.95,5,1000000,10,batchU,0,4,48,100,2,read_match,1389835,0,1389835
WS-47-tuned,S,tuned,0.95,5,1000000,10,batchU,0,4,48,100,2,write_rts_deleted,181970,0,181970
WS-47-tuned,S,tuned,0.95,5,1000000,10,batchU,0,4,48,100,2,node_set,0,0,0
WS-47-tuned,S,tuned,0.95,5,1000000,10,batchU,0,4,48,100,2,scan_node_set,0,0,0
WS-47-tuned,S,tuned,0.95,5,1000000,10,batchU,0,4,48,100,2,other,0,0,0
WS-48-default,S,default,0.95,5,1000000,10,batchR,0,4,48,100,1,early_wts,4979,0,4979
WS-48-default,S,default,0.95,5,1000000,10,batchR,0,4,48,100,1,early_rts,15578,0,15578
WS-48-default,S,default,0.95,5,1000000,10,batchR,0,4,48,100,1,precheck,32707,0,32707
WS-48-default,S,default,0.95,5,1000000,10,batchR,0,4,48,100,1,latest,1752,0,1752
WS-48-default,S,default,0.95,5,1000000,10,batchR,0,4,48,100,1,read_match,40547,0,40547
WS-48-default,S,default,0.95,5,1000000,10,batchR,0,4,48,100,1,write_rts_deleted,20277,0,20277
WS-48-default,S,default,0.95,5,1000000,10,batchR,0,4,48,100,1,node_set,0,0,0
WS-48-default,S,default,0.95,5,1000000,10,batchR,0,4,48,100,1,scan_node_set,0,0,0
WS-48-default,S,default,0.95,5,1000000,10,batchR,0,4,48,100,1,other,0,0,0
WS-48-default,S,default,0.95,5,1000000,10,batchR,0,4,48,100,2,early_wts,5545,0,5545
WS-48-default,S,default,0.95,5,1000000,10,batchR,0,4,48,100,2,early_rts,18801,0,18801
WS-48-default,S,default,0.95,5,1000000,10,batchR,0,4,48,100,2,precheck,40487,0,40487
WS-48-default,S,default,0.95,5,1000000,10,batchR,0,4,48,100,2,latest,2118,0,2118
WS-48-default,S,default,0.95,5,1000000,10,batchR,0,4,48,100,2,read_match,52814,0,52814
WS-48-default,S,default,0.95,5,1000000,10,batchR,0,4,48,100,2,write_rts_deleted,24399,0,24399
WS-48-default,S,default,0.95,5,1000000,10,batchR,0,4,48,100,2,node_set,0,0,0
WS-48-default,S,default,0.95,5,1000000,10,batchR,0,4,48,100,2,scan_node_set,0,0,0
WS-48-default,S,default,0.95,5,1000000,10,batchR,0,4,48,100,2,other,0,0,0
WS-48-tuned,S,tuned,0.95,5,1000000,10,batchR,0,4,48,100,1,early_wts,13843,0,13843
WS-48-tuned,S,tuned,0.95,5,1000000,10,batchR,0,4,48,100,1,early_rts,26085,0,26085
WS-48-tuned,S,tuned,0.95,5,1000000,10,batchR,0,4,48,100,1,precheck,58348,0,58348
WS-48-tuned,S,tuned,0.95,5,1000000,10,batchR,0,4,48,100,1,latest,1908,0,1908
WS-48-tuned,S,tuned,0.95,5,1000000,10,batchR,0,4,48,100,1,read_match,58434,0,58434
WS-48-tuned,S,tuned,0.95,5,1000000,10,batchR,0,4,48,100,1,write_rts_deleted,28869,0,28869
WS-48-tuned,S,tuned,0.95,5,1000000,10,batchR,0,4,48,100,1,node_set,0,0,0
WS-48-tuned,S,tuned,0.95,5,1000000,10,batchR,0,4,48,100,1,scan_node_set,0,0,0
WS-48-tuned,S,tuned,0.95,5,1000000,10,batchR,0,4,48,100,1,other,0,0,0
WS-48-tuned,S,tuned,0.95,5,1000000,10,batchR,0,4,48,100,2,early_wts,13965,0,13965
WS-48-tuned,S,tuned,0.95,5,1000000,10,batchR,0,4,48,100,2,early_rts,26861,0,26861
WS-48-tuned,S,tuned,0.95,5,1000000,10,batchR,0,4,48,100,2,precheck,59448,0,59448
WS-48-tuned,S,tuned,0.95,5,1000000,10,batchR,0,4,48,100,2,latest,1991,0,1991
WS-48-tuned,S,tuned,0.95,5,1000000,10,batchR,0,4,48,100,2,read_match,59492,0,59492
WS-48-tuned,S,tuned,0.95,5,1000000,10,batchR,0,4,48,100,2,write_rts_deleted,29331,0,29331
WS-48-tuned,S,tuned,0.95,5,1000000,10,batchR,0,4,48,100,2,node_set,0,0,0
WS-48-tuned,S,tuned,0.95,5,1000000,10,batchR,0,4,48,100,2,scan_node_set,0,0,0
WS-48-tuned,S,tuned,0.95,5,1000000,10,batchR,0,4,48,100,2,other,0,0,0
WS-49-default,S,default,0.95,50,1000000,10,none,0,4,48,100,1,early_wts,8098,0,8098
WS-49-default,S,default,0.95,50,1000000,10,none,0,4,48,100,1,early_rts,31576,0,31576
WS-49-default,S,default,0.95,50,1000000,10,none,0,4,48,100,1,precheck,131024,0,131024
WS-49-default,S,default,0.95,50,1000000,10,none,0,4,48,100,1,latest,4297,0,4297
WS-49-default,S,default,0.95,50,1000000,10,none,0,4,48,100,1,read_match,280971,0,280971
WS-49-default,S,default,0.95,50,1000000,10,none,0,4,48,100,1,write_rts_deleted,46464,0,46464
WS-49-default,S,default,0.95,50,1000000,10,none,0,4,48,100,1,node_set,0,0,0
WS-49-default,S,default,0.95,50,1000000,10,none,0,4,48,100,1,scan_node_set,0,0,0
WS-49-default,S,default,0.95,50,1000000,10,none,0,4,48,100,1,other,0,0,0
WS-49-default,S,default,0.95,50,1000000,10,none,0,4,48,100,2,early_wts,7525,0,7525
WS-49-default,S,default,0.95,50,1000000,10,none,0,4,48,100,2,early_rts,28996,0,28996
WS-49-default,S,default,0.95,50,1000000,10,none,0,4,48,100,2,precheck,119492,0,119492
WS-49-default,S,default,0.95,50,1000000,10,none,0,4,48,100,2,latest,3750,0,3750
WS-49-default,S,default,0.95,50,1000000,10,none,0,4,48,100,2,read_match,263496,0,263496
WS-49-default,S,default,0.95,50,1000000,10,none,0,4,48,100,2,write_rts_deleted,43692,0,43692
WS-49-default,S,default,0.95,50,1000000,10,none,0,4,48,100,2,node_set,0,0,0
WS-49-default,S,default,0.95,50,1000000,10,none,0,4,48,100,2,scan_node_set,0,0,0
WS-49-default,S,default,0.95,50,1000000,10,none,0,4,48,100,2,other,0,0,0
WS-49-tuned,S,tuned,0.95,50,1000000,10,none,0,4,48,100,1,early_wts,1092280,0,1092280
WS-49-tuned,S,tuned,0.95,50,1000000,10,none,0,4,48,100,1,early_rts,594067,0,594067
WS-49-tuned,S,tuned,0.95,50,1000000,10,none,0,4,48,100,1,precheck,4706876,0,4706876
WS-49-tuned,S,tuned,0.95,50,1000000,10,none,0,4,48,100,1,latest,611205,0,611205
WS-49-tuned,S,tuned,0.95,50,1000000,10,none,0,4,48,100,1,read_match,3743151,0,3743151
WS-49-tuned,S,tuned,0.95,50,1000000,10,none,0,4,48,100,1,write_rts_deleted,1169907,0,1169907
WS-49-tuned,S,tuned,0.95,50,1000000,10,none,0,4,48,100,1,node_set,0,0,0
WS-49-tuned,S,tuned,0.95,50,1000000,10,none,0,4,48,100,1,scan_node_set,0,0,0
WS-49-tuned,S,tuned,0.95,50,1000000,10,none,0,4,48,100,1,other,0,0,0
WS-49-tuned,S,tuned,0.95,50,1000000,10,none,0,4,48,100,2,early_wts,1075966,0,1075966
WS-49-tuned,S,tuned,0.95,50,1000000,10,none,0,4,48,100,2,early_rts,616716,0,616716
WS-49-tuned,S,tuned,0.95,50,1000000,10,none,0,4,48,100,2,precheck,4768764,0,4768764
WS-49-tuned,S,tuned,0.95,50,1000000,10,none,0,4,48,100,2,latest,599862,0,599862
WS-49-tuned,S,tuned,0.95,50,1000000,10,none,0,4,48,100,2,read_match,3812123,0,3812123
WS-49-tuned,S,tuned,0.95,50,1000000,10,none,0,4,48,100,2,write_rts_deleted,1178727,0,1178727
WS-49-tuned,S,tuned,0.95,50,1000000,10,none,0,4,48,100,2,node_set,0,0,0
WS-49-tuned,S,tuned,0.95,50,1000000,10,none,0,4,48,100,2,scan_node_set,0,0,0
WS-49-tuned,S,tuned,0.95,50,1000000,10,none,0,4,48,100,2,other,0,0,0
WS-50-default,S,default,0.95,50,1000000,10,batchU,0,4,48,100,1,early_wts,7923,6006,13929
WS-50-default,S,default,0.95,50,1000000,10,batchU,0,4,48,100,1,early_rts,31075,5198,36273
WS-50-default,S,default,0.95,50,1000000,10,batchU,0,4,48,100,1,precheck,128553,0,128553
WS-50-default,S,default,0.95,50,1000000,10,batchU,0,4,48,100,1,latest,4138,0,4138
WS-50-default,S,default,0.95,50,1000000,10,batchU,0,4,48,100,1,read_match,276735,0,276735
WS-50-default,S,default,0.95,50,1000000,10,batchU,0,4,48,100,1,write_rts_deleted,44712,0,44712
WS-50-default,S,default,0.95,50,1000000,10,batchU,0,4,48,100,1,node_set,0,0,0
WS-50-default,S,default,0.95,50,1000000,10,batchU,0,4,48,100,1,scan_node_set,0,0,0
WS-50-default,S,default,0.95,50,1000000,10,batchU,0,4,48,100,1,other,0,0,0
WS-50-default,S,default,0.95,50,1000000,10,batchU,0,4,48,100,2,early_wts,8077,3089,11166
WS-50-default,S,default,0.95,50,1000000,10,batchU,0,4,48,100,2,early_rts,31416,7872,39288
WS-50-default,S,default,0.95,50,1000000,10,batchU,0,4,48,100,2,precheck,131055,0,131055
WS-50-default,S,default,0.95,50,1000000,10,batchU,0,4,48,100,2,latest,4170,0,4170
WS-50-default,S,default,0.95,50,1000000,10,batchU,0,4,48,100,2,read_match,277644,0,277644
WS-50-default,S,default,0.95,50,1000000,10,batchU,0,4,48,100,2,write_rts_deleted,44273,0,44273
WS-50-default,S,default,0.95,50,1000000,10,batchU,0,4,48,100,2,node_set,0,0,0
WS-50-default,S,default,0.95,50,1000000,10,batchU,0,4,48,100,2,scan_node_set,0,0,0
WS-50-default,S,default,0.95,50,1000000,10,batchU,0,4,48,100,2,other,0,0,0
WS-50-tuned,S,tuned,0.95,50,1000000,10,batchU,0,4,48,100,1,early_wts,919878,284460,1204338
WS-50-tuned,S,tuned,0.95,50,1000000,10,batchU,0,4,48,100,1,early_rts,634180,51896,686076
WS-50-tuned,S,tuned,0.95,50,1000000,10,batchU,0,4,48,100,1,precheck,4621490,0,4621490
WS-50-tuned,S,tuned,0.95,50,1000000,10,batchU,0,4,48,100,1,latest,499759,0,499759
WS-50-tuned,S,tuned,0.95,50,1000000,10,batchU,0,4,48,100,1,read_match,3784089,0,3784089
WS-50-tuned,S,tuned,0.95,50,1000000,10,batchU,0,4,48,100,1,write_rts_deleted,1094513,0,1094513
WS-50-tuned,S,tuned,0.95,50,1000000,10,batchU,0,4,48,100,1,node_set,0,0,0
WS-50-tuned,S,tuned,0.95,50,1000000,10,batchU,0,4,48,100,1,scan_node_set,0,0,0
WS-50-tuned,S,tuned,0.95,50,1000000,10,batchU,0,4,48,100,1,other,0,0,0
WS-50-tuned,S,tuned,0.95,50,1000000,10,batchU,0,4,48,100,2,early_wts,949697,107268,1056965
WS-50-tuned,S,tuned,0.95,50,1000000,10,batchU,0,4,48,100,2,early_rts,647806,132587,780393
WS-50-tuned,S,tuned,0.95,50,1000000,10,batchU,0,4,48,100,2,precheck,4728227,0,4728227
WS-50-tuned,S,tuned,0.95,50,1000000,10,batchU,0,4,48,100,2,latest,515151,0,515151
WS-50-tuned,S,tuned,0.95,50,1000000,10,batchU,0,4,48,100,2,read_match,3836298,0,3836298
WS-50-tuned,S,tuned,0.95,50,1000000,10,batchU,0,4,48,100,2,write_rts_deleted,1123219,0,1123219
WS-50-tuned,S,tuned,0.95,50,1000000,10,batchU,0,4,48,100,2,node_set,0,0,0
WS-50-tuned,S,tuned,0.95,50,1000000,10,batchU,0,4,48,100,2,scan_node_set,0,0,0
WS-50-tuned,S,tuned,0.95,50,1000000,10,batchU,0,4,48,100,2,other,0,0,0
WS-51-default,S,default,0.95,50,1000000,10,batchR,0,4,48,100,1,early_wts,10618,0,10618
WS-51-default,S,default,0.95,50,1000000,10,batchR,0,4,48,100,1,early_rts,53249,0,53249
WS-51-default,S,default,0.95,50,1000000,10,batchR,0,4,48,100,1,precheck,128874,0,128874
WS-51-default,S,default,0.95,50,1000000,10,batchR,0,4,48,100,1,latest,2632,0,2632
WS-51-default,S,default,0.95,50,1000000,10,batchR,0,4,48,100,1,read_match,177059,0,177059
WS-51-default,S,default,0.95,50,1000000,10,batchR,0,4,48,100,1,write_rts_deleted,39377,0,39377
WS-51-default,S,default,0.95,50,1000000,10,batchR,0,4,48,100,1,node_set,0,0,0
WS-51-default,S,default,0.95,50,1000000,10,batchR,0,4,48,100,1,scan_node_set,0,0,0
WS-51-default,S,default,0.95,50,1000000,10,batchR,0,4,48,100,1,other,0,0,0
WS-51-default,S,default,0.95,50,1000000,10,batchR,0,4,48,100,2,early_wts,9629,0,9629
WS-51-default,S,default,0.95,50,1000000,10,batchR,0,4,48,100,2,early_rts,47503,0,47503
WS-51-default,S,default,0.95,50,1000000,10,batchR,0,4,48,100,2,precheck,111109,0,111109
WS-51-default,S,default,0.95,50,1000000,10,batchR,0,4,48,100,2,latest,2296,0,2296
WS-51-default,S,default,0.95,50,1000000,10,batchR,0,4,48,100,2,read_match,151219,0,151219
WS-51-default,S,default,0.95,50,1000000,10,batchR,0,4,48,100,2,write_rts_deleted,34972,0,34972
WS-51-default,S,default,0.95,50,1000000,10,batchR,0,4,48,100,2,node_set,0,0,0
WS-51-default,S,default,0.95,50,1000000,10,batchR,0,4,48,100,2,scan_node_set,0,0,0
WS-51-default,S,default,0.95,50,1000000,10,batchR,0,4,48,100,2,other,0,0,0
WS-51-tuned,S,tuned,0.95,50,1000000,10,batchR,0,4,48,100,1,early_wts,61261,0,61261
WS-51-tuned,S,tuned,0.95,50,1000000,10,batchR,0,4,48,100,1,early_rts,225828,0,225828
WS-51-tuned,S,tuned,0.95,50,1000000,10,batchR,0,4,48,100,1,precheck,470880,0,470880
WS-51-tuned,S,tuned,0.95,50,1000000,10,batchR,0,4,48,100,1,latest,5656,0,5656
WS-51-tuned,S,tuned,0.95,50,1000000,10,batchR,0,4,48,100,1,read_match,303510,0,303510
WS-51-tuned,S,tuned,0.95,50,1000000,10,batchR,0,4,48,100,1,write_rts_deleted,76693,0,76693
WS-51-tuned,S,tuned,0.95,50,1000000,10,batchR,0,4,48,100,1,node_set,0,0,0
WS-51-tuned,S,tuned,0.95,50,1000000,10,batchR,0,4,48,100,1,scan_node_set,0,0,0
WS-51-tuned,S,tuned,0.95,50,1000000,10,batchR,0,4,48,100,1,other,0,0,0
WS-51-tuned,S,tuned,0.95,50,1000000,10,batchR,0,4,48,100,2,early_wts,63692,0,63692
WS-51-tuned,S,tuned,0.95,50,1000000,10,batchR,0,4,48,100,2,early_rts,237189,0,237189
WS-51-tuned,S,tuned,0.95,50,1000000,10,batchR,0,4,48,100,2,precheck,491728,0,491728
WS-51-tuned,S,tuned,0.95,50,1000000,10,batchR,0,4,48,100,2,latest,5874,0,5874
WS-51-tuned,S,tuned,0.95,50,1000000,10,batchR,0,4,48,100,2,read_match,317575,0,317575
WS-51-tuned,S,tuned,0.95,50,1000000,10,batchR,0,4,48,100,2,write_rts_deleted,78799,0,78799
WS-51-tuned,S,tuned,0.95,50,1000000,10,batchR,0,4,48,100,2,node_set,0,0,0
WS-51-tuned,S,tuned,0.95,50,1000000,10,batchR,0,4,48,100,2,scan_node_set,0,0,0
WS-51-tuned,S,tuned,0.95,50,1000000,10,batchR,0,4,48,100,2,other,0,0,0
WS-52-default,S,default,0.95,95,1000000,10,none,0,4,48,100,1,early_wts,1044,0,1044
WS-52-default,S,default,0.95,95,1000000,10,none,0,4,48,100,1,early_rts,11206,0,11206
WS-52-default,S,default,0.95,95,1000000,10,none,0,4,48,100,1,precheck,11948,0,11948
WS-52-default,S,default,0.95,95,1000000,10,none,0,4,48,100,1,latest,1035,0,1035
WS-52-default,S,default,0.95,95,1000000,10,none,0,4,48,100,1,read_match,233521,0,233521
WS-52-default,S,default,0.95,95,1000000,10,none,0,4,48,100,1,write_rts_deleted,94963,0,94963
WS-52-default,S,default,0.95,95,1000000,10,none,0,4,48,100,1,node_set,0,0,0
WS-52-default,S,default,0.95,95,1000000,10,none,0,4,48,100,1,scan_node_set,0,0,0
WS-52-default,S,default,0.95,95,1000000,10,none,0,4,48,100,1,other,0,0,0
WS-52-default,S,default,0.95,95,1000000,10,none,0,4,48,100,2,early_wts,1007,0,1007
WS-52-default,S,default,0.95,95,1000000,10,none,0,4,48,100,2,early_rts,10639,0,10639
WS-52-default,S,default,0.95,95,1000000,10,none,0,4,48,100,2,precheck,11425,0,11425
WS-52-default,S,default,0.95,95,1000000,10,none,0,4,48,100,2,latest,993,0,993
WS-52-default,S,default,0.95,95,1000000,10,none,0,4,48,100,2,read_match,226852,0,226852
WS-52-default,S,default,0.95,95,1000000,10,none,0,4,48,100,2,write_rts_deleted,90254,0,90254
WS-52-default,S,default,0.95,95,1000000,10,none,0,4,48,100,2,node_set,0,0,0
WS-52-default,S,default,0.95,95,1000000,10,none,0,4,48,100,2,scan_node_set,0,0,0
WS-52-default,S,default,0.95,95,1000000,10,none,0,4,48,100,2,other,0,0,0
WS-52-tuned,S,tuned,0.95,95,1000000,10,none,0,4,48,100,1,early_wts,130222,0,130222
WS-52-tuned,S,tuned,0.95,95,1000000,10,none,0,4,48,100,1,early_rts,387626,0,387626
WS-52-tuned,S,tuned,0.95,95,1000000,10,none,0,4,48,100,1,precheck,515008,0,515008
WS-52-tuned,S,tuned,0.95,95,1000000,10,none,0,4,48,100,1,latest,93361,0,93361
WS-52-tuned,S,tuned,0.95,95,1000000,10,none,0,4,48,100,1,read_match,3311806,0,3311806
WS-52-tuned,S,tuned,0.95,95,1000000,10,none,0,4,48,100,1,write_rts_deleted,3211119,0,3211119
WS-52-tuned,S,tuned,0.95,95,1000000,10,none,0,4,48,100,1,node_set,0,0,0
WS-52-tuned,S,tuned,0.95,95,1000000,10,none,0,4,48,100,1,scan_node_set,0,0,0
WS-52-tuned,S,tuned,0.95,95,1000000,10,none,0,4,48,100,1,other,0,0,0
WS-52-tuned,S,tuned,0.95,95,1000000,10,none,0,4,48,100,2,early_wts,135471,0,135471
WS-52-tuned,S,tuned,0.95,95,1000000,10,none,0,4,48,100,2,early_rts,402227,0,402227
WS-52-tuned,S,tuned,0.95,95,1000000,10,none,0,4,48,100,2,precheck,522967,0,522967
WS-52-tuned,S,tuned,0.95,95,1000000,10,none,0,4,48,100,2,latest,95346,0,95346
WS-52-tuned,S,tuned,0.95,95,1000000,10,none,0,4,48,100,2,read_match,3303767,0,3303767
WS-52-tuned,S,tuned,0.95,95,1000000,10,none,0,4,48,100,2,write_rts_deleted,3224530,0,3224530
WS-52-tuned,S,tuned,0.95,95,1000000,10,none,0,4,48,100,2,node_set,0,0,0
WS-52-tuned,S,tuned,0.95,95,1000000,10,none,0,4,48,100,2,scan_node_set,0,0,0
WS-52-tuned,S,tuned,0.95,95,1000000,10,none,0,4,48,100,2,other,0,0,0
WS-53-default,S,default,0.95,95,1000000,10,batchU,0,4,48,100,1,early_wts,884,4960,5844
WS-53-default,S,default,0.95,95,1000000,10,batchU,0,4,48,100,1,early_rts,9963,2857,12820
WS-53-default,S,default,0.95,95,1000000,10,batchU,0,4,48,100,1,precheck,10437,0,10437
WS-53-default,S,default,0.95,95,1000000,10,batchU,0,4,48,100,1,latest,913,0,913
WS-53-default,S,default,0.95,95,1000000,10,batchU,0,4,48,100,1,read_match,218165,0,218165
WS-53-default,S,default,0.95,95,1000000,10,batchU,0,4,48,100,1,write_rts_deleted,85565,0,85565
WS-53-default,S,default,0.95,95,1000000,10,batchU,0,4,48,100,1,node_set,0,0,0
WS-53-default,S,default,0.95,95,1000000,10,batchU,0,4,48,100,1,scan_node_set,0,0,0
WS-53-default,S,default,0.95,95,1000000,10,batchU,0,4,48,100,1,other,0,0,0
WS-53-default,S,default,0.95,95,1000000,10,batchU,0,4,48,100,2,early_wts,1032,3142,4174
WS-53-default,S,default,0.95,95,1000000,10,batchU,0,4,48,100,2,early_rts,11016,5638,16654
WS-53-default,S,default,0.95,95,1000000,10,batchU,0,4,48,100,2,precheck,11855,0,11855
WS-53-default,S,default,0.95,95,1000000,10,batchU,0,4,48,100,2,latest,955,0,955
WS-53-default,S,default,0.95,95,1000000,10,batchU,0,4,48,100,2,read_match,231573,0,231573
WS-53-default,S,default,0.95,95,1000000,10,batchU,0,4,48,100,2,write_rts_deleted,92674,0,92674
WS-53-default,S,default,0.95,95,1000000,10,batchU,0,4,48,100,2,node_set,0,0,0
WS-53-default,S,default,0.95,95,1000000,10,batchU,0,4,48,100,2,scan_node_set,0,0,0
WS-53-default,S,default,0.95,95,1000000,10,batchU,0,4,48,100,2,other,0,0,0
WS-53-tuned,S,tuned,0.95,95,1000000,10,batchU,0,4,48,100,1,early_wts,125411,188188,313599
WS-53-tuned,S,tuned,0.95,95,1000000,10,batchU,0,4,48,100,1,early_rts,389035,36766,425801
WS-53-tuned,S,tuned,0.95,95,1000000,10,batchU,0,4,48,100,1,precheck,504166,0,504166
WS-53-tuned,S,tuned,0.95,95,1000000,10,batchU,0,4,48,100,1,latest,88841,0,88841
WS-53-tuned,S,tuned,0.95,95,1000000,10,batchU,0,4,48,100,1,read_match,3216344,0,3216344
WS-53-tuned,S,tuned,0.95,95,1000000,10,batchU,0,4,48,100,1,write_rts_deleted,3110314,0,3110314
WS-53-tuned,S,tuned,0.95,95,1000000,10,batchU,0,4,48,100,1,node_set,0,0,0
WS-53-tuned,S,tuned,0.95,95,1000000,10,batchU,0,4,48,100,1,scan_node_set,0,0,0
WS-53-tuned,S,tuned,0.95,95,1000000,10,batchU,0,4,48,100,1,other,0,0,0
WS-53-tuned,S,tuned,0.95,95,1000000,10,batchU,0,4,48,100,2,early_wts,121293,22240,143533
WS-53-tuned,S,tuned,0.95,95,1000000,10,batchU,0,4,48,100,2,early_rts,363827,28543,392370
WS-53-tuned,S,tuned,0.95,95,1000000,10,batchU,0,4,48,100,2,precheck,489579,0,489579
WS-53-tuned,S,tuned,0.95,95,1000000,10,batchU,0,4,48,100,2,latest,89158,0,89158
WS-53-tuned,S,tuned,0.95,95,1000000,10,batchU,0,4,48,100,2,read_match,3203500,0,3203500
WS-53-tuned,S,tuned,0.95,95,1000000,10,batchU,0,4,48,100,2,write_rts_deleted,3075914,0,3075914
WS-53-tuned,S,tuned,0.95,95,1000000,10,batchU,0,4,48,100,2,node_set,0,0,0
WS-53-tuned,S,tuned,0.95,95,1000000,10,batchU,0,4,48,100,2,scan_node_set,0,0,0
WS-53-tuned,S,tuned,0.95,95,1000000,10,batchU,0,4,48,100,2,other,0,0,0
WS-54-default,S,default,0.95,95,1000000,10,batchR,0,4,48,100,1,early_wts,1135,0,1135
WS-54-default,S,default,0.95,95,1000000,10,batchR,0,4,48,100,1,early_rts,11341,0,11341
WS-54-default,S,default,0.95,95,1000000,10,batchR,0,4,48,100,1,precheck,14263,0,14263
WS-54-default,S,default,0.95,95,1000000,10,batchR,0,4,48,100,1,latest,1294,0,1294
WS-54-default,S,default,0.95,95,1000000,10,batchR,0,4,48,100,1,read_match,197386,0,197386
WS-54-default,S,default,0.95,95,1000000,10,batchR,0,4,48,100,1,write_rts_deleted,102415,0,102415
WS-54-default,S,default,0.95,95,1000000,10,batchR,0,4,48,100,1,node_set,0,0,0
WS-54-default,S,default,0.95,95,1000000,10,batchR,0,4,48,100,1,scan_node_set,0,0,0
WS-54-default,S,default,0.95,95,1000000,10,batchR,0,4,48,100,1,other,0,0,0
WS-54-default,S,default,0.95,95,1000000,10,batchR,0,4,48,100,2,early_wts,1331,0,1331
WS-54-default,S,default,0.95,95,1000000,10,batchR,0,4,48,100,2,early_rts,14023,0,14023
WS-54-default,S,default,0.95,95,1000000,10,batchR,0,4,48,100,2,precheck,18055,0,18055
WS-54-default,S,default,0.95,95,1000000,10,batchR,0,4,48,100,2,latest,1573,0,1573
WS-54-default,S,default,0.95,95,1000000,10,batchR,0,4,48,100,2,read_match,235181,0,235181
WS-54-default,S,default,0.95,95,1000000,10,batchR,0,4,48,100,2,write_rts_deleted,125061,0,125061
WS-54-default,S,default,0.95,95,1000000,10,batchR,0,4,48,100,2,node_set,0,0,0
WS-54-default,S,default,0.95,95,1000000,10,batchR,0,4,48,100,2,scan_node_set,0,0,0
WS-54-default,S,default,0.95,95,1000000,10,batchR,0,4,48,100,2,other,0,0,0
WS-54-tuned,S,tuned,0.95,95,1000000,10,batchR,0,4,48,100,1,early_wts,13799,0,13799
WS-54-tuned,S,tuned,0.95,95,1000000,10,batchR,0,4,48,100,1,early_rts,100110,0,100110
WS-54-tuned,S,tuned,0.95,95,1000000,10,batchR,0,4,48,100,1,precheck,109780,0,109780
WS-54-tuned,S,tuned,0.95,95,1000000,10,batchR,0,4,48,100,1,latest,12533,0,12533
WS-54-tuned,S,tuned,0.95,95,1000000,10,batchR,0,4,48,100,1,read_match,716737,0,716737
WS-54-tuned,S,tuned,0.95,95,1000000,10,batchR,0,4,48,100,1,write_rts_deleted,709568,0,709568
WS-54-tuned,S,tuned,0.95,95,1000000,10,batchR,0,4,48,100,1,node_set,0,0,0
WS-54-tuned,S,tuned,0.95,95,1000000,10,batchR,0,4,48,100,1,scan_node_set,0,0,0
WS-54-tuned,S,tuned,0.95,95,1000000,10,batchR,0,4,48,100,1,other,0,0,0
WS-54-tuned,S,tuned,0.95,95,1000000,10,batchR,0,4,48,100,2,early_wts,14032,0,14032
WS-54-tuned,S,tuned,0.95,95,1000000,10,batchR,0,4,48,100,2,early_rts,103530,0,103530
WS-54-tuned,S,tuned,0.95,95,1000000,10,batchR,0,4,48,100,2,precheck,112885,0,112885
WS-54-tuned,S,tuned,0.95,95,1000000,10,batchR,0,4,48,100,2,latest,12524,0,12524
WS-54-tuned,S,tuned,0.95,95,1000000,10,batchR,0,4,48,100,2,read_match,746808,0,746808
WS-54-tuned,S,tuned,0.95,95,1000000,10,batchR,0,4,48,100,2,write_rts_deleted,730010,0,730010
WS-54-tuned,S,tuned,0.95,95,1000000,10,batchR,0,4,48,100,2,node_set,0,0,0
WS-54-tuned,S,tuned,0.95,95,1000000,10,batchR,0,4,48,100,2,scan_node_set,0,0,0
WS-54-tuned,S,tuned,0.95,95,1000000,10,batchR,0,4,48,100,2,other,0,0,0
WS-55-default,S,default,0.97,5,1000000,10,none,0,4,48,100,1,early_wts,4318,0,4318
WS-55-default,S,default,0.97,5,1000000,10,none,0,4,48,100,1,early_rts,6143,0,6143
WS-55-default,S,default,0.97,5,1000000,10,none,0,4,48,100,1,precheck,36713,0,36713
WS-55-default,S,default,0.97,5,1000000,10,none,0,4,48,100,1,latest,3030,0,3030
WS-55-default,S,default,0.97,5,1000000,10,none,0,4,48,100,1,read_match,186607,0,186607
WS-55-default,S,default,0.97,5,1000000,10,none,0,4,48,100,1,write_rts_deleted,25455,0,25455
WS-55-default,S,default,0.97,5,1000000,10,none,0,4,48,100,1,node_set,0,0,0
WS-55-default,S,default,0.97,5,1000000,10,none,0,4,48,100,1,scan_node_set,0,0,0
WS-55-default,S,default,0.97,5,1000000,10,none,0,4,48,100,1,other,0,0,0
WS-55-default,S,default,0.97,5,1000000,10,none,0,4,48,100,2,early_wts,4379,0,4379
WS-55-default,S,default,0.97,5,1000000,10,none,0,4,48,100,2,early_rts,5968,0,5968
WS-55-default,S,default,0.97,5,1000000,10,none,0,4,48,100,2,precheck,36145,0,36145
WS-55-default,S,default,0.97,5,1000000,10,none,0,4,48,100,2,latest,2982,0,2982
WS-55-default,S,default,0.97,5,1000000,10,none,0,4,48,100,2,read_match,183597,0,183597
WS-55-default,S,default,0.97,5,1000000,10,none,0,4,48,100,2,write_rts_deleted,25209,0,25209
WS-55-default,S,default,0.97,5,1000000,10,none,0,4,48,100,2,node_set,0,0,0
WS-55-default,S,default,0.97,5,1000000,10,none,0,4,48,100,2,scan_node_set,0,0,0
WS-55-default,S,default,0.97,5,1000000,10,none,0,4,48,100,2,other,0,0,0
WS-55-tuned,S,tuned,0.97,5,1000000,10,none,0,4,48,100,1,early_wts,77630,0,77630
WS-55-tuned,S,tuned,0.97,5,1000000,10,none,0,4,48,100,1,early_rts,109160,0,109160
WS-55-tuned,S,tuned,0.97,5,1000000,10,none,0,4,48,100,1,precheck,1041039,0,1041039
WS-55-tuned,S,tuned,0.97,5,1000000,10,none,0,4,48,100,1,latest,51349,0,51349
WS-55-tuned,S,tuned,0.97,5,1000000,10,none,0,4,48,100,1,read_match,1629154,0,1629154
WS-55-tuned,S,tuned,0.97,5,1000000,10,none,0,4,48,100,1,write_rts_deleted,227244,0,227244
WS-55-tuned,S,tuned,0.97,5,1000000,10,none,0,4,48,100,1,node_set,0,0,0
WS-55-tuned,S,tuned,0.97,5,1000000,10,none,0,4,48,100,1,scan_node_set,0,0,0
WS-55-tuned,S,tuned,0.97,5,1000000,10,none,0,4,48,100,1,other,0,0,0
WS-55-tuned,S,tuned,0.97,5,1000000,10,none,0,4,48,100,2,early_wts,78113,0,78113
WS-55-tuned,S,tuned,0.97,5,1000000,10,none,0,4,48,100,2,early_rts,105837,0,105837
WS-55-tuned,S,tuned,0.97,5,1000000,10,none,0,4,48,100,2,precheck,1026607,0,1026607
WS-55-tuned,S,tuned,0.97,5,1000000,10,none,0,4,48,100,2,latest,52571,0,52571
WS-55-tuned,S,tuned,0.97,5,1000000,10,none,0,4,48,100,2,read_match,1614197,0,1614197
WS-55-tuned,S,tuned,0.97,5,1000000,10,none,0,4,48,100,2,write_rts_deleted,221457,0,221457
WS-55-tuned,S,tuned,0.97,5,1000000,10,none,0,4,48,100,2,node_set,0,0,0
WS-55-tuned,S,tuned,0.97,5,1000000,10,none,0,4,48,100,2,scan_node_set,0,0,0
WS-55-tuned,S,tuned,0.97,5,1000000,10,none,0,4,48,100,2,other,0,0,0
WS-56-default,S,default,0.97,5,1000000,10,batchU,0,4,48,100,1,early_wts,3894,4072,7966
WS-56-default,S,default,0.97,5,1000000,10,batchU,0,4,48,100,1,early_rts,5834,1522,7356
WS-56-default,S,default,0.97,5,1000000,10,batchU,0,4,48,100,1,precheck,33553,4,33557
WS-56-default,S,default,0.97,5,1000000,10,batchU,0,4,48,100,1,latest,2626,1,2627
WS-56-default,S,default,0.97,5,1000000,10,batchU,0,4,48,100,1,read_match,171299,0,171299
WS-56-default,S,default,0.97,5,1000000,10,batchU,0,4,48,100,1,write_rts_deleted,23362,0,23362
WS-56-default,S,default,0.97,5,1000000,10,batchU,0,4,48,100,1,node_set,0,0,0
WS-56-default,S,default,0.97,5,1000000,10,batchU,0,4,48,100,1,scan_node_set,0,0,0
WS-56-default,S,default,0.97,5,1000000,10,batchU,0,4,48,100,1,other,0,0,0
WS-56-default,S,default,0.97,5,1000000,10,batchU,0,4,48,100,2,early_wts,4632,4571,9203
WS-56-default,S,default,0.97,5,1000000,10,batchU,0,4,48,100,2,early_rts,6526,1880,8406
WS-56-default,S,default,0.97,5,1000000,10,batchU,0,4,48,100,2,precheck,40376,0,40376
WS-56-default,S,default,0.97,5,1000000,10,batchU,0,4,48,100,2,latest,3181,0,3181
WS-56-default,S,default,0.97,5,1000000,10,batchU,0,4,48,100,2,read_match,190912,0,190912
WS-56-default,S,default,0.97,5,1000000,10,batchU,0,4,48,100,2,write_rts_deleted,25260,0,25260
WS-56-default,S,default,0.97,5,1000000,10,batchU,0,4,48,100,2,node_set,0,0,0
WS-56-default,S,default,0.97,5,1000000,10,batchU,0,4,48,100,2,scan_node_set,0,0,0
WS-56-default,S,default,0.97,5,1000000,10,batchU,0,4,48,100,2,other,0,0,0
WS-56-tuned,S,tuned,0.97,5,1000000,10,batchU,0,4,48,100,1,early_wts,76413,1889,78302
WS-56-tuned,S,tuned,0.97,5,1000000,10,batchU,0,4,48,100,1,early_rts,108740,28320,137060
WS-56-tuned,S,tuned,0.97,5,1000000,10,batchU,0,4,48,100,1,precheck,1019574,1,1019575
WS-56-tuned,S,tuned,0.97,5,1000000,10,batchU,0,4,48,100,1,latest,50436,0,50436
WS-56-tuned,S,tuned,0.97,5,1000000,10,batchU,0,4,48,100,1,read_match,1588721,0,1588721
WS-56-tuned,S,tuned,0.97,5,1000000,10,batchU,0,4,48,100,1,write_rts_deleted,211953,0,211953
WS-56-tuned,S,tuned,0.97,5,1000000,10,batchU,0,4,48,100,1,node_set,0,0,0
WS-56-tuned,S,tuned,0.97,5,1000000,10,batchU,0,4,48,100,1,scan_node_set,0,0,0
WS-56-tuned,S,tuned,0.97,5,1000000,10,batchU,0,4,48,100,1,other,0,0,0
WS-56-tuned,S,tuned,0.97,5,1000000,10,batchU,0,4,48,100,2,early_wts,75075,5284,80359
WS-56-tuned,S,tuned,0.97,5,1000000,10,batchU,0,4,48,100,2,early_rts,110208,31923,142131
WS-56-tuned,S,tuned,0.97,5,1000000,10,batchU,0,4,48,100,2,precheck,1015763,0,1015763
WS-56-tuned,S,tuned,0.97,5,1000000,10,batchU,0,4,48,100,2,latest,47878,0,47878
WS-56-tuned,S,tuned,0.97,5,1000000,10,batchU,0,4,48,100,2,read_match,1570437,0,1570437
WS-56-tuned,S,tuned,0.97,5,1000000,10,batchU,0,4,48,100,2,write_rts_deleted,211155,0,211155
WS-56-tuned,S,tuned,0.97,5,1000000,10,batchU,0,4,48,100,2,node_set,0,0,0
WS-56-tuned,S,tuned,0.97,5,1000000,10,batchU,0,4,48,100,2,scan_node_set,0,0,0
WS-56-tuned,S,tuned,0.97,5,1000000,10,batchU,0,4,48,100,2,other,0,0,0
WS-57-default,S,default,0.97,5,1000000,10,batchR,0,4,48,100,1,early_wts,9194,0,9194
WS-57-default,S,default,0.97,5,1000000,10,batchR,0,4,48,100,1,early_rts,20995,0,20995
WS-57-default,S,default,0.97,5,1000000,10,batchR,0,4,48,100,1,precheck,48872,0,48872
WS-57-default,S,default,0.97,5,1000000,10,batchR,0,4,48,100,1,latest,2779,0,2779
WS-57-default,S,default,0.97,5,1000000,10,batchR,0,4,48,100,1,read_match,61452,0,61452
WS-57-default,S,default,0.97,5,1000000,10,batchR,0,4,48,100,1,write_rts_deleted,25977,0,25977
WS-57-default,S,default,0.97,5,1000000,10,batchR,0,4,48,100,1,node_set,0,0,0
WS-57-default,S,default,0.97,5,1000000,10,batchR,0,4,48,100,1,scan_node_set,0,0,0
WS-57-default,S,default,0.97,5,1000000,10,batchR,0,4,48,100,1,other,0,0,0
WS-57-default,S,default,0.97,5,1000000,10,batchR,0,4,48,100,2,early_wts,8308,0,8308
WS-57-default,S,default,0.97,5,1000000,10,batchR,0,4,48,100,2,early_rts,19938,0,19938
WS-57-default,S,default,0.97,5,1000000,10,batchR,0,4,48,100,2,precheck,46039,0,46039
WS-57-default,S,default,0.97,5,1000000,10,batchR,0,4,48,100,2,latest,2778,0,2778
WS-57-default,S,default,0.97,5,1000000,10,batchR,0,4,48,100,2,read_match,60403,0,60403
WS-57-default,S,default,0.97,5,1000000,10,batchR,0,4,48,100,2,write_rts_deleted,25634,0,25634
WS-57-default,S,default,0.97,5,1000000,10,batchR,0,4,48,100,2,node_set,0,0,0
WS-57-default,S,default,0.97,5,1000000,10,batchR,0,4,48,100,2,scan_node_set,0,0,0
WS-57-default,S,default,0.97,5,1000000,10,batchR,0,4,48,100,2,other,0,0,0
WS-57-tuned,S,tuned,0.97,5,1000000,10,batchR,0,4,48,100,1,early_wts,31465,0,31465
WS-57-tuned,S,tuned,0.97,5,1000000,10,batchR,0,4,48,100,1,early_rts,32892,0,32892
WS-57-tuned,S,tuned,0.97,5,1000000,10,batchR,0,4,48,100,1,precheck,80613,0,80613
WS-57-tuned,S,tuned,0.97,5,1000000,10,batchR,0,4,48,100,1,latest,3020,0,3020
WS-57-tuned,S,tuned,0.97,5,1000000,10,batchR,0,4,48,100,1,read_match,80921,0,80921
WS-57-tuned,S,tuned,0.97,5,1000000,10,batchR,0,4,48,100,1,write_rts_deleted,32297,0,32297
WS-57-tuned,S,tuned,0.97,5,1000000,10,batchR,0,4,48,100,1,node_set,0,0,0
WS-57-tuned,S,tuned,0.97,5,1000000,10,batchR,0,4,48,100,1,scan_node_set,0,0,0
WS-57-tuned,S,tuned,0.97,5,1000000,10,batchR,0,4,48,100,1,other,0,0,0
WS-57-tuned,S,tuned,0.97,5,1000000,10,batchR,0,4,48,100,2,early_wts,29510,0,29510
WS-57-tuned,S,tuned,0.97,5,1000000,10,batchR,0,4,48,100,2,early_rts,31866,0,31866
WS-57-tuned,S,tuned,0.97,5,1000000,10,batchR,0,4,48,100,2,precheck,77695,0,77695
WS-57-tuned,S,tuned,0.97,5,1000000,10,batchR,0,4,48,100,2,latest,2750,0,2750
WS-57-tuned,S,tuned,0.97,5,1000000,10,batchR,0,4,48,100,2,read_match,78582,0,78582
WS-57-tuned,S,tuned,0.97,5,1000000,10,batchR,0,4,48,100,2,write_rts_deleted,31845,0,31845
WS-57-tuned,S,tuned,0.97,5,1000000,10,batchR,0,4,48,100,2,node_set,0,0,0
WS-57-tuned,S,tuned,0.97,5,1000000,10,batchR,0,4,48,100,2,scan_node_set,0,0,0
WS-57-tuned,S,tuned,0.97,5,1000000,10,batchR,0,4,48,100,2,other,0,0,0
WS-58-default,S,default,0.97,50,1000000,10,none,0,4,48,100,1,early_wts,12933,0,12933
WS-58-default,S,default,0.97,50,1000000,10,none,0,4,48,100,1,early_rts,35325,0,35325
WS-58-default,S,default,0.97,50,1000000,10,none,0,4,48,100,1,precheck,165406,0,165406
WS-58-default,S,default,0.97,50,1000000,10,none,0,4,48,100,1,latest,6885,0,6885
WS-58-default,S,default,0.97,50,1000000,10,none,0,4,48,100,1,read_match,314917,0,314917
WS-58-default,S,default,0.97,50,1000000,10,none,0,4,48,100,1,write_rts_deleted,53816,0,53816
WS-58-default,S,default,0.97,50,1000000,10,none,0,4,48,100,1,node_set,0,0,0
WS-58-default,S,default,0.97,50,1000000,10,none,0,4,48,100,1,scan_node_set,0,0,0
WS-58-default,S,default,0.97,50,1000000,10,none,0,4,48,100,1,other,0,0,0
WS-58-default,S,default,0.97,50,1000000,10,none,0,4,48,100,2,early_wts,10160,0,10160
WS-58-default,S,default,0.97,50,1000000,10,none,0,4,48,100,2,early_rts,28256,0,28256
WS-58-default,S,default,0.97,50,1000000,10,none,0,4,48,100,2,precheck,129948,0,129948
WS-58-default,S,default,0.97,50,1000000,10,none,0,4,48,100,2,latest,5700,0,5700
WS-58-default,S,default,0.97,50,1000000,10,none,0,4,48,100,2,read_match,264551,0,264551
WS-58-default,S,default,0.97,50,1000000,10,none,0,4,48,100,2,write_rts_deleted,45303,0,45303
WS-58-default,S,default,0.97,50,1000000,10,none,0,4,48,100,2,node_set,0,0,0
WS-58-default,S,default,0.97,50,1000000,10,none,0,4,48,100,2,scan_node_set,0,0,0
WS-58-default,S,default,0.97,50,1000000,10,none,0,4,48,100,2,other,0,0,0
WS-58-tuned,S,tuned,0.97,50,1000000,10,none,0,4,48,100,1,early_wts,2277330,0,2277330
WS-58-tuned,S,tuned,0.97,50,1000000,10,none,0,4,48,100,1,early_rts,468489,0,468489
WS-58-tuned,S,tuned,0.97,50,1000000,10,none,0,4,48,100,1,precheck,5215486,0,5215486
WS-58-tuned,S,tuned,0.97,50,1000000,10,none,0,4,48,100,1,latest,1189490,0,1189490
WS-58-tuned,S,tuned,0.97,50,1000000,10,none,0,4,48,100,1,read_match,3274189,0,3274189
WS-58-tuned,S,tuned,0.97,50,1000000,10,none,0,4,48,100,1,write_rts_deleted,1477643,0,1477643
WS-58-tuned,S,tuned,0.97,50,1000000,10,none,0,4,48,100,1,node_set,0,0,0
WS-58-tuned,S,tuned,0.97,50,1000000,10,none,0,4,48,100,1,scan_node_set,0,0,0
WS-58-tuned,S,tuned,0.97,50,1000000,10,none,0,4,48,100,1,other,0,0,0
WS-58-tuned,S,tuned,0.97,50,1000000,10,none,0,4,48,100,2,early_wts,2332344,0,2332344
WS-58-tuned,S,tuned,0.97,50,1000000,10,none,0,4,48,100,2,early_rts,442698,0,442698
WS-58-tuned,S,tuned,0.97,50,1000000,10,none,0,4,48,100,2,precheck,5042956,0,5042956
WS-58-tuned,S,tuned,0.97,50,1000000,10,none,0,4,48,100,2,latest,1229450,0,1229450
WS-58-tuned,S,tuned,0.97,50,1000000,10,none,0,4,48,100,2,read_match,3089586,0,3089586
WS-58-tuned,S,tuned,0.97,50,1000000,10,none,0,4,48,100,2,write_rts_deleted,1446905,0,1446905
WS-58-tuned,S,tuned,0.97,50,1000000,10,none,0,4,48,100,2,node_set,0,0,0
WS-58-tuned,S,tuned,0.97,50,1000000,10,none,0,4,48,100,2,scan_node_set,0,0,0
WS-58-tuned,S,tuned,0.97,50,1000000,10,none,0,4,48,100,2,other,0,0,0
WS-59-default,S,default,0.97,50,1000000,10,batchU,0,4,48,100,1,early_wts,11881,4070,15951
WS-59-default,S,default,0.97,50,1000000,10,batchU,0,4,48,100,1,early_rts,33282,7959,41241
WS-59-default,S,default,0.97,50,1000000,10,batchU,0,4,48,100,1,precheck,150464,0,150464
WS-59-default,S,default,0.97,50,1000000,10,batchU,0,4,48,100,1,latest,6146,0,6146
WS-59-default,S,default,0.97,50,1000000,10,batchU,0,4,48,100,1,read_match,289668,0,289668
WS-59-default,S,default,0.97,50,1000000,10,batchU,0,4,48,100,1,write_rts_deleted,48989,0,48989
WS-59-default,S,default,0.97,50,1000000,10,batchU,0,4,48,100,1,node_set,0,0,0
WS-59-default,S,default,0.97,50,1000000,10,batchU,0,4,48,100,1,scan_node_set,0,0,0
WS-59-default,S,default,0.97,50,1000000,10,batchU,0,4,48,100,1,other,0,0,0
WS-59-default,S,default,0.97,50,1000000,10,batchU,0,4,48,100,2,early_wts,14269,4609,18878
WS-59-default,S,default,0.97,50,1000000,10,batchU,0,4,48,100,2,early_rts,39341,9973,49314
WS-59-default,S,default,0.97,50,1000000,10,batchU,0,4,48,100,2,precheck,181403,0,181403
WS-59-default,S,default,0.97,50,1000000,10,batchU,0,4,48,100,2,latest,7525,0,7525
WS-59-default,S,default,0.97,50,1000000,10,batchU,0,4,48,100,2,read_match,329107,0,329107
WS-59-default,S,default,0.97,50,1000000,10,batchU,0,4,48,100,2,write_rts_deleted,54673,0,54673
WS-59-default,S,default,0.97,50,1000000,10,batchU,0,4,48,100,2,node_set,0,0,0
WS-59-default,S,default,0.97,50,1000000,10,batchU,0,4,48,100,2,scan_node_set,0,0,0
WS-59-default,S,default,0.97,50,1000000,10,batchU,0,4,48,100,2,other,0,0,0
WS-59-tuned,S,tuned,0.97,50,1000000,10,batchU,0,4,48,100,1,early_wts,1995111,7788,2002899
WS-59-tuned,S,tuned,0.97,50,1000000,10,batchU,0,4,48,100,1,early_rts,454568,132802,587370
WS-59-tuned,S,tuned,0.97,50,1000000,10,batchU,0,4,48,100,1,precheck,4927039,0,4927039
WS-59-tuned,S,tuned,0.97,50,1000000,10,batchU,0,4,48,100,1,latest,1044959,0,1044959
WS-59-tuned,S,tuned,0.97,50,1000000,10,batchU,0,4,48,100,1,read_match,3221913,0,3221913
WS-59-tuned,S,tuned,0.97,50,1000000,10,batchU,0,4,48,100,1,write_rts_deleted,1390951,0,1390951
WS-59-tuned,S,tuned,0.97,50,1000000,10,batchU,0,4,48,100,1,node_set,0,0,0
WS-59-tuned,S,tuned,0.97,50,1000000,10,batchU,0,4,48,100,1,scan_node_set,0,0,0
WS-59-tuned,S,tuned,0.97,50,1000000,10,batchU,0,4,48,100,1,other,0,0,0
WS-59-tuned,S,tuned,0.97,50,1000000,10,batchU,0,4,48,100,2,early_wts,2132312,245643,2377955
WS-59-tuned,S,tuned,0.97,50,1000000,10,batchU,0,4,48,100,2,early_rts,454269,46463,500732
WS-59-tuned,S,tuned,0.97,50,1000000,10,batchU,0,4,48,100,2,precheck,4943052,0,4943052
WS-59-tuned,S,tuned,0.97,50,1000000,10,batchU,0,4,48,100,2,latest,1137374,0,1137374
WS-59-tuned,S,tuned,0.97,50,1000000,10,batchU,0,4,48,100,2,read_match,3147568,0,3147568
WS-59-tuned,S,tuned,0.97,50,1000000,10,batchU,0,4,48,100,2,write_rts_deleted,1411385,0,1411385
WS-59-tuned,S,tuned,0.97,50,1000000,10,batchU,0,4,48,100,2,node_set,0,0,0
WS-59-tuned,S,tuned,0.97,50,1000000,10,batchU,0,4,48,100,2,scan_node_set,0,0,0
WS-59-tuned,S,tuned,0.97,50,1000000,10,batchU,0,4,48,100,2,other,0,0,0
WS-60-default,S,default,0.97,50,1000000,10,batchR,0,4,48,100,1,early_wts,19708,0,19708
WS-60-default,S,default,0.97,50,1000000,10,batchR,0,4,48,100,1,early_rts,73088,0,73088
WS-60-default,S,default,0.97,50,1000000,10,batchR,0,4,48,100,1,precheck,187762,0,187762
WS-60-default,S,default,0.97,50,1000000,10,batchR,0,4,48,100,1,latest,3799,0,3799
WS-60-default,S,default,0.97,50,1000000,10,batchR,0,4,48,100,1,read_match,219906,0,219906
WS-60-default,S,default,0.97,50,1000000,10,batchR,0,4,48,100,1,write_rts_deleted,44628,0,44628
WS-60-default,S,default,0.97,50,1000000,10,batchR,0,4,48,100,1,node_set,0,0,0
WS-60-default,S,default,0.97,50,1000000,10,batchR,0,4,48,100,1,scan_node_set,0,0,0
WS-60-default,S,default,0.97,50,1000000,10,batchR,0,4,48,100,1,other,0,0,0
WS-60-default,S,default,0.97,50,1000000,10,batchR,0,4,48,100,2,early_wts,17571,0,17571
WS-60-default,S,default,0.97,50,1000000,10,batchR,0,4,48,100,2,early_rts,65817,0,65817
WS-60-default,S,default,0.97,50,1000000,10,batchR,0,4,48,100,2,precheck,167967,0,167967
WS-60-default,S,default,0.97,50,1000000,10,batchR,0,4,48,100,2,latest,3424,0,3424
WS-60-default,S,default,0.97,50,1000000,10,batchR,0,4,48,100,2,read_match,204301,0,204301
WS-60-default,S,default,0.97,50,1000000,10,batchR,0,4,48,100,2,write_rts_deleted,42237,0,42237
WS-60-default,S,default,0.97,50,1000000,10,batchR,0,4,48,100,2,node_set,0,0,0
WS-60-default,S,default,0.97,50,1000000,10,batchR,0,4,48,100,2,scan_node_set,0,0,0
WS-60-default,S,default,0.97,50,1000000,10,batchR,0,4,48,100,2,other,0,0,0
WS-60-tuned,S,tuned,0.97,50,1000000,10,batchR,0,4,48,100,1,early_wts,108619,0,108619
WS-60-tuned,S,tuned,0.97,50,1000000,10,batchR,0,4,48,100,1,early_rts,290447,0,290447
WS-60-tuned,S,tuned,0.97,50,1000000,10,batchR,0,4,48,100,1,precheck,649427,0,649427
WS-60-tuned,S,tuned,0.97,50,1000000,10,batchR,0,4,48,100,1,latest,10494,0,10494
WS-60-tuned,S,tuned,0.97,50,1000000,10,batchR,0,4,48,100,1,read_match,408091,0,408091
WS-60-tuned,S,tuned,0.97,50,1000000,10,batchR,0,4,48,100,1,write_rts_deleted,95906,0,95906
WS-60-tuned,S,tuned,0.97,50,1000000,10,batchR,0,4,48,100,1,node_set,0,0,0
WS-60-tuned,S,tuned,0.97,50,1000000,10,batchR,0,4,48,100,1,scan_node_set,0,0,0
WS-60-tuned,S,tuned,0.97,50,1000000,10,batchR,0,4,48,100,1,other,0,0,0
WS-60-tuned,S,tuned,0.97,50,1000000,10,batchR,0,4,48,100,2,early_wts,110625,0,110625
WS-60-tuned,S,tuned,0.97,50,1000000,10,batchR,0,4,48,100,2,early_rts,290904,0,290904
WS-60-tuned,S,tuned,0.97,50,1000000,10,batchR,0,4,48,100,2,precheck,651019,0,651019
WS-60-tuned,S,tuned,0.97,50,1000000,10,batchR,0,4,48,100,2,latest,10741,0,10741
WS-60-tuned,S,tuned,0.97,50,1000000,10,batchR,0,4,48,100,2,read_match,410235,0,410235
WS-60-tuned,S,tuned,0.97,50,1000000,10,batchR,0,4,48,100,2,write_rts_deleted,95617,0,95617
WS-60-tuned,S,tuned,0.97,50,1000000,10,batchR,0,4,48,100,2,node_set,0,0,0
WS-60-tuned,S,tuned,0.97,50,1000000,10,batchR,0,4,48,100,2,scan_node_set,0,0,0
WS-60-tuned,S,tuned,0.97,50,1000000,10,batchR,0,4,48,100,2,other,0,0,0
WS-61-default,S,default,0.97,95,1000000,10,none,0,4,48,100,1,early_wts,2261,0,2261
WS-61-default,S,default,0.97,95,1000000,10,none,0,4,48,100,1,early_rts,15439,0,15439
WS-61-default,S,default,0.97,95,1000000,10,none,0,4,48,100,1,precheck,16907,0,16907
WS-61-default,S,default,0.97,95,1000000,10,none,0,4,48,100,1,latest,1937,0,1937
WS-61-default,S,default,0.97,95,1000000,10,none,0,4,48,100,1,read_match,276424,0,276424
WS-61-default,S,default,0.97,95,1000000,10,none,0,4,48,100,1,write_rts_deleted,128598,0,128598
WS-61-default,S,default,0.97,95,1000000,10,none,0,4,48,100,1,node_set,0,0,0
WS-61-default,S,default,0.97,95,1000000,10,none,0,4,48,100,1,scan_node_set,0,0,0
WS-61-default,S,default,0.97,95,1000000,10,none,0,4,48,100,1,other,0,0,0
WS-61-default,S,default,0.97,95,1000000,10,none,0,4,48,100,2,early_wts,1884,0,1884
WS-61-default,S,default,0.97,95,1000000,10,none,0,4,48,100,2,early_rts,13965,0,13965
WS-61-default,S,default,0.97,95,1000000,10,none,0,4,48,100,2,precheck,15152,0,15152
WS-61-default,S,default,0.97,95,1000000,10,none,0,4,48,100,2,latest,1680,0,1680
WS-61-default,S,default,0.97,95,1000000,10,none,0,4,48,100,2,read_match,255244,0,255244
WS-61-default,S,default,0.97,95,1000000,10,none,0,4,48,100,2,write_rts_deleted,115763,0,115763
WS-61-default,S,default,0.97,95,1000000,10,none,0,4,48,100,2,node_set,0,0,0
WS-61-default,S,default,0.97,95,1000000,10,none,0,4,48,100,2,scan_node_set,0,0,0
WS-61-default,S,default,0.97,95,1000000,10,none,0,4,48,100,2,other,0,0,0
WS-61-tuned,S,tuned,0.97,95,1000000,10,none,0,4,48,100,1,early_wts,283239,0,283239
WS-61-tuned,S,tuned,0.97,95,1000000,10,none,0,4,48,100,1,early_rts,429092,0,429092
WS-61-tuned,S,tuned,0.97,95,1000000,10,none,0,4,48,100,1,precheck,667677,0,667677
WS-61-tuned,S,tuned,0.97,95,1000000,10,none,0,4,48,100,1,latest,181465,0,181465
WS-61-tuned,S,tuned,0.97,95,1000000,10,none,0,4,48,100,1,read_match,3706418,0,3706418
WS-61-tuned,S,tuned,0.97,95,1000000,10,none,0,4,48,100,1,write_rts_deleted,3989735,0,3989735
WS-61-tuned,S,tuned,0.97,95,1000000,10,none,0,4,48,100,1,node_set,0,0,0
WS-61-tuned,S,tuned,0.97,95,1000000,10,none,0,4,48,100,1,scan_node_set,0,0,0
WS-61-tuned,S,tuned,0.97,95,1000000,10,none,0,4,48,100,1,other,0,0,0
WS-61-tuned,S,tuned,0.97,95,1000000,10,none,0,4,48,100,2,early_wts,277986,0,277986
WS-61-tuned,S,tuned,0.97,95,1000000,10,none,0,4,48,100,2,early_rts,414029,0,414029
WS-61-tuned,S,tuned,0.97,95,1000000,10,none,0,4,48,100,2,precheck,652932,0,652932
WS-61-tuned,S,tuned,0.97,95,1000000,10,none,0,4,48,100,2,latest,179792,0,179792
WS-61-tuned,S,tuned,0.97,95,1000000,10,none,0,4,48,100,2,read_match,3628458,0,3628458
WS-61-tuned,S,tuned,0.97,95,1000000,10,none,0,4,48,100,2,write_rts_deleted,3897901,0,3897901
WS-61-tuned,S,tuned,0.97,95,1000000,10,none,0,4,48,100,2,node_set,0,0,0
WS-61-tuned,S,tuned,0.97,95,1000000,10,none,0,4,48,100,2,scan_node_set,0,0,0
WS-61-tuned,S,tuned,0.97,95,1000000,10,none,0,4,48,100,2,other,0,0,0
WS-62-default,S,default,0.97,95,1000000,10,batchU,0,4,48,100,1,early_wts,1746,2832,4578
WS-62-default,S,default,0.97,95,1000000,10,batchU,0,4,48,100,1,early_rts,13195,6270,19465
WS-62-default,S,default,0.97,95,1000000,10,batchU,0,4,48,100,1,precheck,14755,0,14755
WS-62-default,S,default,0.97,95,1000000,10,batchU,0,4,48,100,1,latest,1579,0,1579
WS-62-default,S,default,0.97,95,1000000,10,batchU,0,4,48,100,1,read_match,250566,0,250566
WS-62-default,S,default,0.97,95,1000000,10,batchU,0,4,48,100,1,write_rts_deleted,111741,0,111741
WS-62-default,S,default,0.97,95,1000000,10,batchU,0,4,48,100,1,node_set,0,0,0
WS-62-default,S,default,0.97,95,1000000,10,batchU,0,4,48,100,1,scan_node_set,0,0,0
WS-62-default,S,default,0.97,95,1000000,10,batchU,0,4,48,100,1,other,0,0,0
WS-62-default,S,default,0.97,95,1000000,10,batchU,0,4,48,100,2,early_wts,1716,3426,5142
WS-62-default,S,default,0.97,95,1000000,10,batchU,0,4,48,100,2,early_rts,12535,4739,17274
WS-62-default,S,default,0.97,95,1000000,10,batchU,0,4,48,100,2,precheck,14207,0,14207
WS-62-default,S,default,0.97,95,1000000,10,batchU,0,4,48,100,2,latest,1513,0,1513
WS-62-default,S,default,0.97,95,1000000,10,batchU,0,4,48,100,2,read_match,243884,0,243884
WS-62-default,S,default,0.97,95,1000000,10,batchU,0,4,48,100,2,write_rts_deleted,108725,0,108725
WS-62-default,S,default,0.97,95,1000000,10,batchU,0,4,48,100,2,node_set,0,0,0
WS-62-default,S,default,0.97,95,1000000,10,batchU,0,4,48,100,2,scan_node_set,0,0,0
WS-62-default,S,default,0.97,95,1000000,10,batchU,0,4,48,100,2,other,0,0,0
WS-62-tuned,S,tuned,0.97,95,1000000,10,batchU,0,4,48,100,1,early_wts,264381,19702,284083
WS-62-tuned,S,tuned,0.97,95,1000000,10,batchU,0,4,48,100,1,early_rts,401093,38966,440059
WS-62-tuned,S,tuned,0.97,95,1000000,10,batchU,0,4,48,100,1,precheck,631325,0,631325
WS-62-tuned,S,tuned,0.97,95,1000000,10,batchU,0,4,48,100,1,latest,176425,0,176425
WS-62-tuned,S,tuned,0.97,95,1000000,10,batchU,0,4,48,100,1,read_match,3576432,0,3576432
WS-62-tuned,S,tuned,0.97,95,1000000,10,batchU,0,4,48,100,1,write_rts_deleted,3809679,0,3809679
WS-62-tuned,S,tuned,0.97,95,1000000,10,batchU,0,4,48,100,1,node_set,0,0,0
WS-62-tuned,S,tuned,0.97,95,1000000,10,batchU,0,4,48,100,1,scan_node_set,0,0,0
WS-62-tuned,S,tuned,0.97,95,1000000,10,batchU,0,4,48,100,1,other,0,0,0
WS-62-tuned,S,tuned,0.97,95,1000000,10,batchU,0,4,48,100,2,early_wts,265694,7240,272934
WS-62-tuned,S,tuned,0.97,95,1000000,10,batchU,0,4,48,100,2,early_rts,387265,63296,450561
WS-62-tuned,S,tuned,0.97,95,1000000,10,batchU,0,4,48,100,2,precheck,622770,0,622770
WS-62-tuned,S,tuned,0.97,95,1000000,10,batchU,0,4,48,100,2,latest,176273,0,176273
WS-62-tuned,S,tuned,0.97,95,1000000,10,batchU,0,4,48,100,2,read_match,3551647,0,3551647
WS-62-tuned,S,tuned,0.97,95,1000000,10,batchU,0,4,48,100,2,write_rts_deleted,3784569,0,3784569
WS-62-tuned,S,tuned,0.97,95,1000000,10,batchU,0,4,48,100,2,node_set,0,0,0
WS-62-tuned,S,tuned,0.97,95,1000000,10,batchU,0,4,48,100,2,scan_node_set,0,0,0
WS-62-tuned,S,tuned,0.97,95,1000000,10,batchU,0,4,48,100,2,other,0,0,0
WS-63-default,S,default,0.97,95,1000000,10,batchR,0,4,48,100,1,early_wts,2055,0,2055
WS-63-default,S,default,0.97,95,1000000,10,batchR,0,4,48,100,1,early_rts,16403,0,16403
WS-63-default,S,default,0.97,95,1000000,10,batchR,0,4,48,100,1,precheck,21546,0,21546
WS-63-default,S,default,0.97,95,1000000,10,batchR,0,4,48,100,1,latest,2336,0,2336
WS-63-default,S,default,0.97,95,1000000,10,batchR,0,4,48,100,1,read_match,253206,0,253206
WS-63-default,S,default,0.97,95,1000000,10,batchR,0,4,48,100,1,write_rts_deleted,147230,0,147230
WS-63-default,S,default,0.97,95,1000000,10,batchR,0,4,48,100,1,node_set,0,0,0
WS-63-default,S,default,0.97,95,1000000,10,batchR,0,4,48,100,1,scan_node_set,0,0,0
WS-63-default,S,default,0.97,95,1000000,10,batchR,0,4,48,100,1,other,0,0,0
WS-63-default,S,default,0.97,95,1000000,10,batchR,0,4,48,100,2,early_wts,2057,0,2057
WS-63-default,S,default,0.97,95,1000000,10,batchR,0,4,48,100,2,early_rts,16116,0,16116
WS-63-default,S,default,0.97,95,1000000,10,batchR,0,4,48,100,2,precheck,21395,0,21395
WS-63-default,S,default,0.97,95,1000000,10,batchR,0,4,48,100,2,latest,2162,0,2162
WS-63-default,S,default,0.97,95,1000000,10,batchR,0,4,48,100,2,read_match,252178,0,252178
WS-63-default,S,default,0.97,95,1000000,10,batchR,0,4,48,100,2,write_rts_deleted,145284,0,145284
WS-63-default,S,default,0.97,95,1000000,10,batchR,0,4,48,100,2,node_set,0,0,0
WS-63-default,S,default,0.97,95,1000000,10,batchR,0,4,48,100,2,scan_node_set,0,0,0
WS-63-default,S,default,0.97,95,1000000,10,batchR,0,4,48,100,2,other,0,0,0
WS-63-tuned,S,tuned,0.97,95,1000000,10,batchR,0,4,48,100,1,early_wts,22227,0,22227
WS-63-tuned,S,tuned,0.97,95,1000000,10,batchR,0,4,48,100,1,early_rts,124583,0,124583
WS-63-tuned,S,tuned,0.97,95,1000000,10,batchR,0,4,48,100,1,precheck,139029,0,139029
WS-63-tuned,S,tuned,0.97,95,1000000,10,batchR,0,4,48,100,1,latest,19176,0,19176
WS-63-tuned,S,tuned,0.97,95,1000000,10,batchR,0,4,48,100,1,read_match,842193,0,842193
WS-63-tuned,S,tuned,0.97,95,1000000,10,batchR,0,4,48,100,1,write_rts_deleted,905603,0,905603
WS-63-tuned,S,tuned,0.97,95,1000000,10,batchR,0,4,48,100,1,node_set,0,0,0
WS-63-tuned,S,tuned,0.97,95,1000000,10,batchR,0,4,48,100,1,scan_node_set,0,0,0
WS-63-tuned,S,tuned,0.97,95,1000000,10,batchR,0,4,48,100,1,other,0,0,0
WS-63-tuned,S,tuned,0.97,95,1000000,10,batchR,0,4,48,100,2,early_wts,22009,0,22009
WS-63-tuned,S,tuned,0.97,95,1000000,10,batchR,0,4,48,100,2,early_rts,122691,0,122691
WS-63-tuned,S,tuned,0.97,95,1000000,10,batchR,0,4,48,100,2,precheck,137429,0,137429
WS-63-tuned,S,tuned,0.97,95,1000000,10,batchR,0,4,48,100,2,latest,19257,0,19257
WS-63-tuned,S,tuned,0.97,95,1000000,10,batchR,0,4,48,100,2,read_match,832189,0,832189
WS-63-tuned,S,tuned,0.97,95,1000000,10,batchR,0,4,48,100,2,write_rts_deleted,893704,0,893704
WS-63-tuned,S,tuned,0.97,95,1000000,10,batchR,0,4,48,100,2,node_set,0,0,0
WS-63-tuned,S,tuned,0.97,95,1000000,10,batchR,0,4,48,100,2,scan_node_set,0,0,0
WS-63-tuned,S,tuned,0.97,95,1000000,10,batchR,0,4,48,100,2,other,0,0,0
WS-64-default,S,default,0.99,5,1000000,10,none,0,4,48,100,1,early_wts,5501,0,5501
WS-64-default,S,default,0.99,5,1000000,10,none,0,4,48,100,1,early_rts,6454,0,6454
WS-64-default,S,default,0.99,5,1000000,10,none,0,4,48,100,1,precheck,44223,0,44223
WS-64-default,S,default,0.99,5,1000000,10,none,0,4,48,100,1,latest,4054,0,4054
WS-64-default,S,default,0.99,5,1000000,10,none,0,4,48,100,1,read_match,202653,0,202653
WS-64-default,S,default,0.99,5,1000000,10,none,0,4,48,100,1,write_rts_deleted,26638,0,26638
WS-64-default,S,default,0.99,5,1000000,10,none,0,4,48,100,1,node_set,0,0,0
WS-64-default,S,default,0.99,5,1000000,10,none,0,4,48,100,1,scan_node_set,0,0,0
WS-64-default,S,default,0.99,5,1000000,10,none,0,4,48,100,1,other,0,0,0
WS-64-default,S,default,0.99,5,1000000,10,none,0,4,48,100,2,early_wts,5341,0,5341
WS-64-default,S,default,0.99,5,1000000,10,none,0,4,48,100,2,early_rts,6094,0,6094
WS-64-default,S,default,0.99,5,1000000,10,none,0,4,48,100,2,precheck,40003,0,40003
WS-64-default,S,default,0.99,5,1000000,10,none,0,4,48,100,2,latest,3801,0,3801
WS-64-default,S,default,0.99,5,1000000,10,none,0,4,48,100,2,read_match,190473,0,190473
WS-64-default,S,default,0.99,5,1000000,10,none,0,4,48,100,2,write_rts_deleted,24992,0,24992
WS-64-default,S,default,0.99,5,1000000,10,none,0,4,48,100,2,node_set,0,0,0
WS-64-default,S,default,0.99,5,1000000,10,none,0,4,48,100,2,scan_node_set,0,0,0
WS-64-default,S,default,0.99,5,1000000,10,none,0,4,48,100,2,other,0,0,0
WS-64-tuned,S,tuned,0.99,5,1000000,10,none,0,4,48,100,1,early_wts,139898,0,139898
WS-64-tuned,S,tuned,0.99,5,1000000,10,none,0,4,48,100,1,early_rts,99394,0,99394
WS-64-tuned,S,tuned,0.99,5,1000000,10,none,0,4,48,100,1,precheck,1198223,0,1198223
WS-64-tuned,S,tuned,0.99,5,1000000,10,none,0,4,48,100,1,latest,82677,0,82677
WS-64-tuned,S,tuned,0.99,5,1000000,10,none,0,4,48,100,1,read_match,1747484,0,1747484
WS-64-tuned,S,tuned,0.99,5,1000000,10,none,0,4,48,100,1,write_rts_deleted,246793,0,246793
WS-64-tuned,S,tuned,0.99,5,1000000,10,none,0,4,48,100,1,node_set,0,0,0
WS-64-tuned,S,tuned,0.99,5,1000000,10,none,0,4,48,100,1,scan_node_set,0,0,0
WS-64-tuned,S,tuned,0.99,5,1000000,10,none,0,4,48,100,1,other,0,0,0
WS-64-tuned,S,tuned,0.99,5,1000000,10,none,0,4,48,100,2,early_wts,143291,0,143291
WS-64-tuned,S,tuned,0.99,5,1000000,10,none,0,4,48,100,2,early_rts,105577,0,105577
WS-64-tuned,S,tuned,0.99,5,1000000,10,none,0,4,48,100,2,precheck,1254817,0,1254817
WS-64-tuned,S,tuned,0.99,5,1000000,10,none,0,4,48,100,2,latest,86714,0,86714
WS-64-tuned,S,tuned,0.99,5,1000000,10,none,0,4,48,100,2,read_match,1829998,0,1829998
WS-64-tuned,S,tuned,0.99,5,1000000,10,none,0,4,48,100,2,write_rts_deleted,259743,0,259743
WS-64-tuned,S,tuned,0.99,5,1000000,10,none,0,4,48,100,2,node_set,0,0,0
WS-64-tuned,S,tuned,0.99,5,1000000,10,none,0,4,48,100,2,scan_node_set,0,0,0
WS-64-tuned,S,tuned,0.99,5,1000000,10,none,0,4,48,100,2,other,0,0,0
WS-65-default,S,default,0.99,5,1000000,10,batchU,0,4,48,100,1,early_wts,4842,2483,7325
WS-65-default,S,default,0.99,5,1000000,10,batchU,0,4,48,100,1,early_rts,6225,3259,9484
WS-65-default,S,default,0.99,5,1000000,10,batchU,0,4,48,100,1,precheck,41522,0,41522
WS-65-default,S,default,0.99,5,1000000,10,batchU,0,4,48,100,1,latest,3603,0,3603
WS-65-default,S,default,0.99,5,1000000,10,batchU,0,4,48,100,1,read_match,190172,0,190172
WS-65-default,S,default,0.99,5,1000000,10,batchU,0,4,48,100,1,write_rts_deleted,24480,0,24480
WS-65-default,S,default,0.99,5,1000000,10,batchU,0,4,48,100,1,node_set,0,0,0
WS-65-default,S,default,0.99,5,1000000,10,batchU,0,4,48,100,1,scan_node_set,0,0,0
WS-65-default,S,default,0.99,5,1000000,10,batchU,0,4,48,100,1,other,0,0,0
WS-65-default,S,default,0.99,5,1000000,10,batchU,0,4,48,100,2,early_wts,4439,2693,7132
WS-65-default,S,default,0.99,5,1000000,10,batchU,0,4,48,100,2,early_rts,5767,2895,8662
WS-65-default,S,default,0.99,5,1000000,10,batchU,0,4,48,100,2,precheck,37411,2,37413
WS-65-default,S,default,0.99,5,1000000,10,batchU,0,4,48,100,2,latest,3335,0,3335
WS-65-default,S,default,0.99,5,1000000,10,batchU,0,4,48,100,2,read_match,182070,0,182070
WS-65-default,S,default,0.99,5,1000000,10,batchU,0,4,48,100,2,write_rts_deleted,23849,0,23849
WS-65-default,S,default,0.99,5,1000000,10,batchU,0,4,48,100,2,node_set,0,0,0
WS-65-default,S,default,0.99,5,1000000,10,batchU,0,4,48,100,2,scan_node_set,0,0,0
WS-65-default,S,default,0.99,5,1000000,10,batchU,0,4,48,100,2,other,0,0,0
WS-65-tuned,S,tuned,0.99,5,1000000,10,batchU,0,4,48,100,1,early_wts,132970,2621,135591
WS-65-tuned,S,tuned,0.99,5,1000000,10,batchU,0,4,48,100,1,early_rts,98640,31276,129916
WS-65-tuned,S,tuned,0.99,5,1000000,10,batchU,0,4,48,100,1,precheck,1200082,0,1200082
WS-65-tuned,S,tuned,0.99,5,1000000,10,batchU,0,4,48,100,1,latest,84294,0,84294
WS-65-tuned,S,tuned,0.99,5,1000000,10,batchU,0,4,48,100,1,read_match,1784958,0,1784958
WS-65-tuned,S,tuned,0.99,5,1000000,10,batchU,0,4,48,100,1,write_rts_deleted,242864,0,242864
WS-65-tuned,S,tuned,0.99,5,1000000,10,batchU,0,4,48,100,1,node_set,0,0,0
WS-65-tuned,S,tuned,0.99,5,1000000,10,batchU,0,4,48,100,1,scan_node_set,0,0,0
WS-65-tuned,S,tuned,0.99,5,1000000,10,batchU,0,4,48,100,1,other,0,0,0
WS-65-tuned,S,tuned,0.99,5,1000000,10,batchU,0,4,48,100,2,early_wts,132368,7025,139393
WS-65-tuned,S,tuned,0.99,5,1000000,10,batchU,0,4,48,100,2,early_rts,101559,31771,133330
WS-65-tuned,S,tuned,0.99,5,1000000,10,batchU,0,4,48,100,2,precheck,1211695,0,1211695
WS-65-tuned,S,tuned,0.99,5,1000000,10,batchU,0,4,48,100,2,latest,82166,0,82166
WS-65-tuned,S,tuned,0.99,5,1000000,10,batchU,0,4,48,100,2,read_match,1785902,0,1785902
WS-65-tuned,S,tuned,0.99,5,1000000,10,batchU,0,4,48,100,2,write_rts_deleted,243572,0,243572
WS-65-tuned,S,tuned,0.99,5,1000000,10,batchU,0,4,48,100,2,node_set,0,0,0
WS-65-tuned,S,tuned,0.99,5,1000000,10,batchU,0,4,48,100,2,scan_node_set,0,0,0
WS-65-tuned,S,tuned,0.99,5,1000000,10,batchU,0,4,48,100,2,other,0,0,0
WS-66-default,S,default,0.99,5,1000000,10,batchR,0,4,48,100,1,early_wts,13245,0,13245
WS-66-default,S,default,0.99,5,1000000,10,batchR,0,4,48,100,1,early_rts,21354,0,21354
WS-66-default,S,default,0.99,5,1000000,10,batchR,0,4,48,100,1,precheck,54183,0,54183
WS-66-default,S,default,0.99,5,1000000,10,batchR,0,4,48,100,1,latest,3516,0,3516
WS-66-default,S,default,0.99,5,1000000,10,batchR,0,4,48,100,1,read_match,73052,0,73052
WS-66-default,S,default,0.99,5,1000000,10,batchR,0,4,48,100,1,write_rts_deleted,26813,0,26813
WS-66-default,S,default,0.99,5,1000000,10,batchR,0,4,48,100,1,node_set,0,0,0
WS-66-default,S,default,0.99,5,1000000,10,batchR,0,4,48,100,1,scan_node_set,0,0,0
WS-66-default,S,default,0.99,5,1000000,10,batchR,0,4,48,100,1,other,0,0,0
WS-66-default,S,default,0.99,5,1000000,10,batchR,0,4,48,100,2,early_wts,11983,0,11983
WS-66-default,S,default,0.99,5,1000000,10,batchR,0,4,48,100,2,early_rts,19912,0,19912
WS-66-default,S,default,0.99,5,1000000,10,batchR,0,4,48,100,2,precheck,48742,0,48742
WS-66-default,S,default,0.99,5,1000000,10,batchR,0,4,48,100,2,latest,3477,0,3477
WS-66-default,S,default,0.99,5,1000000,10,batchR,0,4,48,100,2,read_match,73441,0,73441
WS-66-default,S,default,0.99,5,1000000,10,batchR,0,4,48,100,2,write_rts_deleted,26172,0,26172
WS-66-default,S,default,0.99,5,1000000,10,batchR,0,4,48,100,2,node_set,0,0,0
WS-66-default,S,default,0.99,5,1000000,10,batchR,0,4,48,100,2,scan_node_set,0,0,0
WS-66-default,S,default,0.99,5,1000000,10,batchR,0,4,48,100,2,other,0,0,0
WS-66-tuned,S,tuned,0.99,5,1000000,10,batchR,0,4,48,100,1,early_wts,70242,0,70242
WS-66-tuned,S,tuned,0.99,5,1000000,10,batchR,0,4,48,100,1,early_rts,38896,0,38896
WS-66-tuned,S,tuned,0.99,5,1000000,10,batchR,0,4,48,100,1,precheck,104700,0,104700
WS-66-tuned,S,tuned,0.99,5,1000000,10,batchR,0,4,48,100,1,latest,4412,0,4412
WS-66-tuned,S,tuned,0.99,5,1000000,10,batchR,0,4,48,100,1,read_match,105740,0,105740
WS-66-tuned,S,tuned,0.99,5,1000000,10,batchR,0,4,48,100,1,write_rts_deleted,34935,0,34935
WS-66-tuned,S,tuned,0.99,5,1000000,10,batchR,0,4,48,100,1,node_set,0,0,0
WS-66-tuned,S,tuned,0.99,5,1000000,10,batchR,0,4,48,100,1,scan_node_set,0,0,0
WS-66-tuned,S,tuned,0.99,5,1000000,10,batchR,0,4,48,100,1,other,0,0,0
WS-66-tuned,S,tuned,0.99,5,1000000,10,batchR,0,4,48,100,2,early_wts,67872,0,67872
WS-66-tuned,S,tuned,0.99,5,1000000,10,batchR,0,4,48,100,2,early_rts,38520,0,38520
WS-66-tuned,S,tuned,0.99,5,1000000,10,batchR,0,4,48,100,2,precheck,103541,0,103541
WS-66-tuned,S,tuned,0.99,5,1000000,10,batchR,0,4,48,100,2,latest,4419,0,4419
WS-66-tuned,S,tuned,0.99,5,1000000,10,batchR,0,4,48,100,2,read_match,103621,0,103621
WS-66-tuned,S,tuned,0.99,5,1000000,10,batchR,0,4,48,100,2,write_rts_deleted,34738,0,34738
WS-66-tuned,S,tuned,0.99,5,1000000,10,batchR,0,4,48,100,2,node_set,0,0,0
WS-66-tuned,S,tuned,0.99,5,1000000,10,batchR,0,4,48,100,2,scan_node_set,0,0,0
WS-66-tuned,S,tuned,0.99,5,1000000,10,batchR,0,4,48,100,2,other,0,0,0
WS-67-default,S,default,0.99,50,1000000,10,none,0,4,48,100,1,early_wts,23367,0,23367
WS-67-default,S,default,0.99,50,1000000,10,none,0,4,48,100,1,early_rts,45089,0,45089
WS-67-default,S,default,0.99,50,1000000,10,none,0,4,48,100,1,precheck,239405,0,239405
WS-67-default,S,default,0.99,50,1000000,10,none,0,4,48,100,1,latest,12799,0,12799
WS-67-default,S,default,0.99,50,1000000,10,none,0,4,48,100,1,read_match,390337,0,390337
WS-67-default,S,default,0.99,50,1000000,10,none,0,4,48,100,1,write_rts_deleted,69970,0,69970
WS-67-default,S,default,0.99,50,1000000,10,none,0,4,48,100,1,node_set,0,0,0
WS-67-default,S,default,0.99,50,1000000,10,none,0,4,48,100,1,scan_node_set,0,0,0
WS-67-default,S,default,0.99,50,1000000,10,none,0,4,48,100,1,other,0,0,0
WS-67-default,S,default,0.99,50,1000000,10,none,0,4,48,100,2,early_wts,26029,0,26029
WS-67-default,S,default,0.99,50,1000000,10,none,0,4,48,100,2,early_rts,48374,0,48374
WS-67-default,S,default,0.99,50,1000000,10,none,0,4,48,100,2,precheck,259029,0,259029
WS-67-default,S,default,0.99,50,1000000,10,none,0,4,48,100,2,latest,14258,0,14258
WS-67-default,S,default,0.99,50,1000000,10,none,0,4,48,100,2,read_match,411460,0,411460
WS-67-default,S,default,0.99,50,1000000,10,none,0,4,48,100,2,write_rts_deleted,75174,0,75174
WS-67-default,S,default,0.99,50,1000000,10,none,0,4,48,100,2,node_set,0,0,0
WS-67-default,S,default,0.99,50,1000000,10,none,0,4,48,100,2,scan_node_set,0,0,0
WS-67-default,S,default,0.99,50,1000000,10,none,0,4,48,100,2,other,0,0,0
WS-67-tuned,S,tuned,0.99,50,1000000,10,none,0,4,48,100,1,early_wts,3365392,0,3365392
WS-67-tuned,S,tuned,0.99,50,1000000,10,none,0,4,48,100,1,early_rts,383414,0,383414
WS-67-tuned,S,tuned,0.99,50,1000000,10,none,0,4,48,100,1,precheck,5323363,0,5323363
WS-67-tuned,S,tuned,0.99,50,1000000,10,none,0,4,48,100,1,latest,1618982,0,1618982
WS-67-tuned,S,tuned,0.99,50,1000000,10,none,0,4,48,100,1,read_match,2637708,0,2637708
WS-67-tuned,S,tuned,0.99,50,1000000,10,none,0,4,48,100,1,write_rts_deleted,1569660,0,1569660
WS-67-tuned,S,tuned,0.99,50,1000000,10,none,0,4,48,100,1,node_set,0,0,0
WS-67-tuned,S,tuned,0.99,50,1000000,10,none,0,4,48,100,1,scan_node_set,0,0,0
WS-67-tuned,S,tuned,0.99,50,1000000,10,none,0,4,48,100,1,other,0,0,0
WS-67-tuned,S,tuned,0.99,50,1000000,10,none,0,4,48,100,2,early_wts,3521611,0,3521611
WS-67-tuned,S,tuned,0.99,50,1000000,10,none,0,4,48,100,2,early_rts,350605,0,350605
WS-67-tuned,S,tuned,0.99,50,1000000,10,none,0,4,48,100,2,precheck,4972768,0,4972768
WS-67-tuned,S,tuned,0.99,50,1000000,10,none,0,4,48,100,2,latest,1725305,0,1725305
WS-67-tuned,S,tuned,0.99,50,1000000,10,none,0,4,48,100,2,read_match,2314180,0,2314180
WS-67-tuned,S,tuned,0.99,50,1000000,10,none,0,4,48,100,2,write_rts_deleted,1483531,0,1483531
WS-67-tuned,S,tuned,0.99,50,1000000,10,none,0,4,48,100,2,node_set,0,0,0
WS-67-tuned,S,tuned,0.99,50,1000000,10,none,0,4,48,100,2,scan_node_set,0,0,0
WS-67-tuned,S,tuned,0.99,50,1000000,10,none,0,4,48,100,2,other,0,0,0
WS-68-default,S,default,0.99,50,1000000,10,batchU,0,4,48,100,1,early_wts,21772,3446,25218
WS-68-default,S,default,0.99,50,1000000,10,batchU,0,4,48,100,1,early_rts,42049,10915,52964
WS-68-default,S,default,0.99,50,1000000,10,batchU,0,4,48,100,1,precheck,220574,0,220574
WS-68-default,S,default,0.99,50,1000000,10,batchU,0,4,48,100,1,latest,11839,0,11839
WS-68-default,S,default,0.99,50,1000000,10,batchU,0,4,48,100,1,read_match,362530,0,362530
WS-68-default,S,default,0.99,50,1000000,10,batchU,0,4,48,100,1,write_rts_deleted,64404,0,64404
WS-68-default,S,default,0.99,50,1000000,10,batchU,0,4,48,100,1,node_set,0,0,0
WS-68-default,S,default,0.99,50,1000000,10,batchU,0,4,48,100,1,scan_node_set,0,0,0
WS-68-default,S,default,0.99,50,1000000,10,batchU,0,4,48,100,1,other,0,0,0
WS-68-default,S,default,0.99,50,1000000,10,batchU,0,4,48,100,2,early_wts,21960,2688,24648
WS-68-default,S,default,0.99,50,1000000,10,batchU,0,4,48,100,2,early_rts,42612,11706,54318
WS-68-default,S,default,0.99,50,1000000,10,batchU,0,4,48,100,2,precheck,222017,0,222017
WS-68-default,S,default,0.99,50,1000000,10,batchU,0,4,48,100,2,latest,11636,0,11636
WS-68-default,S,default,0.99,50,1000000,10,batchU,0,4,48,100,2,read_match,368086,0,368086
WS-68-default,S,default,0.99,50,1000000,10,batchU,0,4,48,100,2,write_rts_deleted,64311,0,64311
WS-68-default,S,default,0.99,50,1000000,10,batchU,0,4,48,100,2,node_set,0,0,0
WS-68-default,S,default,0.99,50,1000000,10,batchU,0,4,48,100,2,scan_node_set,0,0,0
WS-68-default,S,default,0.99,50,1000000,10,batchU,0,4,48,100,2,other,0,0,0
WS-68-tuned,S,tuned,0.99,50,1000000,10,batchU,0,4,48,100,1,early_wts,3089793,42679,3132472
WS-68-tuned,S,tuned,0.99,50,1000000,10,batchU,0,4,48,100,1,early_rts,370636,112416,483052
WS-68-tuned,S,tuned,0.99,50,1000000,10,batchU,0,4,48,100,1,precheck,5018587,0,5018587
WS-68-tuned,S,tuned,0.99,50,1000000,10,batchU,0,4,48,100,1,latest,1505216,0,1505216
WS-68-tuned,S,tuned,0.99,50,1000000,10,batchU,0,4,48,100,1,read_match,2551492,0,2551492
WS-68-tuned,S,tuned,0.99,50,1000000,10,batchU,0,4,48,100,1,write_rts_deleted,1485127,0,1485127
WS-68-tuned,S,tuned,0.99,50,1000000,10,batchU,0,4,48,100,1,node_set,0,0,0
WS-68-tuned,S,tuned,0.99,50,1000000,10,batchU,0,4,48,100,1,scan_node_set,0,0,0
WS-68-tuned,S,tuned,0.99,50,1000000,10,batchU,0,4,48,100,1,other,0,0,0
WS-68-tuned,S,tuned,0.99,50,1000000,10,batchU,0,4,48,100,2,early_wts,3192254,176399,3368653
WS-68-tuned,S,tuned,0.99,50,1000000,10,batchU,0,4,48,100,2,early_rts,361402,77246,438648
WS-68-tuned,S,tuned,0.99,50,1000000,10,batchU,0,4,48,100,2,precheck,4978898,0,4978898
WS-68-tuned,S,tuned,0.99,50,1000000,10,batchU,0,4,48,100,2,latest,1576597,0,1576597
WS-68-tuned,S,tuned,0.99,50,1000000,10,batchU,0,4,48,100,2,read_match,2487404,0,2487404
WS-68-tuned,S,tuned,0.99,50,1000000,10,batchU,0,4,48,100,2,write_rts_deleted,1489476,0,1489476
WS-68-tuned,S,tuned,0.99,50,1000000,10,batchU,0,4,48,100,2,node_set,0,0,0
WS-68-tuned,S,tuned,0.99,50,1000000,10,batchU,0,4,48,100,2,scan_node_set,0,0,0
WS-68-tuned,S,tuned,0.99,50,1000000,10,batchU,0,4,48,100,2,other,0,0,0
WS-69-default,S,default,0.99,50,1000000,10,batchR,0,4,48,100,1,early_wts,27302,0,27302
WS-69-default,S,default,0.99,50,1000000,10,batchR,0,4,48,100,1,early_rts,79812,0,79812
WS-69-default,S,default,0.99,50,1000000,10,batchR,0,4,48,100,1,precheck,220544,0,220544
WS-69-default,S,default,0.99,50,1000000,10,batchR,0,4,48,100,1,latest,4826,0,4826
WS-69-default,S,default,0.99,50,1000000,10,batchR,0,4,48,100,1,read_match,244668,0,244668
WS-69-default,S,default,0.99,50,1000000,10,batchR,0,4,48,100,1,write_rts_deleted,46719,0,46719
WS-69-default,S,default,0.99,50,1000000,10,batchR,0,4,48,100,1,node_set,0,0,0
WS-69-default,S,default,0.99,50,1000000,10,batchR,0,4,48,100,1,scan_node_set,0,0,0
WS-69-default,S,default,0.99,50,1000000,10,batchR,0,4,48,100,1,other,0,0,0
WS-69-default,S,default,0.99,50,1000000,10,batchR,0,4,48,100,2,early_wts,24973,0,24973
WS-69-default,S,default,0.99,50,1000000,10,batchR,0,4,48,100,2,early_rts,72234,0,72234
WS-69-default,S,default,0.99,50,1000000,10,batchR,0,4,48,100,2,precheck,200390,0,200390
WS-69-default,S,default,0.99,50,1000000,10,batchR,0,4,48,100,2,latest,4476,0,4476
WS-69-default,S,default,0.99,50,1000000,10,batchR,0,4,48,100,2,read_match,233579,0,233579
WS-69-default,S,default,0.99,50,1000000,10,batchR,0,4,48,100,2,write_rts_deleted,44302,0,44302
WS-69-default,S,default,0.99,50,1000000,10,batchR,0,4,48,100,2,node_set,0,0,0
WS-69-default,S,default,0.99,50,1000000,10,batchR,0,4,48,100,2,scan_node_set,0,0,0
WS-69-default,S,default,0.99,50,1000000,10,batchR,0,4,48,100,2,other,0,0,0
WS-69-tuned,S,tuned,0.99,50,1000000,10,batchR,0,4,48,100,1,early_wts,182492,0,182492
WS-69-tuned,S,tuned,0.99,50,1000000,10,batchR,0,4,48,100,1,early_rts,338624,0,338624
WS-69-tuned,S,tuned,0.99,50,1000000,10,batchR,0,4,48,100,1,precheck,850637,0,850637
WS-69-tuned,S,tuned,0.99,50,1000000,10,batchR,0,4,48,100,1,latest,20706,0,20706
WS-69-tuned,S,tuned,0.99,50,1000000,10,batchR,0,4,48,100,1,read_match,525216,0,525216
WS-69-tuned,S,tuned,0.99,50,1000000,10,batchR,0,4,48,100,1,write_rts_deleted,125742,0,125742
WS-69-tuned,S,tuned,0.99,50,1000000,10,batchR,0,4,48,100,1,node_set,0,0,0
WS-69-tuned,S,tuned,0.99,50,1000000,10,batchR,0,4,48,100,1,scan_node_set,0,0,0
WS-69-tuned,S,tuned,0.99,50,1000000,10,batchR,0,4,48,100,1,other,0,0,0
WS-69-tuned,S,tuned,0.99,50,1000000,10,batchR,0,4,48,100,2,early_wts,185567,0,185567
WS-69-tuned,S,tuned,0.99,50,1000000,10,batchR,0,4,48,100,2,early_rts,345266,0,345266
WS-69-tuned,S,tuned,0.99,50,1000000,10,batchR,0,4,48,100,2,precheck,862872,0,862872
WS-69-tuned,S,tuned,0.99,50,1000000,10,batchR,0,4,48,100,2,latest,21491,0,21491
WS-69-tuned,S,tuned,0.99,50,1000000,10,batchR,0,4,48,100,2,read_match,531253,0,531253
WS-69-tuned,S,tuned,0.99,50,1000000,10,batchR,0,4,48,100,2,write_rts_deleted,127845,0,127845
WS-69-tuned,S,tuned,0.99,50,1000000,10,batchR,0,4,48,100,2,node_set,0,0,0
WS-69-tuned,S,tuned,0.99,50,1000000,10,batchR,0,4,48,100,2,scan_node_set,0,0,0
WS-69-tuned,S,tuned,0.99,50,1000000,10,batchR,0,4,48,100,2,other,0,0,0
WS-70-default,S,default,0.99,95,1000000,10,none,0,4,48,100,1,early_wts,3440,0,3440
WS-70-default,S,default,0.99,95,1000000,10,none,0,4,48,100,1,early_rts,16997,0,16997
WS-70-default,S,default,0.99,95,1000000,10,none,0,4,48,100,1,precheck,20125,0,20125
WS-70-default,S,default,0.99,95,1000000,10,none,0,4,48,100,1,latest,2953,0,2953
WS-70-default,S,default,0.99,95,1000000,10,none,0,4,48,100,1,read_match,291097,0,291097
WS-70-default,S,default,0.99,95,1000000,10,none,0,4,48,100,1,write_rts_deleted,149464,0,149464
WS-70-default,S,default,0.99,95,1000000,10,none,0,4,48,100,1,node_set,0,0,0
WS-70-default,S,default,0.99,95,1000000,10,none,0,4,48,100,1,scan_node_set,0,0,0
WS-70-default,S,default,0.99,95,1000000,10,none,0,4,48,100,1,other,0,0,0
WS-70-default,S,default,0.99,95,1000000,10,none,0,4,48,100,2,early_wts,3218,0,3218
WS-70-default,S,default,0.99,95,1000000,10,none,0,4,48,100,2,early_rts,17080,0,17080
WS-70-default,S,default,0.99,95,1000000,10,none,0,4,48,100,2,precheck,19497,0,19497
WS-70-default,S,default,0.99,95,1000000,10,none,0,4,48,100,2,latest,2675,0,2675
WS-70-default,S,default,0.99,95,1000000,10,none,0,4,48,100,2,read_match,290838,0,290838
WS-70-default,S,default,0.99,95,1000000,10,none,0,4,48,100,2,write_rts_deleted,147109,0,147109
WS-70-default,S,default,0.99,95,1000000,10,none,0,4,48,100,2,node_set,0,0,0
WS-70-default,S,default,0.99,95,1000000,10,none,0,4,48,100,2,scan_node_set,0,0,0
WS-70-default,S,default,0.99,95,1000000,10,none,0,4,48,100,2,other,0,0,0
WS-70-tuned,S,tuned,0.99,95,1000000,10,none,0,4,48,100,1,early_wts,622767,0,622767
WS-70-tuned,S,tuned,0.99,95,1000000,10,none,0,4,48,100,1,early_rts,392127,0,392127
WS-70-tuned,S,tuned,0.99,95,1000000,10,none,0,4,48,100,1,precheck,785352,0,785352
WS-70-tuned,S,tuned,0.99,95,1000000,10,none,0,4,48,100,1,latest,345153,0,345153
WS-70-tuned,S,tuned,0.99,95,1000000,10,none,0,4,48,100,1,read_match,3794371,0,3794371
WS-70-tuned,S,tuned,0.99,95,1000000,10,none,0,4,48,100,1,write_rts_deleted,4459737,0,4459737
WS-70-tuned,S,tuned,0.99,95,1000000,10,none,0,4,48,100,1,node_set,0,0,0
WS-70-tuned,S,tuned,0.99,95,1000000,10,none,0,4,48,100,1,scan_node_set,0,0,0
WS-70-tuned,S,tuned,0.99,95,1000000,10,none,0,4,48,100,1,other,0,0,0
WS-70-tuned,S,tuned,0.99,95,1000000,10,none,0,4,48,100,2,early_wts,663685,0,663685
WS-70-tuned,S,tuned,0.99,95,1000000,10,none,0,4,48,100,2,early_rts,404888,0,404888
WS-70-tuned,S,tuned,0.99,95,1000000,10,none,0,4,48,100,2,precheck,805383,0,805383
WS-70-tuned,S,tuned,0.99,95,1000000,10,none,0,4,48,100,2,latest,361876,0,361876
WS-70-tuned,S,tuned,0.99,95,1000000,10,none,0,4,48,100,2,read_match,3816147,0,3816147
WS-70-tuned,S,tuned,0.99,95,1000000,10,none,0,4,48,100,2,write_rts_deleted,4499201,0,4499201
WS-70-tuned,S,tuned,0.99,95,1000000,10,none,0,4,48,100,2,node_set,0,0,0
WS-70-tuned,S,tuned,0.99,95,1000000,10,none,0,4,48,100,2,scan_node_set,0,0,0
WS-70-tuned,S,tuned,0.99,95,1000000,10,none,0,4,48,100,2,other,0,0,0
WS-71-default,S,default,0.99,95,1000000,10,batchU,0,4,48,100,1,early_wts,2991,4123,7114
WS-71-default,S,default,0.99,95,1000000,10,batchU,0,4,48,100,1,early_rts,15816,2204,18020
WS-71-default,S,default,0.99,95,1000000,10,batchU,0,4,48,100,1,precheck,17733,0,17733
WS-71-default,S,default,0.99,95,1000000,10,batchU,0,4,48,100,1,latest,2530,0,2530
WS-71-default,S,default,0.99,95,1000000,10,batchU,0,4,48,100,1,read_match,271804,0,271804
WS-71-default,S,default,0.99,95,1000000,10,batchU,0,4,48,100,1,write_rts_deleted,135502,0,135502
WS-71-default,S,default,0.99,95,1000000,10,batchU,0,4,48,100,1,node_set,0,0,0
WS-71-default,S,default,0.99,95,1000000,10,batchU,0,4,48,100,1,scan_node_set,0,0,0
WS-71-default,S,default,0.99,95,1000000,10,batchU,0,4,48,100,1,other,0,0,0
WS-71-default,S,default,0.99,95,1000000,10,batchU,0,4,48,100,2,early_wts,3066,2436,5502
WS-71-default,S,default,0.99,95,1000000,10,batchU,0,4,48,100,2,early_rts,16239,5493,21732
WS-71-default,S,default,0.99,95,1000000,10,batchU,0,4,48,100,2,precheck,18881,0,18881
WS-71-default,S,default,0.99,95,1000000,10,batchU,0,4,48,100,2,latest,2665,0,2665
WS-71-default,S,default,0.99,95,1000000,10,batchU,0,4,48,100,2,read_match,279647,0,279647
WS-71-default,S,default,0.99,95,1000000,10,batchU,0,4,48,100,2,write_rts_deleted,140279,0,140279
WS-71-default,S,default,0.99,95,1000000,10,batchU,0,4,48,100,2,node_set,0,0,0
WS-71-default,S,default,0.99,95,1000000,10,batchU,0,4,48,100,2,scan_node_set,0,0,0
WS-71-default,S,default,0.99,95,1000000,10,batchU,0,4,48,100,2,other,0,0,0
WS-71-tuned,S,tuned,0.99,95,1000000,10,batchU,0,4,48,100,1,early_wts,594805,211769,806574
WS-71-tuned,S,tuned,0.99,95,1000000,10,batchU,0,4,48,100,1,early_rts,394777,47721,442498
WS-71-tuned,S,tuned,0.99,95,1000000,10,batchU,0,4,48,100,1,precheck,766999,0,766999
WS-71-tuned,S,tuned,0.99,95,1000000,10,batchU,0,4,48,100,1,latest,333697,0,333697
WS-71-tuned,S,tuned,0.99,95,1000000,10,batchU,0,4,48,100,1,read_match,3737222,0,3737222
WS-71-tuned,S,tuned,0.99,95,1000000,10,batchU,0,4,48,100,1,write_rts_deleted,4362580,0,4362580
WS-71-tuned,S,tuned,0.99,95,1000000,10,batchU,0,4,48,100,1,node_set,0,0,0
WS-71-tuned,S,tuned,0.99,95,1000000,10,batchU,0,4,48,100,1,scan_node_set,0,0,0
WS-71-tuned,S,tuned,0.99,95,1000000,10,batchU,0,4,48,100,1,other,0,0,0
WS-71-tuned,S,tuned,0.99,95,1000000,10,batchU,0,4,48,100,2,early_wts,601882,4935,606817
WS-71-tuned,S,tuned,0.99,95,1000000,10,batchU,0,4,48,100,2,early_rts,383304,137261,520565
WS-71-tuned,S,tuned,0.99,95,1000000,10,batchU,0,4,48,100,2,precheck,761443,0,761443
WS-71-tuned,S,tuned,0.99,95,1000000,10,batchU,0,4,48,100,2,latest,341376,0,341376
WS-71-tuned,S,tuned,0.99,95,1000000,10,batchU,0,4,48,100,2,read_match,3721387,0,3721387
WS-71-tuned,S,tuned,0.99,95,1000000,10,batchU,0,4,48,100,2,write_rts_deleted,4345522,0,4345522
WS-71-tuned,S,tuned,0.99,95,1000000,10,batchU,0,4,48,100,2,node_set,0,0,0
WS-71-tuned,S,tuned,0.99,95,1000000,10,batchU,0,4,48,100,2,scan_node_set,0,0,0
WS-71-tuned,S,tuned,0.99,95,1000000,10,batchU,0,4,48,100,2,other,0,0,0
WS-72-default,S,default,0.99,95,1000000,10,batchR,0,4,48,100,1,early_wts,3127,0,3127
WS-72-default,S,default,0.99,95,1000000,10,batchR,0,4,48,100,1,early_rts,18337,0,18337
WS-72-default,S,default,0.99,95,1000000,10,batchR,0,4,48,100,1,precheck,24338,0,24338
WS-72-default,S,default,0.99,95,1000000,10,batchR,0,4,48,100,1,latest,3261,0,3261
WS-72-default,S,default,0.99,95,1000000,10,batchR,0,4,48,100,1,read_match,262619,0,262619
WS-72-default,S,default,0.99,95,1000000,10,batchR,0,4,48,100,1,write_rts_deleted,164831,0,164831
WS-72-default,S,default,0.99,95,1000000,10,batchR,0,4,48,100,1,node_set,0,0,0
WS-72-default,S,default,0.99,95,1000000,10,batchR,0,4,48,100,1,scan_node_set,0,0,0
WS-72-default,S,default,0.99,95,1000000,10,batchR,0,4,48,100,1,other,0,0,0
WS-72-default,S,default,0.99,95,1000000,10,batchR,0,4,48,100,2,early_wts,3582,0,3582
WS-72-default,S,default,0.99,95,1000000,10,batchR,0,4,48,100,2,early_rts,20901,0,20901
WS-72-default,S,default,0.99,95,1000000,10,batchR,0,4,48,100,2,precheck,27902,0,27902
WS-72-default,S,default,0.99,95,1000000,10,batchR,0,4,48,100,2,latest,3613,0,3613
WS-72-default,S,default,0.99,95,1000000,10,batchR,0,4,48,100,2,read_match,287054,0,287054
WS-72-default,S,default,0.99,95,1000000,10,batchR,0,4,48,100,2,write_rts_deleted,185220,0,185220
WS-72-default,S,default,0.99,95,1000000,10,batchR,0,4,48,100,2,node_set,0,0,0
WS-72-default,S,default,0.99,95,1000000,10,batchR,0,4,48,100,2,scan_node_set,0,0,0
WS-72-default,S,default,0.99,95,1000000,10,batchR,0,4,48,100,2,other,0,0,0
WS-72-tuned,S,tuned,0.99,95,1000000,10,batchR,0,4,48,100,1,early_wts,35249,0,35249
WS-72-tuned,S,tuned,0.99,95,1000000,10,batchR,0,4,48,100,1,early_rts,145841,0,145841
WS-72-tuned,S,tuned,0.99,95,1000000,10,batchR,0,4,48,100,1,precheck,172940,0,172940
WS-72-tuned,S,tuned,0.99,95,1000000,10,batchR,0,4,48,100,1,latest,30383,0,30383
WS-72-tuned,S,tuned,0.99,95,1000000,10,batchR,0,4,48,100,1,read_match,953492,0,953492
WS-72-tuned,S,tuned,0.99,95,1000000,10,batchR,0,4,48,100,1,write_rts_deleted,1120152,0,1120152
WS-72-tuned,S,tuned,0.99,95,1000000,10,batchR,0,4,48,100,1,node_set,0,0,0
WS-72-tuned,S,tuned,0.99,95,1000000,10,batchR,0,4,48,100,1,scan_node_set,0,0,0
WS-72-tuned,S,tuned,0.99,95,1000000,10,batchR,0,4,48,100,1,other,0,0,0
WS-72-tuned,S,tuned,0.99,95,1000000,10,batchR,0,4,48,100,2,early_wts,35797,0,35797
WS-72-tuned,S,tuned,0.99,95,1000000,10,batchR,0,4,48,100,2,early_rts,145706,0,145706
WS-72-tuned,S,tuned,0.99,95,1000000,10,batchR,0,4,48,100,2,precheck,172421,0,172421
WS-72-tuned,S,tuned,0.99,95,1000000,10,batchR,0,4,48,100,2,latest,30356,0,30356
WS-72-tuned,S,tuned,0.99,95,1000000,10,batchR,0,4,48,100,2,read_match,949321,0,949321
WS-72-tuned,S,tuned,0.99,95,1000000,10,batchR,0,4,48,100,2,write_rts_deleted,1114924,0,1114924
WS-72-tuned,S,tuned,0.99,95,1000000,10,batchR,0,4,48,100,2,node_set,0,0,0
WS-72-tuned,S,tuned,0.99,95,1000000,10,batchR,0,4,48,100,2,scan_node_set,0,0,0
WS-72-tuned,S,tuned,0.99,95,1000000,10,batchR,0,4,48,100,2,other,0,0,0
