id,layer,genome,skew,rr,records,ops,long,ro,val,threads,gc,repetition,key,chain_status,chain_length,scan_us,zipf_analytic_probability,zipf_analytic_keys_for_half_mass,note
WO1-01-default,O1,default,0.6,5,10000,10,none,0,4,12,10,1,0,ok,49,22,0.010248408960258042,1856,"Zipf formula, not realized key frequency"
WO1-01-default,O1,default,0.6,5,10000,10,none,0,4,12,10,1,1,ok,30,22,0.006761428347948149,1856,"Zipf formula, not realized key frequency"
WO1-01-default,O1,default,0.6,5,10000,10,none,0,4,12,10,1,2,ok,29,22,0.0053013160282169855,1856,"Zipf formula, not realized key frequency"
WO1-01-default,O1,default,0.6,5,10000,10,none,0,4,12,10,1,3,ok,18,22,0.0044608790966208425,1856,"Zipf formula, not realized key frequency"
WO1-01-default,O1,default,0.6,5,10000,10,none,0,4,12,10,1,4,ok,25,22,0.0039018848165532647,1856,"Zipf formula, not realized key frequency"
WO1-01-default,O1,default,0.6,5,10000,10,none,0,4,12,10,1,5,ok,19,22,0.0034975642183697263,1856,"Zipf formula, not realized key frequency"
WO1-01-default,O1,default,0.6,5,10000,10,none,0,4,12,10,1,6,ok,21,22,0.0031885822450389823,1856,"Zipf formula, not realized key frequency"
WO1-01-default,O1,default,0.6,5,10000,10,none,0,4,12,10,1,7,ok,21,22,0.002943082628496322,1856,"Zipf formula, not realized key frequency"
WO1-01-default,O1,default,0.6,5,10000,10,none,0,4,12,10,2,0,ok,36,17,0.010248408960258042,1856,"Zipf formula, not realized key frequency"
WO1-01-default,O1,default,0.6,5,10000,10,none,0,4,12,10,2,1,ok,26,17,0.006761428347948149,1856,"Zipf formula, not realized key frequency"
WO1-01-default,O1,default,0.6,5,10000,10,none,0,4,12,10,2,2,ok,22,17,0.0053013160282169855,1856,"Zipf formula, not realized key frequency"
WO1-01-default,O1,default,0.6,5,10000,10,none,0,4,12,10,2,3,ok,17,17,0.0044608790966208425,1856,"Zipf formula, not realized key frequency"
WO1-01-default,O1,default,0.6,5,10000,10,none,0,4,12,10,2,4,ok,14,17,0.0039018848165532647,1856,"Zipf formula, not realized key frequency"
WO1-01-default,O1,default,0.6,5,10000,10,none,0,4,12,10,2,5,ok,16,17,0.0034975642183697263,1856,"Zipf formula, not realized key frequency"
WO1-01-default,O1,default,0.6,5,10000,10,none,0,4,12,10,2,6,ok,14,17,0.0031885822450389823,1856,"Zipf formula, not realized key frequency"
WO1-01-default,O1,default,0.6,5,10000,10,none,0,4,12,10,2,7,ok,16,17,0.002943082628496322,1856,"Zipf formula, not realized key frequency"
WO1-01-tuned,O1,tuned,0.6,5,10000,10,none,0,4,12,10,1,0,ok,3,1,0.010248408960258042,1856,"Zipf formula, not realized key frequency"
WO1-01-tuned,O1,tuned,0.6,5,10000,10,none,0,4,12,10,1,1,ok,3,1,0.006761428347948149,1856,"Zipf formula, not realized key frequency"
WO1-01-tuned,O1,tuned,0.6,5,10000,10,none,0,4,12,10,1,2,ok,3,1,0.0053013160282169855,1856,"Zipf formula, not realized key frequency"
WO1-01-tuned,O1,tuned,0.6,5,10000,10,none,0,4,12,10,1,3,ok,5,1,0.0044608790966208425,1856,"Zipf formula, not realized key frequency"
WO1-01-tuned,O1,tuned,0.6,5,10000,10,none,0,4,12,10,1,4,ok,4,1,0.0039018848165532647,1856,"Zipf formula, not realized key frequency"
WO1-01-tuned,O1,tuned,0.6,5,10000,10,none,0,4,12,10,1,5,ok,1,1,0.0034975642183697263,1856,"Zipf formula, not realized key frequency"
WO1-01-tuned,O1,tuned,0.6,5,10000,10,none,0,4,12,10,1,6,ok,1,1,0.0031885822450389823,1856,"Zipf formula, not realized key frequency"
WO1-01-tuned,O1,tuned,0.6,5,10000,10,none,0,4,12,10,1,7,ok,1,1,0.002943082628496322,1856,"Zipf formula, not realized key frequency"
WO1-01-tuned,O1,tuned,0.6,5,10000,10,none,0,4,12,10,2,0,ok,13,3,0.010248408960258042,1856,"Zipf formula, not realized key frequency"
WO1-01-tuned,O1,tuned,0.6,5,10000,10,none,0,4,12,10,2,1,ok,8,3,0.006761428347948149,1856,"Zipf formula, not realized key frequency"
WO1-01-tuned,O1,tuned,0.6,5,10000,10,none,0,4,12,10,2,2,ok,5,3,0.0053013160282169855,1856,"Zipf formula, not realized key frequency"
WO1-01-tuned,O1,tuned,0.6,5,10000,10,none,0,4,12,10,2,3,ok,7,3,0.0044608790966208425,1856,"Zipf formula, not realized key frequency"
WO1-01-tuned,O1,tuned,0.6,5,10000,10,none,0,4,12,10,2,4,ok,5,3,0.0039018848165532647,1856,"Zipf formula, not realized key frequency"
WO1-01-tuned,O1,tuned,0.6,5,10000,10,none,0,4,12,10,2,5,ok,4,3,0.0034975642183697263,1856,"Zipf formula, not realized key frequency"
WO1-01-tuned,O1,tuned,0.6,5,10000,10,none,0,4,12,10,2,6,ok,6,3,0.0031885822450389823,1856,"Zipf formula, not realized key frequency"
WO1-01-tuned,O1,tuned,0.6,5,10000,10,none,0,4,12,10,2,7,ok,3,3,0.002943082628496322,1856,"Zipf formula, not realized key frequency"
WO1-02-default,O1,default,0.6,5,100000,10,none,50,1000,24,100000,1,0,ok,4162,1764,0.004031480402492182,18025,"Zipf formula, not realized key frequency"
WO1-02-default,O1,default,0.6,5,100000,10,none,50,1000,24,100000,1,1,ok,2686,1764,0.0026597851416071635,18025,"Zipf formula, not realized key frequency"
WO1-02-default,O1,default,0.6,5,100000,10,none,50,1000,24,100000,1,2,ok,2492,1764,0.0020854116729780024,18025,"Zipf formula, not realized key frequency"
WO1-02-default,O1,default,0.6,5,100000,10,none,50,1000,24,100000,1,3,ok,1901,1764,0.0017548037676534275,18025,"Zipf formula, not realized key frequency"
WO1-02-default,O1,default,0.6,5,100000,10,none,50,1000,24,100000,1,4,ok,1619,1764,0.001534908709412024,18025,"Zipf formula, not realized key frequency"
WO1-02-default,O1,default,0.6,5,100000,10,none,50,1000,24,100000,1,5,ok,1456,1764,0.001375858599856305,18025,"Zipf formula, not realized key frequency"
WO1-02-default,O1,default,0.6,5,100000,10,none,50,1000,24,100000,1,6,ok,1288,1764,0.0012543124383948784,18025,"Zipf formula, not realized key frequency"
WO1-02-default,O1,default,0.6,5,100000,10,none,50,1000,24,100000,1,7,ok,1251,1764,0.0011577387266363888,18025,"Zipf formula, not realized key frequency"
WO1-02-default,O1,default,0.6,5,100000,10,none,50,1000,24,100000,2,0,ok,4033,1823,0.004031480402492182,18025,"Zipf formula, not realized key frequency"
WO1-02-default,O1,default,0.6,5,100000,10,none,50,1000,24,100000,2,1,ok,2685,1823,0.0026597851416071635,18025,"Zipf formula, not realized key frequency"
WO1-02-default,O1,default,0.6,5,100000,10,none,50,1000,24,100000,2,2,ok,2350,1823,0.0020854116729780024,18025,"Zipf formula, not realized key frequency"
WO1-02-default,O1,default,0.6,5,100000,10,none,50,1000,24,100000,2,3,ok,1996,1823,0.0017548037676534275,18025,"Zipf formula, not realized key frequency"
WO1-02-default,O1,default,0.6,5,100000,10,none,50,1000,24,100000,2,4,ok,1696,1823,0.001534908709412024,18025,"Zipf formula, not realized key frequency"
WO1-02-default,O1,default,0.6,5,100000,10,none,50,1000,24,100000,2,5,ok,1547,1823,0.001375858599856305,18025,"Zipf formula, not realized key frequency"
WO1-02-default,O1,default,0.6,5,100000,10,none,50,1000,24,100000,2,6,ok,1305,1823,0.0012543124383948784,18025,"Zipf formula, not realized key frequency"
WO1-02-default,O1,default,0.6,5,100000,10,none,50,1000,24,100000,2,7,ok,1287,1823,0.0011577387266363888,18025,"Zipf formula, not realized key frequency"
WO1-02-tuned,O1,tuned,0.6,5,100000,10,none,50,1000,24,100000,1,0,ok,2090,744,0.004031480402492182,18025,"Zipf formula, not realized key frequency"
WO1-02-tuned,O1,tuned,0.6,5,100000,10,none,50,1000,24,100000,1,1,ok,1417,744,0.0026597851416071635,18025,"Zipf formula, not realized key frequency"
WO1-02-tuned,O1,tuned,0.6,5,100000,10,none,50,1000,24,100000,1,2,ok,1210,744,0.0020854116729780024,18025,"Zipf formula, not realized key frequency"
WO1-02-tuned,O1,tuned,0.6,5,100000,10,none,50,1000,24,100000,1,3,ok,964,744,0.0017548037676534275,18025,"Zipf formula, not realized key frequency"
WO1-02-tuned,O1,tuned,0.6,5,100000,10,none,50,1000,24,100000,1,4,ok,840,744,0.001534908709412024,18025,"Zipf formula, not realized key frequency"
WO1-02-tuned,O1,tuned,0.6,5,100000,10,none,50,1000,24,100000,1,5,ok,773,744,0.001375858599856305,18025,"Zipf formula, not realized key frequency"
WO1-02-tuned,O1,tuned,0.6,5,100000,10,none,50,1000,24,100000,1,6,ok,649,744,0.0012543124383948784,18025,"Zipf formula, not realized key frequency"
WO1-02-tuned,O1,tuned,0.6,5,100000,10,none,50,1000,24,100000,1,7,ok,631,744,0.0011577387266363888,18025,"Zipf formula, not realized key frequency"
WO1-02-tuned,O1,tuned,0.6,5,100000,10,none,50,1000,24,100000,2,0,ok,4120,1816,0.004031480402492182,18025,"Zipf formula, not realized key frequency"
WO1-02-tuned,O1,tuned,0.6,5,100000,10,none,50,1000,24,100000,2,1,ok,2769,1816,0.0026597851416071635,18025,"Zipf formula, not realized key frequency"
WO1-02-tuned,O1,tuned,0.6,5,100000,10,none,50,1000,24,100000,2,2,ok,2359,1816,0.0020854116729780024,18025,"Zipf formula, not realized key frequency"
WO1-02-tuned,O1,tuned,0.6,5,100000,10,none,50,1000,24,100000,2,3,ok,2039,1816,0.0017548037676534275,18025,"Zipf formula, not realized key frequency"
WO1-02-tuned,O1,tuned,0.6,5,100000,10,none,50,1000,24,100000,2,4,ok,1658,1816,0.001534908709412024,18025,"Zipf formula, not realized key frequency"
WO1-02-tuned,O1,tuned,0.6,5,100000,10,none,50,1000,24,100000,2,5,ok,1454,1816,0.001375858599856305,18025,"Zipf formula, not realized key frequency"
WO1-02-tuned,O1,tuned,0.6,5,100000,10,none,50,1000,24,100000,2,6,ok,1379,1816,0.0012543124383948784,18025,"Zipf formula, not realized key frequency"
WO1-02-tuned,O1,tuned,0.6,5,100000,10,none,50,1000,24,100000,2,7,ok,1284,1816,0.0011577387266363888,18025,"Zipf formula, not realized key frequency"
WO1-03-default,O1,default,0.6,5,1000000,10,none,95,100,48,1000,1,0,ok,13,7,0.0015973954224233198,178154,"Zipf formula, not realized key frequency"
WO1-03-default,O1,default,0.6,5,1000000,10,none,95,100,48,1000,1,1,ok,10,7,0.0010538879482599897,178154,"Zipf formula, not realized key frequency"
WO1-03-default,O1,default,0.6,5,1000000,10,none,95,100,48,1000,1,2,ok,6,7,0.0008263036720267617,178154,"Zipf formula, not realized key frequency"
WO1-03-default,O1,default,0.6,5,1000000,10,none,95,100,48,1000,1,3,ok,9,7,0.0006953067423986355,178154,"Zipf formula, not realized key frequency"
WO1-03-default,O1,default,0.6,5,1000000,10,none,95,100,48,1000,1,4,ok,6,7,0.0006081776175165734,178154,"Zipf formula, not realized key frequency"
WO1-03-default,O1,default,0.6,5,1000000,10,none,95,100,48,1000,1,5,ok,1,7,0.0005451571159700015,178154,"Zipf formula, not realized key frequency"
WO1-03-default,O1,default,0.6,5,1000000,10,none,95,100,48,1000,1,6,ok,4,7,0.000496996821847876,178154,"Zipf formula, not realized key frequency"
WO1-03-default,O1,default,0.6,5,1000000,10,none,95,100,48,1000,1,7,ok,4,7,0.00045873137350436533,178154,"Zipf formula, not realized key frequency"
WO1-03-default,O1,default,0.6,5,1000000,10,none,95,100,48,1000,2,0,ok,16,6,0.0015973954224233198,178154,"Zipf formula, not realized key frequency"
WO1-03-default,O1,default,0.6,5,1000000,10,none,95,100,48,1000,2,1,ok,10,6,0.0010538879482599897,178154,"Zipf formula, not realized key frequency"
WO1-03-default,O1,default,0.6,5,1000000,10,none,95,100,48,1000,2,2,ok,6,6,0.0008263036720267617,178154,"Zipf formula, not realized key frequency"
WO1-03-default,O1,default,0.6,5,1000000,10,none,95,100,48,1000,2,3,ok,9,6,0.0006953067423986355,178154,"Zipf formula, not realized key frequency"
WO1-03-default,O1,default,0.6,5,1000000,10,none,95,100,48,1000,2,4,ok,4,6,0.0006081776175165734,178154,"Zipf formula, not realized key frequency"
WO1-03-default,O1,default,0.6,5,1000000,10,none,95,100,48,1000,2,5,ok,3,6,0.0005451571159700015,178154,"Zipf formula, not realized key frequency"
WO1-03-default,O1,default,0.6,5,1000000,10,none,95,100,48,1000,2,6,ok,5,6,0.000496996821847876,178154,"Zipf formula, not realized key frequency"
WO1-03-default,O1,default,0.6,5,1000000,10,none,95,100,48,1000,2,7,ok,7,6,0.00045873137350436533,178154,"Zipf formula, not realized key frequency"
WO1-03-tuned,O1,tuned,0.6,5,1000000,10,none,95,100,48,1000,1,0,ok,12,4,0.0015973954224233198,178154,"Zipf formula, not realized key frequency"
WO1-03-tuned,O1,tuned,0.6,5,1000000,10,none,95,100,48,1000,1,1,ok,15,4,0.0010538879482599897,178154,"Zipf formula, not realized key frequency"
WO1-03-tuned,O1,tuned,0.6,5,1000000,10,none,95,100,48,1000,1,2,ok,11,4,0.0008263036720267617,178154,"Zipf formula, not realized key frequency"
WO1-03-tuned,O1,tuned,0.6,5,1000000,10,none,95,100,48,1000,1,3,ok,4,4,0.0006953067423986355,178154,"Zipf formula, not realized key frequency"
WO1-03-tuned,O1,tuned,0.6,5,1000000,10,none,95,100,48,1000,1,4,ok,7,4,0.0006081776175165734,178154,"Zipf formula, not realized key frequency"
WO1-03-tuned,O1,tuned,0.6,5,1000000,10,none,95,100,48,1000,1,5,ok,5,4,0.0005451571159700015,178154,"Zipf formula, not realized key frequency"
WO1-03-tuned,O1,tuned,0.6,5,1000000,10,none,95,100,48,1000,1,6,ok,6,4,0.000496996821847876,178154,"Zipf formula, not realized key frequency"
WO1-03-tuned,O1,tuned,0.6,5,1000000,10,none,95,100,48,1000,1,7,ok,8,4,0.00045873137350436533,178154,"Zipf formula, not realized key frequency"
WO1-03-tuned,O1,tuned,0.6,5,1000000,10,none,95,100,48,1000,2,0,ok,18,4,0.0015973954224233198,178154,"Zipf formula, not realized key frequency"
WO1-03-tuned,O1,tuned,0.6,5,1000000,10,none,95,100,48,1000,2,1,ok,10,4,0.0010538879482599897,178154,"Zipf formula, not realized key frequency"
WO1-03-tuned,O1,tuned,0.6,5,1000000,10,none,95,100,48,1000,2,2,ok,8,4,0.0008263036720267617,178154,"Zipf formula, not realized key frequency"
WO1-03-tuned,O1,tuned,0.6,5,1000000,10,none,95,100,48,1000,2,3,ok,7,4,0.0006953067423986355,178154,"Zipf formula, not realized key frequency"
WO1-03-tuned,O1,tuned,0.6,5,1000000,10,none,95,100,48,1000,2,4,ok,8,4,0.0006081776175165734,178154,"Zipf formula, not realized key frequency"
WO1-03-tuned,O1,tuned,0.6,5,1000000,10,none,95,100,48,1000,2,5,ok,4,4,0.0005451571159700015,178154,"Zipf formula, not realized key frequency"
WO1-03-tuned,O1,tuned,0.6,5,1000000,10,none,95,100,48,1000,2,6,ok,5,4,0.000496996821847876,178154,"Zipf formula, not realized key frequency"
WO1-03-tuned,O1,tuned,0.6,5,1000000,10,none,95,100,48,1000,2,7,ok,4,4,0.00045873137350436533,178154,"Zipf formula, not realized key frequency"
WO1-04-best100,O1,best100,0.6,50,10000,100,batchR,0,4,24,1000,1,0,ok,126263,78645,0.010248408960258042,1856,"Zipf formula, not realized key frequency"
WO1-04-best100,O1,best100,0.6,50,10000,100,batchR,0,4,24,1000,1,1,ok,90708,78645,0.006761428347948149,1856,"Zipf formula, not realized key frequency"
WO1-04-best100,O1,best100,0.6,50,10000,100,batchR,0,4,24,1000,1,2,ok,82060,78645,0.0053013160282169855,1856,"Zipf formula, not realized key frequency"
WO1-04-best100,O1,best100,0.6,50,10000,100,batchR,0,4,24,1000,1,3,ok,69192,78645,0.0044608790966208425,1856,"Zipf formula, not realized key frequency"
WO1-04-best100,O1,best100,0.6,50,10000,100,batchR,0,4,24,1000,1,4,ok,60206,78645,0.0039018848165532647,1856,"Zipf formula, not realized key frequency"
WO1-04-best100,O1,best100,0.6,50,10000,100,batchR,0,4,24,1000,1,5,ok,53511,78645,0.0034975642183697263,1856,"Zipf formula, not realized key frequency"
WO1-04-best100,O1,best100,0.6,50,10000,100,batchR,0,4,24,1000,1,6,ok,48505,78645,0.0031885822450389823,1856,"Zipf formula, not realized key frequency"
WO1-04-best100,O1,best100,0.6,50,10000,100,batchR,0,4,24,1000,1,7,ok,45744,78645,0.002943082628496322,1856,"Zipf formula, not realized key frequency"
WO1-04-best100,O1,best100,0.6,50,10000,100,batchR,0,4,24,1000,2,0,ok,128015,78973,0.010248408960258042,1856,"Zipf formula, not realized key frequency"
WO1-04-best100,O1,best100,0.6,50,10000,100,batchR,0,4,24,1000,2,1,ok,90961,78973,0.006761428347948149,1856,"Zipf formula, not realized key frequency"
WO1-04-best100,O1,best100,0.6,50,10000,100,batchR,0,4,24,1000,2,2,ok,83089,78973,0.0053013160282169855,1856,"Zipf formula, not realized key frequency"
WO1-04-best100,O1,best100,0.6,50,10000,100,batchR,0,4,24,1000,2,3,ok,69565,78973,0.0044608790966208425,1856,"Zipf formula, not realized key frequency"
WO1-04-best100,O1,best100,0.6,50,10000,100,batchR,0,4,24,1000,2,4,ok,60612,78973,0.0039018848165532647,1856,"Zipf formula, not realized key frequency"
WO1-04-best100,O1,best100,0.6,50,10000,100,batchR,0,4,24,1000,2,5,ok,53740,78973,0.0034975642183697263,1856,"Zipf formula, not realized key frequency"
WO1-04-best100,O1,best100,0.6,50,10000,100,batchR,0,4,24,1000,2,6,ok,49302,78973,0.0031885822450389823,1856,"Zipf formula, not realized key frequency"
WO1-04-best100,O1,best100,0.6,50,10000,100,batchR,0,4,24,1000,2,7,ok,45499,78973,0.002943082628496322,1856,"Zipf formula, not realized key frequency"
WO1-04-default,O1,default,0.6,50,10000,100,batchR,0,4,24,1000,1,0,ok,64996,36598,0.010248408960258042,1856,"Zipf formula, not realized key frequency"
WO1-04-default,O1,default,0.6,50,10000,100,batchR,0,4,24,1000,1,1,ok,47034,36598,0.006761428347948149,1856,"Zipf formula, not realized key frequency"
WO1-04-default,O1,default,0.6,50,10000,100,batchR,0,4,24,1000,1,2,ok,41635,36598,0.0053013160282169855,1856,"Zipf formula, not realized key frequency"
WO1-04-default,O1,default,0.6,50,10000,100,batchR,0,4,24,1000,1,3,ok,34911,36598,0.0044608790966208425,1856,"Zipf formula, not realized key frequency"
WO1-04-default,O1,default,0.6,50,10000,100,batchR,0,4,24,1000,1,4,ok,31248,36598,0.0039018848165532647,1856,"Zipf formula, not realized key frequency"
WO1-04-default,O1,default,0.6,50,10000,100,batchR,0,4,24,1000,1,5,ok,27285,36598,0.0034975642183697263,1856,"Zipf formula, not realized key frequency"
WO1-04-default,O1,default,0.6,50,10000,100,batchR,0,4,24,1000,1,6,ok,24700,36598,0.0031885822450389823,1856,"Zipf formula, not realized key frequency"
WO1-04-default,O1,default,0.6,50,10000,100,batchR,0,4,24,1000,1,7,ok,23346,36598,0.002943082628496322,1856,"Zipf formula, not realized key frequency"
WO1-04-default,O1,default,0.6,50,10000,100,batchR,0,4,24,1000,2,0,ok,64269,34901,0.010248408960258042,1856,"Zipf formula, not realized key frequency"
WO1-04-default,O1,default,0.6,50,10000,100,batchR,0,4,24,1000,2,1,ok,46595,34901,0.006761428347948149,1856,"Zipf formula, not realized key frequency"
WO1-04-default,O1,default,0.6,50,10000,100,batchR,0,4,24,1000,2,2,ok,41834,34901,0.0053013160282169855,1856,"Zipf formula, not realized key frequency"
WO1-04-default,O1,default,0.6,50,10000,100,batchR,0,4,24,1000,2,3,ok,35418,34901,0.0044608790966208425,1856,"Zipf formula, not realized key frequency"
WO1-04-default,O1,default,0.6,50,10000,100,batchR,0,4,24,1000,2,4,ok,30288,34901,0.0039018848165532647,1856,"Zipf formula, not realized key frequency"
WO1-04-default,O1,default,0.6,50,10000,100,batchR,0,4,24,1000,2,5,ok,27175,34901,0.0034975642183697263,1856,"Zipf formula, not realized key frequency"
WO1-04-default,O1,default,0.6,50,10000,100,batchR,0,4,24,1000,2,6,ok,24724,34901,0.0031885822450389823,1856,"Zipf formula, not realized key frequency"
WO1-04-default,O1,default,0.6,50,10000,100,batchR,0,4,24,1000,2,7,ok,23326,34901,0.002943082628496322,1856,"Zipf formula, not realized key frequency"
WO1-05-best100,O1,best100,0.6,50,100000,100,batchR,50,1000,48,10,1,0,ok,11287,3758,0.004031480402492182,18025,"Zipf formula, not realized key frequency"
WO1-05-best100,O1,best100,0.6,50,100000,100,batchR,50,1000,48,10,1,1,ok,7834,3758,0.0026597851416071635,18025,"Zipf formula, not realized key frequency"
WO1-05-best100,O1,best100,0.6,50,100000,100,batchR,50,1000,48,10,1,2,ok,6687,3758,0.0020854116729780024,18025,"Zipf formula, not realized key frequency"
WO1-05-best100,O1,best100,0.6,50,100000,100,batchR,50,1000,48,10,1,3,ok,5525,3758,0.0017548037676534275,18025,"Zipf formula, not realized key frequency"
WO1-05-best100,O1,best100,0.6,50,100000,100,batchR,50,1000,48,10,1,4,ok,4813,3758,0.001534908709412024,18025,"Zipf formula, not realized key frequency"
WO1-05-best100,O1,best100,0.6,50,100000,100,batchR,50,1000,48,10,1,5,ok,4353,3758,0.001375858599856305,18025,"Zipf formula, not realized key frequency"
WO1-05-best100,O1,best100,0.6,50,100000,100,batchR,50,1000,48,10,1,6,ok,3933,3758,0.0012543124383948784,18025,"Zipf formula, not realized key frequency"
WO1-05-best100,O1,best100,0.6,50,100000,100,batchR,50,1000,48,10,1,7,ok,3548,3758,0.0011577387266363888,18025,"Zipf formula, not realized key frequency"
WO1-05-best100,O1,best100,0.6,50,100000,100,batchR,50,1000,48,10,2,0,ok,11072,3741,0.004031480402492182,18025,"Zipf formula, not realized key frequency"
WO1-05-best100,O1,best100,0.6,50,100000,100,batchR,50,1000,48,10,2,1,ok,7774,3741,0.0026597851416071635,18025,"Zipf formula, not realized key frequency"
WO1-05-best100,O1,best100,0.6,50,100000,100,batchR,50,1000,48,10,2,2,ok,7014,3741,0.0020854116729780024,18025,"Zipf formula, not realized key frequency"
WO1-05-best100,O1,best100,0.6,50,100000,100,batchR,50,1000,48,10,2,3,ok,5685,3741,0.0017548037676534275,18025,"Zipf formula, not realized key frequency"
WO1-05-best100,O1,best100,0.6,50,100000,100,batchR,50,1000,48,10,2,4,ok,4819,3741,0.001534908709412024,18025,"Zipf formula, not realized key frequency"
WO1-05-best100,O1,best100,0.6,50,100000,100,batchR,50,1000,48,10,2,5,ok,4135,3741,0.001375858599856305,18025,"Zipf formula, not realized key frequency"
WO1-05-best100,O1,best100,0.6,50,100000,100,batchR,50,1000,48,10,2,6,ok,3971,3741,0.0012543124383948784,18025,"Zipf formula, not realized key frequency"
WO1-05-best100,O1,best100,0.6,50,100000,100,batchR,50,1000,48,10,2,7,ok,3690,3741,0.0011577387266363888,18025,"Zipf formula, not realized key frequency"
WO1-05-default,O1,default,0.6,50,100000,100,batchR,50,1000,48,10,1,0,ok,14004,4680,0.004031480402492182,18025,"Zipf formula, not realized key frequency"
WO1-05-default,O1,default,0.6,50,100000,100,batchR,50,1000,48,10,1,1,ok,9759,4680,0.0026597851416071635,18025,"Zipf formula, not realized key frequency"
WO1-05-default,O1,default,0.6,50,100000,100,batchR,50,1000,48,10,1,2,ok,8482,4680,0.0020854116729780024,18025,"Zipf formula, not realized key frequency"
WO1-05-default,O1,default,0.6,50,100000,100,batchR,50,1000,48,10,1,3,ok,6982,4680,0.0017548037676534275,18025,"Zipf formula, not realized key frequency"
WO1-05-default,O1,default,0.6,50,100000,100,batchR,50,1000,48,10,1,4,ok,6131,4680,0.001534908709412024,18025,"Zipf formula, not realized key frequency"
WO1-05-default,O1,default,0.6,50,100000,100,batchR,50,1000,48,10,1,5,ok,5407,4680,0.001375858599856305,18025,"Zipf formula, not realized key frequency"
WO1-05-default,O1,default,0.6,50,100000,100,batchR,50,1000,48,10,1,6,ok,4798,4680,0.0012543124383948784,18025,"Zipf formula, not realized key frequency"
WO1-05-default,O1,default,0.6,50,100000,100,batchR,50,1000,48,10,1,7,ok,4687,4680,0.0011577387266363888,18025,"Zipf formula, not realized key frequency"
WO1-05-default,O1,default,0.6,50,100000,100,batchR,50,1000,48,10,2,0,ok,13987,4757,0.004031480402492182,18025,"Zipf formula, not realized key frequency"
WO1-05-default,O1,default,0.6,50,100000,100,batchR,50,1000,48,10,2,1,ok,9702,4757,0.0026597851416071635,18025,"Zipf formula, not realized key frequency"
WO1-05-default,O1,default,0.6,50,100000,100,batchR,50,1000,48,10,2,2,ok,8747,4757,0.0020854116729780024,18025,"Zipf formula, not realized key frequency"
WO1-05-default,O1,default,0.6,50,100000,100,batchR,50,1000,48,10,2,3,ok,7103,4757,0.0017548037676534275,18025,"Zipf formula, not realized key frequency"
WO1-05-default,O1,default,0.6,50,100000,100,batchR,50,1000,48,10,2,4,ok,6318,4757,0.001534908709412024,18025,"Zipf formula, not realized key frequency"
WO1-05-default,O1,default,0.6,50,100000,100,batchR,50,1000,48,10,2,5,ok,5414,4757,0.001375858599856305,18025,"Zipf formula, not realized key frequency"
WO1-05-default,O1,default,0.6,50,100000,100,batchR,50,1000,48,10,2,6,ok,5097,4757,0.0012543124383948784,18025,"Zipf formula, not realized key frequency"
WO1-05-default,O1,default,0.6,50,100000,100,batchR,50,1000,48,10,2,7,ok,4583,4757,0.0011577387266363888,18025,"Zipf formula, not realized key frequency"
WO1-06-best100,O1,best100,0.6,50,1000000,100,batchR,95,100,12,100000,1,0,ok,1326,385,0.0015973954224233198,178154,"Zipf formula, not realized key frequency"
WO1-06-best100,O1,best100,0.6,50,1000000,100,batchR,95,100,12,100000,1,1,ok,827,385,0.0010538879482599897,178154,"Zipf formula, not realized key frequency"
WO1-06-best100,O1,best100,0.6,50,1000000,100,batchR,95,100,12,100000,1,2,ok,709,385,0.0008263036720267617,178154,"Zipf formula, not realized key frequency"
WO1-06-best100,O1,best100,0.6,50,1000000,100,batchR,95,100,12,100000,1,3,ok,621,385,0.0006953067423986355,178154,"Zipf formula, not realized key frequency"
WO1-06-best100,O1,best100,0.6,50,1000000,100,batchR,95,100,12,100000,1,4,ok,576,385,0.0006081776175165734,178154,"Zipf formula, not realized key frequency"
WO1-06-best100,O1,best100,0.6,50,1000000,100,batchR,95,100,12,100000,1,5,ok,464,385,0.0005451571159700015,178154,"Zipf formula, not realized key frequency"
WO1-06-best100,O1,best100,0.6,50,1000000,100,batchR,95,100,12,100000,1,6,ok,443,385,0.000496996821847876,178154,"Zipf formula, not realized key frequency"
WO1-06-best100,O1,best100,0.6,50,1000000,100,batchR,95,100,12,100000,1,7,ok,393,385,0.00045873137350436533,178154,"Zipf formula, not realized key frequency"
WO1-06-best100,O1,best100,0.6,50,1000000,100,batchR,95,100,12,100000,2,0,ok,1251,410,0.0015973954224233198,178154,"Zipf formula, not realized key frequency"
WO1-06-best100,O1,best100,0.6,50,1000000,100,batchR,95,100,12,100000,2,1,ok,871,410,0.0010538879482599897,178154,"Zipf formula, not realized key frequency"
WO1-06-best100,O1,best100,0.6,50,1000000,100,batchR,95,100,12,100000,2,2,ok,766,410,0.0008263036720267617,178154,"Zipf formula, not realized key frequency"
WO1-06-best100,O1,best100,0.6,50,1000000,100,batchR,95,100,12,100000,2,3,ok,666,410,0.0006953067423986355,178154,"Zipf formula, not realized key frequency"
WO1-06-best100,O1,best100,0.6,50,1000000,100,batchR,95,100,12,100000,2,4,ok,582,410,0.0006081776175165734,178154,"Zipf formula, not realized key frequency"
WO1-06-best100,O1,best100,0.6,50,1000000,100,batchR,95,100,12,100000,2,5,ok,449,410,0.0005451571159700015,178154,"Zipf formula, not realized key frequency"
WO1-06-best100,O1,best100,0.6,50,1000000,100,batchR,95,100,12,100000,2,6,ok,421,410,0.000496996821847876,178154,"Zipf formula, not realized key frequency"
WO1-06-best100,O1,best100,0.6,50,1000000,100,batchR,95,100,12,100000,2,7,ok,386,410,0.00045873137350436533,178154,"Zipf formula, not realized key frequency"
WO1-06-default,O1,default,0.6,50,1000000,100,batchR,95,100,12,100000,1,0,ok,1356,398,0.0015973954224233198,178154,"Zipf formula, not realized key frequency"
WO1-06-default,O1,default,0.6,50,1000000,100,batchR,95,100,12,100000,1,1,ok,854,398,0.0010538879482599897,178154,"Zipf formula, not realized key frequency"
WO1-06-default,O1,default,0.6,50,1000000,100,batchR,95,100,12,100000,1,2,ok,766,398,0.0008263036720267617,178154,"Zipf formula, not realized key frequency"
WO1-06-default,O1,default,0.6,50,1000000,100,batchR,95,100,12,100000,1,3,ok,627,398,0.0006953067423986355,178154,"Zipf formula, not realized key frequency"
WO1-06-default,O1,default,0.6,50,1000000,100,batchR,95,100,12,100000,1,4,ok,603,398,0.0006081776175165734,178154,"Zipf formula, not realized key frequency"
WO1-06-default,O1,default,0.6,50,1000000,100,batchR,95,100,12,100000,1,5,ok,499,398,0.0005451571159700015,178154,"Zipf formula, not realized key frequency"
WO1-06-default,O1,default,0.6,50,1000000,100,batchR,95,100,12,100000,1,6,ok,445,398,0.000496996821847876,178154,"Zipf formula, not realized key frequency"
WO1-06-default,O1,default,0.6,50,1000000,100,batchR,95,100,12,100000,1,7,ok,415,398,0.00045873137350436533,178154,"Zipf formula, not realized key frequency"
WO1-06-default,O1,default,0.6,50,1000000,100,batchR,95,100,12,100000,2,0,ok,1280,383,0.0015973954224233198,178154,"Zipf formula, not realized key frequency"
WO1-06-default,O1,default,0.6,50,1000000,100,batchR,95,100,12,100000,2,1,ok,894,383,0.0010538879482599897,178154,"Zipf formula, not realized key frequency"
WO1-06-default,O1,default,0.6,50,1000000,100,batchR,95,100,12,100000,2,2,ok,813,383,0.0008263036720267617,178154,"Zipf formula, not realized key frequency"
WO1-06-default,O1,default,0.6,50,1000000,100,batchR,95,100,12,100000,2,3,ok,650,383,0.0006953067423986355,178154,"Zipf formula, not realized key frequency"
WO1-06-default,O1,default,0.6,50,1000000,100,batchR,95,100,12,100000,2,4,ok,574,383,0.0006081776175165734,178154,"Zipf formula, not realized key frequency"
WO1-06-default,O1,default,0.6,50,1000000,100,batchR,95,100,12,100000,2,5,ok,490,383,0.0005451571159700015,178154,"Zipf formula, not realized key frequency"
WO1-06-default,O1,default,0.6,50,1000000,100,batchR,95,100,12,100000,2,6,ok,425,383,0.000496996821847876,178154,"Zipf formula, not realized key frequency"
WO1-06-default,O1,default,0.6,50,1000000,100,batchR,95,100,12,100000,2,7,ok,404,383,0.00045873137350436533,178154,"Zipf formula, not realized key frequency"
WO1-07-best100,O1,best100,0.6,95,10000,1000,batchU,0,4,48,100000,1,0,ok,498,280,0.010248408960258042,1856,"Zipf formula, not realized key frequency"
WO1-07-best100,O1,best100,0.6,95,10000,1000,batchU,0,4,48,100000,1,1,ok,332,280,0.006761428347948149,1856,"Zipf formula, not realized key frequency"
WO1-07-best100,O1,best100,0.6,95,10000,1000,batchU,0,4,48,100000,1,2,ok,335,280,0.0053013160282169855,1856,"Zipf formula, not realized key frequency"
WO1-07-best100,O1,best100,0.6,95,10000,1000,batchU,0,4,48,100000,1,3,ok,330,280,0.0044608790966208425,1856,"Zipf formula, not realized key frequency"
WO1-07-best100,O1,best100,0.6,95,10000,1000,batchU,0,4,48,100000,1,4,ok,211,280,0.0039018848165532647,1856,"Zipf formula, not realized key frequency"
WO1-07-best100,O1,best100,0.6,95,10000,1000,batchU,0,4,48,100000,1,5,ok,186,280,0.0034975642183697263,1856,"Zipf formula, not realized key frequency"
WO1-07-best100,O1,best100,0.6,95,10000,1000,batchU,0,4,48,100000,1,6,ok,132,280,0.0031885822450389823,1856,"Zipf formula, not realized key frequency"
WO1-07-best100,O1,best100,0.6,95,10000,1000,batchU,0,4,48,100000,1,7,ok,128,280,0.002943082628496322,1856,"Zipf formula, not realized key frequency"
WO1-07-best100,O1,best100,0.6,95,10000,1000,batchU,0,4,48,100000,2,0,ok,341,128,0.010248408960258042,1856,"Zipf formula, not realized key frequency"
WO1-07-best100,O1,best100,0.6,95,10000,1000,batchU,0,4,48,100000,2,1,ok,192,128,0.006761428347948149,1856,"Zipf formula, not realized key frequency"
WO1-07-best100,O1,best100,0.6,95,10000,1000,batchU,0,4,48,100000,2,2,ok,231,128,0.0053013160282169855,1856,"Zipf formula, not realized key frequency"
WO1-07-best100,O1,best100,0.6,95,10000,1000,batchU,0,4,48,100000,2,3,ok,130,128,0.0044608790966208425,1856,"Zipf formula, not realized key frequency"
WO1-07-best100,O1,best100,0.6,95,10000,1000,batchU,0,4,48,100000,2,4,ok,241,128,0.0039018848165532647,1856,"Zipf formula, not realized key frequency"
WO1-07-best100,O1,best100,0.6,95,10000,1000,batchU,0,4,48,100000,2,5,ok,95,128,0.0034975642183697263,1856,"Zipf formula, not realized key frequency"
WO1-07-best100,O1,best100,0.6,95,10000,1000,batchU,0,4,48,100000,2,6,ok,120,128,0.0031885822450389823,1856,"Zipf formula, not realized key frequency"
WO1-07-best100,O1,best100,0.6,95,10000,1000,batchU,0,4,48,100000,2,7,ok,132,128,0.002943082628496322,1856,"Zipf formula, not realized key frequency"
WO1-07-default,O1,default,0.6,95,10000,1000,batchU,0,4,48,100000,1,0,ok,481,190,0.010248408960258042,1856,"Zipf formula, not realized key frequency"
WO1-07-default,O1,default,0.6,95,10000,1000,batchU,0,4,48,100000,1,1,ok,314,190,0.006761428347948149,1856,"Zipf formula, not realized key frequency"
WO1-07-default,O1,default,0.6,95,10000,1000,batchU,0,4,48,100000,1,2,ok,371,190,0.0053013160282169855,1856,"Zipf formula, not realized key frequency"
WO1-07-default,O1,default,0.6,95,10000,1000,batchU,0,4,48,100000,1,3,ok,173,190,0.0044608790966208425,1856,"Zipf formula, not realized key frequency"
WO1-07-default,O1,default,0.6,95,10000,1000,batchU,0,4,48,100000,1,4,ok,210,190,0.0039018848165532647,1856,"Zipf formula, not realized key frequency"
WO1-07-default,O1,default,0.6,95,10000,1000,batchU,0,4,48,100000,1,5,ok,187,190,0.0034975642183697263,1856,"Zipf formula, not realized key frequency"
WO1-07-default,O1,default,0.6,95,10000,1000,batchU,0,4,48,100000,1,6,ok,169,190,0.0031885822450389823,1856,"Zipf formula, not realized key frequency"
WO1-07-default,O1,default,0.6,95,10000,1000,batchU,0,4,48,100000,1,7,ok,137,190,0.002943082628496322,1856,"Zipf formula, not realized key frequency"
WO1-07-default,O1,default,0.6,95,10000,1000,batchU,0,4,48,100000,2,0,ok,512,158,0.010248408960258042,1856,"Zipf formula, not realized key frequency"
WO1-07-default,O1,default,0.6,95,10000,1000,batchU,0,4,48,100000,2,1,ok,249,158,0.006761428347948149,1856,"Zipf formula, not realized key frequency"
WO1-07-default,O1,default,0.6,95,10000,1000,batchU,0,4,48,100000,2,2,ok,384,158,0.0053013160282169855,1856,"Zipf formula, not realized key frequency"
WO1-07-default,O1,default,0.6,95,10000,1000,batchU,0,4,48,100000,2,3,ok,294,158,0.0044608790966208425,1856,"Zipf formula, not realized key frequency"
WO1-07-default,O1,default,0.6,95,10000,1000,batchU,0,4,48,100000,2,4,ok,240,158,0.0039018848165532647,1856,"Zipf formula, not realized key frequency"
WO1-07-default,O1,default,0.6,95,10000,1000,batchU,0,4,48,100000,2,5,ok,305,158,0.0034975642183697263,1856,"Zipf formula, not realized key frequency"
WO1-07-default,O1,default,0.6,95,10000,1000,batchU,0,4,48,100000,2,6,ok,207,158,0.0031885822450389823,1856,"Zipf formula, not realized key frequency"
WO1-07-default,O1,default,0.6,95,10000,1000,batchU,0,4,48,100000,2,7,ok,193,158,0.002943082628496322,1856,"Zipf formula, not realized key frequency"
WO1-08-best100,O1,best100,0.6,95,100000,1000,batchU,50,1000,12,1000,1,0,ok,18,6,0.004031480402492182,18025,"Zipf formula, not realized key frequency"
WO1-08-best100,O1,best100,0.6,95,100000,1000,batchU,50,1000,12,1000,1,1,ok,10,6,0.0026597851416071635,18025,"Zipf formula, not realized key frequency"
WO1-08-best100,O1,best100,0.6,95,100000,1000,batchU,50,1000,12,1000,1,2,ok,12,6,0.0020854116729780024,18025,"Zipf formula, not realized key frequency"
WO1-08-best100,O1,best100,0.6,95,100000,1000,batchU,50,1000,12,1000,1,3,ok,10,6,0.0017548037676534275,18025,"Zipf formula, not realized key frequency"
WO1-08-best100,O1,best100,0.6,95,100000,1000,batchU,50,1000,12,1000,1,4,ok,6,6,0.001534908709412024,18025,"Zipf formula, not realized key frequency"
WO1-08-best100,O1,best100,0.6,95,100000,1000,batchU,50,1000,12,1000,1,5,ok,1,6,0.001375858599856305,18025,"Zipf formula, not realized key frequency"
WO1-08-best100,O1,best100,0.6,95,100000,1000,batchU,50,1000,12,1000,1,6,ok,21,6,0.0012543124383948784,18025,"Zipf formula, not realized key frequency"
WO1-08-best100,O1,best100,0.6,95,100000,1000,batchU,50,1000,12,1000,1,7,ok,11,6,0.0011577387266363888,18025,"Zipf formula, not realized key frequency"
WO1-08-best100,O1,best100,0.6,95,100000,1000,batchU,50,1000,12,1000,2,0,ok,30,5,0.004031480402492182,18025,"Zipf formula, not realized key frequency"
WO1-08-best100,O1,best100,0.6,95,100000,1000,batchU,50,1000,12,1000,2,1,ok,4,5,0.0026597851416071635,18025,"Zipf formula, not realized key frequency"
WO1-08-best100,O1,best100,0.6,95,100000,1000,batchU,50,1000,12,1000,2,2,ok,11,5,0.0020854116729780024,18025,"Zipf formula, not realized key frequency"
WO1-08-best100,O1,best100,0.6,95,100000,1000,batchU,50,1000,12,1000,2,3,ok,2,5,0.0017548037676534275,18025,"Zipf formula, not realized key frequency"
WO1-08-best100,O1,best100,0.6,95,100000,1000,batchU,50,1000,12,1000,2,4,ok,13,5,0.001534908709412024,18025,"Zipf formula, not realized key frequency"
WO1-08-best100,O1,best100,0.6,95,100000,1000,batchU,50,1000,12,1000,2,5,ok,10,5,0.001375858599856305,18025,"Zipf formula, not realized key frequency"
WO1-08-best100,O1,best100,0.6,95,100000,1000,batchU,50,1000,12,1000,2,6,ok,1,5,0.0012543124383948784,18025,"Zipf formula, not realized key frequency"
WO1-08-best100,O1,best100,0.6,95,100000,1000,batchU,50,1000,12,1000,2,7,ok,1,5,0.0011577387266363888,18025,"Zipf formula, not realized key frequency"
WO1-08-default,O1,default,0.6,95,100000,1000,batchU,50,1000,12,1000,1,0,ok,9,4,0.004031480402492182,18025,"Zipf formula, not realized key frequency"
WO1-08-default,O1,default,0.6,95,100000,1000,batchU,50,1000,12,1000,1,1,ok,1,4,0.0026597851416071635,18025,"Zipf formula, not realized key frequency"
WO1-08-default,O1,default,0.6,95,100000,1000,batchU,50,1000,12,1000,1,2,ok,17,4,0.0020854116729780024,18025,"Zipf formula, not realized key frequency"
WO1-08-default,O1,default,0.6,95,100000,1000,batchU,50,1000,12,1000,1,3,ok,21,4,0.0017548037676534275,18025,"Zipf formula, not realized key frequency"
WO1-08-default,O1,default,0.6,95,100000,1000,batchU,50,1000,12,1000,1,4,ok,9,4,0.001534908709412024,18025,"Zipf formula, not realized key frequency"
WO1-08-default,O1,default,0.6,95,100000,1000,batchU,50,1000,12,1000,1,5,ok,9,4,0.001375858599856305,18025,"Zipf formula, not realized key frequency"
WO1-08-default,O1,default,0.6,95,100000,1000,batchU,50,1000,12,1000,1,6,ok,4,4,0.0012543124383948784,18025,"Zipf formula, not realized key frequency"
WO1-08-default,O1,default,0.6,95,100000,1000,batchU,50,1000,12,1000,1,7,ok,1,4,0.0011577387266363888,18025,"Zipf formula, not realized key frequency"
WO1-08-default,O1,default,0.6,95,100000,1000,batchU,50,1000,12,1000,2,0,ok,7,3,0.004031480402492182,18025,"Zipf formula, not realized key frequency"
WO1-08-default,O1,default,0.6,95,100000,1000,batchU,50,1000,12,1000,2,1,ok,23,3,0.0026597851416071635,18025,"Zipf formula, not realized key frequency"
WO1-08-default,O1,default,0.6,95,100000,1000,batchU,50,1000,12,1000,2,2,ok,8,3,0.0020854116729780024,18025,"Zipf formula, not realized key frequency"
WO1-08-default,O1,default,0.6,95,100000,1000,batchU,50,1000,12,1000,2,3,ok,3,3,0.0017548037676534275,18025,"Zipf formula, not realized key frequency"
WO1-08-default,O1,default,0.6,95,100000,1000,batchU,50,1000,12,1000,2,4,ok,13,3,0.001534908709412024,18025,"Zipf formula, not realized key frequency"
WO1-08-default,O1,default,0.6,95,100000,1000,batchU,50,1000,12,1000,2,5,ok,1,3,0.001375858599856305,18025,"Zipf formula, not realized key frequency"
WO1-08-default,O1,default,0.6,95,100000,1000,batchU,50,1000,12,1000,2,6,ok,1,3,0.0012543124383948784,18025,"Zipf formula, not realized key frequency"
WO1-08-default,O1,default,0.6,95,100000,1000,batchU,50,1000,12,1000,2,7,ok,5,3,0.0011577387266363888,18025,"Zipf formula, not realized key frequency"
WO1-09-best100,O1,best100,0.6,95,1000000,1000,batchU,95,100,24,10,1,0,ok,16,7,0.0015973954224233198,178154,"Zipf formula, not realized key frequency"
WO1-09-best100,O1,best100,0.6,95,1000000,1000,batchU,95,100,24,10,1,1,ok,15,7,0.0010538879482599897,178154,"Zipf formula, not realized key frequency"
WO1-09-best100,O1,best100,0.6,95,1000000,1000,batchU,95,100,24,10,1,2,ok,19,7,0.0008263036720267617,178154,"Zipf formula, not realized key frequency"
WO1-09-best100,O1,best100,0.6,95,1000000,1000,batchU,95,100,24,10,1,3,ok,6,7,0.0006953067423986355,178154,"Zipf formula, not realized key frequency"
WO1-09-best100,O1,best100,0.6,95,1000000,1000,batchU,95,100,24,10,1,4,ok,1,7,0.0006081776175165734,178154,"Zipf formula, not realized key frequency"
WO1-09-best100,O1,best100,0.6,95,1000000,1000,batchU,95,100,24,10,1,5,ok,4,7,0.0005451571159700015,178154,"Zipf formula, not realized key frequency"
WO1-09-best100,O1,best100,0.6,95,1000000,1000,batchU,95,100,24,10,1,6,ok,8,7,0.000496996821847876,178154,"Zipf formula, not realized key frequency"
WO1-09-best100,O1,best100,0.6,95,1000000,1000,batchU,95,100,24,10,1,7,ok,6,7,0.00045873137350436533,178154,"Zipf formula, not realized key frequency"
WO1-09-best100,O1,best100,0.6,95,1000000,1000,batchU,95,100,24,10,2,0,ok,36,10,0.0015973954224233198,178154,"Zipf formula, not realized key frequency"
WO1-09-best100,O1,best100,0.6,95,1000000,1000,batchU,95,100,24,10,2,1,ok,10,10,0.0010538879482599897,178154,"Zipf formula, not realized key frequency"
WO1-09-best100,O1,best100,0.6,95,1000000,1000,batchU,95,100,24,10,2,2,ok,15,10,0.0008263036720267617,178154,"Zipf formula, not realized key frequency"
WO1-09-best100,O1,best100,0.6,95,1000000,1000,batchU,95,100,24,10,2,3,ok,11,10,0.0006953067423986355,178154,"Zipf formula, not realized key frequency"
WO1-09-best100,O1,best100,0.6,95,1000000,1000,batchU,95,100,24,10,2,4,ok,9,10,0.0006081776175165734,178154,"Zipf formula, not realized key frequency"
WO1-09-best100,O1,best100,0.6,95,1000000,1000,batchU,95,100,24,10,2,5,ok,16,10,0.0005451571159700015,178154,"Zipf formula, not realized key frequency"
WO1-09-best100,O1,best100,0.6,95,1000000,1000,batchU,95,100,24,10,2,6,ok,10,10,0.000496996821847876,178154,"Zipf formula, not realized key frequency"
WO1-09-best100,O1,best100,0.6,95,1000000,1000,batchU,95,100,24,10,2,7,ok,6,10,0.00045873137350436533,178154,"Zipf formula, not realized key frequency"
WO1-09-default,O1,default,0.6,95,1000000,1000,batchU,95,100,24,10,1,0,ok,28,15,0.0015973954224233198,178154,"Zipf formula, not realized key frequency"
WO1-09-default,O1,default,0.6,95,1000000,1000,batchU,95,100,24,10,1,1,ok,30,15,0.0010538879482599897,178154,"Zipf formula, not realized key frequency"
WO1-09-default,O1,default,0.6,95,1000000,1000,batchU,95,100,24,10,1,2,ok,19,15,0.0008263036720267617,178154,"Zipf formula, not realized key frequency"
WO1-09-default,O1,default,0.6,95,1000000,1000,batchU,95,100,24,10,1,3,ok,22,15,0.0006953067423986355,178154,"Zipf formula, not realized key frequency"
WO1-09-default,O1,default,0.6,95,1000000,1000,batchU,95,100,24,10,1,4,ok,13,15,0.0006081776175165734,178154,"Zipf formula, not realized key frequency"
WO1-09-default,O1,default,0.6,95,1000000,1000,batchU,95,100,24,10,1,5,ok,17,15,0.0005451571159700015,178154,"Zipf formula, not realized key frequency"
WO1-09-default,O1,default,0.6,95,1000000,1000,batchU,95,100,24,10,1,6,ok,8,15,0.000496996821847876,178154,"Zipf formula, not realized key frequency"
WO1-09-default,O1,default,0.6,95,1000000,1000,batchU,95,100,24,10,1,7,ok,4,15,0.00045873137350436533,178154,"Zipf formula, not realized key frequency"
WO1-09-default,O1,default,0.6,95,1000000,1000,batchU,95,100,24,10,2,0,ok,32,10,0.0015973954224233198,178154,"Zipf formula, not realized key frequency"
WO1-09-default,O1,default,0.6,95,1000000,1000,batchU,95,100,24,10,2,1,ok,17,10,0.0010538879482599897,178154,"Zipf formula, not realized key frequency"
WO1-09-default,O1,default,0.6,95,1000000,1000,batchU,95,100,24,10,2,2,ok,12,10,0.0008263036720267617,178154,"Zipf formula, not realized key frequency"
WO1-09-default,O1,default,0.6,95,1000000,1000,batchU,95,100,24,10,2,3,ok,9,10,0.0006953067423986355,178154,"Zipf formula, not realized key frequency"
WO1-09-default,O1,default,0.6,95,1000000,1000,batchU,95,100,24,10,2,4,ok,7,10,0.0006081776175165734,178154,"Zipf formula, not realized key frequency"
WO1-09-default,O1,default,0.6,95,1000000,1000,batchU,95,100,24,10,2,5,ok,6,10,0.0005451571159700015,178154,"Zipf formula, not realized key frequency"
WO1-09-default,O1,default,0.6,95,1000000,1000,batchU,95,100,24,10,2,6,ok,3,10,0.000496996821847876,178154,"Zipf formula, not realized key frequency"
WO1-09-default,O1,default,0.6,95,1000000,1000,batchU,95,100,24,10,2,7,ok,5,10,0.00045873137350436533,178154,"Zipf formula, not realized key frequency"
WO1-10-best100,O1,best100,0.9,5,10000,100,batchU,50,100,12,10,1,0,ok,385,129,0.06373942958886639,237,"Zipf formula, not realized key frequency"
WO1-10-best100,O1,best100,0.9,5,10000,100,batchU,50,100,12,10,1,1,ok,376,129,0.03415711457527379,237,"Zipf formula, not realized key frequency"
WO1-10-best100,O1,best100,0.9,5,10000,100,batchU,50,100,12,10,1,2,ok,350,129,0.023713684821278704,237,"Zipf formula, not realized key frequency"
WO1-10-best100,O1,best100,0.9,5,10000,100,batchU,50,100,12,10,1,3,ok,335,129,0.018304344479295034,237,"Zipf formula, not realized key frequency"
WO1-10-best100,O1,best100,0.9,5,10000,100,batchU,50,100,12,10,1,4,ok,324,129,0.014973908283341487,237,"Zipf formula, not realized key frequency"
WO1-10-best100,O1,best100,0.9,5,10000,100,batchU,50,100,12,10,1,5,ok,279,129,0.012707849045198106,237,"Zipf formula, not realized key frequency"
WO1-10-best100,O1,best100,0.9,5,10000,100,batchU,50,100,12,10,1,6,ok,254,129,0.011061650603370589,237,"Zipf formula, not realized key frequency"
WO1-10-best100,O1,best100,0.9,5,10000,100,batchU,50,100,12,10,1,7,ok,227,129,0.009809055331015563,237,"Zipf formula, not realized key frequency"
WO1-10-best100,O1,best100,0.9,5,10000,100,batchU,50,100,12,10,2,0,ok,401,144,0.06373942958886639,237,"Zipf formula, not realized key frequency"
WO1-10-best100,O1,best100,0.9,5,10000,100,batchU,50,100,12,10,2,1,ok,384,144,0.03415711457527379,237,"Zipf formula, not realized key frequency"
WO1-10-best100,O1,best100,0.9,5,10000,100,batchU,50,100,12,10,2,2,ok,365,144,0.023713684821278704,237,"Zipf formula, not realized key frequency"
WO1-10-best100,O1,best100,0.9,5,10000,100,batchU,50,100,12,10,2,3,ok,334,144,0.018304344479295034,237,"Zipf formula, not realized key frequency"
WO1-10-best100,O1,best100,0.9,5,10000,100,batchU,50,100,12,10,2,4,ok,329,144,0.014973908283341487,237,"Zipf formula, not realized key frequency"
WO1-10-best100,O1,best100,0.9,5,10000,100,batchU,50,100,12,10,2,5,ok,290,144,0.012707849045198106,237,"Zipf formula, not realized key frequency"
WO1-10-best100,O1,best100,0.9,5,10000,100,batchU,50,100,12,10,2,6,ok,262,144,0.011061650603370589,237,"Zipf formula, not realized key frequency"
WO1-10-best100,O1,best100,0.9,5,10000,100,batchU,50,100,12,10,2,7,ok,285,144,0.009809055331015563,237,"Zipf formula, not realized key frequency"
WO1-10-default,O1,default,0.9,5,10000,100,batchU,50,100,12,10,1,0,ok,45,19,0.06373942958886639,237,"Zipf formula, not realized key frequency"
WO1-10-default,O1,default,0.9,5,10000,100,batchU,50,100,12,10,1,1,ok,52,19,0.03415711457527379,237,"Zipf formula, not realized key frequency"
WO1-10-default,O1,default,0.9,5,10000,100,batchU,50,100,12,10,1,2,ok,44,19,0.023713684821278704,237,"Zipf formula, not realized key frequency"
WO1-10-default,O1,default,0.9,5,10000,100,batchU,50,100,12,10,1,3,ok,42,19,0.018304344479295034,237,"Zipf formula, not realized key frequency"
WO1-10-default,O1,default,0.9,5,10000,100,batchU,50,100,12,10,1,4,ok,32,19,0.014973908283341487,237,"Zipf formula, not realized key frequency"
WO1-10-default,O1,default,0.9,5,10000,100,batchU,50,100,12,10,1,5,ok,36,19,0.012707849045198106,237,"Zipf formula, not realized key frequency"
WO1-10-default,O1,default,0.9,5,10000,100,batchU,50,100,12,10,1,6,ok,45,19,0.011061650603370589,237,"Zipf formula, not realized key frequency"
WO1-10-default,O1,default,0.9,5,10000,100,batchU,50,100,12,10,1,7,ok,31,19,0.009809055331015563,237,"Zipf formula, not realized key frequency"
WO1-10-default,O1,default,0.9,5,10000,100,batchU,50,100,12,10,2,0,ok,80,28,0.06373942958886639,237,"Zipf formula, not realized key frequency"
WO1-10-default,O1,default,0.9,5,10000,100,batchU,50,100,12,10,2,1,ok,74,28,0.03415711457527379,237,"Zipf formula, not realized key frequency"
WO1-10-default,O1,default,0.9,5,10000,100,batchU,50,100,12,10,2,2,ok,77,28,0.023713684821278704,237,"Zipf formula, not realized key frequency"
WO1-10-default,O1,default,0.9,5,10000,100,batchU,50,100,12,10,2,3,ok,68,28,0.018304344479295034,237,"Zipf formula, not realized key frequency"
WO1-10-default,O1,default,0.9,5,10000,100,batchU,50,100,12,10,2,4,ok,65,28,0.014973908283341487,237,"Zipf formula, not realized key frequency"
WO1-10-default,O1,default,0.9,5,10000,100,batchU,50,100,12,10,2,5,ok,50,28,0.012707849045198106,237,"Zipf formula, not realized key frequency"
WO1-10-default,O1,default,0.9,5,10000,100,batchU,50,100,12,10,2,6,ok,54,28,0.011061650603370589,237,"Zipf formula, not realized key frequency"
WO1-10-default,O1,default,0.9,5,10000,100,batchU,50,100,12,10,2,7,ok,62,28,0.009809055331015563,237,"Zipf formula, not realized key frequency"
WO1-11-best100,O1,best100,0.9,5,100000,100,batchU,95,4,24,100000,1,0,ok,1169,465,0.04505990589609496,1328,"Zipf formula, not realized key frequency"
WO1-11-best100,O1,best100,0.9,5,100000,100,batchU,95,4,24,100000,1,1,ok,1047,465,0.024147005681908612,1328,"Zipf formula, not realized key frequency"
WO1-11-best100,O1,best100,0.9,5,100000,100,batchU,95,4,24,100000,1,2,ok,970,465,0.01676413506347285,1328,"Zipf formula, not realized key frequency"
WO1-11-best100,O1,best100,0.9,5,100000,100,batchU,95,4,24,100000,1,3,ok,880,465,0.012940059944791367,1328,"Zipf formula, not realized key frequency"
WO1-11-best100,O1,best100,0.9,5,100000,100,batchU,95,4,24,100000,1,4,ok,832,465,0.01058564380786333,1328,"Zipf formula, not realized key frequency"
WO1-11-best100,O1,best100,0.9,5,100000,100,batchU,95,4,24,100000,1,5,ok,728,465,0.008983677541702187,1328,"Zipf formula, not realized key frequency"
WO1-11-best100,O1,best100,0.9,5,100000,100,batchU,95,4,24,100000,1,6,ok,656,465,0.007819915215093558,1328,"Zipf formula, not realized key frequency"
WO1-11-best100,O1,best100,0.9,5,100000,100,batchU,95,4,24,100000,1,7,ok,578,465,0.00693440642622812,1328,"Zipf formula, not realized key frequency"
WO1-11-best100,O1,best100,0.9,5,100000,100,batchU,95,4,24,100000,2,0,ok,1604,680,0.04505990589609496,1328,"Zipf formula, not realized key frequency"
WO1-11-best100,O1,best100,0.9,5,100000,100,batchU,95,4,24,100000,2,1,ok,1461,680,0.024147005681908612,1328,"Zipf formula, not realized key frequency"
WO1-11-best100,O1,best100,0.9,5,100000,100,batchU,95,4,24,100000,2,2,ok,1382,680,0.01676413506347285,1328,"Zipf formula, not realized key frequency"
WO1-11-best100,O1,best100,0.9,5,100000,100,batchU,95,4,24,100000,2,3,ok,1218,680,0.012940059944791367,1328,"Zipf formula, not realized key frequency"
WO1-11-best100,O1,best100,0.9,5,100000,100,batchU,95,4,24,100000,2,4,ok,1013,680,0.01058564380786333,1328,"Zipf formula, not realized key frequency"
WO1-11-best100,O1,best100,0.9,5,100000,100,batchU,95,4,24,100000,2,5,ok,975,680,0.008983677541702187,1328,"Zipf formula, not realized key frequency"
WO1-11-best100,O1,best100,0.9,5,100000,100,batchU,95,4,24,100000,2,6,ok,869,680,0.007819915215093558,1328,"Zipf formula, not realized key frequency"
WO1-11-best100,O1,best100,0.9,5,100000,100,batchU,95,4,24,100000,2,7,ok,839,680,0.00693440642622812,1328,"Zipf formula, not realized key frequency"
WO1-11-default,O1,default,0.9,5,100000,100,batchU,95,4,24,100000,1,0,ok,1599,525,0.04505990589609496,1328,"Zipf formula, not realized key frequency"
WO1-11-default,O1,default,0.9,5,100000,100,batchU,95,4,24,100000,1,1,ok,1449,525,0.024147005681908612,1328,"Zipf formula, not realized key frequency"
WO1-11-default,O1,default,0.9,5,100000,100,batchU,95,4,24,100000,1,2,ok,1360,525,0.01676413506347285,1328,"Zipf formula, not realized key frequency"
WO1-11-default,O1,default,0.9,5,100000,100,batchU,95,4,24,100000,1,3,ok,1209,525,0.012940059944791367,1328,"Zipf formula, not realized key frequency"
WO1-11-default,O1,default,0.9,5,100000,100,batchU,95,4,24,100000,1,4,ok,1103,525,0.01058564380786333,1328,"Zipf formula, not realized key frequency"
WO1-11-default,O1,default,0.9,5,100000,100,batchU,95,4,24,100000,1,5,ok,941,525,0.008983677541702187,1328,"Zipf formula, not realized key frequency"
WO1-11-default,O1,default,0.9,5,100000,100,batchU,95,4,24,100000,1,6,ok,859,525,0.007819915215093558,1328,"Zipf formula, not realized key frequency"
WO1-11-default,O1,default,0.9,5,100000,100,batchU,95,4,24,100000,1,7,ok,765,525,0.00693440642622812,1328,"Zipf formula, not realized key frequency"
WO1-11-default,O1,default,0.9,5,100000,100,batchU,95,4,24,100000,2,0,ok,1317,409,0.04505990589609496,1328,"Zipf formula, not realized key frequency"
WO1-11-default,O1,default,0.9,5,100000,100,batchU,95,4,24,100000,2,1,ok,1185,409,0.024147005681908612,1328,"Zipf formula, not realized key frequency"
WO1-11-default,O1,default,0.9,5,100000,100,batchU,95,4,24,100000,2,2,ok,1129,409,0.01676413506347285,1328,"Zipf formula, not realized key frequency"
WO1-11-default,O1,default,0.9,5,100000,100,batchU,95,4,24,100000,2,3,ok,1014,409,0.012940059944791367,1328,"Zipf formula, not realized key frequency"
WO1-11-default,O1,default,0.9,5,100000,100,batchU,95,4,24,100000,2,4,ok,887,409,0.01058564380786333,1328,"Zipf formula, not realized key frequency"
WO1-11-default,O1,default,0.9,5,100000,100,batchU,95,4,24,100000,2,5,ok,798,409,0.008983677541702187,1328,"Zipf formula, not realized key frequency"
WO1-11-default,O1,default,0.9,5,100000,100,batchU,95,4,24,100000,2,6,ok,722,409,0.007819915215093558,1328,"Zipf formula, not realized key frequency"
WO1-11-default,O1,default,0.9,5,100000,100,batchU,95,4,24,100000,2,7,ok,684,409,0.00693440642622812,1328,"Zipf formula, not realized key frequency"
WO1-12-best100,O1,best100,0.9,5,1000000,100,batchU,0,1000,48,1000,1,0,ok,32694,28741,0.03291573683698117,8184,"Zipf formula, not realized key frequency"
WO1-12-best100,O1,best100,0.9,5,1000000,100,batchU,0,1000,48,1000,1,1,ok,27399,28741,0.017639106620852364,8184,"Zipf formula, not realized key frequency"
WO1-12-best100,O1,best100,0.9,5,1000000,100,batchU,0,1000,48,1000,1,2,ok,25316,28741,0.012246005558052046,8184,"Zipf formula, not realized key frequency"
WO1-12-best100,O1,best100,0.9,5,1000000,100,batchU,0,1000,48,1000,1,3,ok,21478,28741,0.009452563189538894,8184,"Zipf formula, not realized key frequency"
WO1-12-best100,O1,best100,0.9,5,1000000,100,batchU,0,1000,48,1000,1,4,ok,18439,28741,0.00773268960288364,8184,"Zipf formula, not realized key frequency"
WO1-12-best100,O1,best100,0.9,5,1000000,100,batchU,0,1000,48,1000,1,5,ok,16085,28741,0.0065624718895960655,8184,"Zipf formula, not realized key frequency"
WO1-12-best100,O1,best100,0.9,5,1000000,100,batchU,0,1000,48,1000,1,6,ok,15371,28741,0.005712357054208398,8184,"Zipf formula, not realized key frequency"
WO1-12-best100,O1,best100,0.9,5,1000000,100,batchU,0,1000,48,1000,1,7,ok,13489,28741,0.005065503189747605,8184,"Zipf formula, not realized key frequency"
WO1-12-best100,O1,best100,0.9,5,1000000,100,batchU,0,1000,48,1000,2,0,ok,33406,28722,0.03291573683698117,8184,"Zipf formula, not realized key frequency"
WO1-12-best100,O1,best100,0.9,5,1000000,100,batchU,0,1000,48,1000,2,1,ok,28259,28722,0.017639106620852364,8184,"Zipf formula, not realized key frequency"
WO1-12-best100,O1,best100,0.9,5,1000000,100,batchU,0,1000,48,1000,2,2,ok,25109,28722,0.012246005558052046,8184,"Zipf formula, not realized key frequency"
WO1-12-best100,O1,best100,0.9,5,1000000,100,batchU,0,1000,48,1000,2,3,ok,22041,28722,0.009452563189538894,8184,"Zipf formula, not realized key frequency"
WO1-12-best100,O1,best100,0.9,5,1000000,100,batchU,0,1000,48,1000,2,4,ok,19344,28722,0.00773268960288364,8184,"Zipf formula, not realized key frequency"
WO1-12-best100,O1,best100,0.9,5,1000000,100,batchU,0,1000,48,1000,2,5,ok,16327,28722,0.0065624718895960655,8184,"Zipf formula, not realized key frequency"
WO1-12-best100,O1,best100,0.9,5,1000000,100,batchU,0,1000,48,1000,2,6,ok,14699,28722,0.005712357054208398,8184,"Zipf formula, not realized key frequency"
WO1-12-best100,O1,best100,0.9,5,1000000,100,batchU,0,1000,48,1000,2,7,ok,13907,28722,0.005065503189747605,8184,"Zipf formula, not realized key frequency"
WO1-12-default,O1,default,0.9,5,1000000,100,batchU,0,1000,48,1000,1,0,ok,146,63,0.03291573683698117,8184,"Zipf formula, not realized key frequency"
WO1-12-default,O1,default,0.9,5,1000000,100,batchU,0,1000,48,1000,1,1,ok,117,63,0.017639106620852364,8184,"Zipf formula, not realized key frequency"
WO1-12-default,O1,default,0.9,5,1000000,100,batchU,0,1000,48,1000,1,2,ok,104,63,0.012246005558052046,8184,"Zipf formula, not realized key frequency"
WO1-12-default,O1,default,0.9,5,1000000,100,batchU,0,1000,48,1000,1,3,ok,103,63,0.009452563189538894,8184,"Zipf formula, not realized key frequency"
WO1-12-default,O1,default,0.9,5,1000000,100,batchU,0,1000,48,1000,1,4,ok,89,63,0.00773268960288364,8184,"Zipf formula, not realized key frequency"
WO1-12-default,O1,default,0.9,5,1000000,100,batchU,0,1000,48,1000,1,5,ok,68,63,0.0065624718895960655,8184,"Zipf formula, not realized key frequency"
WO1-12-default,O1,default,0.9,5,1000000,100,batchU,0,1000,48,1000,1,6,ok,51,63,0.005712357054208398,8184,"Zipf formula, not realized key frequency"
WO1-12-default,O1,default,0.9,5,1000000,100,batchU,0,1000,48,1000,1,7,ok,60,63,0.005065503189747605,8184,"Zipf formula, not realized key frequency"
WO1-12-default,O1,default,0.9,5,1000000,100,batchU,0,1000,48,1000,2,0,ok,185,81,0.03291573683698117,8184,"Zipf formula, not realized key frequency"
WO1-12-default,O1,default,0.9,5,1000000,100,batchU,0,1000,48,1000,2,1,ok,161,81,0.017639106620852364,8184,"Zipf formula, not realized key frequency"
WO1-12-default,O1,default,0.9,5,1000000,100,batchU,0,1000,48,1000,2,2,ok,138,81,0.012246005558052046,8184,"Zipf formula, not realized key frequency"
WO1-12-default,O1,default,0.9,5,1000000,100,batchU,0,1000,48,1000,2,3,ok,98,81,0.009452563189538894,8184,"Zipf formula, not realized key frequency"
WO1-12-default,O1,default,0.9,5,1000000,100,batchU,0,1000,48,1000,2,4,ok,112,81,0.00773268960288364,8184,"Zipf formula, not realized key frequency"
WO1-12-default,O1,default,0.9,5,1000000,100,batchU,0,1000,48,1000,2,5,ok,83,81,0.0065624718895960655,8184,"Zipf formula, not realized key frequency"
WO1-12-default,O1,default,0.9,5,1000000,100,batchU,0,1000,48,1000,2,6,ok,102,81,0.005712357054208398,8184,"Zipf formula, not realized key frequency"
WO1-12-default,O1,default,0.9,5,1000000,100,batchU,0,1000,48,1000,2,7,ok,100,81,0.005065503189747605,8184,"Zipf formula, not realized key frequency"
WO1-13-best100,O1,best100,0.9,50,10000,1000,none,50,100,24,1000,1,0,ok,111,55,0.06373942958886639,237,"Zipf formula, not realized key frequency"
WO1-13-best100,O1,best100,0.9,50,10000,1000,none,50,100,24,1000,1,1,ok,111,55,0.03415711457527379,237,"Zipf formula, not realized key frequency"
WO1-13-best100,O1,best100,0.9,50,10000,1000,none,50,100,24,1000,1,2,ok,111,55,0.023713684821278704,237,"Zipf formula, not realized key frequency"
WO1-13-best100,O1,best100,0.9,50,10000,1000,none,50,100,24,1000,1,3,ok,110,55,0.018304344479295034,237,"Zipf formula, not realized key frequency"
WO1-13-best100,O1,best100,0.9,50,10000,1000,none,50,100,24,1000,1,4,ok,110,55,0.014973908283341487,237,"Zipf formula, not realized key frequency"
WO1-13-best100,O1,best100,0.9,50,10000,1000,none,50,100,24,1000,1,5,ok,109,55,0.012707849045198106,237,"Zipf formula, not realized key frequency"
WO1-13-best100,O1,best100,0.9,50,10000,1000,none,50,100,24,1000,1,6,ok,109,55,0.011061650603370589,237,"Zipf formula, not realized key frequency"
WO1-13-best100,O1,best100,0.9,50,10000,1000,none,50,100,24,1000,1,7,ok,109,55,0.009809055331015563,237,"Zipf formula, not realized key frequency"
WO1-13-best100,O1,best100,0.9,50,10000,1000,none,50,100,24,1000,2,0,ok,135,65,0.06373942958886639,237,"Zipf formula, not realized key frequency"
WO1-13-best100,O1,best100,0.9,50,10000,1000,none,50,100,24,1000,2,1,ok,133,65,0.03415711457527379,237,"Zipf formula, not realized key frequency"
WO1-13-best100,O1,best100,0.9,50,10000,1000,none,50,100,24,1000,2,2,ok,128,65,0.023713684821278704,237,"Zipf formula, not realized key frequency"
WO1-13-best100,O1,best100,0.9,50,10000,1000,none,50,100,24,1000,2,3,ok,128,65,0.018304344479295034,237,"Zipf formula, not realized key frequency"
WO1-13-best100,O1,best100,0.9,50,10000,1000,none,50,100,24,1000,2,4,ok,127,65,0.014973908283341487,237,"Zipf formula, not realized key frequency"
WO1-13-best100,O1,best100,0.9,50,10000,1000,none,50,100,24,1000,2,5,ok,127,65,0.012707849045198106,237,"Zipf formula, not realized key frequency"
WO1-13-best100,O1,best100,0.9,50,10000,1000,none,50,100,24,1000,2,6,ok,127,65,0.011061650603370589,237,"Zipf formula, not realized key frequency"
WO1-13-best100,O1,best100,0.9,50,10000,1000,none,50,100,24,1000,2,7,ok,123,65,0.009809055331015563,237,"Zipf formula, not realized key frequency"
WO1-13-default,O1,default,0.9,50,10000,1000,none,50,100,24,1000,1,0,ok,96,41,0.06373942958886639,237,"Zipf formula, not realized key frequency"
WO1-13-default,O1,default,0.9,50,10000,1000,none,50,100,24,1000,1,1,ok,94,41,0.03415711457527379,237,"Zipf formula, not realized key frequency"
WO1-13-default,O1,default,0.9,50,10000,1000,none,50,100,24,1000,1,2,ok,94,41,0.023713684821278704,237,"Zipf formula, not realized key frequency"
WO1-13-default,O1,default,0.9,50,10000,1000,none,50,100,24,1000,1,3,ok,93,41,0.018304344479295034,237,"Zipf formula, not realized key frequency"
WO1-13-default,O1,default,0.9,50,10000,1000,none,50,100,24,1000,1,4,ok,93,41,0.014973908283341487,237,"Zipf formula, not realized key frequency"
WO1-13-default,O1,default,0.9,50,10000,1000,none,50,100,24,1000,1,5,ok,93,41,0.012707849045198106,237,"Zipf formula, not realized key frequency"
WO1-13-default,O1,default,0.9,50,10000,1000,none,50,100,24,1000,1,6,ok,91,41,0.011061650603370589,237,"Zipf formula, not realized key frequency"
WO1-13-default,O1,default,0.9,50,10000,1000,none,50,100,24,1000,1,7,ok,88,41,0.009809055331015563,237,"Zipf formula, not realized key frequency"
WO1-13-default,O1,default,0.9,50,10000,1000,none,50,100,24,1000,2,0,ok,31,12,0.06373942958886639,237,"Zipf formula, not realized key frequency"
WO1-13-default,O1,default,0.9,50,10000,1000,none,50,100,24,1000,2,1,ok,30,12,0.03415711457527379,237,"Zipf formula, not realized key frequency"
WO1-13-default,O1,default,0.9,50,10000,1000,none,50,100,24,1000,2,2,ok,29,12,0.023713684821278704,237,"Zipf formula, not realized key frequency"
WO1-13-default,O1,default,0.9,50,10000,1000,none,50,100,24,1000,2,3,ok,29,12,0.018304344479295034,237,"Zipf formula, not realized key frequency"
WO1-13-default,O1,default,0.9,50,10000,1000,none,50,100,24,1000,2,4,ok,28,12,0.014973908283341487,237,"Zipf formula, not realized key frequency"
WO1-13-default,O1,default,0.9,50,10000,1000,none,50,100,24,1000,2,5,ok,28,12,0.012707849045198106,237,"Zipf formula, not realized key frequency"
WO1-13-default,O1,default,0.9,50,10000,1000,none,50,100,24,1000,2,6,ok,35,12,0.011061650603370589,237,"Zipf formula, not realized key frequency"
WO1-13-default,O1,default,0.9,50,10000,1000,none,50,100,24,1000,2,7,ok,28,12,0.009809055331015563,237,"Zipf formula, not realized key frequency"
WO1-14-best100,O1,best100,0.9,50,100000,1000,none,95,4,48,10,1,0,ok,1807,2131,0.04505990589609496,1328,"Zipf formula, not realized key frequency"
WO1-14-best100,O1,best100,0.9,50,100000,1000,none,95,4,48,10,1,1,ok,1769,2131,0.024147005681908612,1328,"Zipf formula, not realized key frequency"
WO1-14-best100,O1,best100,0.9,50,100000,1000,none,95,4,48,10,1,2,ok,1751,2131,0.01676413506347285,1328,"Zipf formula, not realized key frequency"
WO1-14-best100,O1,best100,0.9,50,100000,1000,none,95,4,48,10,1,3,ok,1743,2131,0.012940059944791367,1328,"Zipf formula, not realized key frequency"
WO1-14-best100,O1,best100,0.9,50,100000,1000,none,95,4,48,10,1,4,ok,1719,2131,0.01058564380786333,1328,"Zipf formula, not realized key frequency"
WO1-14-best100,O1,best100,0.9,50,100000,1000,none,95,4,48,10,1,5,ok,1713,2131,0.008983677541702187,1328,"Zipf formula, not realized key frequency"
WO1-14-best100,O1,best100,0.9,50,100000,1000,none,95,4,48,10,1,6,ok,1738,2131,0.007819915215093558,1328,"Zipf formula, not realized key frequency"
WO1-14-best100,O1,best100,0.9,50,100000,1000,none,95,4,48,10,1,7,ok,1700,2131,0.00693440642622812,1328,"Zipf formula, not realized key frequency"
WO1-14-best100,O1,best100,0.9,50,100000,1000,none,95,4,48,10,2,0,ok,1716,2469,0.04505990589609496,1328,"Zipf formula, not realized key frequency"
WO1-14-best100,O1,best100,0.9,50,100000,1000,none,95,4,48,10,2,1,ok,1673,2469,0.024147005681908612,1328,"Zipf formula, not realized key frequency"
WO1-14-best100,O1,best100,0.9,50,100000,1000,none,95,4,48,10,2,2,ok,1661,2469,0.01676413506347285,1328,"Zipf formula, not realized key frequency"
WO1-14-best100,O1,best100,0.9,50,100000,1000,none,95,4,48,10,2,3,ok,1656,2469,0.012940059944791367,1328,"Zipf formula, not realized key frequency"
WO1-14-best100,O1,best100,0.9,50,100000,1000,none,95,4,48,10,2,4,ok,1636,2469,0.01058564380786333,1328,"Zipf formula, not realized key frequency"
WO1-14-best100,O1,best100,0.9,50,100000,1000,none,95,4,48,10,2,5,ok,1630,2469,0.008983677541702187,1328,"Zipf formula, not realized key frequency"
WO1-14-best100,O1,best100,0.9,50,100000,1000,none,95,4,48,10,2,6,ok,1610,2469,0.007819915215093558,1328,"Zipf formula, not realized key frequency"
WO1-14-best100,O1,best100,0.9,50,100000,1000,none,95,4,48,10,2,7,ok,1596,2469,0.00693440642622812,1328,"Zipf formula, not realized key frequency"
WO1-14-default,O1,default,0.9,50,100000,1000,none,95,4,48,10,1,0,ok,1362,649,0.04505990589609496,1328,"Zipf formula, not realized key frequency"
WO1-14-default,O1,default,0.9,50,100000,1000,none,95,4,48,10,1,1,ok,1336,649,0.024147005681908612,1328,"Zipf formula, not realized key frequency"
WO1-14-default,O1,default,0.9,50,100000,1000,none,95,4,48,10,1,2,ok,1326,649,0.01676413506347285,1328,"Zipf formula, not realized key frequency"
WO1-14-default,O1,default,0.9,50,100000,1000,none,95,4,48,10,1,3,ok,1322,649,0.012940059944791367,1328,"Zipf formula, not realized key frequency"
WO1-14-default,O1,default,0.9,50,100000,1000,none,95,4,48,10,1,4,ok,1321,649,0.01058564380786333,1328,"Zipf formula, not realized key frequency"
WO1-14-default,O1,default,0.9,50,100000,1000,none,95,4,48,10,1,5,ok,1306,649,0.008983677541702187,1328,"Zipf formula, not realized key frequency"
WO1-14-default,O1,default,0.9,50,100000,1000,none,95,4,48,10,1,6,ok,1296,649,0.007819915215093558,1328,"Zipf formula, not realized key frequency"
WO1-14-default,O1,default,0.9,50,100000,1000,none,95,4,48,10,1,7,ok,1242,649,0.00693440642622812,1328,"Zipf formula, not realized key frequency"
WO1-14-default,O1,default,0.9,50,100000,1000,none,95,4,48,10,2,0,ok,1729,1824,0.04505990589609496,1328,"Zipf formula, not realized key frequency"
WO1-14-default,O1,default,0.9,50,100000,1000,none,95,4,48,10,2,1,ok,1705,1824,0.024147005681908612,1328,"Zipf formula, not realized key frequency"
WO1-14-default,O1,default,0.9,50,100000,1000,none,95,4,48,10,2,2,ok,1696,1824,0.01676413506347285,1328,"Zipf formula, not realized key frequency"
WO1-14-default,O1,default,0.9,50,100000,1000,none,95,4,48,10,2,3,ok,1684,1824,0.012940059944791367,1328,"Zipf formula, not realized key frequency"
WO1-14-default,O1,default,0.9,50,100000,1000,none,95,4,48,10,2,4,ok,1674,1824,0.01058564380786333,1328,"Zipf formula, not realized key frequency"
WO1-14-default,O1,default,0.9,50,100000,1000,none,95,4,48,10,2,5,ok,1671,1824,0.008983677541702187,1328,"Zipf formula, not realized key frequency"
WO1-14-default,O1,default,0.9,50,100000,1000,none,95,4,48,10,2,6,ok,1620,1824,0.007819915215093558,1328,"Zipf formula, not realized key frequency"
WO1-14-default,O1,default,0.9,50,100000,1000,none,95,4,48,10,2,7,ok,1610,1824,0.00693440642622812,1328,"Zipf formula, not realized key frequency"
WO1-15-best100,O1,best100,0.9,50,1000000,1000,none,0,1000,12,100000,1,0,ok,639,526,0.03291573683698117,8184,"Zipf formula, not realized key frequency"
WO1-15-best100,O1,best100,0.9,50,1000000,1000,none,0,1000,12,100000,1,1,ok,566,526,0.017639106620852364,8184,"Zipf formula, not realized key frequency"
WO1-15-best100,O1,best100,0.9,50,1000000,1000,none,0,1000,12,100000,1,2,ok,566,526,0.012246005558052046,8184,"Zipf formula, not realized key frequency"
WO1-15-best100,O1,best100,0.9,50,1000000,1000,none,0,1000,12,100000,1,3,ok,513,526,0.009452563189538894,8184,"Zipf formula, not realized key frequency"
WO1-15-best100,O1,best100,0.9,50,1000000,1000,none,0,1000,12,100000,1,4,ok,546,526,0.00773268960288364,8184,"Zipf formula, not realized key frequency"
WO1-15-best100,O1,best100,0.9,50,1000000,1000,none,0,1000,12,100000,1,5,ok,522,526,0.0065624718895960655,8184,"Zipf formula, not realized key frequency"
WO1-15-best100,O1,best100,0.9,50,1000000,1000,none,0,1000,12,100000,1,6,ok,553,526,0.005712357054208398,8184,"Zipf formula, not realized key frequency"
WO1-15-best100,O1,best100,0.9,50,1000000,1000,none,0,1000,12,100000,1,7,ok,502,526,0.005065503189747605,8184,"Zipf formula, not realized key frequency"
WO1-15-best100,O1,best100,0.9,50,1000000,1000,none,0,1000,12,100000,2,0,ok,600,543,0.03291573683698117,8184,"Zipf formula, not realized key frequency"
WO1-15-best100,O1,best100,0.9,50,1000000,1000,none,0,1000,12,100000,2,1,ok,574,543,0.017639106620852364,8184,"Zipf formula, not realized key frequency"
WO1-15-best100,O1,best100,0.9,50,1000000,1000,none,0,1000,12,100000,2,2,ok,547,543,0.012246005558052046,8184,"Zipf formula, not realized key frequency"
WO1-15-best100,O1,best100,0.9,50,1000000,1000,none,0,1000,12,100000,2,3,ok,546,543,0.009452563189538894,8184,"Zipf formula, not realized key frequency"
WO1-15-best100,O1,best100,0.9,50,1000000,1000,none,0,1000,12,100000,2,4,ok,541,543,0.00773268960288364,8184,"Zipf formula, not realized key frequency"
WO1-15-best100,O1,best100,0.9,50,1000000,1000,none,0,1000,12,100000,2,5,ok,535,543,0.0065624718895960655,8184,"Zipf formula, not realized key frequency"
WO1-15-best100,O1,best100,0.9,50,1000000,1000,none,0,1000,12,100000,2,6,ok,543,543,0.005712357054208398,8184,"Zipf formula, not realized key frequency"
WO1-15-best100,O1,best100,0.9,50,1000000,1000,none,0,1000,12,100000,2,7,ok,463,543,0.005065503189747605,8184,"Zipf formula, not realized key frequency"
WO1-15-default,O1,default,0.9,50,1000000,1000,none,0,1000,12,100000,1,0,ok,696,567,0.03291573683698117,8184,"Zipf formula, not realized key frequency"
WO1-15-default,O1,default,0.9,50,1000000,1000,none,0,1000,12,100000,1,1,ok,684,567,0.017639106620852364,8184,"Zipf formula, not realized key frequency"
WO1-15-default,O1,default,0.9,50,1000000,1000,none,0,1000,12,100000,1,2,ok,658,567,0.012246005558052046,8184,"Zipf formula, not realized key frequency"
WO1-15-default,O1,default,0.9,50,1000000,1000,none,0,1000,12,100000,1,3,ok,654,567,0.009452563189538894,8184,"Zipf formula, not realized key frequency"
WO1-15-default,O1,default,0.9,50,1000000,1000,none,0,1000,12,100000,1,4,ok,637,567,0.00773268960288364,8184,"Zipf formula, not realized key frequency"
WO1-15-default,O1,default,0.9,50,1000000,1000,none,0,1000,12,100000,1,5,ok,651,567,0.0065624718895960655,8184,"Zipf formula, not realized key frequency"
WO1-15-default,O1,default,0.9,50,1000000,1000,none,0,1000,12,100000,1,6,ok,616,567,0.005712357054208398,8184,"Zipf formula, not realized key frequency"
WO1-15-default,O1,default,0.9,50,1000000,1000,none,0,1000,12,100000,1,7,ok,626,567,0.005065503189747605,8184,"Zipf formula, not realized key frequency"
WO1-15-default,O1,default,0.9,50,1000000,1000,none,0,1000,12,100000,2,0,ok,659,502,0.03291573683698117,8184,"Zipf formula, not realized key frequency"
WO1-15-default,O1,default,0.9,50,1000000,1000,none,0,1000,12,100000,2,1,ok,644,502,0.017639106620852364,8184,"Zipf formula, not realized key frequency"
WO1-15-default,O1,default,0.9,50,1000000,1000,none,0,1000,12,100000,2,2,ok,642,502,0.012246005558052046,8184,"Zipf formula, not realized key frequency"
WO1-15-default,O1,default,0.9,50,1000000,1000,none,0,1000,12,100000,2,3,ok,641,502,0.009452563189538894,8184,"Zipf formula, not realized key frequency"
WO1-15-default,O1,default,0.9,50,1000000,1000,none,0,1000,12,100000,2,4,ok,625,502,0.00773268960288364,8184,"Zipf formula, not realized key frequency"
WO1-15-default,O1,default,0.9,50,1000000,1000,none,0,1000,12,100000,2,5,ok,587,502,0.0065624718895960655,8184,"Zipf formula, not realized key frequency"
WO1-15-default,O1,default,0.9,50,1000000,1000,none,0,1000,12,100000,2,6,ok,537,502,0.005712357054208398,8184,"Zipf formula, not realized key frequency"
WO1-15-default,O1,default,0.9,50,1000000,1000,none,0,1000,12,100000,2,7,ok,556,502,0.005065503189747605,8184,"Zipf formula, not realized key frequency"
WO1-16-default,O1,default,0.9,95,10000,10,batchR,50,100,48,100000,1,0,ok,22566,3137,0.06373942958886639,237,"Zipf formula, not realized key frequency"
WO1-16-default,O1,default,0.9,95,10000,10,batchR,50,100,48,100000,1,1,ok,12017,3137,0.03415711457527379,237,"Zipf formula, not realized key frequency"
WO1-16-default,O1,default,0.9,95,10000,10,batchR,50,100,48,100000,1,2,ok,9936,3137,0.023713684821278704,237,"Zipf formula, not realized key frequency"
WO1-16-default,O1,default,0.9,95,10000,10,batchR,50,100,48,100000,1,3,ok,7008,3137,0.018304344479295034,237,"Zipf formula, not realized key frequency"
WO1-16-default,O1,default,0.9,95,10000,10,batchR,50,100,48,100000,1,4,ok,5632,3137,0.014973908283341487,237,"Zipf formula, not realized key frequency"
WO1-16-default,O1,default,0.9,95,10000,10,batchR,50,100,48,100000,1,5,ok,4810,3137,0.012707849045198106,237,"Zipf formula, not realized key frequency"
WO1-16-default,O1,default,0.9,95,10000,10,batchR,50,100,48,100000,1,6,ok,4210,3137,0.011061650603370589,237,"Zipf formula, not realized key frequency"
WO1-16-default,O1,default,0.9,95,10000,10,batchR,50,100,48,100000,1,7,ok,3523,3137,0.009809055331015563,237,"Zipf formula, not realized key frequency"
WO1-16-default,O1,default,0.9,95,10000,10,batchR,50,100,48,100000,2,0,ok,22629,3148,0.06373942958886639,237,"Zipf formula, not realized key frequency"
WO1-16-default,O1,default,0.9,95,10000,10,batchR,50,100,48,100000,2,1,ok,12172,3148,0.03415711457527379,237,"Zipf formula, not realized key frequency"
WO1-16-default,O1,default,0.9,95,10000,10,batchR,50,100,48,100000,2,2,ok,9841,3148,0.023713684821278704,237,"Zipf formula, not realized key frequency"
WO1-16-default,O1,default,0.9,95,10000,10,batchR,50,100,48,100000,2,3,ok,7122,3148,0.018304344479295034,237,"Zipf formula, not realized key frequency"
WO1-16-default,O1,default,0.9,95,10000,10,batchR,50,100,48,100000,2,4,ok,5784,3148,0.014973908283341487,237,"Zipf formula, not realized key frequency"
WO1-16-default,O1,default,0.9,95,10000,10,batchR,50,100,48,100000,2,5,ok,4680,3148,0.012707849045198106,237,"Zipf formula, not realized key frequency"
WO1-16-default,O1,default,0.9,95,10000,10,batchR,50,100,48,100000,2,6,ok,4064,3148,0.011061650603370589,237,"Zipf formula, not realized key frequency"
WO1-16-default,O1,default,0.9,95,10000,10,batchR,50,100,48,100000,2,7,ok,3483,3148,0.009809055331015563,237,"Zipf formula, not realized key frequency"
WO1-16-tuned,O1,tuned,0.9,95,10000,10,batchR,50,100,48,100000,1,0,ok,23183,2968,0.06373942958886639,237,"Zipf formula, not realized key frequency"
WO1-16-tuned,O1,tuned,0.9,95,10000,10,batchR,50,100,48,100000,1,1,ok,12123,2968,0.03415711457527379,237,"Zipf formula, not realized key frequency"
WO1-16-tuned,O1,tuned,0.9,95,10000,10,batchR,50,100,48,100000,1,2,ok,9742,2968,0.023713684821278704,237,"Zipf formula, not realized key frequency"
WO1-16-tuned,O1,tuned,0.9,95,10000,10,batchR,50,100,48,100000,1,3,ok,7278,2968,0.018304344479295034,237,"Zipf formula, not realized key frequency"
WO1-16-tuned,O1,tuned,0.9,95,10000,10,batchR,50,100,48,100000,1,4,ok,5733,2968,0.014973908283341487,237,"Zipf formula, not realized key frequency"
WO1-16-tuned,O1,tuned,0.9,95,10000,10,batchR,50,100,48,100000,1,5,ok,4824,2968,0.012707849045198106,237,"Zipf formula, not realized key frequency"
WO1-16-tuned,O1,tuned,0.9,95,10000,10,batchR,50,100,48,100000,1,6,ok,4059,2968,0.011061650603370589,237,"Zipf formula, not realized key frequency"
WO1-16-tuned,O1,tuned,0.9,95,10000,10,batchR,50,100,48,100000,1,7,ok,3669,2968,0.009809055331015563,237,"Zipf formula, not realized key frequency"
WO1-16-tuned,O1,tuned,0.9,95,10000,10,batchR,50,100,48,100000,2,0,ok,22858,3188,0.06373942958886639,237,"Zipf formula, not realized key frequency"
WO1-16-tuned,O1,tuned,0.9,95,10000,10,batchR,50,100,48,100000,2,1,ok,12212,3188,0.03415711457527379,237,"Zipf formula, not realized key frequency"
WO1-16-tuned,O1,tuned,0.9,95,10000,10,batchR,50,100,48,100000,2,2,ok,9959,3188,0.023713684821278704,237,"Zipf formula, not realized key frequency"
WO1-16-tuned,O1,tuned,0.9,95,10000,10,batchR,50,100,48,100000,2,3,ok,7430,3188,0.018304344479295034,237,"Zipf formula, not realized key frequency"
WO1-16-tuned,O1,tuned,0.9,95,10000,10,batchR,50,100,48,100000,2,4,ok,5808,3188,0.014973908283341487,237,"Zipf formula, not realized key frequency"
WO1-16-tuned,O1,tuned,0.9,95,10000,10,batchR,50,100,48,100000,2,5,ok,4792,3188,0.012707849045198106,237,"Zipf formula, not realized key frequency"
WO1-16-tuned,O1,tuned,0.9,95,10000,10,batchR,50,100,48,100000,2,6,ok,4055,3188,0.011061650603370589,237,"Zipf formula, not realized key frequency"
WO1-16-tuned,O1,tuned,0.9,95,10000,10,batchR,50,100,48,100000,2,7,ok,3584,3188,0.009809055331015563,237,"Zipf formula, not realized key frequency"
WO1-17-default,O1,default,0.9,95,100000,10,batchR,95,4,12,1000,1,0,ok,3754,482,0.04505990589609496,1328,"Zipf formula, not realized key frequency"
WO1-17-default,O1,default,0.9,95,100000,10,batchR,95,4,12,1000,1,1,ok,2061,482,0.024147005681908612,1328,"Zipf formula, not realized key frequency"
WO1-17-default,O1,default,0.9,95,100000,10,batchR,95,4,12,1000,1,2,ok,1692,482,0.01676413506347285,1328,"Zipf formula, not realized key frequency"
WO1-17-default,O1,default,0.9,95,100000,10,batchR,95,4,12,1000,1,3,ok,1229,482,0.012940059944791367,1328,"Zipf formula, not realized key frequency"
WO1-17-default,O1,default,0.9,95,100000,10,batchR,95,4,12,1000,1,4,ok,976,482,0.01058564380786333,1328,"Zipf formula, not realized key frequency"
WO1-17-default,O1,default,0.9,95,100000,10,batchR,95,4,12,1000,1,5,ok,804,482,0.008983677541702187,1328,"Zipf formula, not realized key frequency"
WO1-17-default,O1,default,0.9,95,100000,10,batchR,95,4,12,1000,1,6,ok,739,482,0.007819915215093558,1328,"Zipf formula, not realized key frequency"
WO1-17-default,O1,default,0.9,95,100000,10,batchR,95,4,12,1000,1,7,ok,587,482,0.00693440642622812,1328,"Zipf formula, not realized key frequency"
WO1-17-default,O1,default,0.9,95,100000,10,batchR,95,4,12,1000,2,0,ok,3742,482,0.04505990589609496,1328,"Zipf formula, not realized key frequency"
WO1-17-default,O1,default,0.9,95,100000,10,batchR,95,4,12,1000,2,1,ok,2058,482,0.024147005681908612,1328,"Zipf formula, not realized key frequency"
WO1-17-default,O1,default,0.9,95,100000,10,batchR,95,4,12,1000,2,2,ok,1704,482,0.01676413506347285,1328,"Zipf formula, not realized key frequency"
WO1-17-default,O1,default,0.9,95,100000,10,batchR,95,4,12,1000,2,3,ok,1177,482,0.012940059944791367,1328,"Zipf formula, not realized key frequency"
WO1-17-default,O1,default,0.9,95,100000,10,batchR,95,4,12,1000,2,4,ok,950,482,0.01058564380786333,1328,"Zipf formula, not realized key frequency"
WO1-17-default,O1,default,0.9,95,100000,10,batchR,95,4,12,1000,2,5,ok,875,482,0.008983677541702187,1328,"Zipf formula, not realized key frequency"
WO1-17-default,O1,default,0.9,95,100000,10,batchR,95,4,12,1000,2,6,ok,721,482,0.007819915215093558,1328,"Zipf formula, not realized key frequency"
WO1-17-default,O1,default,0.9,95,100000,10,batchR,95,4,12,1000,2,7,ok,639,482,0.00693440642622812,1328,"Zipf formula, not realized key frequency"
WO1-17-tuned,O1,tuned,0.9,95,100000,10,batchR,95,4,12,1000,1,0,ok,3818,482,0.04505990589609496,1328,"Zipf formula, not realized key frequency"
WO1-17-tuned,O1,tuned,0.9,95,100000,10,batchR,95,4,12,1000,1,1,ok,2070,482,0.024147005681908612,1328,"Zipf formula, not realized key frequency"
WO1-17-tuned,O1,tuned,0.9,95,100000,10,batchR,95,4,12,1000,1,2,ok,1645,482,0.01676413506347285,1328,"Zipf formula, not realized key frequency"
WO1-17-tuned,O1,tuned,0.9,95,100000,10,batchR,95,4,12,1000,1,3,ok,1221,482,0.012940059944791367,1328,"Zipf formula, not realized key frequency"
WO1-17-tuned,O1,tuned,0.9,95,100000,10,batchR,95,4,12,1000,1,4,ok,975,482,0.01058564380786333,1328,"Zipf formula, not realized key frequency"
WO1-17-tuned,O1,tuned,0.9,95,100000,10,batchR,95,4,12,1000,1,5,ok,846,482,0.008983677541702187,1328,"Zipf formula, not realized key frequency"
WO1-17-tuned,O1,tuned,0.9,95,100000,10,batchR,95,4,12,1000,1,6,ok,692,482,0.007819915215093558,1328,"Zipf formula, not realized key frequency"
WO1-17-tuned,O1,tuned,0.9,95,100000,10,batchR,95,4,12,1000,1,7,ok,600,482,0.00693440642622812,1328,"Zipf formula, not realized key frequency"
WO1-17-tuned,O1,tuned,0.9,95,100000,10,batchR,95,4,12,1000,2,0,ok,3839,486,0.04505990589609496,1328,"Zipf formula, not realized key frequency"
WO1-17-tuned,O1,tuned,0.9,95,100000,10,batchR,95,4,12,1000,2,1,ok,2038,486,0.024147005681908612,1328,"Zipf formula, not realized key frequency"
WO1-17-tuned,O1,tuned,0.9,95,100000,10,batchR,95,4,12,1000,2,2,ok,1677,486,0.01676413506347285,1328,"Zipf formula, not realized key frequency"
WO1-17-tuned,O1,tuned,0.9,95,100000,10,batchR,95,4,12,1000,2,3,ok,1204,486,0.012940059944791367,1328,"Zipf formula, not realized key frequency"
WO1-17-tuned,O1,tuned,0.9,95,100000,10,batchR,95,4,12,1000,2,4,ok,994,486,0.01058564380786333,1328,"Zipf formula, not realized key frequency"
WO1-17-tuned,O1,tuned,0.9,95,100000,10,batchR,95,4,12,1000,2,5,ok,869,486,0.008983677541702187,1328,"Zipf formula, not realized key frequency"
WO1-17-tuned,O1,tuned,0.9,95,100000,10,batchR,95,4,12,1000,2,6,ok,738,486,0.007819915215093558,1328,"Zipf formula, not realized key frequency"
WO1-17-tuned,O1,tuned,0.9,95,100000,10,batchR,95,4,12,1000,2,7,ok,632,486,0.00693440642622812,1328,"Zipf formula, not realized key frequency"
WO1-18-default,O1,default,0.9,95,1000000,10,batchR,0,1000,24,10,1,0,ok,115231,34260,0.03291573683698117,8184,"Zipf formula, not realized key frequency"
WO1-18-default,O1,default,0.9,95,1000000,10,batchR,0,1000,24,10,1,1,ok,59523,34260,0.017639106620852364,8184,"Zipf formula, not realized key frequency"
WO1-18-default,O1,default,0.9,95,1000000,10,batchR,0,1000,24,10,1,2,ok,48357,34260,0.012246005558052046,8184,"Zipf formula, not realized key frequency"
WO1-18-default,O1,default,0.9,95,1000000,10,batchR,0,1000,24,10,1,3,ok,34759,34260,0.009452563189538894,8184,"Zipf formula, not realized key frequency"
WO1-18-default,O1,default,0.9,95,1000000,10,batchR,0,1000,24,10,1,4,ok,27398,34260,0.00773268960288364,8184,"Zipf formula, not realized key frequency"
WO1-18-default,O1,default,0.9,95,1000000,10,batchR,0,1000,24,10,1,5,ok,22614,34260,0.0065624718895960655,8184,"Zipf formula, not realized key frequency"
WO1-18-default,O1,default,0.9,95,1000000,10,batchR,0,1000,24,10,1,6,ok,19750,34260,0.005712357054208398,8184,"Zipf formula, not realized key frequency"
WO1-18-default,O1,default,0.9,95,1000000,10,batchR,0,1000,24,10,1,7,ok,17144,34260,0.005065503189747605,8184,"Zipf formula, not realized key frequency"
WO1-18-default,O1,default,0.9,95,1000000,10,batchR,0,1000,24,10,2,0,ok,114508,34003,0.03291573683698117,8184,"Zipf formula, not realized key frequency"
WO1-18-default,O1,default,0.9,95,1000000,10,batchR,0,1000,24,10,2,1,ok,59345,34003,0.017639106620852364,8184,"Zipf formula, not realized key frequency"
WO1-18-default,O1,default,0.9,95,1000000,10,batchR,0,1000,24,10,2,2,ok,48120,34003,0.012246005558052046,8184,"Zipf formula, not realized key frequency"
WO1-18-default,O1,default,0.9,95,1000000,10,batchR,0,1000,24,10,2,3,ok,35127,34003,0.009452563189538894,8184,"Zipf formula, not realized key frequency"
WO1-18-default,O1,default,0.9,95,1000000,10,batchR,0,1000,24,10,2,4,ok,27399,34003,0.00773268960288364,8184,"Zipf formula, not realized key frequency"
WO1-18-default,O1,default,0.9,95,1000000,10,batchR,0,1000,24,10,2,5,ok,22477,34003,0.0065624718895960655,8184,"Zipf formula, not realized key frequency"
WO1-18-default,O1,default,0.9,95,1000000,10,batchR,0,1000,24,10,2,6,ok,19355,34003,0.005712357054208398,8184,"Zipf formula, not realized key frequency"
WO1-18-default,O1,default,0.9,95,1000000,10,batchR,0,1000,24,10,2,7,ok,17044,34003,0.005065503189747605,8184,"Zipf formula, not realized key frequency"
WO1-18-tuned,O1,tuned,0.9,95,1000000,10,batchR,0,1000,24,10,1,0,ok,183496,68855,0.03291573683698117,8184,"Zipf formula, not realized key frequency"
WO1-18-tuned,O1,tuned,0.9,95,1000000,10,batchR,0,1000,24,10,1,1,ok,96392,68855,0.017639106620852364,8184,"Zipf formula, not realized key frequency"
WO1-18-tuned,O1,tuned,0.9,95,1000000,10,batchR,0,1000,24,10,1,2,ok,78446,68855,0.012246005558052046,8184,"Zipf formula, not realized key frequency"
WO1-18-tuned,O1,tuned,0.9,95,1000000,10,batchR,0,1000,24,10,1,3,ok,56625,68855,0.009452563189538894,8184,"Zipf formula, not realized key frequency"
WO1-18-tuned,O1,tuned,0.9,95,1000000,10,batchR,0,1000,24,10,1,4,ok,44649,68855,0.00773268960288364,8184,"Zipf formula, not realized key frequency"
WO1-18-tuned,O1,tuned,0.9,95,1000000,10,batchR,0,1000,24,10,1,5,ok,36645,68855,0.0065624718895960655,8184,"Zipf formula, not realized key frequency"
WO1-18-tuned,O1,tuned,0.9,95,1000000,10,batchR,0,1000,24,10,1,6,ok,31202,68855,0.005712357054208398,8184,"Zipf formula, not realized key frequency"
WO1-18-tuned,O1,tuned,0.9,95,1000000,10,batchR,0,1000,24,10,1,7,ok,27298,68855,0.005065503189747605,8184,"Zipf formula, not realized key frequency"
WO1-18-tuned,O1,tuned,0.9,95,1000000,10,batchR,0,1000,24,10,2,0,ok,188843,72797,0.03291573683698117,8184,"Zipf formula, not realized key frequency"
WO1-18-tuned,O1,tuned,0.9,95,1000000,10,batchR,0,1000,24,10,2,1,ok,98617,72797,0.017639106620852364,8184,"Zipf formula, not realized key frequency"
WO1-18-tuned,O1,tuned,0.9,95,1000000,10,batchR,0,1000,24,10,2,2,ok,79947,72797,0.012246005558052046,8184,"Zipf formula, not realized key frequency"
WO1-18-tuned,O1,tuned,0.9,95,1000000,10,batchR,0,1000,24,10,2,3,ok,58199,72797,0.009452563189538894,8184,"Zipf formula, not realized key frequency"
WO1-18-tuned,O1,tuned,0.9,95,1000000,10,batchR,0,1000,24,10,2,4,ok,45630,72797,0.00773268960288364,8184,"Zipf formula, not realized key frequency"
WO1-18-tuned,O1,tuned,0.9,95,1000000,10,batchR,0,1000,24,10,2,5,ok,37814,72797,0.0065624718895960655,8184,"Zipf formula, not realized key frequency"
WO1-18-tuned,O1,tuned,0.9,95,1000000,10,batchR,0,1000,24,10,2,6,ok,32249,72797,0.005712357054208398,8184,"Zipf formula, not realized key frequency"
WO1-18-tuned,O1,tuned,0.9,95,1000000,10,batchR,0,1000,24,10,2,7,ok,27918,72797,0.005065503189747605,8184,"Zipf formula, not realized key frequency"
WO1-19-best100,O1,best100,0.99,5,10000,1000,batchR,95,1000,12,10,1,0,ok,715,303,0.09780561885960111,84,"Zipf formula, not realized key frequency"
WO1-19-best100,O1,best100,0.99,5,10000,1000,batchR,95,1000,12,10,1,1,ok,715,303,0.04924295536870372,84,"Zipf formula, not realized key frequency"
WO1-19-best100,O1,best100,0.99,5,10000,1000,batchR,95,1000,12,10,1,2,ok,715,303,0.03296201580031142,84,"Zipf formula, not realized key frequency"
WO1-19-best100,O1,best100,0.99,5,10000,1000,batchR,95,1000,12,10,1,3,ok,715,303,0.02479273360485575,84,"Zipf formula, not realized key frequency"
WO1-19-best100,O1,best100,0.99,5,10000,1000,batchR,95,1000,12,10,1,4,ok,715,303,0.019878495009849197,84,"Zipf formula, not realized key frequency"
WO1-19-best100,O1,best100,0.99,5,10000,1000,batchR,95,1000,12,10,1,5,ok,715,303,0.01659564237559042,84,"Zipf formula, not realized key frequency"
WO1-19-best100,O1,best100,0.99,5,10000,1000,batchR,95,1000,12,10,1,6,ok,714,303,0.014246780913352176,84,"Zipf formula, not realized key frequency"
WO1-19-best100,O1,best100,0.99,5,10000,1000,batchR,95,1000,12,10,1,7,ok,714,303,0.012482590352243611,84,"Zipf formula, not realized key frequency"
WO1-19-best100,O1,best100,0.99,5,10000,1000,batchR,95,1000,12,10,2,0,ok,704,291,0.09780561885960111,84,"Zipf formula, not realized key frequency"
WO1-19-best100,O1,best100,0.99,5,10000,1000,batchR,95,1000,12,10,2,1,ok,703,291,0.04924295536870372,84,"Zipf formula, not realized key frequency"
WO1-19-best100,O1,best100,0.99,5,10000,1000,batchR,95,1000,12,10,2,2,ok,703,291,0.03296201580031142,84,"Zipf formula, not realized key frequency"
WO1-19-best100,O1,best100,0.99,5,10000,1000,batchR,95,1000,12,10,2,3,ok,703,291,0.02479273360485575,84,"Zipf formula, not realized key frequency"
WO1-19-best100,O1,best100,0.99,5,10000,1000,batchR,95,1000,12,10,2,4,ok,703,291,0.019878495009849197,84,"Zipf formula, not realized key frequency"
WO1-19-best100,O1,best100,0.99,5,10000,1000,batchR,95,1000,12,10,2,5,ok,703,291,0.01659564237559042,84,"Zipf formula, not realized key frequency"
WO1-19-best100,O1,best100,0.99,5,10000,1000,batchR,95,1000,12,10,2,6,ok,703,291,0.014246780913352176,84,"Zipf formula, not realized key frequency"
WO1-19-best100,O1,best100,0.99,5,10000,1000,batchR,95,1000,12,10,2,7,ok,703,291,0.012482590352243611,84,"Zipf formula, not realized key frequency"
WO1-19-default,O1,default,0.99,5,10000,1000,batchR,95,1000,12,10,1,0,ok,697,282,0.09780561885960111,84,"Zipf formula, not realized key frequency"
WO1-19-default,O1,default,0.99,5,10000,1000,batchR,95,1000,12,10,1,1,ok,697,282,0.04924295536870372,84,"Zipf formula, not realized key frequency"
WO1-19-default,O1,default,0.99,5,10000,1000,batchR,95,1000,12,10,1,2,ok,697,282,0.03296201580031142,84,"Zipf formula, not realized key frequency"
WO1-19-default,O1,default,0.99,5,10000,1000,batchR,95,1000,12,10,1,3,ok,697,282,0.02479273360485575,84,"Zipf formula, not realized key frequency"
WO1-19-default,O1,default,0.99,5,10000,1000,batchR,95,1000,12,10,1,4,ok,697,282,0.019878495009849197,84,"Zipf formula, not realized key frequency"
WO1-19-default,O1,default,0.99,5,10000,1000,batchR,95,1000,12,10,1,5,ok,697,282,0.01659564237559042,84,"Zipf formula, not realized key frequency"
WO1-19-default,O1,default,0.99,5,10000,1000,batchR,95,1000,12,10,1,6,ok,697,282,0.014246780913352176,84,"Zipf formula, not realized key frequency"
WO1-19-default,O1,default,0.99,5,10000,1000,batchR,95,1000,12,10,1,7,ok,697,282,0.012482590352243611,84,"Zipf formula, not realized key frequency"
WO1-19-default,O1,default,0.99,5,10000,1000,batchR,95,1000,12,10,2,0,ok,735,286,0.09780561885960111,84,"Zipf formula, not realized key frequency"
WO1-19-default,O1,default,0.99,5,10000,1000,batchR,95,1000,12,10,2,1,ok,734,286,0.04924295536870372,84,"Zipf formula, not realized key frequency"
WO1-19-default,O1,default,0.99,5,10000,1000,batchR,95,1000,12,10,2,2,ok,733,286,0.03296201580031142,84,"Zipf formula, not realized key frequency"
WO1-19-default,O1,default,0.99,5,10000,1000,batchR,95,1000,12,10,2,3,ok,733,286,0.02479273360485575,84,"Zipf formula, not realized key frequency"
WO1-19-default,O1,default,0.99,5,10000,1000,batchR,95,1000,12,10,2,4,ok,733,286,0.019878495009849197,84,"Zipf formula, not realized key frequency"
WO1-19-default,O1,default,0.99,5,10000,1000,batchR,95,1000,12,10,2,5,ok,733,286,0.01659564237559042,84,"Zipf formula, not realized key frequency"
WO1-19-default,O1,default,0.99,5,10000,1000,batchR,95,1000,12,10,2,6,ok,733,286,0.014246780913352176,84,"Zipf formula, not realized key frequency"
WO1-19-default,O1,default,0.99,5,10000,1000,batchR,95,1000,12,10,2,7,ok,733,286,0.012482590352243611,84,"Zipf formula, not realized key frequency"
WO1-20-best100,O1,best100,0.99,5,100000,1000,batchR,0,100,24,100000,1,0,ok,17905,18029,0.07825743810383633,284,"Zipf formula, not realized key frequency"
WO1-20-best100,O1,best100,0.99,5,100000,1000,batchR,0,100,24,100000,1,1,ok,17717,18029,0.03940088081593907,284,"Zipf formula, not realized key frequency"
WO1-20-best100,O1,best100,0.99,5,100000,1000,batchR,0,100,24,100000,1,2,ok,17531,18029,0.026373974638138356,284,"Zipf formula, not realized key frequency"
WO1-20-best100,O1,best100,0.99,5,100000,1000,batchR,0,100,24,100000,1,3,ok,17395,18029,0.019837467807366574,284,"Zipf formula, not realized key frequency"
WO1-20-best100,O1,best100,0.99,5,100000,1000,batchR,0,100,24,100000,1,4,ok,17218,18029,0.015905426610139824,284,"Zipf formula, not realized key frequency"
WO1-20-best100,O1,best100,0.99,5,100000,1000,batchR,0,100,24,100000,1,5,ok,17092,18029,0.013278710069464279,284,"Zipf formula, not realized key frequency"
WO1-20-best100,O1,best100,0.99,5,100000,1000,batchR,0,100,24,100000,1,6,ok,16980,18029,0.011399310065263481,284,"Zipf formula, not realized key frequency"
WO1-20-best100,O1,best100,0.99,5,100000,1000,batchR,0,100,24,100000,1,7,ok,16858,18029,0.00998772415384963,284,"Zipf formula, not realized key frequency"
WO1-20-best100,O1,best100,0.99,5,100000,1000,batchR,0,100,24,100000,2,0,ok,17572,17837,0.07825743810383633,284,"Zipf formula, not realized key frequency"
WO1-20-best100,O1,best100,0.99,5,100000,1000,batchR,0,100,24,100000,2,1,ok,17392,17837,0.03940088081593907,284,"Zipf formula, not realized key frequency"
WO1-20-best100,O1,best100,0.99,5,100000,1000,batchR,0,100,24,100000,2,2,ok,17184,17837,0.026373974638138356,284,"Zipf formula, not realized key frequency"
WO1-20-best100,O1,best100,0.99,5,100000,1000,batchR,0,100,24,100000,2,3,ok,17061,17837,0.019837467807366574,284,"Zipf formula, not realized key frequency"
WO1-20-best100,O1,best100,0.99,5,100000,1000,batchR,0,100,24,100000,2,4,ok,16909,17837,0.015905426610139824,284,"Zipf formula, not realized key frequency"
WO1-20-best100,O1,best100,0.99,5,100000,1000,batchR,0,100,24,100000,2,5,ok,16748,17837,0.013278710069464279,284,"Zipf formula, not realized key frequency"
WO1-20-best100,O1,best100,0.99,5,100000,1000,batchR,0,100,24,100000,2,6,ok,16647,17837,0.011399310065263481,284,"Zipf formula, not realized key frequency"
WO1-20-best100,O1,best100,0.99,5,100000,1000,batchR,0,100,24,100000,2,7,ok,16517,17837,0.00998772415384963,284,"Zipf formula, not realized key frequency"
WO1-20-default,O1,default,0.99,5,100000,1000,batchR,0,100,24,100000,1,0,ok,20809,23490,0.07825743810383633,284,"Zipf formula, not realized key frequency"
WO1-20-default,O1,default,0.99,5,100000,1000,batchR,0,100,24,100000,1,1,ok,20658,23490,0.03940088081593907,284,"Zipf formula, not realized key frequency"
WO1-20-default,O1,default,0.99,5,100000,1000,batchR,0,100,24,100000,1,2,ok,20513,23490,0.026373974638138356,284,"Zipf formula, not realized key frequency"
WO1-20-default,O1,default,0.99,5,100000,1000,batchR,0,100,24,100000,1,3,ok,20326,23490,0.019837467807366574,284,"Zipf formula, not realized key frequency"
WO1-20-default,O1,default,0.99,5,100000,1000,batchR,0,100,24,100000,1,4,ok,20115,23490,0.015905426610139824,284,"Zipf formula, not realized key frequency"
WO1-20-default,O1,default,0.99,5,100000,1000,batchR,0,100,24,100000,1,5,ok,19993,23490,0.013278710069464279,284,"Zipf formula, not realized key frequency"
WO1-20-default,O1,default,0.99,5,100000,1000,batchR,0,100,24,100000,1,6,ok,19867,23490,0.011399310065263481,284,"Zipf formula, not realized key frequency"
WO1-20-default,O1,default,0.99,5,100000,1000,batchR,0,100,24,100000,1,7,ok,19745,23490,0.00998772415384963,284,"Zipf formula, not realized key frequency"
WO1-20-default,O1,default,0.99,5,100000,1000,batchR,0,100,24,100000,2,0,ok,19284,20752,0.07825743810383633,284,"Zipf formula, not realized key frequency"
WO1-20-default,O1,default,0.99,5,100000,1000,batchR,0,100,24,100000,2,1,ok,19088,20752,0.03940088081593907,284,"Zipf formula, not realized key frequency"
WO1-20-default,O1,default,0.99,5,100000,1000,batchR,0,100,24,100000,2,2,ok,19002,20752,0.026373974638138356,284,"Zipf formula, not realized key frequency"
WO1-20-default,O1,default,0.99,5,100000,1000,batchR,0,100,24,100000,2,3,ok,18883,20752,0.019837467807366574,284,"Zipf formula, not realized key frequency"
WO1-20-default,O1,default,0.99,5,100000,1000,batchR,0,100,24,100000,2,4,ok,18708,20752,0.015905426610139824,284,"Zipf formula, not realized key frequency"
WO1-20-default,O1,default,0.99,5,100000,1000,batchR,0,100,24,100000,2,5,ok,18606,20752,0.013278710069464279,284,"Zipf formula, not realized key frequency"
WO1-20-default,O1,default,0.99,5,100000,1000,batchR,0,100,24,100000,2,6,ok,18507,20752,0.011399310065263481,284,"Zipf formula, not realized key frequency"
WO1-20-default,O1,default,0.99,5,100000,1000,batchR,0,100,24,100000,2,7,ok,18313,20752,0.00998772415384963,284,"Zipf formula, not realized key frequency"
WO1-21-best100,O1,best100,0.99,5,1000000,1000,batchR,50,4,48,1000,1,0,ok,13446,12369,0.06496944918900666,970,"Zipf formula, not realized key frequency"
WO1-21-best100,O1,best100,0.99,5,1000000,1000,batchR,50,4,48,1000,1,1,ok,13261,12369,0.032710673722499126,970,"Zipf formula, not realized key frequency"
WO1-21-best100,O1,best100,0.99,5,1000000,1000,batchR,50,4,48,1000,1,2,ok,13098,12369,0.02189571555985655,970,"Zipf formula, not realized key frequency"
WO1-21-best100,O1,best100,0.99,5,1000000,1000,batchR,50,4,48,1000,1,3,ok,12988,12369,0.01646909722548248,970,"Zipf formula, not realized key frequency"
WO1-21-best100,O1,best100,0.99,5,1000000,1000,batchR,50,4,48,1000,1,4,ok,12843,12369,0.013204710389392315,970,"Zipf formula, not realized key frequency"
WO1-21-best100,O1,best100,0.99,5,1000000,1000,batchR,50,4,48,1000,1,5,ok,12783,12369,0.011024006152730404,970,"Zipf formula, not realized key frequency"
WO1-21-best100,O1,best100,0.99,5,1000000,1000,batchR,50,4,48,1000,1,6,ok,12659,12369,0.009463725289501419,970,"Zipf formula, not realized key frequency"
WO1-21-best100,O1,best100,0.99,5,1000000,1000,batchR,50,4,48,1000,1,7,ok,12484,12369,0.008291824427811647,970,"Zipf formula, not realized key frequency"
WO1-21-best100,O1,best100,0.99,5,1000000,1000,batchR,50,4,48,1000,2,0,ok,13313,13314,0.06496944918900666,970,"Zipf formula, not realized key frequency"
WO1-21-best100,O1,best100,0.99,5,1000000,1000,batchR,50,4,48,1000,2,1,ok,13127,13314,0.032710673722499126,970,"Zipf formula, not realized key frequency"
WO1-21-best100,O1,best100,0.99,5,1000000,1000,batchR,50,4,48,1000,2,2,ok,12889,13314,0.02189571555985655,970,"Zipf formula, not realized key frequency"
WO1-21-best100,O1,best100,0.99,5,1000000,1000,batchR,50,4,48,1000,2,3,ok,12656,13314,0.01646909722548248,970,"Zipf formula, not realized key frequency"
WO1-21-best100,O1,best100,0.99,5,1000000,1000,batchR,50,4,48,1000,2,4,ok,12576,13314,0.013204710389392315,970,"Zipf formula, not realized key frequency"
WO1-21-best100,O1,best100,0.99,5,1000000,1000,batchR,50,4,48,1000,2,5,ok,12477,13314,0.011024006152730404,970,"Zipf formula, not realized key frequency"
WO1-21-best100,O1,best100,0.99,5,1000000,1000,batchR,50,4,48,1000,2,6,ok,12387,13314,0.009463725289501419,970,"Zipf formula, not realized key frequency"
WO1-21-best100,O1,best100,0.99,5,1000000,1000,batchR,50,4,48,1000,2,7,ok,12227,13314,0.008291824427811647,970,"Zipf formula, not realized key frequency"
WO1-21-default,O1,default,0.99,5,1000000,1000,batchR,50,4,48,1000,1,0,ok,12940,12359,0.06496944918900666,970,"Zipf formula, not realized key frequency"
WO1-21-default,O1,default,0.99,5,1000000,1000,batchR,50,4,48,1000,1,1,ok,12757,12359,0.032710673722499126,970,"Zipf formula, not realized key frequency"
WO1-21-default,O1,default,0.99,5,1000000,1000,batchR,50,4,48,1000,1,2,ok,12611,12359,0.02189571555985655,970,"Zipf formula, not realized key frequency"
WO1-21-default,O1,default,0.99,5,1000000,1000,batchR,50,4,48,1000,1,3,ok,12480,12359,0.01646909722548248,970,"Zipf formula, not realized key frequency"
WO1-21-default,O1,default,0.99,5,1000000,1000,batchR,50,4,48,1000,1,4,ok,12391,12359,0.013204710389392315,970,"Zipf formula, not realized key frequency"
WO1-21-default,O1,default,0.99,5,1000000,1000,batchR,50,4,48,1000,1,5,ok,12337,12359,0.011024006152730404,970,"Zipf formula, not realized key frequency"
WO1-21-default,O1,default,0.99,5,1000000,1000,batchR,50,4,48,1000,1,6,ok,12240,12359,0.009463725289501419,970,"Zipf formula, not realized key frequency"
WO1-21-default,O1,default,0.99,5,1000000,1000,batchR,50,4,48,1000,1,7,ok,12158,12359,0.008291824427811647,970,"Zipf formula, not realized key frequency"
WO1-21-default,O1,default,0.99,5,1000000,1000,batchR,50,4,48,1000,2,0,ok,12145,11449,0.06496944918900666,970,"Zipf formula, not realized key frequency"
WO1-21-default,O1,default,0.99,5,1000000,1000,batchR,50,4,48,1000,2,1,ok,12012,11449,0.032710673722499126,970,"Zipf formula, not realized key frequency"
WO1-21-default,O1,default,0.99,5,1000000,1000,batchR,50,4,48,1000,2,2,ok,11902,11449,0.02189571555985655,970,"Zipf formula, not realized key frequency"
WO1-21-default,O1,default,0.99,5,1000000,1000,batchR,50,4,48,1000,2,3,ok,11858,11449,0.01646909722548248,970,"Zipf formula, not realized key frequency"
WO1-21-default,O1,default,0.99,5,1000000,1000,batchR,50,4,48,1000,2,4,ok,11676,11449,0.013204710389392315,970,"Zipf formula, not realized key frequency"
WO1-21-default,O1,default,0.99,5,1000000,1000,batchR,50,4,48,1000,2,5,ok,11520,11449,0.011024006152730404,970,"Zipf formula, not realized key frequency"
WO1-21-default,O1,default,0.99,5,1000000,1000,batchR,50,4,48,1000,2,6,ok,11407,11449,0.009463725289501419,970,"Zipf formula, not realized key frequency"
WO1-21-default,O1,default,0.99,5,1000000,1000,batchR,50,4,48,1000,2,7,ok,11254,11449,0.008291824427811647,970,"Zipf formula, not realized key frequency"
WO1-22-default,O1,default,0.99,50,10000,10,batchU,95,1000,24,1000,1,0,ok,207,31,0.09780561885960111,84,"Zipf formula, not realized key frequency"
WO1-22-default,O1,default,0.99,50,10000,10,batchU,95,1000,24,1000,1,1,ok,120,31,0.04924295536870372,84,"Zipf formula, not realized key frequency"
WO1-22-default,O1,default,0.99,50,10000,10,batchU,95,1000,24,1000,1,2,ok,88,31,0.03296201580031142,84,"Zipf formula, not realized key frequency"
WO1-22-default,O1,default,0.99,50,10000,10,batchU,95,1000,24,1000,1,3,ok,62,31,0.02479273360485575,84,"Zipf formula, not realized key frequency"
WO1-22-default,O1,default,0.99,50,10000,10,batchU,95,1000,24,1000,1,4,ok,52,31,0.019878495009849197,84,"Zipf formula, not realized key frequency"
WO1-22-default,O1,default,0.99,50,10000,10,batchU,95,1000,24,1000,1,5,ok,45,31,0.01659564237559042,84,"Zipf formula, not realized key frequency"
WO1-22-default,O1,default,0.99,50,10000,10,batchU,95,1000,24,1000,1,6,ok,49,31,0.014246780913352176,84,"Zipf formula, not realized key frequency"
WO1-22-default,O1,default,0.99,50,10000,10,batchU,95,1000,24,1000,1,7,ok,40,31,0.012482590352243611,84,"Zipf formula, not realized key frequency"
WO1-22-default,O1,default,0.99,50,10000,10,batchU,95,1000,24,1000,2,0,ok,242,38,0.09780561885960111,84,"Zipf formula, not realized key frequency"
WO1-22-default,O1,default,0.99,50,10000,10,batchU,95,1000,24,1000,2,1,ok,135,38,0.04924295536870372,84,"Zipf formula, not realized key frequency"
WO1-22-default,O1,default,0.99,50,10000,10,batchU,95,1000,24,1000,2,2,ok,130,38,0.03296201580031142,84,"Zipf formula, not realized key frequency"
WO1-22-default,O1,default,0.99,50,10000,10,batchU,95,1000,24,1000,2,3,ok,95,38,0.02479273360485575,84,"Zipf formula, not realized key frequency"
WO1-22-default,O1,default,0.99,50,10000,10,batchU,95,1000,24,1000,2,4,ok,64,38,0.019878495009849197,84,"Zipf formula, not realized key frequency"
WO1-22-default,O1,default,0.99,50,10000,10,batchU,95,1000,24,1000,2,5,ok,54,38,0.01659564237559042,84,"Zipf formula, not realized key frequency"
WO1-22-default,O1,default,0.99,50,10000,10,batchU,95,1000,24,1000,2,6,ok,46,38,0.014246780913352176,84,"Zipf formula, not realized key frequency"
WO1-22-default,O1,default,0.99,50,10000,10,batchU,95,1000,24,1000,2,7,ok,47,38,0.012482590352243611,84,"Zipf formula, not realized key frequency"
WO1-22-tuned,O1,tuned,0.99,50,10000,10,batchU,95,1000,24,1000,1,0,ok,181,26,0.09780561885960111,84,"Zipf formula, not realized key frequency"
WO1-22-tuned,O1,tuned,0.99,50,10000,10,batchU,95,1000,24,1000,1,1,ok,94,26,0.04924295536870372,84,"Zipf formula, not realized key frequency"
WO1-22-tuned,O1,tuned,0.99,50,10000,10,batchU,95,1000,24,1000,1,2,ok,89,26,0.03296201580031142,84,"Zipf formula, not realized key frequency"
WO1-22-tuned,O1,tuned,0.99,50,10000,10,batchU,95,1000,24,1000,1,3,ok,63,26,0.02479273360485575,84,"Zipf formula, not realized key frequency"
WO1-22-tuned,O1,tuned,0.99,50,10000,10,batchU,95,1000,24,1000,1,4,ok,47,26,0.019878495009849197,84,"Zipf formula, not realized key frequency"
WO1-22-tuned,O1,tuned,0.99,50,10000,10,batchU,95,1000,24,1000,1,5,ok,44,26,0.01659564237559042,84,"Zipf formula, not realized key frequency"
WO1-22-tuned,O1,tuned,0.99,50,10000,10,batchU,95,1000,24,1000,1,6,ok,31,26,0.014246780913352176,84,"Zipf formula, not realized key frequency"
WO1-22-tuned,O1,tuned,0.99,50,10000,10,batchU,95,1000,24,1000,1,7,ok,34,26,0.012482590352243611,84,"Zipf formula, not realized key frequency"
WO1-22-tuned,O1,tuned,0.99,50,10000,10,batchU,95,1000,24,1000,2,0,ok,326,40,0.09780561885960111,84,"Zipf formula, not realized key frequency"
WO1-22-tuned,O1,tuned,0.99,50,10000,10,batchU,95,1000,24,1000,2,1,ok,163,40,0.04924295536870372,84,"Zipf formula, not realized key frequency"
WO1-22-tuned,O1,tuned,0.99,50,10000,10,batchU,95,1000,24,1000,2,2,ok,140,40,0.03296201580031142,84,"Zipf formula, not realized key frequency"
WO1-22-tuned,O1,tuned,0.99,50,10000,10,batchU,95,1000,24,1000,2,3,ok,114,40,0.02479273360485575,84,"Zipf formula, not realized key frequency"
WO1-22-tuned,O1,tuned,0.99,50,10000,10,batchU,95,1000,24,1000,2,4,ok,84,40,0.019878495009849197,84,"Zipf formula, not realized key frequency"
WO1-22-tuned,O1,tuned,0.99,50,10000,10,batchU,95,1000,24,1000,2,5,ok,65,40,0.01659564237559042,84,"Zipf formula, not realized key frequency"
WO1-22-tuned,O1,tuned,0.99,50,10000,10,batchU,95,1000,24,1000,2,6,ok,42,40,0.014246780913352176,84,"Zipf formula, not realized key frequency"
WO1-22-tuned,O1,tuned,0.99,50,10000,10,batchU,95,1000,24,1000,2,7,ok,61,40,0.012482590352243611,84,"Zipf formula, not realized key frequency"
WO1-23-default,O1,default,0.99,50,100000,10,batchU,0,100,48,10,1,0,ok,352,109,0.07825743810383633,284,"Zipf formula, not realized key frequency"
WO1-23-default,O1,default,0.99,50,100000,10,batchU,0,100,48,10,1,1,ok,196,109,0.03940088081593907,284,"Zipf formula, not realized key frequency"
WO1-23-default,O1,default,0.99,50,100000,10,batchU,0,100,48,10,1,2,ok,142,109,0.026373974638138356,284,"Zipf formula, not realized key frequency"
WO1-23-default,O1,default,0.99,50,100000,10,batchU,0,100,48,10,1,3,ok,123,109,0.019837467807366574,284,"Zipf formula, not realized key frequency"
WO1-23-default,O1,default,0.99,50,100000,10,batchU,0,100,48,10,1,4,ok,101,109,0.015905426610139824,284,"Zipf formula, not realized key frequency"
WO1-23-default,O1,default,0.99,50,100000,10,batchU,0,100,48,10,1,5,ok,65,109,0.013278710069464279,284,"Zipf formula, not realized key frequency"
WO1-23-default,O1,default,0.99,50,100000,10,batchU,0,100,48,10,1,6,ok,59,109,0.011399310065263481,284,"Zipf formula, not realized key frequency"
WO1-23-default,O1,default,0.99,50,100000,10,batchU,0,100,48,10,1,7,ok,53,109,0.00998772415384963,284,"Zipf formula, not realized key frequency"
WO1-23-default,O1,default,0.99,50,100000,10,batchU,0,100,48,10,2,0,ok,157,52,0.07825743810383633,284,"Zipf formula, not realized key frequency"
WO1-23-default,O1,default,0.99,50,100000,10,batchU,0,100,48,10,2,1,ok,108,52,0.03940088081593907,284,"Zipf formula, not realized key frequency"
WO1-23-default,O1,default,0.99,50,100000,10,batchU,0,100,48,10,2,2,ok,85,52,0.026373974638138356,284,"Zipf formula, not realized key frequency"
WO1-23-default,O1,default,0.99,50,100000,10,batchU,0,100,48,10,2,3,ok,62,52,0.019837467807366574,284,"Zipf formula, not realized key frequency"
WO1-23-default,O1,default,0.99,50,100000,10,batchU,0,100,48,10,2,4,ok,42,52,0.015905426610139824,284,"Zipf formula, not realized key frequency"
WO1-23-default,O1,default,0.99,50,100000,10,batchU,0,100,48,10,2,5,ok,40,52,0.013278710069464279,284,"Zipf formula, not realized key frequency"
WO1-23-default,O1,default,0.99,50,100000,10,batchU,0,100,48,10,2,6,ok,44,52,0.011399310065263481,284,"Zipf formula, not realized key frequency"
WO1-23-default,O1,default,0.99,50,100000,10,batchU,0,100,48,10,2,7,ok,26,52,0.00998772415384963,284,"Zipf formula, not realized key frequency"
WO1-23-tuned,O1,tuned,0.99,50,100000,10,batchU,0,100,48,10,1,0,ok,50,15,0.07825743810383633,284,"Zipf formula, not realized key frequency"
WO1-23-tuned,O1,tuned,0.99,50,100000,10,batchU,0,100,48,10,1,1,ok,48,15,0.03940088081593907,284,"Zipf formula, not realized key frequency"
WO1-23-tuned,O1,tuned,0.99,50,100000,10,batchU,0,100,48,10,1,2,ok,43,15,0.026373974638138356,284,"Zipf formula, not realized key frequency"
WO1-23-tuned,O1,tuned,0.99,50,100000,10,batchU,0,100,48,10,1,3,ok,11,15,0.019837467807366574,284,"Zipf formula, not realized key frequency"
WO1-23-tuned,O1,tuned,0.99,50,100000,10,batchU,0,100,48,10,1,4,ok,18,15,0.015905426610139824,284,"Zipf formula, not realized key frequency"
WO1-23-tuned,O1,tuned,0.99,50,100000,10,batchU,0,100,48,10,1,5,ok,14,15,0.013278710069464279,284,"Zipf formula, not realized key frequency"
WO1-23-tuned,O1,tuned,0.99,50,100000,10,batchU,0,100,48,10,1,6,ok,6,15,0.011399310065263481,284,"Zipf formula, not realized key frequency"
WO1-23-tuned,O1,tuned,0.99,50,100000,10,batchU,0,100,48,10,1,7,ok,11,15,0.00998772415384963,284,"Zipf formula, not realized key frequency"
WO1-23-tuned,O1,tuned,0.99,50,100000,10,batchU,0,100,48,10,2,0,ok,66,14,0.07825743810383633,284,"Zipf formula, not realized key frequency"
WO1-23-tuned,O1,tuned,0.99,50,100000,10,batchU,0,100,48,10,2,1,ok,34,14,0.03940088081593907,284,"Zipf formula, not realized key frequency"
WO1-23-tuned,O1,tuned,0.99,50,100000,10,batchU,0,100,48,10,2,2,ok,30,14,0.026373974638138356,284,"Zipf formula, not realized key frequency"
WO1-23-tuned,O1,tuned,0.99,50,100000,10,batchU,0,100,48,10,2,3,ok,15,14,0.019837467807366574,284,"Zipf formula, not realized key frequency"
WO1-23-tuned,O1,tuned,0.99,50,100000,10,batchU,0,100,48,10,2,4,ok,13,14,0.015905426610139824,284,"Zipf formula, not realized key frequency"
WO1-23-tuned,O1,tuned,0.99,50,100000,10,batchU,0,100,48,10,2,5,ok,5,14,0.013278710069464279,284,"Zipf formula, not realized key frequency"
WO1-23-tuned,O1,tuned,0.99,50,100000,10,batchU,0,100,48,10,2,6,ok,9,14,0.011399310065263481,284,"Zipf formula, not realized key frequency"
WO1-23-tuned,O1,tuned,0.99,50,100000,10,batchU,0,100,48,10,2,7,ok,11,14,0.00998772415384963,284,"Zipf formula, not realized key frequency"
WO1-24-default,O1,default,0.99,50,1000000,10,batchU,50,4,12,100000,1,0,ok,4154,865,0.06496944918900666,970,"Zipf formula, not realized key frequency"
WO1-24-default,O1,default,0.99,50,1000000,10,batchU,50,4,12,100000,1,1,ok,2291,865,0.032710673722499126,970,"Zipf formula, not realized key frequency"
WO1-24-default,O1,default,0.99,50,1000000,10,batchU,50,4,12,100000,1,2,ok,1841,865,0.02189571555985655,970,"Zipf formula, not realized key frequency"
WO1-24-default,O1,default,0.99,50,1000000,10,batchU,50,4,12,100000,1,3,ok,1415,865,0.01646909722548248,970,"Zipf formula, not realized key frequency"
WO1-24-default,O1,default,0.99,50,1000000,10,batchU,50,4,12,100000,1,4,ok,1035,865,0.013204710389392315,970,"Zipf formula, not realized key frequency"
WO1-24-default,O1,default,0.99,50,1000000,10,batchU,50,4,12,100000,1,5,ok,824,865,0.011024006152730404,970,"Zipf formula, not realized key frequency"
WO1-24-default,O1,default,0.99,50,1000000,10,batchU,50,4,12,100000,1,6,ok,739,865,0.009463725289501419,970,"Zipf formula, not realized key frequency"
WO1-24-default,O1,default,0.99,50,1000000,10,batchU,50,4,12,100000,1,7,ok,651,865,0.008291824427811647,970,"Zipf formula, not realized key frequency"
WO1-24-default,O1,default,0.99,50,1000000,10,batchU,50,4,12,100000,2,0,ok,4065,798,0.06496944918900666,970,"Zipf formula, not realized key frequency"
WO1-24-default,O1,default,0.99,50,1000000,10,batchU,50,4,12,100000,2,1,ok,2249,798,0.032710673722499126,970,"Zipf formula, not realized key frequency"
WO1-24-default,O1,default,0.99,50,1000000,10,batchU,50,4,12,100000,2,2,ok,1797,798,0.02189571555985655,970,"Zipf formula, not realized key frequency"
WO1-24-default,O1,default,0.99,50,1000000,10,batchU,50,4,12,100000,2,3,ok,1298,798,0.01646909722548248,970,"Zipf formula, not realized key frequency"
WO1-24-default,O1,default,0.99,50,1000000,10,batchU,50,4,12,100000,2,4,ok,995,798,0.013204710389392315,970,"Zipf formula, not realized key frequency"
WO1-24-default,O1,default,0.99,50,1000000,10,batchU,50,4,12,100000,2,5,ok,849,798,0.011024006152730404,970,"Zipf formula, not realized key frequency"
WO1-24-default,O1,default,0.99,50,1000000,10,batchU,50,4,12,100000,2,6,ok,672,798,0.009463725289501419,970,"Zipf formula, not realized key frequency"
WO1-24-default,O1,default,0.99,50,1000000,10,batchU,50,4,12,100000,2,7,ok,609,798,0.008291824427811647,970,"Zipf formula, not realized key frequency"
WO1-24-tuned,O1,tuned,0.99,50,1000000,10,batchU,50,4,12,100000,1,0,ok,6009,1006,0.06496944918900666,970,"Zipf formula, not realized key frequency"
WO1-24-tuned,O1,tuned,0.99,50,1000000,10,batchU,50,4,12,100000,1,1,ok,3408,1006,0.032710673722499126,970,"Zipf formula, not realized key frequency"
WO1-24-tuned,O1,tuned,0.99,50,1000000,10,batchU,50,4,12,100000,1,2,ok,2681,1006,0.02189571555985655,970,"Zipf formula, not realized key frequency"
WO1-24-tuned,O1,tuned,0.99,50,1000000,10,batchU,50,4,12,100000,1,3,ok,1926,1006,0.01646909722548248,970,"Zipf formula, not realized key frequency"
WO1-24-tuned,O1,tuned,0.99,50,1000000,10,batchU,50,4,12,100000,1,4,ok,1493,1006,0.013204710389392315,970,"Zipf formula, not realized key frequency"
WO1-24-tuned,O1,tuned,0.99,50,1000000,10,batchU,50,4,12,100000,1,5,ok,1210,1006,0.011024006152730404,970,"Zipf formula, not realized key frequency"
WO1-24-tuned,O1,tuned,0.99,50,1000000,10,batchU,50,4,12,100000,1,6,ok,1078,1006,0.009463725289501419,970,"Zipf formula, not realized key frequency"
WO1-24-tuned,O1,tuned,0.99,50,1000000,10,batchU,50,4,12,100000,1,7,ok,916,1006,0.008291824427811647,970,"Zipf formula, not realized key frequency"
WO1-24-tuned,O1,tuned,0.99,50,1000000,10,batchU,50,4,12,100000,2,0,ok,6228,1002,0.06496944918900666,970,"Zipf formula, not realized key frequency"
WO1-24-tuned,O1,tuned,0.99,50,1000000,10,batchU,50,4,12,100000,2,1,ok,3398,1002,0.032710673722499126,970,"Zipf formula, not realized key frequency"
WO1-24-tuned,O1,tuned,0.99,50,1000000,10,batchU,50,4,12,100000,2,2,ok,2780,1002,0.02189571555985655,970,"Zipf formula, not realized key frequency"
WO1-24-tuned,O1,tuned,0.99,50,1000000,10,batchU,50,4,12,100000,2,3,ok,1865,1002,0.01646909722548248,970,"Zipf formula, not realized key frequency"
WO1-24-tuned,O1,tuned,0.99,50,1000000,10,batchU,50,4,12,100000,2,4,ok,1508,1002,0.013204710389392315,970,"Zipf formula, not realized key frequency"
WO1-24-tuned,O1,tuned,0.99,50,1000000,10,batchU,50,4,12,100000,2,5,ok,1213,1002,0.011024006152730404,970,"Zipf formula, not realized key frequency"
WO1-24-tuned,O1,tuned,0.99,50,1000000,10,batchU,50,4,12,100000,2,6,ok,1072,1002,0.009463725289501419,970,"Zipf formula, not realized key frequency"
WO1-24-tuned,O1,tuned,0.99,50,1000000,10,batchU,50,4,12,100000,2,7,ok,925,1002,0.008291824427811647,970,"Zipf formula, not realized key frequency"
WO1-25-best100,O1,best100,0.99,95,10000,100,none,95,1000,48,100000,1,0,ok,3551,531,0.09780561885960111,84,"Zipf formula, not realized key frequency"
WO1-25-best100,O1,best100,0.99,95,10000,100,none,95,1000,48,100000,1,1,ok,1808,531,0.04924295536870372,84,"Zipf formula, not realized key frequency"
WO1-25-best100,O1,best100,0.99,95,10000,100,none,95,1000,48,100000,1,2,ok,1635,531,0.03296201580031142,84,"Zipf formula, not realized key frequency"
WO1-25-best100,O1,best100,0.99,95,10000,100,none,95,1000,48,100000,1,3,ok,1196,531,0.02479273360485575,84,"Zipf formula, not realized key frequency"
WO1-25-best100,O1,best100,0.99,95,10000,100,none,95,1000,48,100000,1,4,ok,935,531,0.019878495009849197,84,"Zipf formula, not realized key frequency"
WO1-25-best100,O1,best100,0.99,95,10000,100,none,95,1000,48,100000,1,5,ok,732,531,0.01659564237559042,84,"Zipf formula, not realized key frequency"
WO1-25-best100,O1,best100,0.99,95,10000,100,none,95,1000,48,100000,1,6,ok,622,531,0.014246780913352176,84,"Zipf formula, not realized key frequency"
WO1-25-best100,O1,best100,0.99,95,10000,100,none,95,1000,48,100000,1,7,ok,536,531,0.012482590352243611,84,"Zipf formula, not realized key frequency"
WO1-25-best100,O1,best100,0.99,95,10000,100,none,95,1000,48,100000,2,0,ok,2596,375,0.09780561885960111,84,"Zipf formula, not realized key frequency"
WO1-25-best100,O1,best100,0.99,95,10000,100,none,95,1000,48,100000,2,1,ok,1639,375,0.04924295536870372,84,"Zipf formula, not realized key frequency"
WO1-25-best100,O1,best100,0.99,95,10000,100,none,95,1000,48,100000,2,2,ok,1138,375,0.03296201580031142,84,"Zipf formula, not realized key frequency"
WO1-25-best100,O1,best100,0.99,95,10000,100,none,95,1000,48,100000,2,3,ok,837,375,0.02479273360485575,84,"Zipf formula, not realized key frequency"
WO1-25-best100,O1,best100,0.99,95,10000,100,none,95,1000,48,100000,2,4,ok,723,375,0.019878495009849197,84,"Zipf formula, not realized key frequency"
WO1-25-best100,O1,best100,0.99,95,10000,100,none,95,1000,48,100000,2,5,ok,666,375,0.01659564237559042,84,"Zipf formula, not realized key frequency"
WO1-25-best100,O1,best100,0.99,95,10000,100,none,95,1000,48,100000,2,6,ok,406,375,0.014246780913352176,84,"Zipf formula, not realized key frequency"
WO1-25-best100,O1,best100,0.99,95,10000,100,none,95,1000,48,100000,2,7,ok,373,375,0.012482590352243611,84,"Zipf formula, not realized key frequency"
WO1-25-default,O1,default,0.99,95,10000,100,none,95,1000,48,100000,1,0,ok,2196,364,0.09780561885960111,84,"Zipf formula, not realized key frequency"
WO1-25-default,O1,default,0.99,95,10000,100,none,95,1000,48,100000,1,1,ok,1174,364,0.04924295536870372,84,"Zipf formula, not realized key frequency"
WO1-25-default,O1,default,0.99,95,10000,100,none,95,1000,48,100000,1,2,ok,1025,364,0.03296201580031142,84,"Zipf formula, not realized key frequency"
WO1-25-default,O1,default,0.99,95,10000,100,none,95,1000,48,100000,1,3,ok,624,364,0.02479273360485575,84,"Zipf formula, not realized key frequency"
WO1-25-default,O1,default,0.99,95,10000,100,none,95,1000,48,100000,1,4,ok,515,364,0.019878495009849197,84,"Zipf formula, not realized key frequency"
WO1-25-default,O1,default,0.99,95,10000,100,none,95,1000,48,100000,1,5,ok,474,364,0.01659564237559042,84,"Zipf formula, not realized key frequency"
WO1-25-default,O1,default,0.99,95,10000,100,none,95,1000,48,100000,1,6,ok,455,364,0.014246780913352176,84,"Zipf formula, not realized key frequency"
WO1-25-default,O1,default,0.99,95,10000,100,none,95,1000,48,100000,1,7,ok,357,364,0.012482590352243611,84,"Zipf formula, not realized key frequency"
WO1-25-default,O1,default,0.99,95,10000,100,none,95,1000,48,100000,2,0,ok,2407,332,0.09780561885960111,84,"Zipf formula, not realized key frequency"
WO1-25-default,O1,default,0.99,95,10000,100,none,95,1000,48,100000,2,1,ok,1351,332,0.04924295536870372,84,"Zipf formula, not realized key frequency"
WO1-25-default,O1,default,0.99,95,10000,100,none,95,1000,48,100000,2,2,ok,1089,332,0.03296201580031142,84,"Zipf formula, not realized key frequency"
WO1-25-default,O1,default,0.99,95,10000,100,none,95,1000,48,100000,2,3,ok,783,332,0.02479273360485575,84,"Zipf formula, not realized key frequency"
WO1-25-default,O1,default,0.99,95,10000,100,none,95,1000,48,100000,2,4,ok,624,332,0.019878495009849197,84,"Zipf formula, not realized key frequency"
WO1-25-default,O1,default,0.99,95,10000,100,none,95,1000,48,100000,2,5,ok,553,332,0.01659564237559042,84,"Zipf formula, not realized key frequency"
WO1-25-default,O1,default,0.99,95,10000,100,none,95,1000,48,100000,2,6,ok,496,332,0.014246780913352176,84,"Zipf formula, not realized key frequency"
WO1-25-default,O1,default,0.99,95,10000,100,none,95,1000,48,100000,2,7,ok,390,332,0.012482590352243611,84,"Zipf formula, not realized key frequency"
WO1-26-best100,O1,best100,0.99,95,100000,100,none,0,100,12,1000,1,0,ok,183,27,0.07825743810383633,284,"Zipf formula, not realized key frequency"
WO1-26-best100,O1,best100,0.99,95,100000,100,none,0,100,12,1000,1,1,ok,113,27,0.03940088081593907,284,"Zipf formula, not realized key frequency"
WO1-26-best100,O1,best100,0.99,95,100000,100,none,0,100,12,1000,1,2,ok,42,27,0.026373974638138356,284,"Zipf formula, not realized key frequency"
WO1-26-best100,O1,best100,0.99,95,100000,100,none,0,100,12,1000,1,3,ok,15,27,0.019837467807366574,284,"Zipf formula, not realized key frequency"
WO1-26-best100,O1,best100,0.99,95,100000,100,none,0,100,12,1000,1,4,ok,32,27,0.015905426610139824,284,"Zipf formula, not realized key frequency"
WO1-26-best100,O1,best100,0.99,95,100000,100,none,0,100,12,1000,1,5,ok,9,27,0.013278710069464279,284,"Zipf formula, not realized key frequency"
WO1-26-best100,O1,best100,0.99,95,100000,100,none,0,100,12,1000,1,6,ok,56,27,0.011399310065263481,284,"Zipf formula, not realized key frequency"
WO1-26-best100,O1,best100,0.99,95,100000,100,none,0,100,12,1000,1,7,ok,9,27,0.00998772415384963,284,"Zipf formula, not realized key frequency"
WO1-26-best100,O1,best100,0.99,95,100000,100,none,0,100,12,1000,2,0,ok,193,34,0.07825743810383633,284,"Zipf formula, not realized key frequency"
WO1-26-best100,O1,best100,0.99,95,100000,100,none,0,100,12,1000,2,1,ok,160,34,0.03940088081593907,284,"Zipf formula, not realized key frequency"
WO1-26-best100,O1,best100,0.99,95,100000,100,none,0,100,12,1000,2,2,ok,125,34,0.026373974638138356,284,"Zipf formula, not realized key frequency"
WO1-26-best100,O1,best100,0.99,95,100000,100,none,0,100,12,1000,2,3,ok,103,34,0.019837467807366574,284,"Zipf formula, not realized key frequency"
WO1-26-best100,O1,best100,0.99,95,100000,100,none,0,100,12,1000,2,4,ok,35,34,0.015905426610139824,284,"Zipf formula, not realized key frequency"
WO1-26-best100,O1,best100,0.99,95,100000,100,none,0,100,12,1000,2,5,ok,20,34,0.013278710069464279,284,"Zipf formula, not realized key frequency"
WO1-26-best100,O1,best100,0.99,95,100000,100,none,0,100,12,1000,2,6,ok,24,34,0.011399310065263481,284,"Zipf formula, not realized key frequency"
WO1-26-best100,O1,best100,0.99,95,100000,100,none,0,100,12,1000,2,7,ok,46,34,0.00998772415384963,284,"Zipf formula, not realized key frequency"
WO1-26-default,O1,default,0.99,95,100000,100,none,0,100,12,1000,1,0,ok,58,13,0.07825743810383633,284,"Zipf formula, not realized key frequency"
WO1-26-default,O1,default,0.99,95,100000,100,none,0,100,12,1000,1,1,ok,37,13,0.03940088081593907,284,"Zipf formula, not realized key frequency"
WO1-26-default,O1,default,0.99,95,100000,100,none,0,100,12,1000,1,2,ok,20,13,0.026373974638138356,284,"Zipf formula, not realized key frequency"
WO1-26-default,O1,default,0.99,95,100000,100,none,0,100,12,1000,1,3,ok,17,13,0.019837467807366574,284,"Zipf formula, not realized key frequency"
WO1-26-default,O1,default,0.99,95,100000,100,none,0,100,12,1000,1,4,ok,12,13,0.015905426610139824,284,"Zipf formula, not realized key frequency"
WO1-26-default,O1,default,0.99,95,100000,100,none,0,100,12,1000,1,5,ok,14,13,0.013278710069464279,284,"Zipf formula, not realized key frequency"
WO1-26-default,O1,default,0.99,95,100000,100,none,0,100,12,1000,1,6,ok,8,13,0.011399310065263481,284,"Zipf formula, not realized key frequency"
WO1-26-default,O1,default,0.99,95,100000,100,none,0,100,12,1000,1,7,ok,3,13,0.00998772415384963,284,"Zipf formula, not realized key frequency"
WO1-26-default,O1,default,0.99,95,100000,100,none,0,100,12,1000,2,0,ok,130,22,0.07825743810383633,284,"Zipf formula, not realized key frequency"
WO1-26-default,O1,default,0.99,95,100000,100,none,0,100,12,1000,2,1,ok,93,22,0.03940088081593907,284,"Zipf formula, not realized key frequency"
WO1-26-default,O1,default,0.99,95,100000,100,none,0,100,12,1000,2,2,ok,66,22,0.026373974638138356,284,"Zipf formula, not realized key frequency"
WO1-26-default,O1,default,0.99,95,100000,100,none,0,100,12,1000,2,3,ok,54,22,0.019837467807366574,284,"Zipf formula, not realized key frequency"
WO1-26-default,O1,default,0.99,95,100000,100,none,0,100,12,1000,2,4,ok,21,22,0.015905426610139824,284,"Zipf formula, not realized key frequency"
WO1-26-default,O1,default,0.99,95,100000,100,none,0,100,12,1000,2,5,ok,20,22,0.013278710069464279,284,"Zipf formula, not realized key frequency"
WO1-26-default,O1,default,0.99,95,100000,100,none,0,100,12,1000,2,6,ok,3,22,0.011399310065263481,284,"Zipf formula, not realized key frequency"
WO1-26-default,O1,default,0.99,95,100000,100,none,0,100,12,1000,2,7,ok,25,22,0.00998772415384963,284,"Zipf formula, not realized key frequency"
WO1-27-best100,O1,best100,0.99,95,1000000,100,none,50,4,24,10,1,0,ok,39,11,0.06496944918900666,970,"Zipf formula, not realized key frequency"
WO1-27-best100,O1,best100,0.99,95,1000000,100,none,50,4,24,10,1,1,ok,29,11,0.032710673722499126,970,"Zipf formula, not realized key frequency"
WO1-27-best100,O1,best100,0.99,95,1000000,100,none,50,4,24,10,1,2,ok,32,11,0.02189571555985655,970,"Zipf formula, not realized key frequency"
WO1-27-best100,O1,best100,0.99,95,1000000,100,none,50,4,24,10,1,3,ok,19,11,0.01646909722548248,970,"Zipf formula, not realized key frequency"
WO1-27-best100,O1,best100,0.99,95,1000000,100,none,50,4,24,10,1,4,ok,8,11,0.013204710389392315,970,"Zipf formula, not realized key frequency"
WO1-27-best100,O1,best100,0.99,95,1000000,100,none,50,4,24,10,1,5,ok,3,11,0.011024006152730404,970,"Zipf formula, not realized key frequency"
WO1-27-best100,O1,best100,0.99,95,1000000,100,none,50,4,24,10,1,6,ok,5,11,0.009463725289501419,970,"Zipf formula, not realized key frequency"
WO1-27-best100,O1,best100,0.99,95,1000000,100,none,50,4,24,10,1,7,ok,25,11,0.008291824427811647,970,"Zipf formula, not realized key frequency"
WO1-27-best100,O1,best100,0.99,95,1000000,100,none,50,4,24,10,2,0,ok,56,11,0.06496944918900666,970,"Zipf formula, not realized key frequency"
WO1-27-best100,O1,best100,0.99,95,1000000,100,none,50,4,24,10,2,1,ok,42,11,0.032710673722499126,970,"Zipf formula, not realized key frequency"
WO1-27-best100,O1,best100,0.99,95,1000000,100,none,50,4,24,10,2,2,ok,40,11,0.02189571555985655,970,"Zipf formula, not realized key frequency"
WO1-27-best100,O1,best100,0.99,95,1000000,100,none,50,4,24,10,2,3,ok,7,11,0.01646909722548248,970,"Zipf formula, not realized key frequency"
WO1-27-best100,O1,best100,0.99,95,1000000,100,none,50,4,24,10,2,4,ok,12,11,0.013204710389392315,970,"Zipf formula, not realized key frequency"
WO1-27-best100,O1,best100,0.99,95,1000000,100,none,50,4,24,10,2,5,ok,1,11,0.011024006152730404,970,"Zipf formula, not realized key frequency"
WO1-27-best100,O1,best100,0.99,95,1000000,100,none,50,4,24,10,2,6,ok,14,11,0.009463725289501419,970,"Zipf formula, not realized key frequency"
WO1-27-best100,O1,best100,0.99,95,1000000,100,none,50,4,24,10,2,7,ok,12,11,0.008291824427811647,970,"Zipf formula, not realized key frequency"
WO1-27-default,O1,default,0.99,95,1000000,100,none,50,4,24,10,1,0,ok,34,9,0.06496944918900666,970,"Zipf formula, not realized key frequency"
WO1-27-default,O1,default,0.99,95,1000000,100,none,50,4,24,10,1,1,ok,17,9,0.032710673722499126,970,"Zipf formula, not realized key frequency"
WO1-27-default,O1,default,0.99,95,1000000,100,none,50,4,24,10,1,2,ok,14,9,0.02189571555985655,970,"Zipf formula, not realized key frequency"
WO1-27-default,O1,default,0.99,95,1000000,100,none,50,4,24,10,1,3,ok,13,9,0.01646909722548248,970,"Zipf formula, not realized key frequency"
WO1-27-default,O1,default,0.99,95,1000000,100,none,50,4,24,10,1,4,ok,14,9,0.013204710389392315,970,"Zipf formula, not realized key frequency"
WO1-27-default,O1,default,0.99,95,1000000,100,none,50,4,24,10,1,5,ok,6,9,0.011024006152730404,970,"Zipf formula, not realized key frequency"
WO1-27-default,O1,default,0.99,95,1000000,100,none,50,4,24,10,1,6,ok,11,9,0.009463725289501419,970,"Zipf formula, not realized key frequency"
WO1-27-default,O1,default,0.99,95,1000000,100,none,50,4,24,10,1,7,ok,4,9,0.008291824427811647,970,"Zipf formula, not realized key frequency"
WO1-27-default,O1,default,0.99,95,1000000,100,none,50,4,24,10,2,0,ok,36,12,0.06496944918900666,970,"Zipf formula, not realized key frequency"
WO1-27-default,O1,default,0.99,95,1000000,100,none,50,4,24,10,2,1,ok,33,12,0.032710673722499126,970,"Zipf formula, not realized key frequency"
WO1-27-default,O1,default,0.99,95,1000000,100,none,50,4,24,10,2,2,ok,18,12,0.02189571555985655,970,"Zipf formula, not realized key frequency"
WO1-27-default,O1,default,0.99,95,1000000,100,none,50,4,24,10,2,3,ok,16,12,0.01646909722548248,970,"Zipf formula, not realized key frequency"
WO1-27-default,O1,default,0.99,95,1000000,100,none,50,4,24,10,2,4,ok,12,12,0.013204710389392315,970,"Zipf formula, not realized key frequency"
WO1-27-default,O1,default,0.99,95,1000000,100,none,50,4,24,10,2,5,ok,15,12,0.011024006152730404,970,"Zipf formula, not realized key frequency"
WO1-27-default,O1,default,0.99,95,1000000,100,none,50,4,24,10,2,6,ok,1,12,0.009463725289501419,970,"Zipf formula, not realized key frequency"
WO1-27-default,O1,default,0.99,95,1000000,100,none,50,4,24,10,2,7,ok,12,12,0.008291824427811647,970,"Zipf formula, not realized key frequency"
WO2-01-best100,O2,best100,0.9,95,100000,1000,batchU,95,100,48,1000,1,0,ok,1970,1216,0.04505990589609496,1328,"Zipf formula, not realized key frequency"
WO2-01-best100,O2,best100,0.9,95,100000,1000,batchU,95,100,48,1000,1,1,ok,1447,1216,0.024147005681908612,1328,"Zipf formula, not realized key frequency"
WO2-01-best100,O2,best100,0.9,95,100000,1000,batchU,95,100,48,1000,1,2,ok,1394,1216,0.01676413506347285,1328,"Zipf formula, not realized key frequency"
WO2-01-best100,O2,best100,0.9,95,100000,1000,batchU,95,100,48,1000,1,3,ok,1011,1216,0.012940059944791367,1328,"Zipf formula, not realized key frequency"
WO2-01-best100,O2,best100,0.9,95,100000,1000,batchU,95,100,48,1000,1,4,ok,978,1216,0.01058564380786333,1328,"Zipf formula, not realized key frequency"
WO2-01-best100,O2,best100,0.9,95,100000,1000,batchU,95,100,48,1000,1,5,ok,920,1216,0.008983677541702187,1328,"Zipf formula, not realized key frequency"
WO2-01-best100,O2,best100,0.9,95,100000,1000,batchU,95,100,48,1000,1,6,ok,707,1216,0.007819915215093558,1328,"Zipf formula, not realized key frequency"
WO2-01-best100,O2,best100,0.9,95,100000,1000,batchU,95,100,48,1000,1,7,ok,562,1216,0.00693440642622812,1328,"Zipf formula, not realized key frequency"
WO2-01-best100,O2,best100,0.9,95,100000,1000,batchU,95,100,48,1000,2,0,ok,1552,540,0.04505990589609496,1328,"Zipf formula, not realized key frequency"
WO2-01-best100,O2,best100,0.9,95,100000,1000,batchU,95,100,48,1000,2,1,ok,1330,540,0.024147005681908612,1328,"Zipf formula, not realized key frequency"
WO2-01-best100,O2,best100,0.9,95,100000,1000,batchU,95,100,48,1000,2,2,ok,1020,540,0.01676413506347285,1328,"Zipf formula, not realized key frequency"
WO2-01-best100,O2,best100,0.9,95,100000,1000,batchU,95,100,48,1000,2,3,ok,977,540,0.012940059944791367,1328,"Zipf formula, not realized key frequency"
WO2-01-best100,O2,best100,0.9,95,100000,1000,batchU,95,100,48,1000,2,4,ok,770,540,0.01058564380786333,1328,"Zipf formula, not realized key frequency"
WO2-01-best100,O2,best100,0.9,95,100000,1000,batchU,95,100,48,1000,2,5,ok,685,540,0.008983677541702187,1328,"Zipf formula, not realized key frequency"
WO2-01-best100,O2,best100,0.9,95,100000,1000,batchU,95,100,48,1000,2,6,ok,535,540,0.007819915215093558,1328,"Zipf formula, not realized key frequency"
WO2-01-best100,O2,best100,0.9,95,100000,1000,batchU,95,100,48,1000,2,7,ok,451,540,0.00693440642622812,1328,"Zipf formula, not realized key frequency"
WO2-01-default,O2,default,0.9,95,100000,1000,batchU,95,100,48,1000,1,0,ok,1575,556,0.04505990589609496,1328,"Zipf formula, not realized key frequency"
WO2-01-default,O2,default,0.9,95,100000,1000,batchU,95,100,48,1000,1,1,ok,1281,556,0.024147005681908612,1328,"Zipf formula, not realized key frequency"
WO2-01-default,O2,default,0.9,95,100000,1000,batchU,95,100,48,1000,1,2,ok,1036,556,0.01676413506347285,1328,"Zipf formula, not realized key frequency"
WO2-01-default,O2,default,0.9,95,100000,1000,batchU,95,100,48,1000,1,3,ok,992,556,0.012940059944791367,1328,"Zipf formula, not realized key frequency"
WO2-01-default,O2,default,0.9,95,100000,1000,batchU,95,100,48,1000,1,4,ok,887,556,0.01058564380786333,1328,"Zipf formula, not realized key frequency"
WO2-01-default,O2,default,0.9,95,100000,1000,batchU,95,100,48,1000,1,5,ok,670,556,0.008983677541702187,1328,"Zipf formula, not realized key frequency"
WO2-01-default,O2,default,0.9,95,100000,1000,batchU,95,100,48,1000,1,6,ok,481,556,0.007819915215093558,1328,"Zipf formula, not realized key frequency"
WO2-01-default,O2,default,0.9,95,100000,1000,batchU,95,100,48,1000,1,7,ok,606,556,0.00693440642622812,1328,"Zipf formula, not realized key frequency"
WO2-01-default,O2,default,0.9,95,100000,1000,batchU,95,100,48,1000,2,0,ok,1650,657,0.04505990589609496,1328,"Zipf formula, not realized key frequency"
WO2-01-default,O2,default,0.9,95,100000,1000,batchU,95,100,48,1000,2,1,ok,1455,657,0.024147005681908612,1328,"Zipf formula, not realized key frequency"
WO2-01-default,O2,default,0.9,95,100000,1000,batchU,95,100,48,1000,2,2,ok,1227,657,0.01676413506347285,1328,"Zipf formula, not realized key frequency"
WO2-01-default,O2,default,0.9,95,100000,1000,batchU,95,100,48,1000,2,3,ok,925,657,0.012940059944791367,1328,"Zipf formula, not realized key frequency"
WO2-01-default,O2,default,0.9,95,100000,1000,batchU,95,100,48,1000,2,4,ok,812,657,0.01058564380786333,1328,"Zipf formula, not realized key frequency"
WO2-01-default,O2,default,0.9,95,100000,1000,batchU,95,100,48,1000,2,5,ok,667,657,0.008983677541702187,1328,"Zipf formula, not realized key frequency"
WO2-01-default,O2,default,0.9,95,100000,1000,batchU,95,100,48,1000,2,6,ok,672,657,0.007819915215093558,1328,"Zipf formula, not realized key frequency"
WO2-01-default,O2,default,0.9,95,100000,1000,batchU,95,100,48,1000,2,7,ok,677,657,0.00693440642622812,1328,"Zipf formula, not realized key frequency"
WO2-02-default,O2,default,0.9,5,10000,10,none,95,100,12,1000,1,0,ok,127,16,0.06373942958886639,237,"Zipf formula, not realized key frequency"
WO2-02-default,O2,default,0.9,5,10000,10,none,95,100,12,1000,1,1,ok,87,16,0.03415711457527379,237,"Zipf formula, not realized key frequency"
WO2-02-default,O2,default,0.9,5,10000,10,none,95,100,12,1000,1,2,ok,76,16,0.023713684821278704,237,"Zipf formula, not realized key frequency"
WO2-02-default,O2,default,0.9,5,10000,10,none,95,100,12,1000,1,3,ok,53,16,0.018304344479295034,237,"Zipf formula, not realized key frequency"
WO2-02-default,O2,default,0.9,5,10000,10,none,95,100,12,1000,1,4,ok,44,16,0.014973908283341487,237,"Zipf formula, not realized key frequency"
WO2-02-default,O2,default,0.9,5,10000,10,none,95,100,12,1000,1,5,ok,34,16,0.012707849045198106,237,"Zipf formula, not realized key frequency"
WO2-02-default,O2,default,0.9,5,10000,10,none,95,100,12,1000,1,6,ok,23,16,0.011061650603370589,237,"Zipf formula, not realized key frequency"
WO2-02-default,O2,default,0.9,5,10000,10,none,95,100,12,1000,1,7,ok,29,16,0.009809055331015563,237,"Zipf formula, not realized key frequency"
WO2-02-default,O2,default,0.9,5,10000,10,none,95,100,12,1000,2,0,ok,132,13,0.06373942958886639,237,"Zipf formula, not realized key frequency"
WO2-02-default,O2,default,0.9,5,10000,10,none,95,100,12,1000,2,1,ok,77,13,0.03415711457527379,237,"Zipf formula, not realized key frequency"
WO2-02-default,O2,default,0.9,5,10000,10,none,95,100,12,1000,2,2,ok,83,13,0.023713684821278704,237,"Zipf formula, not realized key frequency"
WO2-02-default,O2,default,0.9,5,10000,10,none,95,100,12,1000,2,3,ok,64,13,0.018304344479295034,237,"Zipf formula, not realized key frequency"
WO2-02-default,O2,default,0.9,5,10000,10,none,95,100,12,1000,2,4,ok,46,13,0.014973908283341487,237,"Zipf formula, not realized key frequency"
WO2-02-default,O2,default,0.9,5,10000,10,none,95,100,12,1000,2,5,ok,43,13,0.012707849045198106,237,"Zipf formula, not realized key frequency"
WO2-02-default,O2,default,0.9,5,10000,10,none,95,100,12,1000,2,6,ok,31,13,0.011061650603370589,237,"Zipf formula, not realized key frequency"
WO2-02-default,O2,default,0.9,5,10000,10,none,95,100,12,1000,2,7,ok,39,13,0.009809055331015563,237,"Zipf formula, not realized key frequency"
WO2-02-tuned,O2,tuned,0.9,5,10000,10,none,95,100,12,1000,1,0,ok,96,10,0.06373942958886639,237,"Zipf formula, not realized key frequency"
WO2-02-tuned,O2,tuned,0.9,5,10000,10,none,95,100,12,1000,1,1,ok,73,10,0.03415711457527379,237,"Zipf formula, not realized key frequency"
WO2-02-tuned,O2,tuned,0.9,5,10000,10,none,95,100,12,1000,1,2,ok,44,10,0.023713684821278704,237,"Zipf formula, not realized key frequency"
WO2-02-tuned,O2,tuned,0.9,5,10000,10,none,95,100,12,1000,1,3,ok,40,10,0.018304344479295034,237,"Zipf formula, not realized key frequency"
WO2-02-tuned,O2,tuned,0.9,5,10000,10,none,95,100,12,1000,1,4,ok,28,10,0.014973908283341487,237,"Zipf formula, not realized key frequency"
WO2-02-tuned,O2,tuned,0.9,5,10000,10,none,95,100,12,1000,1,5,ok,36,10,0.012707849045198106,237,"Zipf formula, not realized key frequency"
WO2-02-tuned,O2,tuned,0.9,5,10000,10,none,95,100,12,1000,1,6,ok,23,10,0.011061650603370589,237,"Zipf formula, not realized key frequency"
WO2-02-tuned,O2,tuned,0.9,5,10000,10,none,95,100,12,1000,1,7,ok,25,10,0.009809055331015563,237,"Zipf formula, not realized key frequency"
WO2-02-tuned,O2,tuned,0.9,5,10000,10,none,95,100,12,1000,2,0,ok,174,19,0.06373942958886639,237,"Zipf formula, not realized key frequency"
WO2-02-tuned,O2,tuned,0.9,5,10000,10,none,95,100,12,1000,2,1,ok,112,19,0.03415711457527379,237,"Zipf formula, not realized key frequency"
WO2-02-tuned,O2,tuned,0.9,5,10000,10,none,95,100,12,1000,2,2,ok,84,19,0.023713684821278704,237,"Zipf formula, not realized key frequency"
WO2-02-tuned,O2,tuned,0.9,5,10000,10,none,95,100,12,1000,2,3,ok,79,19,0.018304344479295034,237,"Zipf formula, not realized key frequency"
WO2-02-tuned,O2,tuned,0.9,5,10000,10,none,95,100,12,1000,2,4,ok,52,19,0.014973908283341487,237,"Zipf formula, not realized key frequency"
WO2-02-tuned,O2,tuned,0.9,5,10000,10,none,95,100,12,1000,2,5,ok,46,19,0.012707849045198106,237,"Zipf formula, not realized key frequency"
WO2-02-tuned,O2,tuned,0.9,5,10000,10,none,95,100,12,1000,2,6,ok,37,19,0.011061650603370589,237,"Zipf formula, not realized key frequency"
WO2-02-tuned,O2,tuned,0.9,5,10000,10,none,95,100,12,1000,2,7,ok,38,19,0.009809055331015563,237,"Zipf formula, not realized key frequency"
WO2-03-best100,O2,best100,0.9,50,1000000,100,batchR,95,100,24,1000,1,0,ok,5833,1247,0.03291573683698117,8184,"Zipf formula, not realized key frequency"
WO2-03-best100,O2,best100,0.9,50,1000000,100,batchR,95,100,24,1000,1,1,ok,4196,1247,0.017639106620852364,8184,"Zipf formula, not realized key frequency"
WO2-03-best100,O2,best100,0.9,50,1000000,100,batchR,95,100,24,1000,1,2,ok,3755,1247,0.012246005558052046,8184,"Zipf formula, not realized key frequency"
WO2-03-best100,O2,best100,0.9,50,1000000,100,batchR,95,100,24,1000,1,3,ok,2992,1247,0.009452563189538894,8184,"Zipf formula, not realized key frequency"
WO2-03-best100,O2,best100,0.9,50,1000000,100,batchR,95,100,24,1000,1,4,ok,2433,1247,0.00773268960288364,8184,"Zipf formula, not realized key frequency"
WO2-03-best100,O2,best100,0.9,50,1000000,100,batchR,95,100,24,1000,1,5,ok,2172,1247,0.0065624718895960655,8184,"Zipf formula, not realized key frequency"
WO2-03-best100,O2,best100,0.9,50,1000000,100,batchR,95,100,24,1000,1,6,ok,1952,1247,0.005712357054208398,8184,"Zipf formula, not realized key frequency"
WO2-03-best100,O2,best100,0.9,50,1000000,100,batchR,95,100,24,1000,1,7,ok,1760,1247,0.005065503189747605,8184,"Zipf formula, not realized key frequency"
WO2-03-best100,O2,best100,0.9,50,1000000,100,batchR,95,100,24,1000,2,0,ok,5788,1226,0.03291573683698117,8184,"Zipf formula, not realized key frequency"
WO2-03-best100,O2,best100,0.9,50,1000000,100,batchR,95,100,24,1000,2,1,ok,4294,1226,0.017639106620852364,8184,"Zipf formula, not realized key frequency"
WO2-03-best100,O2,best100,0.9,50,1000000,100,batchR,95,100,24,1000,2,2,ok,3640,1226,0.012246005558052046,8184,"Zipf formula, not realized key frequency"
WO2-03-best100,O2,best100,0.9,50,1000000,100,batchR,95,100,24,1000,2,3,ok,2926,1226,0.009452563189538894,8184,"Zipf formula, not realized key frequency"
WO2-03-best100,O2,best100,0.9,50,1000000,100,batchR,95,100,24,1000,2,4,ok,2510,1226,0.00773268960288364,8184,"Zipf formula, not realized key frequency"
WO2-03-best100,O2,best100,0.9,50,1000000,100,batchR,95,100,24,1000,2,5,ok,2084,1226,0.0065624718895960655,8184,"Zipf formula, not realized key frequency"
WO2-03-best100,O2,best100,0.9,50,1000000,100,batchR,95,100,24,1000,2,6,ok,1812,1226,0.005712357054208398,8184,"Zipf formula, not realized key frequency"
WO2-03-best100,O2,best100,0.9,50,1000000,100,batchR,95,100,24,1000,2,7,ok,1602,1226,0.005065503189747605,8184,"Zipf formula, not realized key frequency"
WO2-03-default,O2,default,0.9,50,1000000,100,batchR,95,100,24,1000,1,0,ok,6024,1216,0.03291573683698117,8184,"Zipf formula, not realized key frequency"
WO2-03-default,O2,default,0.9,50,1000000,100,batchR,95,100,24,1000,1,1,ok,4381,1216,0.017639106620852364,8184,"Zipf formula, not realized key frequency"
WO2-03-default,O2,default,0.9,50,1000000,100,batchR,95,100,24,1000,1,2,ok,3908,1216,0.012246005558052046,8184,"Zipf formula, not realized key frequency"
WO2-03-default,O2,default,0.9,50,1000000,100,batchR,95,100,24,1000,1,3,ok,3006,1216,0.009452563189538894,8184,"Zipf formula, not realized key frequency"
WO2-03-default,O2,default,0.9,50,1000000,100,batchR,95,100,24,1000,1,4,ok,2543,1216,0.00773268960288364,8184,"Zipf formula, not realized key frequency"
WO2-03-default,O2,default,0.9,50,1000000,100,batchR,95,100,24,1000,1,5,ok,2329,1216,0.0065624718895960655,8184,"Zipf formula, not realized key frequency"
WO2-03-default,O2,default,0.9,50,1000000,100,batchR,95,100,24,1000,1,6,ok,1991,1216,0.005712357054208398,8184,"Zipf formula, not realized key frequency"
WO2-03-default,O2,default,0.9,50,1000000,100,batchR,95,100,24,1000,1,7,ok,1763,1216,0.005065503189747605,8184,"Zipf formula, not realized key frequency"
WO2-03-default,O2,default,0.9,50,1000000,100,batchR,95,100,24,1000,2,0,ok,6093,1220,0.03291573683698117,8184,"Zipf formula, not realized key frequency"
WO2-03-default,O2,default,0.9,50,1000000,100,batchR,95,100,24,1000,2,1,ok,4400,1220,0.017639106620852364,8184,"Zipf formula, not realized key frequency"
WO2-03-default,O2,default,0.9,50,1000000,100,batchR,95,100,24,1000,2,2,ok,3941,1220,0.012246005558052046,8184,"Zipf formula, not realized key frequency"
WO2-03-default,O2,default,0.9,50,1000000,100,batchR,95,100,24,1000,2,3,ok,3171,1220,0.009452563189538894,8184,"Zipf formula, not realized key frequency"
WO2-03-default,O2,default,0.9,50,1000000,100,batchR,95,100,24,1000,2,4,ok,2519,1220,0.00773268960288364,8184,"Zipf formula, not realized key frequency"
WO2-03-default,O2,default,0.9,50,1000000,100,batchR,95,100,24,1000,2,5,ok,2211,1220,0.0065624718895960655,8184,"Zipf formula, not realized key frequency"
WO2-03-default,O2,default,0.9,50,1000000,100,batchR,95,100,24,1000,2,6,ok,1983,1220,0.005712357054208398,8184,"Zipf formula, not realized key frequency"
WO2-03-default,O2,default,0.9,50,1000000,100,batchR,95,100,24,1000,2,7,ok,1694,1220,0.005065503189747605,8184,"Zipf formula, not realized key frequency"
WO2-04-default,O2,default,0.6,95,100000,10,batchR,95,1000,48,100000,1,0,ok,2491,568,0.004031480402492182,18025,"Zipf formula, not realized key frequency"
WO2-04-default,O2,default,0.6,95,100000,10,batchR,95,1000,48,100000,1,1,ok,1665,568,0.0026597851416071635,18025,"Zipf formula, not realized key frequency"
WO2-04-default,O2,default,0.6,95,100000,10,batchR,95,1000,48,100000,1,2,ok,1437,568,0.0020854116729780024,18025,"Zipf formula, not realized key frequency"
WO2-04-default,O2,default,0.6,95,100000,10,batchR,95,1000,48,100000,1,3,ok,1110,568,0.0017548037676534275,18025,"Zipf formula, not realized key frequency"
WO2-04-default,O2,default,0.6,95,100000,10,batchR,95,1000,48,100000,1,4,ok,1025,568,0.001534908709412024,18025,"Zipf formula, not realized key frequency"
WO2-04-default,O2,default,0.6,95,100000,10,batchR,95,1000,48,100000,1,5,ok,897,568,0.001375858599856305,18025,"Zipf formula, not realized key frequency"
WO2-04-default,O2,default,0.6,95,100000,10,batchR,95,1000,48,100000,1,6,ok,817,568,0.0012543124383948784,18025,"Zipf formula, not realized key frequency"
WO2-04-default,O2,default,0.6,95,100000,10,batchR,95,1000,48,100000,1,7,ok,690,568,0.0011577387266363888,18025,"Zipf formula, not realized key frequency"
WO2-04-default,O2,default,0.6,95,100000,10,batchR,95,1000,48,100000,2,0,ok,2552,483,0.004031480402492182,18025,"Zipf formula, not realized key frequency"
WO2-04-default,O2,default,0.6,95,100000,10,batchR,95,1000,48,100000,2,1,ok,1627,483,0.0026597851416071635,18025,"Zipf formula, not realized key frequency"
WO2-04-default,O2,default,0.6,95,100000,10,batchR,95,1000,48,100000,2,2,ok,1388,483,0.0020854116729780024,18025,"Zipf formula, not realized key frequency"
WO2-04-default,O2,default,0.6,95,100000,10,batchR,95,1000,48,100000,2,3,ok,1204,483,0.0017548037676534275,18025,"Zipf formula, not realized key frequency"
WO2-04-default,O2,default,0.6,95,100000,10,batchR,95,1000,48,100000,2,4,ok,1004,483,0.001534908709412024,18025,"Zipf formula, not realized key frequency"
WO2-04-default,O2,default,0.6,95,100000,10,batchR,95,1000,48,100000,2,5,ok,841,483,0.001375858599856305,18025,"Zipf formula, not realized key frequency"
WO2-04-default,O2,default,0.6,95,100000,10,batchR,95,1000,48,100000,2,6,ok,802,483,0.0012543124383948784,18025,"Zipf formula, not realized key frequency"
WO2-04-default,O2,default,0.6,95,100000,10,batchR,95,1000,48,100000,2,7,ok,706,483,0.0011577387266363888,18025,"Zipf formula, not realized key frequency"
WO2-04-tuned,O2,tuned,0.6,95,100000,10,batchR,95,1000,48,100000,1,0,ok,2468,492,0.004031480402492182,18025,"Zipf formula, not realized key frequency"
WO2-04-tuned,O2,tuned,0.6,95,100000,10,batchR,95,1000,48,100000,1,1,ok,1608,492,0.0026597851416071635,18025,"Zipf formula, not realized key frequency"
WO2-04-tuned,O2,tuned,0.6,95,100000,10,batchR,95,1000,48,100000,1,2,ok,1463,492,0.0020854116729780024,18025,"Zipf formula, not realized key frequency"
WO2-04-tuned,O2,tuned,0.6,95,100000,10,batchR,95,1000,48,100000,1,3,ok,1237,492,0.0017548037676534275,18025,"Zipf formula, not realized key frequency"
WO2-04-tuned,O2,tuned,0.6,95,100000,10,batchR,95,1000,48,100000,1,4,ok,997,492,0.001534908709412024,18025,"Zipf formula, not realized key frequency"
WO2-04-tuned,O2,tuned,0.6,95,100000,10,batchR,95,1000,48,100000,1,5,ok,876,492,0.001375858599856305,18025,"Zipf formula, not realized key frequency"
WO2-04-tuned,O2,tuned,0.6,95,100000,10,batchR,95,1000,48,100000,1,6,ok,743,492,0.0012543124383948784,18025,"Zipf formula, not realized key frequency"
WO2-04-tuned,O2,tuned,0.6,95,100000,10,batchR,95,1000,48,100000,1,7,ok,737,492,0.0011577387266363888,18025,"Zipf formula, not realized key frequency"
WO2-04-tuned,O2,tuned,0.6,95,100000,10,batchR,95,1000,48,100000,2,0,ok,2434,580,0.004031480402492182,18025,"Zipf formula, not realized key frequency"
WO2-04-tuned,O2,tuned,0.6,95,100000,10,batchR,95,1000,48,100000,2,1,ok,1630,580,0.0026597851416071635,18025,"Zipf formula, not realized key frequency"
WO2-04-tuned,O2,tuned,0.6,95,100000,10,batchR,95,1000,48,100000,2,2,ok,1437,580,0.0020854116729780024,18025,"Zipf formula, not realized key frequency"
WO2-04-tuned,O2,tuned,0.6,95,100000,10,batchR,95,1000,48,100000,2,3,ok,1146,580,0.0017548037676534275,18025,"Zipf formula, not realized key frequency"
WO2-04-tuned,O2,tuned,0.6,95,100000,10,batchR,95,1000,48,100000,2,4,ok,971,580,0.001534908709412024,18025,"Zipf formula, not realized key frequency"
WO2-04-tuned,O2,tuned,0.6,95,100000,10,batchR,95,1000,48,100000,2,5,ok,903,580,0.001375858599856305,18025,"Zipf formula, not realized key frequency"
WO2-04-tuned,O2,tuned,0.6,95,100000,10,batchR,95,1000,48,100000,2,6,ok,846,580,0.0012543124383948784,18025,"Zipf formula, not realized key frequency"
WO2-04-tuned,O2,tuned,0.6,95,100000,10,batchR,95,1000,48,100000,2,7,ok,706,580,0.0011577387266363888,18025,"Zipf formula, not realized key frequency"
WO2-05-best100,O2,best100,0.6,5,10000,100,batchU,95,1000,12,100000,1,0,ok,505,143,0.010248408960258042,1856,"Zipf formula, not realized key frequency"
WO2-05-best100,O2,best100,0.6,5,10000,100,batchU,95,1000,12,100000,1,1,ok,359,143,0.006761428347948149,1856,"Zipf formula, not realized key frequency"
WO2-05-best100,O2,best100,0.6,5,10000,100,batchU,95,1000,12,100000,1,2,ok,351,143,0.0053013160282169855,1856,"Zipf formula, not realized key frequency"
WO2-05-best100,O2,best100,0.6,5,10000,100,batchU,95,1000,12,100000,1,3,ok,268,143,0.0044608790966208425,1856,"Zipf formula, not realized key frequency"
WO2-05-best100,O2,best100,0.6,5,10000,100,batchU,95,1000,12,100000,1,4,ok,265,143,0.0039018848165532647,1856,"Zipf formula, not realized key frequency"
WO2-05-best100,O2,best100,0.6,5,10000,100,batchU,95,1000,12,100000,1,5,ok,254,143,0.0034975642183697263,1856,"Zipf formula, not realized key frequency"
WO2-05-best100,O2,best100,0.6,5,10000,100,batchU,95,1000,12,100000,1,6,ok,215,143,0.0031885822450389823,1856,"Zipf formula, not realized key frequency"
WO2-05-best100,O2,best100,0.6,5,10000,100,batchU,95,1000,12,100000,1,7,ok,221,143,0.002943082628496322,1856,"Zipf formula, not realized key frequency"
WO2-05-best100,O2,best100,0.6,5,10000,100,batchU,95,1000,12,100000,2,0,ok,492,168,0.010248408960258042,1856,"Zipf formula, not realized key frequency"
WO2-05-best100,O2,best100,0.6,5,10000,100,batchU,95,1000,12,100000,2,1,ok,364,168,0.006761428347948149,1856,"Zipf formula, not realized key frequency"
WO2-05-best100,O2,best100,0.6,5,10000,100,batchU,95,1000,12,100000,2,2,ok,350,168,0.0053013160282169855,1856,"Zipf formula, not realized key frequency"
WO2-05-best100,O2,best100,0.6,5,10000,100,batchU,95,1000,12,100000,2,3,ok,291,168,0.0044608790966208425,1856,"Zipf formula, not realized key frequency"
WO2-05-best100,O2,best100,0.6,5,10000,100,batchU,95,1000,12,100000,2,4,ok,244,168,0.0039018848165532647,1856,"Zipf formula, not realized key frequency"
WO2-05-best100,O2,best100,0.6,5,10000,100,batchU,95,1000,12,100000,2,5,ok,229,168,0.0034975642183697263,1856,"Zipf formula, not realized key frequency"
WO2-05-best100,O2,best100,0.6,5,10000,100,batchU,95,1000,12,100000,2,6,ok,220,168,0.0031885822450389823,1856,"Zipf formula, not realized key frequency"
WO2-05-best100,O2,best100,0.6,5,10000,100,batchU,95,1000,12,100000,2,7,ok,185,168,0.002943082628496322,1856,"Zipf formula, not realized key frequency"
WO2-05-default,O2,default,0.6,5,10000,100,batchU,95,1000,12,100000,1,0,ok,825,253,0.010248408960258042,1856,"Zipf formula, not realized key frequency"
WO2-05-default,O2,default,0.6,5,10000,100,batchU,95,1000,12,100000,1,1,ok,663,253,0.006761428347948149,1856,"Zipf formula, not realized key frequency"
WO2-05-default,O2,default,0.6,5,10000,100,batchU,95,1000,12,100000,1,2,ok,605,253,0.0053013160282169855,1856,"Zipf formula, not realized key frequency"
WO2-05-default,O2,default,0.6,5,10000,100,batchU,95,1000,12,100000,1,3,ok,491,253,0.0044608790966208425,1856,"Zipf formula, not realized key frequency"
WO2-05-default,O2,default,0.6,5,10000,100,batchU,95,1000,12,100000,1,4,ok,465,253,0.0039018848165532647,1856,"Zipf formula, not realized key frequency"
WO2-05-default,O2,default,0.6,5,10000,100,batchU,95,1000,12,100000,1,5,ok,407,253,0.0034975642183697263,1856,"Zipf formula, not realized key frequency"
WO2-05-default,O2,default,0.6,5,10000,100,batchU,95,1000,12,100000,1,6,ok,365,253,0.0031885822450389823,1856,"Zipf formula, not realized key frequency"
WO2-05-default,O2,default,0.6,5,10000,100,batchU,95,1000,12,100000,1,7,ok,344,253,0.002943082628496322,1856,"Zipf formula, not realized key frequency"
WO2-05-default,O2,default,0.6,5,10000,100,batchU,95,1000,12,100000,2,0,ok,550,146,0.010248408960258042,1856,"Zipf formula, not realized key frequency"
WO2-05-default,O2,default,0.6,5,10000,100,batchU,95,1000,12,100000,2,1,ok,430,146,0.006761428347948149,1856,"Zipf formula, not realized key frequency"
WO2-05-default,O2,default,0.6,5,10000,100,batchU,95,1000,12,100000,2,2,ok,376,146,0.0053013160282169855,1856,"Zipf formula, not realized key frequency"
WO2-05-default,O2,default,0.6,5,10000,100,batchU,95,1000,12,100000,2,3,ok,332,146,0.0044608790966208425,1856,"Zipf formula, not realized key frequency"
WO2-05-default,O2,default,0.6,5,10000,100,batchU,95,1000,12,100000,2,4,ok,299,146,0.0039018848165532647,1856,"Zipf formula, not realized key frequency"
WO2-05-default,O2,default,0.6,5,10000,100,batchU,95,1000,12,100000,2,5,ok,256,146,0.0034975642183697263,1856,"Zipf formula, not realized key frequency"
WO2-05-default,O2,default,0.6,5,10000,100,batchU,95,1000,12,100000,2,6,ok,243,146,0.0031885822450389823,1856,"Zipf formula, not realized key frequency"
WO2-05-default,O2,default,0.6,5,10000,100,batchU,95,1000,12,100000,2,7,ok,225,146,0.002943082628496322,1856,"Zipf formula, not realized key frequency"
WO2-06-best100,O2,best100,0.6,50,1000000,1000,none,95,1000,24,100000,1,0,ok,177,112,0.0015973954224233198,178154,"Zipf formula, not realized key frequency"
WO2-06-best100,O2,best100,0.6,50,1000000,1000,none,95,1000,24,100000,1,1,ok,148,112,0.0010538879482599897,178154,"Zipf formula, not realized key frequency"
WO2-06-best100,O2,best100,0.6,50,1000000,1000,none,95,1000,24,100000,1,2,ok,122,112,0.0008263036720267617,178154,"Zipf formula, not realized key frequency"
WO2-06-best100,O2,best100,0.6,50,1000000,1000,none,95,1000,24,100000,1,3,ok,130,112,0.0006953067423986355,178154,"Zipf formula, not realized key frequency"
WO2-06-best100,O2,best100,0.6,50,1000000,1000,none,95,1000,24,100000,1,4,ok,107,112,0.0006081776175165734,178154,"Zipf formula, not realized key frequency"
WO2-06-best100,O2,best100,0.6,50,1000000,1000,none,95,1000,24,100000,1,5,ok,108,112,0.0005451571159700015,178154,"Zipf formula, not realized key frequency"
WO2-06-best100,O2,best100,0.6,50,1000000,1000,none,95,1000,24,100000,1,6,ok,76,112,0.000496996821847876,178154,"Zipf formula, not realized key frequency"
WO2-06-best100,O2,best100,0.6,50,1000000,1000,none,95,1000,24,100000,1,7,ok,68,112,0.00045873137350436533,178154,"Zipf formula, not realized key frequency"
WO2-06-best100,O2,best100,0.6,50,1000000,1000,none,95,1000,24,100000,2,0,ok,262,102,0.0015973954224233198,178154,"Zipf formula, not realized key frequency"
WO2-06-best100,O2,best100,0.6,50,1000000,1000,none,95,1000,24,100000,2,1,ok,166,102,0.0010538879482599897,178154,"Zipf formula, not realized key frequency"
WO2-06-best100,O2,best100,0.6,50,1000000,1000,none,95,1000,24,100000,2,2,ok,178,102,0.0008263036720267617,178154,"Zipf formula, not realized key frequency"
WO2-06-best100,O2,best100,0.6,50,1000000,1000,none,95,1000,24,100000,2,3,ok,162,102,0.0006953067423986355,178154,"Zipf formula, not realized key frequency"
WO2-06-best100,O2,best100,0.6,50,1000000,1000,none,95,1000,24,100000,2,4,ok,157,102,0.0006081776175165734,178154,"Zipf formula, not realized key frequency"
WO2-06-best100,O2,best100,0.6,50,1000000,1000,none,95,1000,24,100000,2,5,ok,92,102,0.0005451571159700015,178154,"Zipf formula, not realized key frequency"
WO2-06-best100,O2,best100,0.6,50,1000000,1000,none,95,1000,24,100000,2,6,ok,85,102,0.000496996821847876,178154,"Zipf formula, not realized key frequency"
WO2-06-best100,O2,best100,0.6,50,1000000,1000,none,95,1000,24,100000,2,7,ok,58,102,0.00045873137350436533,178154,"Zipf formula, not realized key frequency"
WO2-06-default,O2,default,0.6,50,1000000,1000,none,95,1000,24,100000,1,0,ok,93,51,0.0015973954224233198,178154,"Zipf formula, not realized key frequency"
WO2-06-default,O2,default,0.6,50,1000000,1000,none,95,1000,24,100000,1,1,ok,60,51,0.0010538879482599897,178154,"Zipf formula, not realized key frequency"
WO2-06-default,O2,default,0.6,50,1000000,1000,none,95,1000,24,100000,1,2,ok,42,51,0.0008263036720267617,178154,"Zipf formula, not realized key frequency"
WO2-06-default,O2,default,0.6,50,1000000,1000,none,95,1000,24,100000,1,3,ok,106,51,0.0006953067423986355,178154,"Zipf formula, not realized key frequency"
WO2-06-default,O2,default,0.6,50,1000000,1000,none,95,1000,24,100000,1,4,ok,56,51,0.0006081776175165734,178154,"Zipf formula, not realized key frequency"
WO2-06-default,O2,default,0.6,50,1000000,1000,none,95,1000,24,100000,1,5,ok,123,51,0.0005451571159700015,178154,"Zipf formula, not realized key frequency"
WO2-06-default,O2,default,0.6,50,1000000,1000,none,95,1000,24,100000,1,6,ok,63,51,0.000496996821847876,178154,"Zipf formula, not realized key frequency"
WO2-06-default,O2,default,0.6,50,1000000,1000,none,95,1000,24,100000,1,7,ok,34,51,0.00045873137350436533,178154,"Zipf formula, not realized key frequency"
WO2-06-default,O2,default,0.6,50,1000000,1000,none,95,1000,24,100000,2,0,ok,452,196,0.0015973954224233198,178154,"Zipf formula, not realized key frequency"
WO2-06-default,O2,default,0.6,50,1000000,1000,none,95,1000,24,100000,2,1,ok,317,196,0.0010538879482599897,178154,"Zipf formula, not realized key frequency"
WO2-06-default,O2,default,0.6,50,1000000,1000,none,95,1000,24,100000,2,2,ok,250,196,0.0008263036720267617,178154,"Zipf formula, not realized key frequency"
WO2-06-default,O2,default,0.6,50,1000000,1000,none,95,1000,24,100000,2,3,ok,213,196,0.0006953067423986355,178154,"Zipf formula, not realized key frequency"
WO2-06-default,O2,default,0.6,50,1000000,1000,none,95,1000,24,100000,2,4,ok,147,196,0.0006081776175165734,178154,"Zipf formula, not realized key frequency"
WO2-06-default,O2,default,0.6,50,1000000,1000,none,95,1000,24,100000,2,5,ok,181,196,0.0005451571159700015,178154,"Zipf formula, not realized key frequency"
WO2-06-default,O2,default,0.6,50,1000000,1000,none,95,1000,24,100000,2,6,ok,197,196,0.000496996821847876,178154,"Zipf formula, not realized key frequency"
WO2-06-default,O2,default,0.6,50,1000000,1000,none,95,1000,24,100000,2,7,ok,130,196,0.00045873137350436533,178154,"Zipf formula, not realized key frequency"
WO2-07-best100,O2,best100,0.99,95,100000,100,none,95,4,48,10,1,0,ok,345,42,0.07825743810383633,284,"Zipf formula, not realized key frequency"
WO2-07-best100,O2,best100,0.99,95,100000,100,none,95,4,48,10,1,1,ok,244,42,0.03940088081593907,284,"Zipf formula, not realized key frequency"
WO2-07-best100,O2,best100,0.99,95,100000,100,none,95,4,48,10,1,2,ok,101,42,0.026373974638138356,284,"Zipf formula, not realized key frequency"
WO2-07-best100,O2,best100,0.99,95,100000,100,none,95,4,48,10,1,3,ok,99,42,0.019837467807366574,284,"Zipf formula, not realized key frequency"
WO2-07-best100,O2,best100,0.99,95,100000,100,none,95,4,48,10,1,4,ok,67,42,0.015905426610139824,284,"Zipf formula, not realized key frequency"
WO2-07-best100,O2,best100,0.99,95,100000,100,none,95,4,48,10,1,5,ok,92,42,0.013278710069464279,284,"Zipf formula, not realized key frequency"
WO2-07-best100,O2,best100,0.99,95,100000,100,none,95,4,48,10,1,6,ok,55,42,0.011399310065263481,284,"Zipf formula, not realized key frequency"
WO2-07-best100,O2,best100,0.99,95,100000,100,none,95,4,48,10,1,7,ok,61,42,0.00998772415384963,284,"Zipf formula, not realized key frequency"
WO2-07-best100,O2,best100,0.99,95,100000,100,none,95,4,48,10,2,0,ok,520,70,0.07825743810383633,284,"Zipf formula, not realized key frequency"
WO2-07-best100,O2,best100,0.99,95,100000,100,none,95,4,48,10,2,1,ok,247,70,0.03940088081593907,284,"Zipf formula, not realized key frequency"
WO2-07-best100,O2,best100,0.99,95,100000,100,none,95,4,48,10,2,2,ok,153,70,0.026373974638138356,284,"Zipf formula, not realized key frequency"
WO2-07-best100,O2,best100,0.99,95,100000,100,none,95,4,48,10,2,3,ok,97,70,0.019837467807366574,284,"Zipf formula, not realized key frequency"
WO2-07-best100,O2,best100,0.99,95,100000,100,none,95,4,48,10,2,4,ok,87,70,0.015905426610139824,284,"Zipf formula, not realized key frequency"
WO2-07-best100,O2,best100,0.99,95,100000,100,none,95,4,48,10,2,5,ok,101,70,0.013278710069464279,284,"Zipf formula, not realized key frequency"
WO2-07-best100,O2,best100,0.99,95,100000,100,none,95,4,48,10,2,6,ok,65,70,0.011399310065263481,284,"Zipf formula, not realized key frequency"
WO2-07-best100,O2,best100,0.99,95,100000,100,none,95,4,48,10,2,7,ok,91,70,0.00998772415384963,284,"Zipf formula, not realized key frequency"
WO2-07-default,O2,default,0.99,95,100000,100,none,95,4,48,10,1,0,ok,164,23,0.07825743810383633,284,"Zipf formula, not realized key frequency"
WO2-07-default,O2,default,0.99,95,100000,100,none,95,4,48,10,1,1,ok,81,23,0.03940088081593907,284,"Zipf formula, not realized key frequency"
WO2-07-default,O2,default,0.99,95,100000,100,none,95,4,48,10,1,2,ok,93,23,0.026373974638138356,284,"Zipf formula, not realized key frequency"
WO2-07-default,O2,default,0.99,95,100000,100,none,95,4,48,10,1,3,ok,50,23,0.019837467807366574,284,"Zipf formula, not realized key frequency"
WO2-07-default,O2,default,0.99,95,100000,100,none,95,4,48,10,1,4,ok,44,23,0.015905426610139824,284,"Zipf formula, not realized key frequency"
WO2-07-default,O2,default,0.99,95,100000,100,none,95,4,48,10,1,5,ok,32,23,0.013278710069464279,284,"Zipf formula, not realized key frequency"
WO2-07-default,O2,default,0.99,95,100000,100,none,95,4,48,10,1,6,ok,32,23,0.011399310065263481,284,"Zipf formula, not realized key frequency"
WO2-07-default,O2,default,0.99,95,100000,100,none,95,4,48,10,1,7,ok,26,23,0.00998772415384963,284,"Zipf formula, not realized key frequency"
WO2-07-default,O2,default,0.99,95,100000,100,none,95,4,48,10,2,0,ok,70,10,0.07825743810383633,284,"Zipf formula, not realized key frequency"
WO2-07-default,O2,default,0.99,95,100000,100,none,95,4,48,10,2,1,ok,44,10,0.03940088081593907,284,"Zipf formula, not realized key frequency"
WO2-07-default,O2,default,0.99,95,100000,100,none,95,4,48,10,2,2,ok,38,10,0.026373974638138356,284,"Zipf formula, not realized key frequency"
WO2-07-default,O2,default,0.99,95,100000,100,none,95,4,48,10,2,3,ok,26,10,0.019837467807366574,284,"Zipf formula, not realized key frequency"
WO2-07-default,O2,default,0.99,95,100000,100,none,95,4,48,10,2,4,ok,35,10,0.015905426610139824,284,"Zipf formula, not realized key frequency"
WO2-07-default,O2,default,0.99,95,100000,100,none,95,4,48,10,2,5,ok,34,10,0.013278710069464279,284,"Zipf formula, not realized key frequency"
WO2-07-default,O2,default,0.99,95,100000,100,none,95,4,48,10,2,6,ok,15,10,0.011399310065263481,284,"Zipf formula, not realized key frequency"
WO2-07-default,O2,default,0.99,95,100000,100,none,95,4,48,10,2,7,ok,17,10,0.00998772415384963,284,"Zipf formula, not realized key frequency"
WO2-08-best100,O2,best100,0.99,5,10000,1000,batchR,95,4,12,10,1,0,ok,732,311,0.09780561885960111,84,"Zipf formula, not realized key frequency"
WO2-08-best100,O2,best100,0.99,5,10000,1000,batchR,95,4,12,10,1,1,ok,732,311,0.04924295536870372,84,"Zipf formula, not realized key frequency"
WO2-08-best100,O2,best100,0.99,5,10000,1000,batchR,95,4,12,10,1,2,ok,732,311,0.03296201580031142,84,"Zipf formula, not realized key frequency"
WO2-08-best100,O2,best100,0.99,5,10000,1000,batchR,95,4,12,10,1,3,ok,732,311,0.02479273360485575,84,"Zipf formula, not realized key frequency"
WO2-08-best100,O2,best100,0.99,5,10000,1000,batchR,95,4,12,10,1,4,ok,732,311,0.019878495009849197,84,"Zipf formula, not realized key frequency"
WO2-08-best100,O2,best100,0.99,5,10000,1000,batchR,95,4,12,10,1,5,ok,732,311,0.01659564237559042,84,"Zipf formula, not realized key frequency"
WO2-08-best100,O2,best100,0.99,5,10000,1000,batchR,95,4,12,10,1,6,ok,732,311,0.014246780913352176,84,"Zipf formula, not realized key frequency"
WO2-08-best100,O2,best100,0.99,5,10000,1000,batchR,95,4,12,10,1,7,ok,732,311,0.012482590352243611,84,"Zipf formula, not realized key frequency"
WO2-08-best100,O2,best100,0.99,5,10000,1000,batchR,95,4,12,10,2,0,ok,701,299,0.09780561885960111,84,"Zipf formula, not realized key frequency"
WO2-08-best100,O2,best100,0.99,5,10000,1000,batchR,95,4,12,10,2,1,ok,701,299,0.04924295536870372,84,"Zipf formula, not realized key frequency"
WO2-08-best100,O2,best100,0.99,5,10000,1000,batchR,95,4,12,10,2,2,ok,701,299,0.03296201580031142,84,"Zipf formula, not realized key frequency"
WO2-08-best100,O2,best100,0.99,5,10000,1000,batchR,95,4,12,10,2,3,ok,701,299,0.02479273360485575,84,"Zipf formula, not realized key frequency"
WO2-08-best100,O2,best100,0.99,5,10000,1000,batchR,95,4,12,10,2,4,ok,701,299,0.019878495009849197,84,"Zipf formula, not realized key frequency"
WO2-08-best100,O2,best100,0.99,5,10000,1000,batchR,95,4,12,10,2,5,ok,701,299,0.01659564237559042,84,"Zipf formula, not realized key frequency"
WO2-08-best100,O2,best100,0.99,5,10000,1000,batchR,95,4,12,10,2,6,ok,701,299,0.014246780913352176,84,"Zipf formula, not realized key frequency"
WO2-08-best100,O2,best100,0.99,5,10000,1000,batchR,95,4,12,10,2,7,ok,701,299,0.012482590352243611,84,"Zipf formula, not realized key frequency"
WO2-08-default,O2,default,0.99,5,10000,1000,batchR,95,4,12,10,1,0,ok,728,298,0.09780561885960111,84,"Zipf formula, not realized key frequency"
WO2-08-default,O2,default,0.99,5,10000,1000,batchR,95,4,12,10,1,1,ok,728,298,0.04924295536870372,84,"Zipf formula, not realized key frequency"
WO2-08-default,O2,default,0.99,5,10000,1000,batchR,95,4,12,10,1,2,ok,728,298,0.03296201580031142,84,"Zipf formula, not realized key frequency"
WO2-08-default,O2,default,0.99,5,10000,1000,batchR,95,4,12,10,1,3,ok,728,298,0.02479273360485575,84,"Zipf formula, not realized key frequency"
WO2-08-default,O2,default,0.99,5,10000,1000,batchR,95,4,12,10,1,4,ok,728,298,0.019878495009849197,84,"Zipf formula, not realized key frequency"
WO2-08-default,O2,default,0.99,5,10000,1000,batchR,95,4,12,10,1,5,ok,727,298,0.01659564237559042,84,"Zipf formula, not realized key frequency"
WO2-08-default,O2,default,0.99,5,10000,1000,batchR,95,4,12,10,1,6,ok,727,298,0.014246780913352176,84,"Zipf formula, not realized key frequency"
WO2-08-default,O2,default,0.99,5,10000,1000,batchR,95,4,12,10,1,7,ok,727,298,0.012482590352243611,84,"Zipf formula, not realized key frequency"
WO2-08-default,O2,default,0.99,5,10000,1000,batchR,95,4,12,10,2,0,ok,711,276,0.09780561885960111,84,"Zipf formula, not realized key frequency"
WO2-08-default,O2,default,0.99,5,10000,1000,batchR,95,4,12,10,2,1,ok,711,276,0.04924295536870372,84,"Zipf formula, not realized key frequency"
WO2-08-default,O2,default,0.99,5,10000,1000,batchR,95,4,12,10,2,2,ok,709,276,0.03296201580031142,84,"Zipf formula, not realized key frequency"
WO2-08-default,O2,default,0.99,5,10000,1000,batchR,95,4,12,10,2,3,ok,709,276,0.02479273360485575,84,"Zipf formula, not realized key frequency"
WO2-08-default,O2,default,0.99,5,10000,1000,batchR,95,4,12,10,2,4,ok,709,276,0.019878495009849197,84,"Zipf formula, not realized key frequency"
WO2-08-default,O2,default,0.99,5,10000,1000,batchR,95,4,12,10,2,5,ok,709,276,0.01659564237559042,84,"Zipf formula, not realized key frequency"
WO2-08-default,O2,default,0.99,5,10000,1000,batchR,95,4,12,10,2,6,ok,709,276,0.014246780913352176,84,"Zipf formula, not realized key frequency"
WO2-08-default,O2,default,0.99,5,10000,1000,batchR,95,4,12,10,2,7,ok,709,276,0.012482590352243611,84,"Zipf formula, not realized key frequency"
WO2-09-default,O2,default,0.99,50,1000000,10,batchU,95,4,24,10,1,0,ok,71,18,0.06496944918900666,970,"Zipf formula, not realized key frequency"
WO2-09-default,O2,default,0.99,50,1000000,10,batchU,95,4,24,10,1,1,ok,35,18,0.032710673722499126,970,"Zipf formula, not realized key frequency"
WO2-09-default,O2,default,0.99,50,1000000,10,batchU,95,4,24,10,1,2,ok,34,18,0.02189571555985655,970,"Zipf formula, not realized key frequency"
WO2-09-default,O2,default,0.99,50,1000000,10,batchU,95,4,24,10,1,3,ok,27,18,0.01646909722548248,970,"Zipf formula, not realized key frequency"
WO2-09-default,O2,default,0.99,50,1000000,10,batchU,95,4,24,10,1,4,ok,20,18,0.013204710389392315,970,"Zipf formula, not realized key frequency"
WO2-09-default,O2,default,0.99,50,1000000,10,batchU,95,4,24,10,1,5,ok,21,18,0.011024006152730404,970,"Zipf formula, not realized key frequency"
WO2-09-default,O2,default,0.99,50,1000000,10,batchU,95,4,24,10,1,6,ok,21,18,0.009463725289501419,970,"Zipf formula, not realized key frequency"
WO2-09-default,O2,default,0.99,50,1000000,10,batchU,95,4,24,10,1,7,ok,11,18,0.008291824427811647,970,"Zipf formula, not realized key frequency"
WO2-09-default,O2,default,0.99,50,1000000,10,batchU,95,4,24,10,2,0,ok,76,16,0.06496944918900666,970,"Zipf formula, not realized key frequency"
WO2-09-default,O2,default,0.99,50,1000000,10,batchU,95,4,24,10,2,1,ok,32,16,0.032710673722499126,970,"Zipf formula, not realized key frequency"
WO2-09-default,O2,default,0.99,50,1000000,10,batchU,95,4,24,10,2,2,ok,24,16,0.02189571555985655,970,"Zipf formula, not realized key frequency"
WO2-09-default,O2,default,0.99,50,1000000,10,batchU,95,4,24,10,2,3,ok,26,16,0.01646909722548248,970,"Zipf formula, not realized key frequency"
WO2-09-default,O2,default,0.99,50,1000000,10,batchU,95,4,24,10,2,4,ok,28,16,0.013204710389392315,970,"Zipf formula, not realized key frequency"
WO2-09-default,O2,default,0.99,50,1000000,10,batchU,95,4,24,10,2,5,ok,15,16,0.011024006152730404,970,"Zipf formula, not realized key frequency"
WO2-09-default,O2,default,0.99,50,1000000,10,batchU,95,4,24,10,2,6,ok,20,16,0.009463725289501419,970,"Zipf formula, not realized key frequency"
WO2-09-default,O2,default,0.99,50,1000000,10,batchU,95,4,24,10,2,7,ok,11,16,0.008291824427811647,970,"Zipf formula, not realized key frequency"
WO2-09-tuned,O2,tuned,0.99,50,1000000,10,batchU,95,4,24,10,1,0,ok,47,9,0.06496944918900666,970,"Zipf formula, not realized key frequency"
WO2-09-tuned,O2,tuned,0.99,50,1000000,10,batchU,95,4,24,10,1,1,ok,18,9,0.032710673722499126,970,"Zipf formula, not realized key frequency"
WO2-09-tuned,O2,tuned,0.99,50,1000000,10,batchU,95,4,24,10,1,2,ok,29,9,0.02189571555985655,970,"Zipf formula, not realized key frequency"
WO2-09-tuned,O2,tuned,0.99,50,1000000,10,batchU,95,4,24,10,1,3,ok,11,9,0.01646909722548248,970,"Zipf formula, not realized key frequency"
WO2-09-tuned,O2,tuned,0.99,50,1000000,10,batchU,95,4,24,10,1,4,ok,9,9,0.013204710389392315,970,"Zipf formula, not realized key frequency"
WO2-09-tuned,O2,tuned,0.99,50,1000000,10,batchU,95,4,24,10,1,5,ok,7,9,0.011024006152730404,970,"Zipf formula, not realized key frequency"
WO2-09-tuned,O2,tuned,0.99,50,1000000,10,batchU,95,4,24,10,1,6,ok,8,9,0.009463725289501419,970,"Zipf formula, not realized key frequency"
WO2-09-tuned,O2,tuned,0.99,50,1000000,10,batchU,95,4,24,10,1,7,ok,9,9,0.008291824427811647,970,"Zipf formula, not realized key frequency"
WO2-09-tuned,O2,tuned,0.99,50,1000000,10,batchU,95,4,24,10,2,0,ok,42,10,0.06496944918900666,970,"Zipf formula, not realized key frequency"
WO2-09-tuned,O2,tuned,0.99,50,1000000,10,batchU,95,4,24,10,2,1,ok,23,10,0.032710673722499126,970,"Zipf formula, not realized key frequency"
WO2-09-tuned,O2,tuned,0.99,50,1000000,10,batchU,95,4,24,10,2,2,ok,25,10,0.02189571555985655,970,"Zipf formula, not realized key frequency"
WO2-09-tuned,O2,tuned,0.99,50,1000000,10,batchU,95,4,24,10,2,3,ok,15,10,0.01646909722548248,970,"Zipf formula, not realized key frequency"
WO2-09-tuned,O2,tuned,0.99,50,1000000,10,batchU,95,4,24,10,2,4,ok,10,10,0.013204710389392315,970,"Zipf formula, not realized key frequency"
WO2-09-tuned,O2,tuned,0.99,50,1000000,10,batchU,95,4,24,10,2,5,ok,8,10,0.011024006152730404,970,"Zipf formula, not realized key frequency"
WO2-09-tuned,O2,tuned,0.99,50,1000000,10,batchU,95,4,24,10,2,6,ok,8,10,0.009463725289501419,970,"Zipf formula, not realized key frequency"
WO2-09-tuned,O2,tuned,0.99,50,1000000,10,batchU,95,4,24,10,2,7,ok,5,10,0.008291824427811647,970,"Zipf formula, not realized key frequency"
WO2-10-best100,O2,best100,0.99,5,1000000,1000,batchU,0,100,48,100000,1,0,ok,9244,16160,0.06496944918900666,970,"Zipf formula, not realized key frequency"
WO2-10-best100,O2,best100,0.99,5,1000000,1000,batchU,0,100,48,100000,1,1,ok,8913,16160,0.032710673722499126,970,"Zipf formula, not realized key frequency"
WO2-10-best100,O2,best100,0.99,5,1000000,1000,batchU,0,100,48,100000,1,2,ok,8370,16160,0.02189571555985655,970,"Zipf formula, not realized key frequency"
WO2-10-best100,O2,best100,0.99,5,1000000,1000,batchU,0,100,48,100000,1,3,ok,8062,16160,0.01646909722548248,970,"Zipf formula, not realized key frequency"
WO2-10-best100,O2,best100,0.99,5,1000000,1000,batchU,0,100,48,100000,1,4,ok,7855,16160,0.013204710389392315,970,"Zipf formula, not realized key frequency"
WO2-10-best100,O2,best100,0.99,5,1000000,1000,batchU,0,100,48,100000,1,5,ok,7613,16160,0.011024006152730404,970,"Zipf formula, not realized key frequency"
WO2-10-best100,O2,best100,0.99,5,1000000,1000,batchU,0,100,48,100000,1,6,ok,7502,16160,0.009463725289501419,970,"Zipf formula, not realized key frequency"
WO2-10-best100,O2,best100,0.99,5,1000000,1000,batchU,0,100,48,100000,1,7,ok,7281,16160,0.008291824427811647,970,"Zipf formula, not realized key frequency"
WO2-10-best100,O2,best100,0.99,5,1000000,1000,batchU,0,100,48,100000,2,0,ok,7803,10399,0.06496944918900666,970,"Zipf formula, not realized key frequency"
WO2-10-best100,O2,best100,0.99,5,1000000,1000,batchU,0,100,48,100000,2,1,ok,7543,10399,0.032710673722499126,970,"Zipf formula, not realized key frequency"
WO2-10-best100,O2,best100,0.99,5,1000000,1000,batchU,0,100,48,100000,2,2,ok,7313,10399,0.02189571555985655,970,"Zipf formula, not realized key frequency"
WO2-10-best100,O2,best100,0.99,5,1000000,1000,batchU,0,100,48,100000,2,3,ok,7052,10399,0.01646909722548248,970,"Zipf formula, not realized key frequency"
WO2-10-best100,O2,best100,0.99,5,1000000,1000,batchU,0,100,48,100000,2,4,ok,6951,10399,0.013204710389392315,970,"Zipf formula, not realized key frequency"
WO2-10-best100,O2,best100,0.99,5,1000000,1000,batchU,0,100,48,100000,2,5,ok,6717,10399,0.011024006152730404,970,"Zipf formula, not realized key frequency"
WO2-10-best100,O2,best100,0.99,5,1000000,1000,batchU,0,100,48,100000,2,6,ok,6522,10399,0.009463725289501419,970,"Zipf formula, not realized key frequency"
WO2-10-best100,O2,best100,0.99,5,1000000,1000,batchU,0,100,48,100000,2,7,ok,6497,10399,0.008291824427811647,970,"Zipf formula, not realized key frequency"
WO2-10-default,O2,default,0.99,5,1000000,1000,batchU,0,100,48,100000,1,0,ok,1683,1907,0.06496944918900666,970,"Zipf formula, not realized key frequency"
WO2-10-default,O2,default,0.99,5,1000000,1000,batchU,0,100,48,100000,1,1,ok,1634,1907,0.032710673722499126,970,"Zipf formula, not realized key frequency"
WO2-10-default,O2,default,0.99,5,1000000,1000,batchU,0,100,48,100000,1,2,ok,1560,1907,0.02189571555985655,970,"Zipf formula, not realized key frequency"
WO2-10-default,O2,default,0.99,5,1000000,1000,batchU,0,100,48,100000,1,3,ok,1531,1907,0.01646909722548248,970,"Zipf formula, not realized key frequency"
WO2-10-default,O2,default,0.99,5,1000000,1000,batchU,0,100,48,100000,1,4,ok,1517,1907,0.013204710389392315,970,"Zipf formula, not realized key frequency"
WO2-10-default,O2,default,0.99,5,1000000,1000,batchU,0,100,48,100000,1,5,ok,1459,1907,0.011024006152730404,970,"Zipf formula, not realized key frequency"
WO2-10-default,O2,default,0.99,5,1000000,1000,batchU,0,100,48,100000,1,6,ok,1450,1907,0.009463725289501419,970,"Zipf formula, not realized key frequency"
WO2-10-default,O2,default,0.99,5,1000000,1000,batchU,0,100,48,100000,1,7,ok,1446,1907,0.008291824427811647,970,"Zipf formula, not realized key frequency"
WO2-10-default,O2,default,0.99,5,1000000,1000,batchU,0,100,48,100000,2,0,ok,1681,1705,0.06496944918900666,970,"Zipf formula, not realized key frequency"
WO2-10-default,O2,default,0.99,5,1000000,1000,batchU,0,100,48,100000,2,1,ok,1619,1705,0.032710673722499126,970,"Zipf formula, not realized key frequency"
WO2-10-default,O2,default,0.99,5,1000000,1000,batchU,0,100,48,100000,2,2,ok,1573,1705,0.02189571555985655,970,"Zipf formula, not realized key frequency"
WO2-10-default,O2,default,0.99,5,1000000,1000,batchU,0,100,48,100000,2,3,ok,1545,1705,0.01646909722548248,970,"Zipf formula, not realized key frequency"
WO2-10-default,O2,default,0.99,5,1000000,1000,batchU,0,100,48,100000,2,4,ok,1404,1705,0.013204710389392315,970,"Zipf formula, not realized key frequency"
WO2-10-default,O2,default,0.99,5,1000000,1000,batchU,0,100,48,100000,2,5,ok,1394,1705,0.011024006152730404,970,"Zipf formula, not realized key frequency"
WO2-10-default,O2,default,0.99,5,1000000,1000,batchU,0,100,48,100000,2,6,ok,1387,1705,0.009463725289501419,970,"Zipf formula, not realized key frequency"
WO2-10-default,O2,default,0.99,5,1000000,1000,batchU,0,100,48,100000,2,7,ok,1355,1705,0.008291824427811647,970,"Zipf formula, not realized key frequency"
WO2-11-default,O2,default,0.99,50,100000,10,none,0,100,12,100000,1,0,ok,13695,3664,0.07825743810383633,284,"Zipf formula, not realized key frequency"
WO2-11-default,O2,default,0.99,50,100000,10,none,0,100,12,100000,1,1,ok,7551,3664,0.03940088081593907,284,"Zipf formula, not realized key frequency"
WO2-11-default,O2,default,0.99,50,100000,10,none,0,100,12,100000,1,2,ok,6065,3664,0.026373974638138356,284,"Zipf formula, not realized key frequency"
WO2-11-default,O2,default,0.99,50,100000,10,none,0,100,12,100000,1,3,ok,4313,3664,0.019837467807366574,284,"Zipf formula, not realized key frequency"
WO2-11-default,O2,default,0.99,50,100000,10,none,0,100,12,100000,1,4,ok,3485,3664,0.015905426610139824,284,"Zipf formula, not realized key frequency"
WO2-11-default,O2,default,0.99,50,100000,10,none,0,100,12,100000,1,5,ok,2813,3664,0.013278710069464279,284,"Zipf formula, not realized key frequency"
WO2-11-default,O2,default,0.99,50,100000,10,none,0,100,12,100000,1,6,ok,2469,3664,0.011399310065263481,284,"Zipf formula, not realized key frequency"
WO2-11-default,O2,default,0.99,50,100000,10,none,0,100,12,100000,1,7,ok,2167,3664,0.00998772415384963,284,"Zipf formula, not realized key frequency"
WO2-11-default,O2,default,0.99,50,100000,10,none,0,100,12,100000,2,0,ok,14029,3658,0.07825743810383633,284,"Zipf formula, not realized key frequency"
WO2-11-default,O2,default,0.99,50,100000,10,none,0,100,12,100000,2,1,ok,7808,3658,0.03940088081593907,284,"Zipf formula, not realized key frequency"
WO2-11-default,O2,default,0.99,50,100000,10,none,0,100,12,100000,2,2,ok,6172,3658,0.026373974638138356,284,"Zipf formula, not realized key frequency"
WO2-11-default,O2,default,0.99,50,100000,10,none,0,100,12,100000,2,3,ok,4394,3658,0.019837467807366574,284,"Zipf formula, not realized key frequency"
WO2-11-default,O2,default,0.99,50,100000,10,none,0,100,12,100000,2,4,ok,3533,3658,0.015905426610139824,284,"Zipf formula, not realized key frequency"
WO2-11-default,O2,default,0.99,50,100000,10,none,0,100,12,100000,2,5,ok,3026,3658,0.013278710069464279,284,"Zipf formula, not realized key frequency"
WO2-11-default,O2,default,0.99,50,100000,10,none,0,100,12,100000,2,6,ok,2455,3658,0.011399310065263481,284,"Zipf formula, not realized key frequency"
WO2-11-default,O2,default,0.99,50,100000,10,none,0,100,12,100000,2,7,ok,2132,3658,0.00998772415384963,284,"Zipf formula, not realized key frequency"
WO2-11-tuned,O2,tuned,0.99,50,100000,10,none,0,100,12,100000,1,0,ok,32895,11056,0.07825743810383633,284,"Zipf formula, not realized key frequency"
WO2-11-tuned,O2,tuned,0.99,50,100000,10,none,0,100,12,100000,1,1,ok,18266,11056,0.03940088081593907,284,"Zipf formula, not realized key frequency"
WO2-11-tuned,O2,tuned,0.99,50,100000,10,none,0,100,12,100000,1,2,ok,14794,11056,0.026373974638138356,284,"Zipf formula, not realized key frequency"
WO2-11-tuned,O2,tuned,0.99,50,100000,10,none,0,100,12,100000,1,3,ok,10542,11056,0.019837467807366574,284,"Zipf formula, not realized key frequency"
WO2-11-tuned,O2,tuned,0.99,50,100000,10,none,0,100,12,100000,1,4,ok,8235,11056,0.015905426610139824,284,"Zipf formula, not realized key frequency"
WO2-11-tuned,O2,tuned,0.99,50,100000,10,none,0,100,12,100000,1,5,ok,6983,11056,0.013278710069464279,284,"Zipf formula, not realized key frequency"
WO2-11-tuned,O2,tuned,0.99,50,100000,10,none,0,100,12,100000,1,6,ok,6036,11056,0.011399310065263481,284,"Zipf formula, not realized key frequency"
WO2-11-tuned,O2,tuned,0.99,50,100000,10,none,0,100,12,100000,1,7,ok,5345,11056,0.00998772415384963,284,"Zipf formula, not realized key frequency"
WO2-11-tuned,O2,tuned,0.99,50,100000,10,none,0,100,12,100000,2,0,ok,32808,10986,0.07825743810383633,284,"Zipf formula, not realized key frequency"
WO2-11-tuned,O2,tuned,0.99,50,100000,10,none,0,100,12,100000,2,1,ok,18434,10986,0.03940088081593907,284,"Zipf formula, not realized key frequency"
WO2-11-tuned,O2,tuned,0.99,50,100000,10,none,0,100,12,100000,2,2,ok,15090,10986,0.026373974638138356,284,"Zipf formula, not realized key frequency"
WO2-11-tuned,O2,tuned,0.99,50,100000,10,none,0,100,12,100000,2,3,ok,10712,10986,0.019837467807366574,284,"Zipf formula, not realized key frequency"
WO2-11-tuned,O2,tuned,0.99,50,100000,10,none,0,100,12,100000,2,4,ok,8655,10986,0.015905426610139824,284,"Zipf formula, not realized key frequency"
WO2-11-tuned,O2,tuned,0.99,50,100000,10,none,0,100,12,100000,2,5,ok,6985,10986,0.013278710069464279,284,"Zipf formula, not realized key frequency"
WO2-11-tuned,O2,tuned,0.99,50,100000,10,none,0,100,12,100000,2,6,ok,5986,10986,0.011399310065263481,284,"Zipf formula, not realized key frequency"
WO2-11-tuned,O2,tuned,0.99,50,100000,10,none,0,100,12,100000,2,7,ok,5272,10986,0.00998772415384963,284,"Zipf formula, not realized key frequency"
WO2-12-best100,O2,best100,0.99,95,10000,100,batchR,0,100,24,100000,1,0,ok,442613,158923,0.09780561885960111,84,"Zipf formula, not realized key frequency"
WO2-12-best100,O2,best100,0.99,95,10000,100,batchR,0,100,24,100000,1,1,ok,261821,158923,0.04924295536870372,84,"Zipf formula, not realized key frequency"
WO2-12-best100,O2,best100,0.99,95,10000,100,batchR,0,100,24,100000,1,2,ok,208477,158923,0.03296201580031142,84,"Zipf formula, not realized key frequency"
WO2-12-best100,O2,best100,0.99,95,10000,100,batchR,0,100,24,100000,1,3,ok,147892,158923,0.02479273360485575,84,"Zipf formula, not realized key frequency"
WO2-12-best100,O2,best100,0.99,95,10000,100,batchR,0,100,24,100000,1,4,ok,115963,158923,0.019878495009849197,84,"Zipf formula, not realized key frequency"
WO2-12-best100,O2,best100,0.99,95,10000,100,batchR,0,100,24,100000,1,5,ok,91218,158923,0.01659564237559042,84,"Zipf formula, not realized key frequency"
WO2-12-best100,O2,best100,0.99,95,10000,100,batchR,0,100,24,100000,1,6,ok,80892,158923,0.014246780913352176,84,"Zipf formula, not realized key frequency"
WO2-12-best100,O2,best100,0.99,95,10000,100,batchR,0,100,24,100000,1,7,ok,69933,158923,0.012482590352243611,84,"Zipf formula, not realized key frequency"
WO2-12-best100,O2,best100,0.99,95,10000,100,batchR,0,100,24,100000,2,0,ok,441761,160452,0.09780561885960111,84,"Zipf formula, not realized key frequency"
WO2-12-best100,O2,best100,0.99,95,10000,100,batchR,0,100,24,100000,2,1,ok,260639,160452,0.04924295536870372,84,"Zipf formula, not realized key frequency"
WO2-12-best100,O2,best100,0.99,95,10000,100,batchR,0,100,24,100000,2,2,ok,209602,160452,0.03296201580031142,84,"Zipf formula, not realized key frequency"
WO2-12-best100,O2,best100,0.99,95,10000,100,batchR,0,100,24,100000,2,3,ok,150390,160452,0.02479273360485575,84,"Zipf formula, not realized key frequency"
WO2-12-best100,O2,best100,0.99,95,10000,100,batchR,0,100,24,100000,2,4,ok,114902,160452,0.019878495009849197,84,"Zipf formula, not realized key frequency"
WO2-12-best100,O2,best100,0.99,95,10000,100,batchR,0,100,24,100000,2,5,ok,94366,160452,0.01659564237559042,84,"Zipf formula, not realized key frequency"
WO2-12-best100,O2,best100,0.99,95,10000,100,batchR,0,100,24,100000,2,6,ok,80058,160452,0.014246780913352176,84,"Zipf formula, not realized key frequency"
WO2-12-best100,O2,best100,0.99,95,10000,100,batchR,0,100,24,100000,2,7,ok,67753,160452,0.012482590352243611,84,"Zipf formula, not realized key frequency"
WO2-12-default,O2,default,0.99,95,10000,100,batchR,0,100,24,100000,1,0,ok,96484,16210,0.09780561885960111,84,"Zipf formula, not realized key frequency"
WO2-12-default,O2,default,0.99,95,10000,100,batchR,0,100,24,100000,1,1,ok,54912,16210,0.04924295536870372,84,"Zipf formula, not realized key frequency"
WO2-12-default,O2,default,0.99,95,10000,100,batchR,0,100,24,100000,1,2,ok,44574,16210,0.03296201580031142,84,"Zipf formula, not realized key frequency"
WO2-12-default,O2,default,0.99,95,10000,100,batchR,0,100,24,100000,1,3,ok,32817,16210,0.02479273360485575,84,"Zipf formula, not realized key frequency"
WO2-12-default,O2,default,0.99,95,10000,100,batchR,0,100,24,100000,1,4,ok,26318,16210,0.019878495009849197,84,"Zipf formula, not realized key frequency"
WO2-12-default,O2,default,0.99,95,10000,100,batchR,0,100,24,100000,1,5,ok,20986,16210,0.01659564237559042,84,"Zipf formula, not realized key frequency"
WO2-12-default,O2,default,0.99,95,10000,100,batchR,0,100,24,100000,1,6,ok,17792,16210,0.014246780913352176,84,"Zipf formula, not realized key frequency"
WO2-12-default,O2,default,0.99,95,10000,100,batchR,0,100,24,100000,1,7,ok,15630,16210,0.012482590352243611,84,"Zipf formula, not realized key frequency"
WO2-12-default,O2,default,0.99,95,10000,100,batchR,0,100,24,100000,2,0,ok,105276,18299,0.09780561885960111,84,"Zipf formula, not realized key frequency"
WO2-12-default,O2,default,0.99,95,10000,100,batchR,0,100,24,100000,2,1,ok,59381,18299,0.04924295536870372,84,"Zipf formula, not realized key frequency"
WO2-12-default,O2,default,0.99,95,10000,100,batchR,0,100,24,100000,2,2,ok,48557,18299,0.03296201580031142,84,"Zipf formula, not realized key frequency"
WO2-12-default,O2,default,0.99,95,10000,100,batchR,0,100,24,100000,2,3,ok,34909,18299,0.02479273360485575,84,"Zipf formula, not realized key frequency"
WO2-12-default,O2,default,0.99,95,10000,100,batchR,0,100,24,100000,2,4,ok,28415,18299,0.019878495009849197,84,"Zipf formula, not realized key frequency"
WO2-12-default,O2,default,0.99,95,10000,100,batchR,0,100,24,100000,2,5,ok,23401,18299,0.01659564237559042,84,"Zipf formula, not realized key frequency"
WO2-12-default,O2,default,0.99,95,10000,100,batchR,0,100,24,100000,2,6,ok,20169,18299,0.014246780913352176,84,"Zipf formula, not realized key frequency"
WO2-12-default,O2,default,0.99,95,10000,100,batchR,0,100,24,100000,2,7,ok,17601,18299,0.012482590352243611,84,"Zipf formula, not realized key frequency"
WO2-13-default,O2,default,0.9,5,1000000,10,batchR,0,1000,48,10,1,0,ok,102285,39015,0.03291573683698117,8184,"Zipf formula, not realized key frequency"
WO2-13-default,O2,default,0.9,5,1000000,10,batchR,0,1000,48,10,1,1,ok,58870,39015,0.017639106620852364,8184,"Zipf formula, not realized key frequency"
WO2-13-default,O2,default,0.9,5,1000000,10,batchR,0,1000,48,10,1,2,ok,48729,39015,0.012246005558052046,8184,"Zipf formula, not realized key frequency"
WO2-13-default,O2,default,0.9,5,1000000,10,batchR,0,1000,48,10,1,3,ok,35908,39015,0.009452563189538894,8184,"Zipf formula, not realized key frequency"
WO2-13-default,O2,default,0.9,5,1000000,10,batchR,0,1000,48,10,1,4,ok,29422,39015,0.00773268960288364,8184,"Zipf formula, not realized key frequency"
WO2-13-default,O2,default,0.9,5,1000000,10,batchR,0,1000,48,10,1,5,ok,24677,39015,0.0065624718895960655,8184,"Zipf formula, not realized key frequency"
WO2-13-default,O2,default,0.9,5,1000000,10,batchR,0,1000,48,10,1,6,ok,21139,39015,0.005712357054208398,8184,"Zipf formula, not realized key frequency"
WO2-13-default,O2,default,0.9,5,1000000,10,batchR,0,1000,48,10,1,7,ok,18667,39015,0.005065503189747605,8184,"Zipf formula, not realized key frequency"
WO2-13-default,O2,default,0.9,5,1000000,10,batchR,0,1000,48,10,2,0,ok,102849,37097,0.03291573683698117,8184,"Zipf formula, not realized key frequency"
WO2-13-default,O2,default,0.9,5,1000000,10,batchR,0,1000,48,10,2,1,ok,58145,37097,0.017639106620852364,8184,"Zipf formula, not realized key frequency"
WO2-13-default,O2,default,0.9,5,1000000,10,batchR,0,1000,48,10,2,2,ok,48862,37097,0.012246005558052046,8184,"Zipf formula, not realized key frequency"
WO2-13-default,O2,default,0.9,5,1000000,10,batchR,0,1000,48,10,2,3,ok,36524,37097,0.009452563189538894,8184,"Zipf formula, not realized key frequency"
WO2-13-default,O2,default,0.9,5,1000000,10,batchR,0,1000,48,10,2,4,ok,29090,37097,0.00773268960288364,8184,"Zipf formula, not realized key frequency"
WO2-13-default,O2,default,0.9,5,1000000,10,batchR,0,1000,48,10,2,5,ok,24632,37097,0.0065624718895960655,8184,"Zipf formula, not realized key frequency"
WO2-13-default,O2,default,0.9,5,1000000,10,batchR,0,1000,48,10,2,6,ok,21076,37097,0.005712357054208398,8184,"Zipf formula, not realized key frequency"
WO2-13-default,O2,default,0.9,5,1000000,10,batchR,0,1000,48,10,2,7,ok,18596,37097,0.005065503189747605,8184,"Zipf formula, not realized key frequency"
WO2-13-tuned,O2,tuned,0.9,5,1000000,10,batchR,0,1000,48,10,1,0,ok,101153,36609,0.03291573683698117,8184,"Zipf formula, not realized key frequency"
WO2-13-tuned,O2,tuned,0.9,5,1000000,10,batchR,0,1000,48,10,1,1,ok,57714,36609,0.017639106620852364,8184,"Zipf formula, not realized key frequency"
WO2-13-tuned,O2,tuned,0.9,5,1000000,10,batchR,0,1000,48,10,1,2,ok,48262,36609,0.012246005558052046,8184,"Zipf formula, not realized key frequency"
WO2-13-tuned,O2,tuned,0.9,5,1000000,10,batchR,0,1000,48,10,1,3,ok,35878,36609,0.009452563189538894,8184,"Zipf formula, not realized key frequency"
WO2-13-tuned,O2,tuned,0.9,5,1000000,10,batchR,0,1000,48,10,1,4,ok,28849,36609,0.00773268960288364,8184,"Zipf formula, not realized key frequency"
WO2-13-tuned,O2,tuned,0.9,5,1000000,10,batchR,0,1000,48,10,1,5,ok,24374,36609,0.0065624718895960655,8184,"Zipf formula, not realized key frequency"
WO2-13-tuned,O2,tuned,0.9,5,1000000,10,batchR,0,1000,48,10,1,6,ok,20843,36609,0.005712357054208398,8184,"Zipf formula, not realized key frequency"
WO2-13-tuned,O2,tuned,0.9,5,1000000,10,batchR,0,1000,48,10,1,7,ok,18269,36609,0.005065503189747605,8184,"Zipf formula, not realized key frequency"
WO2-13-tuned,O2,tuned,0.9,5,1000000,10,batchR,0,1000,48,10,2,0,ok,101769,38496,0.03291573683698117,8184,"Zipf formula, not realized key frequency"
WO2-13-tuned,O2,tuned,0.9,5,1000000,10,batchR,0,1000,48,10,2,1,ok,58141,38496,0.017639106620852364,8184,"Zipf formula, not realized key frequency"
WO2-13-tuned,O2,tuned,0.9,5,1000000,10,batchR,0,1000,48,10,2,2,ok,48240,38496,0.012246005558052046,8184,"Zipf formula, not realized key frequency"
WO2-13-tuned,O2,tuned,0.9,5,1000000,10,batchR,0,1000,48,10,2,3,ok,35866,38496,0.009452563189538894,8184,"Zipf formula, not realized key frequency"
WO2-13-tuned,O2,tuned,0.9,5,1000000,10,batchR,0,1000,48,10,2,4,ok,28696,38496,0.00773268960288364,8184,"Zipf formula, not realized key frequency"
WO2-13-tuned,O2,tuned,0.9,5,1000000,10,batchR,0,1000,48,10,2,5,ok,24415,38496,0.0065624718895960655,8184,"Zipf formula, not realized key frequency"
WO2-13-tuned,O2,tuned,0.9,5,1000000,10,batchR,0,1000,48,10,2,6,ok,21236,38496,0.005712357054208398,8184,"Zipf formula, not realized key frequency"
WO2-13-tuned,O2,tuned,0.9,5,1000000,10,batchR,0,1000,48,10,2,7,ok,18450,38496,0.005065503189747605,8184,"Zipf formula, not realized key frequency"
WO2-14-best100,O2,best100,0.9,50,100000,100,batchU,0,1000,12,10,1,0,ok,63,20,0.04505990589609496,1328,"Zipf formula, not realized key frequency"
WO2-14-best100,O2,best100,0.9,50,100000,100,batchU,0,1000,12,10,1,1,ok,42,20,0.024147005681908612,1328,"Zipf formula, not realized key frequency"
WO2-14-best100,O2,best100,0.9,50,100000,100,batchU,0,1000,12,10,1,2,ok,38,20,0.01676413506347285,1328,"Zipf formula, not realized key frequency"
WO2-14-best100,O2,best100,0.9,50,100000,100,batchU,0,1000,12,10,1,3,ok,19,20,0.012940059944791367,1328,"Zipf formula, not realized key frequency"
WO2-14-best100,O2,best100,0.9,50,100000,100,batchU,0,1000,12,10,1,4,ok,33,20,0.01058564380786333,1328,"Zipf formula, not realized key frequency"
WO2-14-best100,O2,best100,0.9,50,100000,100,batchU,0,1000,12,10,1,5,ok,22,20,0.008983677541702187,1328,"Zipf formula, not realized key frequency"
WO2-14-best100,O2,best100,0.9,50,100000,100,batchU,0,1000,12,10,1,6,ok,28,20,0.007819915215093558,1328,"Zipf formula, not realized key frequency"
WO2-14-best100,O2,best100,0.9,50,100000,100,batchU,0,1000,12,10,1,7,ok,29,20,0.00693440642622812,1328,"Zipf formula, not realized key frequency"
WO2-14-best100,O2,best100,0.9,50,100000,100,batchU,0,1000,12,10,2,0,ok,42,18,0.04505990589609496,1328,"Zipf formula, not realized key frequency"
WO2-14-best100,O2,best100,0.9,50,100000,100,batchU,0,1000,12,10,2,1,ok,31,18,0.024147005681908612,1328,"Zipf formula, not realized key frequency"
WO2-14-best100,O2,best100,0.9,50,100000,100,batchU,0,1000,12,10,2,2,ok,44,18,0.01676413506347285,1328,"Zipf formula, not realized key frequency"
WO2-14-best100,O2,best100,0.9,50,100000,100,batchU,0,1000,12,10,2,3,ok,36,18,0.012940059944791367,1328,"Zipf formula, not realized key frequency"
WO2-14-best100,O2,best100,0.9,50,100000,100,batchU,0,1000,12,10,2,4,ok,13,18,0.01058564380786333,1328,"Zipf formula, not realized key frequency"
WO2-14-best100,O2,best100,0.9,50,100000,100,batchU,0,1000,12,10,2,5,ok,25,18,0.008983677541702187,1328,"Zipf formula, not realized key frequency"
WO2-14-best100,O2,best100,0.9,50,100000,100,batchU,0,1000,12,10,2,6,ok,16,18,0.007819915215093558,1328,"Zipf formula, not realized key frequency"
WO2-14-best100,O2,best100,0.9,50,100000,100,batchU,0,1000,12,10,2,7,ok,18,18,0.00693440642622812,1328,"Zipf formula, not realized key frequency"
WO2-14-default,O2,default,0.9,50,100000,100,batchU,0,1000,12,10,1,0,ok,60,24,0.04505990589609496,1328,"Zipf formula, not realized key frequency"
WO2-14-default,O2,default,0.9,50,100000,100,batchU,0,1000,12,10,1,1,ok,50,24,0.024147005681908612,1328,"Zipf formula, not realized key frequency"
WO2-14-default,O2,default,0.9,50,100000,100,batchU,0,1000,12,10,1,2,ok,38,24,0.01676413506347285,1328,"Zipf formula, not realized key frequency"
WO2-14-default,O2,default,0.9,50,100000,100,batchU,0,1000,12,10,1,3,ok,40,24,0.012940059944791367,1328,"Zipf formula, not realized key frequency"
WO2-14-default,O2,default,0.9,50,100000,100,batchU,0,1000,12,10,1,4,ok,34,24,0.01058564380786333,1328,"Zipf formula, not realized key frequency"
WO2-14-default,O2,default,0.9,50,100000,100,batchU,0,1000,12,10,1,5,ok,26,24,0.008983677541702187,1328,"Zipf formula, not realized key frequency"
WO2-14-default,O2,default,0.9,50,100000,100,batchU,0,1000,12,10,1,6,ok,21,24,0.007819915215093558,1328,"Zipf formula, not realized key frequency"
WO2-14-default,O2,default,0.9,50,100000,100,batchU,0,1000,12,10,1,7,ok,14,24,0.00693440642622812,1328,"Zipf formula, not realized key frequency"
WO2-14-default,O2,default,0.9,50,100000,100,batchU,0,1000,12,10,2,0,ok,69,26,0.04505990589609496,1328,"Zipf formula, not realized key frequency"
WO2-14-default,O2,default,0.9,50,100000,100,batchU,0,1000,12,10,2,1,ok,65,26,0.024147005681908612,1328,"Zipf formula, not realized key frequency"
WO2-14-default,O2,default,0.9,50,100000,100,batchU,0,1000,12,10,2,2,ok,40,26,0.01676413506347285,1328,"Zipf formula, not realized key frequency"
WO2-14-default,O2,default,0.9,50,100000,100,batchU,0,1000,12,10,2,3,ok,34,26,0.012940059944791367,1328,"Zipf formula, not realized key frequency"
WO2-14-default,O2,default,0.9,50,100000,100,batchU,0,1000,12,10,2,4,ok,34,26,0.01058564380786333,1328,"Zipf formula, not realized key frequency"
WO2-14-default,O2,default,0.9,50,100000,100,batchU,0,1000,12,10,2,5,ok,17,26,0.008983677541702187,1328,"Zipf formula, not realized key frequency"
WO2-14-default,O2,default,0.9,50,100000,100,batchU,0,1000,12,10,2,6,ok,31,26,0.007819915215093558,1328,"Zipf formula, not realized key frequency"
WO2-14-default,O2,default,0.9,50,100000,100,batchU,0,1000,12,10,2,7,ok,21,26,0.00693440642622812,1328,"Zipf formula, not realized key frequency"
WO2-15-best100,O2,best100,0.9,95,10000,1000,none,0,1000,24,10,1,0,ok,23,7,0.06373942958886639,237,"Zipf formula, not realized key frequency"
WO2-15-best100,O2,best100,0.9,95,10000,1000,none,0,1000,24,10,1,1,ok,21,7,0.03415711457527379,237,"Zipf formula, not realized key frequency"
WO2-15-best100,O2,best100,0.9,95,10000,1000,none,0,1000,24,10,1,2,ok,15,7,0.023713684821278704,237,"Zipf formula, not realized key frequency"
WO2-15-best100,O2,best100,0.9,95,10000,1000,none,0,1000,24,10,1,3,ok,14,7,0.018304344479295034,237,"Zipf formula, not realized key frequency"
WO2-15-best100,O2,best100,0.9,95,10000,1000,none,0,1000,24,10,1,4,ok,19,7,0.014973908283341487,237,"Zipf formula, not realized key frequency"
WO2-15-best100,O2,best100,0.9,95,10000,1000,none,0,1000,24,10,1,5,ok,12,7,0.012707849045198106,237,"Zipf formula, not realized key frequency"
WO2-15-best100,O2,best100,0.9,95,10000,1000,none,0,1000,24,10,1,6,ok,23,7,0.011061650603370589,237,"Zipf formula, not realized key frequency"
WO2-15-best100,O2,best100,0.9,95,10000,1000,none,0,1000,24,10,1,7,ok,14,7,0.009809055331015563,237,"Zipf formula, not realized key frequency"
WO2-15-best100,O2,best100,0.9,95,10000,1000,none,0,1000,24,10,2,0,ok,31,9,0.06373942958886639,237,"Zipf formula, not realized key frequency"
WO2-15-best100,O2,best100,0.9,95,10000,1000,none,0,1000,24,10,2,1,ok,32,9,0.03415711457527379,237,"Zipf formula, not realized key frequency"
WO2-15-best100,O2,best100,0.9,95,10000,1000,none,0,1000,24,10,2,2,ok,31,9,0.023713684821278704,237,"Zipf formula, not realized key frequency"
WO2-15-best100,O2,best100,0.9,95,10000,1000,none,0,1000,24,10,2,3,ok,18,9,0.018304344479295034,237,"Zipf formula, not realized key frequency"
WO2-15-best100,O2,best100,0.9,95,10000,1000,none,0,1000,24,10,2,4,ok,11,9,0.014973908283341487,237,"Zipf formula, not realized key frequency"
WO2-15-best100,O2,best100,0.9,95,10000,1000,none,0,1000,24,10,2,5,ok,16,9,0.012707849045198106,237,"Zipf formula, not realized key frequency"
WO2-15-best100,O2,best100,0.9,95,10000,1000,none,0,1000,24,10,2,6,ok,28,9,0.011061650603370589,237,"Zipf formula, not realized key frequency"
WO2-15-best100,O2,best100,0.9,95,10000,1000,none,0,1000,24,10,2,7,ok,6,9,0.009809055331015563,237,"Zipf formula, not realized key frequency"
WO2-15-default,O2,default,0.9,95,10000,1000,none,0,1000,24,10,1,0,ok,54,13,0.06373942958886639,237,"Zipf formula, not realized key frequency"
WO2-15-default,O2,default,0.9,95,10000,1000,none,0,1000,24,10,1,1,ok,55,13,0.03415711457527379,237,"Zipf formula, not realized key frequency"
WO2-15-default,O2,default,0.9,95,10000,1000,none,0,1000,24,10,1,2,ok,55,13,0.023713684821278704,237,"Zipf formula, not realized key frequency"
WO2-15-default,O2,default,0.9,95,10000,1000,none,0,1000,24,10,1,3,ok,37,13,0.018304344479295034,237,"Zipf formula, not realized key frequency"
WO2-15-default,O2,default,0.9,95,10000,1000,none,0,1000,24,10,1,4,ok,27,13,0.014973908283341487,237,"Zipf formula, not realized key frequency"
WO2-15-default,O2,default,0.9,95,10000,1000,none,0,1000,24,10,1,5,ok,25,13,0.012707849045198106,237,"Zipf formula, not realized key frequency"
WO2-15-default,O2,default,0.9,95,10000,1000,none,0,1000,24,10,1,6,ok,21,13,0.011061650603370589,237,"Zipf formula, not realized key frequency"
WO2-15-default,O2,default,0.9,95,10000,1000,none,0,1000,24,10,1,7,ok,32,13,0.009809055331015563,237,"Zipf formula, not realized key frequency"
WO2-15-default,O2,default,0.9,95,10000,1000,none,0,1000,24,10,2,0,ok,45,14,0.06373942958886639,237,"Zipf formula, not realized key frequency"
WO2-15-default,O2,default,0.9,95,10000,1000,none,0,1000,24,10,2,1,ok,42,14,0.03415711457527379,237,"Zipf formula, not realized key frequency"
WO2-15-default,O2,default,0.9,95,10000,1000,none,0,1000,24,10,2,2,ok,30,14,0.023713684821278704,237,"Zipf formula, not realized key frequency"
WO2-15-default,O2,default,0.9,95,10000,1000,none,0,1000,24,10,2,3,ok,37,14,0.018304344479295034,237,"Zipf formula, not realized key frequency"
WO2-15-default,O2,default,0.9,95,10000,1000,none,0,1000,24,10,2,4,ok,36,14,0.014973908283341487,237,"Zipf formula, not realized key frequency"
WO2-15-default,O2,default,0.9,95,10000,1000,none,0,1000,24,10,2,5,ok,29,14,0.012707849045198106,237,"Zipf formula, not realized key frequency"
WO2-15-default,O2,default,0.9,95,10000,1000,none,0,1000,24,10,2,6,ok,34,14,0.011061650603370589,237,"Zipf formula, not realized key frequency"
WO2-15-default,O2,default,0.9,95,10000,1000,none,0,1000,24,10,2,7,ok,23,14,0.009809055331015563,237,"Zipf formula, not realized key frequency"
WO2-16-best100,O2,best100,0.6,5,1000000,100,none,0,4,48,1000,1,0,ok,10302,7889,0.0015973954224233198,178154,"Zipf formula, not realized key frequency"
WO2-16-best100,O2,best100,0.6,5,1000000,100,none,0,4,48,1000,1,1,ok,6808,7889,0.0010538879482599897,178154,"Zipf formula, not realized key frequency"
WO2-16-best100,O2,best100,0.6,5,1000000,100,none,0,4,48,1000,1,2,ok,6019,7889,0.0008263036720267617,178154,"Zipf formula, not realized key frequency"
WO2-16-best100,O2,best100,0.6,5,1000000,100,none,0,4,48,1000,1,3,ok,5000,7889,0.0006953067423986355,178154,"Zipf formula, not realized key frequency"
WO2-16-best100,O2,best100,0.6,5,1000000,100,none,0,4,48,1000,1,4,ok,4211,7889,0.0006081776175165734,178154,"Zipf formula, not realized key frequency"
WO2-16-best100,O2,best100,0.6,5,1000000,100,none,0,4,48,1000,1,5,ok,3864,7889,0.0005451571159700015,178154,"Zipf formula, not realized key frequency"
WO2-16-best100,O2,best100,0.6,5,1000000,100,none,0,4,48,1000,1,6,ok,3549,7889,0.000496996821847876,178154,"Zipf formula, not realized key frequency"
WO2-16-best100,O2,best100,0.6,5,1000000,100,none,0,4,48,1000,1,7,ok,3156,7889,0.00045873137350436533,178154,"Zipf formula, not realized key frequency"
WO2-16-best100,O2,best100,0.6,5,1000000,100,none,0,4,48,1000,2,0,ok,9536,7040,0.0015973954224233198,178154,"Zipf formula, not realized key frequency"
WO2-16-best100,O2,best100,0.6,5,1000000,100,none,0,4,48,1000,2,1,ok,6229,7040,0.0010538879482599897,178154,"Zipf formula, not realized key frequency"
WO2-16-best100,O2,best100,0.6,5,1000000,100,none,0,4,48,1000,2,2,ok,5666,7040,0.0008263036720267617,178154,"Zipf formula, not realized key frequency"
WO2-16-best100,O2,best100,0.6,5,1000000,100,none,0,4,48,1000,2,3,ok,4591,7040,0.0006953067423986355,178154,"Zipf formula, not realized key frequency"
WO2-16-best100,O2,best100,0.6,5,1000000,100,none,0,4,48,1000,2,4,ok,3973,7040,0.0006081776175165734,178154,"Zipf formula, not realized key frequency"
WO2-16-best100,O2,best100,0.6,5,1000000,100,none,0,4,48,1000,2,5,ok,3632,7040,0.0005451571159700015,178154,"Zipf formula, not realized key frequency"
WO2-16-best100,O2,best100,0.6,5,1000000,100,none,0,4,48,1000,2,6,ok,3165,7040,0.000496996821847876,178154,"Zipf formula, not realized key frequency"
WO2-16-best100,O2,best100,0.6,5,1000000,100,none,0,4,48,1000,2,7,ok,2937,7040,0.00045873137350436533,178154,"Zipf formula, not realized key frequency"
WO2-16-default,O2,default,0.6,5,1000000,100,none,0,4,48,1000,1,0,ok,156,71,0.0015973954224233198,178154,"Zipf formula, not realized key frequency"
WO2-16-default,O2,default,0.6,5,1000000,100,none,0,4,48,1000,1,1,ok,96,71,0.0010538879482599897,178154,"Zipf formula, not realized key frequency"
WO2-16-default,O2,default,0.6,5,1000000,100,none,0,4,48,1000,1,2,ok,94,71,0.0008263036720267617,178154,"Zipf formula, not realized key frequency"
WO2-16-default,O2,default,0.6,5,1000000,100,none,0,4,48,1000,1,3,ok,81,71,0.0006953067423986355,178154,"Zipf formula, not realized key frequency"
WO2-16-default,O2,default,0.6,5,1000000,100,none,0,4,48,1000,1,4,ok,62,71,0.0006081776175165734,178154,"Zipf formula, not realized key frequency"
WO2-16-default,O2,default,0.6,5,1000000,100,none,0,4,48,1000,1,5,ok,47,71,0.0005451571159700015,178154,"Zipf formula, not realized key frequency"
WO2-16-default,O2,default,0.6,5,1000000,100,none,0,4,48,1000,1,6,ok,50,71,0.000496996821847876,178154,"Zipf formula, not realized key frequency"
WO2-16-default,O2,default,0.6,5,1000000,100,none,0,4,48,1000,1,7,ok,42,71,0.00045873137350436533,178154,"Zipf formula, not realized key frequency"
WO2-16-default,O2,default,0.6,5,1000000,100,none,0,4,48,1000,2,0,ok,143,57,0.0015973954224233198,178154,"Zipf formula, not realized key frequency"
WO2-16-default,O2,default,0.6,5,1000000,100,none,0,4,48,1000,2,1,ok,86,57,0.0010538879482599897,178154,"Zipf formula, not realized key frequency"
WO2-16-default,O2,default,0.6,5,1000000,100,none,0,4,48,1000,2,2,ok,81,57,0.0008263036720267617,178154,"Zipf formula, not realized key frequency"
WO2-16-default,O2,default,0.6,5,1000000,100,none,0,4,48,1000,2,3,ok,54,57,0.0006953067423986355,178154,"Zipf formula, not realized key frequency"
WO2-16-default,O2,default,0.6,5,1000000,100,none,0,4,48,1000,2,4,ok,59,57,0.0006081776175165734,178154,"Zipf formula, not realized key frequency"
WO2-16-default,O2,default,0.6,5,1000000,100,none,0,4,48,1000,2,5,ok,64,57,0.0005451571159700015,178154,"Zipf formula, not realized key frequency"
WO2-16-default,O2,default,0.6,5,1000000,100,none,0,4,48,1000,2,6,ok,49,57,0.000496996821847876,178154,"Zipf formula, not realized key frequency"
WO2-16-default,O2,default,0.6,5,1000000,100,none,0,4,48,1000,2,7,ok,38,57,0.00045873137350436533,178154,"Zipf formula, not realized key frequency"
WO2-17-best100,O2,best100,0.6,50,100000,1000,batchR,0,4,12,1000,1,0,ok,8268,2869,0.004031480402492182,18025,"Zipf formula, not realized key frequency"
WO2-17-best100,O2,best100,0.6,50,100000,1000,batchR,0,4,12,1000,1,1,ok,6743,2869,0.0026597851416071635,18025,"Zipf formula, not realized key frequency"
WO2-17-best100,O2,best100,0.6,50,100000,1000,batchR,0,4,12,1000,1,2,ok,4922,2869,0.0020854116729780024,18025,"Zipf formula, not realized key frequency"
WO2-17-best100,O2,best100,0.6,50,100000,1000,batchR,0,4,12,1000,1,3,ok,5019,2869,0.0017548037676534275,18025,"Zipf formula, not realized key frequency"
WO2-17-best100,O2,best100,0.6,50,100000,1000,batchR,0,4,12,1000,1,4,ok,4163,2869,0.001534908709412024,18025,"Zipf formula, not realized key frequency"
WO2-17-best100,O2,best100,0.6,50,100000,1000,batchR,0,4,12,1000,1,5,ok,4783,2869,0.001375858599856305,18025,"Zipf formula, not realized key frequency"
WO2-17-best100,O2,best100,0.6,50,100000,1000,batchR,0,4,12,1000,1,6,ok,4240,2869,0.0012543124383948784,18025,"Zipf formula, not realized key frequency"
WO2-17-best100,O2,best100,0.6,50,100000,1000,batchR,0,4,12,1000,1,7,ok,4434,2869,0.0011577387266363888,18025,"Zipf formula, not realized key frequency"
WO2-17-best100,O2,best100,0.6,50,100000,1000,batchR,0,4,12,1000,2,0,ok,7682,2835,0.004031480402492182,18025,"Zipf formula, not realized key frequency"
WO2-17-best100,O2,best100,0.6,50,100000,1000,batchR,0,4,12,1000,2,1,ok,7023,2835,0.0026597851416071635,18025,"Zipf formula, not realized key frequency"
WO2-17-best100,O2,best100,0.6,50,100000,1000,batchR,0,4,12,1000,2,2,ok,6681,2835,0.0020854116729780024,18025,"Zipf formula, not realized key frequency"
WO2-17-best100,O2,best100,0.6,50,100000,1000,batchR,0,4,12,1000,2,3,ok,4984,2835,0.0017548037676534275,18025,"Zipf formula, not realized key frequency"
WO2-17-best100,O2,best100,0.6,50,100000,1000,batchR,0,4,12,1000,2,4,ok,4082,2835,0.001534908709412024,18025,"Zipf formula, not realized key frequency"
WO2-17-best100,O2,best100,0.6,50,100000,1000,batchR,0,4,12,1000,2,5,ok,4844,2835,0.001375858599856305,18025,"Zipf formula, not realized key frequency"
WO2-17-best100,O2,best100,0.6,50,100000,1000,batchR,0,4,12,1000,2,6,ok,2494,2835,0.0012543124383948784,18025,"Zipf formula, not realized key frequency"
WO2-17-best100,O2,best100,0.6,50,100000,1000,batchR,0,4,12,1000,2,7,ok,3232,2835,0.0011577387266363888,18025,"Zipf formula, not realized key frequency"
WO2-17-default,O2,default,0.6,50,100000,1000,batchR,0,4,12,1000,1,0,ok,8145,3144,0.004031480402492182,18025,"Zipf formula, not realized key frequency"
WO2-17-default,O2,default,0.6,50,100000,1000,batchR,0,4,12,1000,1,1,ok,7233,3144,0.0026597851416071635,18025,"Zipf formula, not realized key frequency"
WO2-17-default,O2,default,0.6,50,100000,1000,batchR,0,4,12,1000,1,2,ok,6312,3144,0.0020854116729780024,18025,"Zipf formula, not realized key frequency"
WO2-17-default,O2,default,0.6,50,100000,1000,batchR,0,4,12,1000,1,3,ok,5788,3144,0.0017548037676534275,18025,"Zipf formula, not realized key frequency"
WO2-17-default,O2,default,0.6,50,100000,1000,batchR,0,4,12,1000,1,4,ok,5170,3144,0.001534908709412024,18025,"Zipf formula, not realized key frequency"
WO2-17-default,O2,default,0.6,50,100000,1000,batchR,0,4,12,1000,1,5,ok,4302,3144,0.001375858599856305,18025,"Zipf formula, not realized key frequency"
WO2-17-default,O2,default,0.6,50,100000,1000,batchR,0,4,12,1000,1,6,ok,5269,3144,0.0012543124383948784,18025,"Zipf formula, not realized key frequency"
WO2-17-default,O2,default,0.6,50,100000,1000,batchR,0,4,12,1000,1,7,ok,4047,3144,0.0011577387266363888,18025,"Zipf formula, not realized key frequency"
WO2-17-default,O2,default,0.6,50,100000,1000,batchR,0,4,12,1000,2,0,ok,8174,2981,0.004031480402492182,18025,"Zipf formula, not realized key frequency"
WO2-17-default,O2,default,0.6,50,100000,1000,batchR,0,4,12,1000,2,1,ok,6972,2981,0.0026597851416071635,18025,"Zipf formula, not realized key frequency"
WO2-17-default,O2,default,0.6,50,100000,1000,batchR,0,4,12,1000,2,2,ok,6465,2981,0.0020854116729780024,18025,"Zipf formula, not realized key frequency"
WO2-17-default,O2,default,0.6,50,100000,1000,batchR,0,4,12,1000,2,3,ok,4685,2981,0.0017548037676534275,18025,"Zipf formula, not realized key frequency"
WO2-17-default,O2,default,0.6,50,100000,1000,batchR,0,4,12,1000,2,4,ok,4932,2981,0.001534908709412024,18025,"Zipf formula, not realized key frequency"
WO2-17-default,O2,default,0.6,50,100000,1000,batchR,0,4,12,1000,2,5,ok,4104,2981,0.001375858599856305,18025,"Zipf formula, not realized key frequency"
WO2-17-default,O2,default,0.6,50,100000,1000,batchR,0,4,12,1000,2,6,ok,3997,2981,0.0012543124383948784,18025,"Zipf formula, not realized key frequency"
WO2-17-default,O2,default,0.6,50,100000,1000,batchR,0,4,12,1000,2,7,ok,3765,2981,0.0011577387266363888,18025,"Zipf formula, not realized key frequency"
WO2-18-default,O2,default,0.6,95,10000,10,batchU,0,4,24,1000,1,0,ok,83,28,0.010248408960258042,1856,"Zipf formula, not realized key frequency"
WO2-18-default,O2,default,0.6,95,10000,10,batchU,0,4,24,1000,1,1,ok,57,28,0.006761428347948149,1856,"Zipf formula, not realized key frequency"
WO2-18-default,O2,default,0.6,95,10000,10,batchU,0,4,24,1000,1,2,ok,51,28,0.0053013160282169855,1856,"Zipf formula, not realized key frequency"
WO2-18-default,O2,default,0.6,95,10000,10,batchU,0,4,24,1000,1,3,ok,38,28,0.0044608790966208425,1856,"Zipf formula, not realized key frequency"
WO2-18-default,O2,default,0.6,95,10000,10,batchU,0,4,24,1000,1,4,ok,27,28,0.0039018848165532647,1856,"Zipf formula, not realized key frequency"
WO2-18-default,O2,default,0.6,95,10000,10,batchU,0,4,24,1000,1,5,ok,36,28,0.0034975642183697263,1856,"Zipf formula, not realized key frequency"
WO2-18-default,O2,default,0.6,95,10000,10,batchU,0,4,24,1000,1,6,ok,17,28,0.0031885822450389823,1856,"Zipf formula, not realized key frequency"
WO2-18-default,O2,default,0.6,95,10000,10,batchU,0,4,24,1000,1,7,ok,33,28,0.002943082628496322,1856,"Zipf formula, not realized key frequency"
WO2-18-default,O2,default,0.6,95,10000,10,batchU,0,4,24,1000,2,0,ok,53,17,0.010248408960258042,1856,"Zipf formula, not realized key frequency"
WO2-18-default,O2,default,0.6,95,10000,10,batchU,0,4,24,1000,2,1,ok,41,17,0.006761428347948149,1856,"Zipf formula, not realized key frequency"
WO2-18-default,O2,default,0.6,95,10000,10,batchU,0,4,24,1000,2,2,ok,21,17,0.0053013160282169855,1856,"Zipf formula, not realized key frequency"
WO2-18-default,O2,default,0.6,95,10000,10,batchU,0,4,24,1000,2,3,ok,21,17,0.0044608790966208425,1856,"Zipf formula, not realized key frequency"
WO2-18-default,O2,default,0.6,95,10000,10,batchU,0,4,24,1000,2,4,ok,16,17,0.0039018848165532647,1856,"Zipf formula, not realized key frequency"
WO2-18-default,O2,default,0.6,95,10000,10,batchU,0,4,24,1000,2,5,ok,26,17,0.0034975642183697263,1856,"Zipf formula, not realized key frequency"
WO2-18-default,O2,default,0.6,95,10000,10,batchU,0,4,24,1000,2,6,ok,17,17,0.0031885822450389823,1856,"Zipf formula, not realized key frequency"
WO2-18-default,O2,default,0.6,95,10000,10,batchU,0,4,24,1000,2,7,ok,14,17,0.002943082628496322,1856,"Zipf formula, not realized key frequency"
WO2-18-tuned,O2,tuned,0.6,95,10000,10,batchU,0,4,24,1000,1,0,ok,164,40,0.010248408960258042,1856,"Zipf formula, not realized key frequency"
WO2-18-tuned,O2,tuned,0.6,95,10000,10,batchU,0,4,24,1000,1,1,ok,119,40,0.006761428347948149,1856,"Zipf formula, not realized key frequency"
WO2-18-tuned,O2,tuned,0.6,95,10000,10,batchU,0,4,24,1000,1,2,ok,96,40,0.0053013160282169855,1856,"Zipf formula, not realized key frequency"
WO2-18-tuned,O2,tuned,0.6,95,10000,10,batchU,0,4,24,1000,1,3,ok,74,40,0.0044608790966208425,1856,"Zipf formula, not realized key frequency"
WO2-18-tuned,O2,tuned,0.6,95,10000,10,batchU,0,4,24,1000,1,4,ok,70,40,0.0039018848165532647,1856,"Zipf formula, not realized key frequency"
WO2-18-tuned,O2,tuned,0.6,95,10000,10,batchU,0,4,24,1000,1,5,ok,54,40,0.0034975642183697263,1856,"Zipf formula, not realized key frequency"
WO2-18-tuned,O2,tuned,0.6,95,10000,10,batchU,0,4,24,1000,1,6,ok,63,40,0.0031885822450389823,1856,"Zipf formula, not realized key frequency"
WO2-18-tuned,O2,tuned,0.6,95,10000,10,batchU,0,4,24,1000,1,7,ok,38,40,0.002943082628496322,1856,"Zipf formula, not realized key frequency"
WO2-18-tuned,O2,tuned,0.6,95,10000,10,batchU,0,4,24,1000,2,0,ok,97,28,0.010248408960258042,1856,"Zipf formula, not realized key frequency"
WO2-18-tuned,O2,tuned,0.6,95,10000,10,batchU,0,4,24,1000,2,1,ok,84,28,0.006761428347948149,1856,"Zipf formula, not realized key frequency"
WO2-18-tuned,O2,tuned,0.6,95,10000,10,batchU,0,4,24,1000,2,2,ok,63,28,0.0053013160282169855,1856,"Zipf formula, not realized key frequency"
WO2-18-tuned,O2,tuned,0.6,95,10000,10,batchU,0,4,24,1000,2,3,ok,38,28,0.0044608790966208425,1856,"Zipf formula, not realized key frequency"
WO2-18-tuned,O2,tuned,0.6,95,10000,10,batchU,0,4,24,1000,2,4,ok,40,28,0.0039018848165532647,1856,"Zipf formula, not realized key frequency"
WO2-18-tuned,O2,tuned,0.6,95,10000,10,batchU,0,4,24,1000,2,5,ok,43,28,0.0034975642183697263,1856,"Zipf formula, not realized key frequency"
WO2-18-tuned,O2,tuned,0.6,95,10000,10,batchU,0,4,24,1000,2,6,ok,37,28,0.0031885822450389823,1856,"Zipf formula, not realized key frequency"
WO2-18-tuned,O2,tuned,0.6,95,10000,10,batchU,0,4,24,1000,2,7,ok,37,28,0.002943082628496322,1856,"Zipf formula, not realized key frequency"
WO2-19-best100,O2,best100,0.6,50,10000,1000,batchU,50,100,48,10,1,0,ok,203,150,0.010248408960258042,1856,"Zipf formula, not realized key frequency"
WO2-19-best100,O2,best100,0.6,50,10000,1000,batchU,50,100,48,10,1,1,ok,179,150,0.006761428347948149,1856,"Zipf formula, not realized key frequency"
WO2-19-best100,O2,best100,0.6,50,10000,1000,batchU,50,100,48,10,1,2,ok,166,150,0.0053013160282169855,1856,"Zipf formula, not realized key frequency"
WO2-19-best100,O2,best100,0.6,50,10000,1000,batchU,50,100,48,10,1,3,ok,156,150,0.0044608790966208425,1856,"Zipf formula, not realized key frequency"
WO2-19-best100,O2,best100,0.6,50,10000,1000,batchU,50,100,48,10,1,4,ok,160,150,0.0039018848165532647,1856,"Zipf formula, not realized key frequency"
WO2-19-best100,O2,best100,0.6,50,10000,1000,batchU,50,100,48,10,1,5,ok,146,150,0.0034975642183697263,1856,"Zipf formula, not realized key frequency"
WO2-19-best100,O2,best100,0.6,50,10000,1000,batchU,50,100,48,10,1,6,ok,140,150,0.0031885822450389823,1856,"Zipf formula, not realized key frequency"
WO2-19-best100,O2,best100,0.6,50,10000,1000,batchU,50,100,48,10,1,7,ok,120,150,0.002943082628496322,1856,"Zipf formula, not realized key frequency"
WO2-19-best100,O2,best100,0.6,50,10000,1000,batchU,50,100,48,10,2,0,ok,343,300,0.010248408960258042,1856,"Zipf formula, not realized key frequency"
WO2-19-best100,O2,best100,0.6,50,10000,1000,batchU,50,100,48,10,2,1,ok,303,300,0.006761428347948149,1856,"Zipf formula, not realized key frequency"
WO2-19-best100,O2,best100,0.6,50,10000,1000,batchU,50,100,48,10,2,2,ok,302,300,0.0053013160282169855,1856,"Zipf formula, not realized key frequency"
WO2-19-best100,O2,best100,0.6,50,10000,1000,batchU,50,100,48,10,2,3,ok,287,300,0.0044608790966208425,1856,"Zipf formula, not realized key frequency"
WO2-19-best100,O2,best100,0.6,50,10000,1000,batchU,50,100,48,10,2,4,ok,255,300,0.0039018848165532647,1856,"Zipf formula, not realized key frequency"
WO2-19-best100,O2,best100,0.6,50,10000,1000,batchU,50,100,48,10,2,5,ok,227,300,0.0034975642183697263,1856,"Zipf formula, not realized key frequency"
WO2-19-best100,O2,best100,0.6,50,10000,1000,batchU,50,100,48,10,2,6,ok,239,300,0.0031885822450389823,1856,"Zipf formula, not realized key frequency"
WO2-19-best100,O2,best100,0.6,50,10000,1000,batchU,50,100,48,10,2,7,ok,217,300,0.002943082628496322,1856,"Zipf formula, not realized key frequency"
WO2-19-default,O2,default,0.6,50,10000,1000,batchU,50,100,48,10,1,0,ok,114,60,0.010248408960258042,1856,"Zipf formula, not realized key frequency"
WO2-19-default,O2,default,0.6,50,10000,1000,batchU,50,100,48,10,1,1,ok,104,60,0.006761428347948149,1856,"Zipf formula, not realized key frequency"
WO2-19-default,O2,default,0.6,50,10000,1000,batchU,50,100,48,10,1,2,ok,99,60,0.0053013160282169855,1856,"Zipf formula, not realized key frequency"
WO2-19-default,O2,default,0.6,50,10000,1000,batchU,50,100,48,10,1,3,ok,104,60,0.0044608790966208425,1856,"Zipf formula, not realized key frequency"
WO2-19-default,O2,default,0.6,50,10000,1000,batchU,50,100,48,10,1,4,ok,89,60,0.0039018848165532647,1856,"Zipf formula, not realized key frequency"
WO2-19-default,O2,default,0.6,50,10000,1000,batchU,50,100,48,10,1,5,ok,81,60,0.0034975642183697263,1856,"Zipf formula, not realized key frequency"
WO2-19-default,O2,default,0.6,50,10000,1000,batchU,50,100,48,10,1,6,ok,96,60,0.0031885822450389823,1856,"Zipf formula, not realized key frequency"
WO2-19-default,O2,default,0.6,50,10000,1000,batchU,50,100,48,10,1,7,ok,89,60,0.002943082628496322,1856,"Zipf formula, not realized key frequency"
WO2-19-default,O2,default,0.6,50,10000,1000,batchU,50,100,48,10,2,0,ok,76,39,0.010248408960258042,1856,"Zipf formula, not realized key frequency"
WO2-19-default,O2,default,0.6,50,10000,1000,batchU,50,100,48,10,2,1,ok,79,39,0.006761428347948149,1856,"Zipf formula, not realized key frequency"
WO2-19-default,O2,default,0.6,50,10000,1000,batchU,50,100,48,10,2,2,ok,61,39,0.0053013160282169855,1856,"Zipf formula, not realized key frequency"
WO2-19-default,O2,default,0.6,50,10000,1000,batchU,50,100,48,10,2,3,ok,66,39,0.0044608790966208425,1856,"Zipf formula, not realized key frequency"
WO2-19-default,O2,default,0.6,50,10000,1000,batchU,50,100,48,10,2,4,ok,61,39,0.0039018848165532647,1856,"Zipf formula, not realized key frequency"
WO2-19-default,O2,default,0.6,50,10000,1000,batchU,50,100,48,10,2,5,ok,53,39,0.0034975642183697263,1856,"Zipf formula, not realized key frequency"
WO2-19-default,O2,default,0.6,50,10000,1000,batchU,50,100,48,10,2,6,ok,74,39,0.0031885822450389823,1856,"Zipf formula, not realized key frequency"
WO2-19-default,O2,default,0.6,50,10000,1000,batchU,50,100,48,10,2,7,ok,54,39,0.002943082628496322,1856,"Zipf formula, not realized key frequency"
WO2-20-default,O2,default,0.6,95,1000000,10,none,50,100,12,10,1,0,ok,1,1,0.0015973954224233198,178154,"Zipf formula, not realized key frequency"
WO2-20-default,O2,default,0.6,95,1000000,10,none,50,100,12,10,1,1,ok,1,1,0.0010538879482599897,178154,"Zipf formula, not realized key frequency"
WO2-20-default,O2,default,0.6,95,1000000,10,none,50,100,12,10,1,2,ok,1,1,0.0008263036720267617,178154,"Zipf formula, not realized key frequency"
WO2-20-default,O2,default,0.6,95,1000000,10,none,50,100,12,10,1,3,ok,1,1,0.0006953067423986355,178154,"Zipf formula, not realized key frequency"
WO2-20-default,O2,default,0.6,95,1000000,10,none,50,100,12,10,1,4,ok,1,1,0.0006081776175165734,178154,"Zipf formula, not realized key frequency"
WO2-20-default,O2,default,0.6,95,1000000,10,none,50,100,12,10,1,5,ok,1,1,0.0005451571159700015,178154,"Zipf formula, not realized key frequency"
WO2-20-default,O2,default,0.6,95,1000000,10,none,50,100,12,10,1,6,ok,1,1,0.000496996821847876,178154,"Zipf formula, not realized key frequency"
WO2-20-default,O2,default,0.6,95,1000000,10,none,50,100,12,10,1,7,ok,1,1,0.00045873137350436533,178154,"Zipf formula, not realized key frequency"
WO2-20-default,O2,default,0.6,95,1000000,10,none,50,100,12,10,2,0,ok,4,2,0.0015973954224233198,178154,"Zipf formula, not realized key frequency"
WO2-20-default,O2,default,0.6,95,1000000,10,none,50,100,12,10,2,1,ok,1,2,0.0010538879482599897,178154,"Zipf formula, not realized key frequency"
WO2-20-default,O2,default,0.6,95,1000000,10,none,50,100,12,10,2,2,ok,2,2,0.0008263036720267617,178154,"Zipf formula, not realized key frequency"
WO2-20-default,O2,default,0.6,95,1000000,10,none,50,100,12,10,2,3,ok,1,2,0.0006953067423986355,178154,"Zipf formula, not realized key frequency"
WO2-20-default,O2,default,0.6,95,1000000,10,none,50,100,12,10,2,4,ok,1,2,0.0006081776175165734,178154,"Zipf formula, not realized key frequency"
WO2-20-default,O2,default,0.6,95,1000000,10,none,50,100,12,10,2,5,ok,1,2,0.0005451571159700015,178154,"Zipf formula, not realized key frequency"
WO2-20-default,O2,default,0.6,95,1000000,10,none,50,100,12,10,2,6,ok,1,2,0.000496996821847876,178154,"Zipf formula, not realized key frequency"
WO2-20-default,O2,default,0.6,95,1000000,10,none,50,100,12,10,2,7,ok,1,2,0.00045873137350436533,178154,"Zipf formula, not realized key frequency"
WO2-20-tuned,O2,tuned,0.6,95,1000000,10,none,50,100,12,10,1,0,ok,1,0,0.0015973954224233198,178154,"Zipf formula, not realized key frequency"
WO2-20-tuned,O2,tuned,0.6,95,1000000,10,none,50,100,12,10,1,1,ok,1,0,0.0010538879482599897,178154,"Zipf formula, not realized key frequency"
WO2-20-tuned,O2,tuned,0.6,95,1000000,10,none,50,100,12,10,1,2,ok,1,0,0.0008263036720267617,178154,"Zipf formula, not realized key frequency"
WO2-20-tuned,O2,tuned,0.6,95,1000000,10,none,50,100,12,10,1,3,ok,1,0,0.0006953067423986355,178154,"Zipf formula, not realized key frequency"
WO2-20-tuned,O2,tuned,0.6,95,1000000,10,none,50,100,12,10,1,4,ok,1,0,0.0006081776175165734,178154,"Zipf formula, not realized key frequency"
WO2-20-tuned,O2,tuned,0.6,95,1000000,10,none,50,100,12,10,1,5,ok,1,0,0.0005451571159700015,178154,"Zipf formula, not realized key frequency"
WO2-20-tuned,O2,tuned,0.6,95,1000000,10,none,50,100,12,10,1,6,ok,1,0,0.000496996821847876,178154,"Zipf formula, not realized key frequency"
WO2-20-tuned,O2,tuned,0.6,95,1000000,10,none,50,100,12,10,1,7,ok,1,0,0.00045873137350436533,178154,"Zipf formula, not realized key frequency"
WO2-20-tuned,O2,tuned,0.6,95,1000000,10,none,50,100,12,10,2,0,ok,1,0,0.0015973954224233198,178154,"Zipf formula, not realized key frequency"
WO2-20-tuned,O2,tuned,0.6,95,1000000,10,none,50,100,12,10,2,1,ok,1,0,0.0010538879482599897,178154,"Zipf formula, not realized key frequency"
WO2-20-tuned,O2,tuned,0.6,95,1000000,10,none,50,100,12,10,2,2,ok,1,0,0.0008263036720267617,178154,"Zipf formula, not realized key frequency"
WO2-20-tuned,O2,tuned,0.6,95,1000000,10,none,50,100,12,10,2,3,ok,1,0,0.0006953067423986355,178154,"Zipf formula, not realized key frequency"
WO2-20-tuned,O2,tuned,0.6,95,1000000,10,none,50,100,12,10,2,4,ok,1,0,0.0006081776175165734,178154,"Zipf formula, not realized key frequency"
WO2-20-tuned,O2,tuned,0.6,95,1000000,10,none,50,100,12,10,2,5,ok,1,0,0.0005451571159700015,178154,"Zipf formula, not realized key frequency"
WO2-20-tuned,O2,tuned,0.6,95,1000000,10,none,50,100,12,10,2,6,ok,1,0,0.000496996821847876,178154,"Zipf formula, not realized key frequency"
WO2-20-tuned,O2,tuned,0.6,95,1000000,10,none,50,100,12,10,2,7,ok,1,0,0.00045873137350436533,178154,"Zipf formula, not realized key frequency"
WO2-21-best100,O2,best100,0.6,5,100000,100,batchR,50,100,24,10,1,0,ok,14753,4753,0.004031480402492182,18025,"Zipf formula, not realized key frequency"
WO2-21-best100,O2,best100,0.6,5,100000,100,batchR,50,100,24,10,1,1,ok,10032,4753,0.0026597851416071635,18025,"Zipf formula, not realized key frequency"
WO2-21-best100,O2,best100,0.6,5,100000,100,batchR,50,100,24,10,1,2,ok,9158,4753,0.0020854116729780024,18025,"Zipf formula, not realized key frequency"
WO2-21-best100,O2,best100,0.6,5,100000,100,batchR,50,100,24,10,1,3,ok,7600,4753,0.0017548037676534275,18025,"Zipf formula, not realized key frequency"
WO2-21-best100,O2,best100,0.6,5,100000,100,batchR,50,100,24,10,1,4,ok,6572,4753,0.001534908709412024,18025,"Zipf formula, not realized key frequency"
WO2-21-best100,O2,best100,0.6,5,100000,100,batchR,50,100,24,10,1,5,ok,5885,4753,0.001375858599856305,18025,"Zipf formula, not realized key frequency"
WO2-21-best100,O2,best100,0.6,5,100000,100,batchR,50,100,24,10,1,6,ok,5286,4753,0.0012543124383948784,18025,"Zipf formula, not realized key frequency"
WO2-21-best100,O2,best100,0.6,5,100000,100,batchR,50,100,24,10,1,7,ok,4970,4753,0.0011577387266363888,18025,"Zipf formula, not realized key frequency"
WO2-21-best100,O2,best100,0.6,5,100000,100,batchR,50,100,24,10,2,0,ok,14320,4844,0.004031480402492182,18025,"Zipf formula, not realized key frequency"
WO2-21-best100,O2,best100,0.6,5,100000,100,batchR,50,100,24,10,2,1,ok,9916,4844,0.0026597851416071635,18025,"Zipf formula, not realized key frequency"
WO2-21-best100,O2,best100,0.6,5,100000,100,batchR,50,100,24,10,2,2,ok,9114,4844,0.0020854116729780024,18025,"Zipf formula, not realized key frequency"
WO2-21-best100,O2,best100,0.6,5,100000,100,batchR,50,100,24,10,2,3,ok,7448,4844,0.0017548037676534275,18025,"Zipf formula, not realized key frequency"
WO2-21-best100,O2,best100,0.6,5,100000,100,batchR,50,100,24,10,2,4,ok,6566,4844,0.001534908709412024,18025,"Zipf formula, not realized key frequency"
WO2-21-best100,O2,best100,0.6,5,100000,100,batchR,50,100,24,10,2,5,ok,5649,4844,0.001375858599856305,18025,"Zipf formula, not realized key frequency"
WO2-21-best100,O2,best100,0.6,5,100000,100,batchR,50,100,24,10,2,6,ok,5281,4844,0.0012543124383948784,18025,"Zipf formula, not realized key frequency"
WO2-21-best100,O2,best100,0.6,5,100000,100,batchR,50,100,24,10,2,7,ok,4926,4844,0.0011577387266363888,18025,"Zipf formula, not realized key frequency"
WO2-21-default,O2,default,0.6,5,100000,100,batchR,50,100,24,10,1,0,ok,14230,4596,0.004031480402492182,18025,"Zipf formula, not realized key frequency"
WO2-21-default,O2,default,0.6,5,100000,100,batchR,50,100,24,10,1,1,ok,10057,4596,0.0026597851416071635,18025,"Zipf formula, not realized key frequency"
WO2-21-default,O2,default,0.6,5,100000,100,batchR,50,100,24,10,1,2,ok,8901,4596,0.0020854116729780024,18025,"Zipf formula, not realized key frequency"
WO2-21-default,O2,default,0.6,5,100000,100,batchR,50,100,24,10,1,3,ok,7381,4596,0.0017548037676534275,18025,"Zipf formula, not realized key frequency"
WO2-21-default,O2,default,0.6,5,100000,100,batchR,50,100,24,10,1,4,ok,6594,4596,0.001534908709412024,18025,"Zipf formula, not realized key frequency"
WO2-21-default,O2,default,0.6,5,100000,100,batchR,50,100,24,10,1,5,ok,5903,4596,0.001375858599856305,18025,"Zipf formula, not realized key frequency"
WO2-21-default,O2,default,0.6,5,100000,100,batchR,50,100,24,10,1,6,ok,5334,4596,0.0012543124383948784,18025,"Zipf formula, not realized key frequency"
WO2-21-default,O2,default,0.6,5,100000,100,batchR,50,100,24,10,1,7,ok,4833,4596,0.0011577387266363888,18025,"Zipf formula, not realized key frequency"
WO2-21-default,O2,default,0.6,5,100000,100,batchR,50,100,24,10,2,0,ok,14306,4862,0.004031480402492182,18025,"Zipf formula, not realized key frequency"
WO2-21-default,O2,default,0.6,5,100000,100,batchR,50,100,24,10,2,1,ok,9985,4862,0.0026597851416071635,18025,"Zipf formula, not realized key frequency"
WO2-21-default,O2,default,0.6,5,100000,100,batchR,50,100,24,10,2,2,ok,9026,4862,0.0020854116729780024,18025,"Zipf formula, not realized key frequency"
WO2-21-default,O2,default,0.6,5,100000,100,batchR,50,100,24,10,2,3,ok,7434,4862,0.0017548037676534275,18025,"Zipf formula, not realized key frequency"
WO2-21-default,O2,default,0.6,5,100000,100,batchR,50,100,24,10,2,4,ok,6487,4862,0.001534908709412024,18025,"Zipf formula, not realized key frequency"
WO2-21-default,O2,default,0.6,5,100000,100,batchR,50,100,24,10,2,5,ok,5857,4862,0.001375858599856305,18025,"Zipf formula, not realized key frequency"
WO2-21-default,O2,default,0.6,5,100000,100,batchR,50,100,24,10,2,6,ok,5307,4862,0.0012543124383948784,18025,"Zipf formula, not realized key frequency"
WO2-21-default,O2,default,0.6,5,100000,100,batchR,50,100,24,10,2,7,ok,4760,4862,0.0011577387266363888,18025,"Zipf formula, not realized key frequency"
WO2-22-default,O2,default,0.99,50,10000,10,batchR,50,1000,48,1000,1,0,ok,42665,6234,0.09780561885960111,84,"Zipf formula, not realized key frequency"
WO2-22-default,O2,default,0.99,50,10000,10,batchR,50,1000,48,1000,1,1,ok,23678,6234,0.04924295536870372,84,"Zipf formula, not realized key frequency"
WO2-22-default,O2,default,0.99,50,10000,10,batchR,50,1000,48,1000,1,2,ok,19330,6234,0.03296201580031142,84,"Zipf formula, not realized key frequency"
WO2-22-default,O2,default,0.99,50,10000,10,batchR,50,1000,48,1000,1,3,ok,14098,6234,0.02479273360485575,84,"Zipf formula, not realized key frequency"
WO2-22-default,O2,default,0.99,50,10000,10,batchR,50,1000,48,1000,1,4,ok,11173,6234,0.019878495009849197,84,"Zipf formula, not realized key frequency"
WO2-22-default,O2,default,0.99,50,10000,10,batchR,50,1000,48,1000,1,5,ok,9180,6234,0.01659564237559042,84,"Zipf formula, not realized key frequency"
WO2-22-default,O2,default,0.99,50,10000,10,batchR,50,1000,48,1000,1,6,ok,7773,6234,0.014246780913352176,84,"Zipf formula, not realized key frequency"
WO2-22-default,O2,default,0.99,50,10000,10,batchR,50,1000,48,1000,1,7,ok,6882,6234,0.012482590352243611,84,"Zipf formula, not realized key frequency"
WO2-22-default,O2,default,0.99,50,10000,10,batchR,50,1000,48,1000,2,0,ok,43759,6010,0.09780561885960111,84,"Zipf formula, not realized key frequency"
WO2-22-default,O2,default,0.99,50,10000,10,batchR,50,1000,48,1000,2,1,ok,24914,6010,0.04924295536870372,84,"Zipf formula, not realized key frequency"
WO2-22-default,O2,default,0.99,50,10000,10,batchR,50,1000,48,1000,2,2,ok,20024,6010,0.03296201580031142,84,"Zipf formula, not realized key frequency"
WO2-22-default,O2,default,0.99,50,10000,10,batchR,50,1000,48,1000,2,3,ok,14403,6010,0.02479273360485575,84,"Zipf formula, not realized key frequency"
WO2-22-default,O2,default,0.99,50,10000,10,batchR,50,1000,48,1000,2,4,ok,11298,6010,0.019878495009849197,84,"Zipf formula, not realized key frequency"
WO2-22-default,O2,default,0.99,50,10000,10,batchR,50,1000,48,1000,2,5,ok,9441,6010,0.01659564237559042,84,"Zipf formula, not realized key frequency"
WO2-22-default,O2,default,0.99,50,10000,10,batchR,50,1000,48,1000,2,6,ok,7916,6010,0.014246780913352176,84,"Zipf formula, not realized key frequency"
WO2-22-default,O2,default,0.99,50,10000,10,batchR,50,1000,48,1000,2,7,ok,7027,6010,0.012482590352243611,84,"Zipf formula, not realized key frequency"
WO2-22-tuned,O2,tuned,0.99,50,10000,10,batchR,50,1000,48,1000,1,0,ok,44045,6510,0.09780561885960111,84,"Zipf formula, not realized key frequency"
WO2-22-tuned,O2,tuned,0.99,50,10000,10,batchR,50,1000,48,1000,1,1,ok,24405,6510,0.04924295536870372,84,"Zipf formula, not realized key frequency"
WO2-22-tuned,O2,tuned,0.99,50,10000,10,batchR,50,1000,48,1000,1,2,ok,20220,6510,0.03296201580031142,84,"Zipf formula, not realized key frequency"
WO2-22-tuned,O2,tuned,0.99,50,10000,10,batchR,50,1000,48,1000,1,3,ok,14628,6510,0.02479273360485575,84,"Zipf formula, not realized key frequency"
WO2-22-tuned,O2,tuned,0.99,50,10000,10,batchR,50,1000,48,1000,1,4,ok,11630,6510,0.019878495009849197,84,"Zipf formula, not realized key frequency"
WO2-22-tuned,O2,tuned,0.99,50,10000,10,batchR,50,1000,48,1000,1,5,ok,9444,6510,0.01659564237559042,84,"Zipf formula, not realized key frequency"
WO2-22-tuned,O2,tuned,0.99,50,10000,10,batchR,50,1000,48,1000,1,6,ok,8081,6510,0.014246780913352176,84,"Zipf formula, not realized key frequency"
WO2-22-tuned,O2,tuned,0.99,50,10000,10,batchR,50,1000,48,1000,1,7,ok,7142,6510,0.012482590352243611,84,"Zipf formula, not realized key frequency"
WO2-22-tuned,O2,tuned,0.99,50,10000,10,batchR,50,1000,48,1000,2,0,ok,44360,6399,0.09780561885960111,84,"Zipf formula, not realized key frequency"
WO2-22-tuned,O2,tuned,0.99,50,10000,10,batchR,50,1000,48,1000,2,1,ok,24658,6399,0.04924295536870372,84,"Zipf formula, not realized key frequency"
WO2-22-tuned,O2,tuned,0.99,50,10000,10,batchR,50,1000,48,1000,2,2,ok,20011,6399,0.03296201580031142,84,"Zipf formula, not realized key frequency"
WO2-22-tuned,O2,tuned,0.99,50,10000,10,batchR,50,1000,48,1000,2,3,ok,14555,6399,0.02479273360485575,84,"Zipf formula, not realized key frequency"
WO2-22-tuned,O2,tuned,0.99,50,10000,10,batchR,50,1000,48,1000,2,4,ok,11603,6399,0.019878495009849197,84,"Zipf formula, not realized key frequency"
WO2-22-tuned,O2,tuned,0.99,50,10000,10,batchR,50,1000,48,1000,2,5,ok,9830,6399,0.01659564237559042,84,"Zipf formula, not realized key frequency"
WO2-22-tuned,O2,tuned,0.99,50,10000,10,batchR,50,1000,48,1000,2,6,ok,8195,6399,0.014246780913352176,84,"Zipf formula, not realized key frequency"
WO2-22-tuned,O2,tuned,0.99,50,10000,10,batchR,50,1000,48,1000,2,7,ok,6936,6399,0.012482590352243611,84,"Zipf formula, not realized key frequency"
WO2-23-best100,O2,best100,0.99,95,1000000,100,batchU,50,1000,12,1000,1,0,ok,93,21,0.06496944918900666,970,"Zipf formula, not realized key frequency"
WO2-23-best100,O2,best100,0.99,95,1000000,100,batchU,50,1000,12,1000,1,1,ok,53,21,0.032710673722499126,970,"Zipf formula, not realized key frequency"
WO2-23-best100,O2,best100,0.99,95,1000000,100,batchU,50,1000,12,1000,1,2,ok,55,21,0.02189571555985655,970,"Zipf formula, not realized key frequency"
WO2-23-best100,O2,best100,0.99,95,1000000,100,batchU,50,1000,12,1000,1,3,ok,33,21,0.01646909722548248,970,"Zipf formula, not realized key frequency"
WO2-23-best100,O2,best100,0.99,95,1000000,100,batchU,50,1000,12,1000,1,4,ok,51,21,0.013204710389392315,970,"Zipf formula, not realized key frequency"
WO2-23-best100,O2,best100,0.99,95,1000000,100,batchU,50,1000,12,1000,1,5,ok,18,21,0.011024006152730404,970,"Zipf formula, not realized key frequency"
WO2-23-best100,O2,best100,0.99,95,1000000,100,batchU,50,1000,12,1000,1,6,ok,14,21,0.009463725289501419,970,"Zipf formula, not realized key frequency"
WO2-23-best100,O2,best100,0.99,95,1000000,100,batchU,50,1000,12,1000,1,7,ok,41,21,0.008291824427811647,970,"Zipf formula, not realized key frequency"
WO2-23-best100,O2,best100,0.99,95,1000000,100,batchU,50,1000,12,1000,2,0,ok,104,22,0.06496944918900666,970,"Zipf formula, not realized key frequency"
WO2-23-best100,O2,best100,0.99,95,1000000,100,batchU,50,1000,12,1000,2,1,ok,62,22,0.032710673722499126,970,"Zipf formula, not realized key frequency"
WO2-23-best100,O2,best100,0.99,95,1000000,100,batchU,50,1000,12,1000,2,2,ok,36,22,0.02189571555985655,970,"Zipf formula, not realized key frequency"
WO2-23-best100,O2,best100,0.99,95,1000000,100,batchU,50,1000,12,1000,2,3,ok,21,22,0.01646909722548248,970,"Zipf formula, not realized key frequency"
WO2-23-best100,O2,best100,0.99,95,1000000,100,batchU,50,1000,12,1000,2,4,ok,40,22,0.013204710389392315,970,"Zipf formula, not realized key frequency"
WO2-23-best100,O2,best100,0.99,95,1000000,100,batchU,50,1000,12,1000,2,5,ok,20,22,0.011024006152730404,970,"Zipf formula, not realized key frequency"
WO2-23-best100,O2,best100,0.99,95,1000000,100,batchU,50,1000,12,1000,2,6,ok,11,22,0.009463725289501419,970,"Zipf formula, not realized key frequency"
WO2-23-best100,O2,best100,0.99,95,1000000,100,batchU,50,1000,12,1000,2,7,ok,8,22,0.008291824427811647,970,"Zipf formula, not realized key frequency"
WO2-23-default,O2,default,0.99,95,1000000,100,batchU,50,1000,12,1000,1,0,ok,36,10,0.06496944918900666,970,"Zipf formula, not realized key frequency"
WO2-23-default,O2,default,0.99,95,1000000,100,batchU,50,1000,12,1000,1,1,ok,19,10,0.032710673722499126,970,"Zipf formula, not realized key frequency"
WO2-23-default,O2,default,0.99,95,1000000,100,batchU,50,1000,12,1000,1,2,ok,15,10,0.02189571555985655,970,"Zipf formula, not realized key frequency"
WO2-23-default,O2,default,0.99,95,1000000,100,batchU,50,1000,12,1000,1,3,ok,15,10,0.01646909722548248,970,"Zipf formula, not realized key frequency"
WO2-23-default,O2,default,0.99,95,1000000,100,batchU,50,1000,12,1000,1,4,ok,8,10,0.013204710389392315,970,"Zipf formula, not realized key frequency"
WO2-23-default,O2,default,0.99,95,1000000,100,batchU,50,1000,12,1000,1,5,ok,2,10,0.011024006152730404,970,"Zipf formula, not realized key frequency"
WO2-23-default,O2,default,0.99,95,1000000,100,batchU,50,1000,12,1000,1,6,ok,8,10,0.009463725289501419,970,"Zipf formula, not realized key frequency"
WO2-23-default,O2,default,0.99,95,1000000,100,batchU,50,1000,12,1000,1,7,ok,7,10,0.008291824427811647,970,"Zipf formula, not realized key frequency"
WO2-23-default,O2,default,0.99,95,1000000,100,batchU,50,1000,12,1000,2,0,ok,29,8,0.06496944918900666,970,"Zipf formula, not realized key frequency"
WO2-23-default,O2,default,0.99,95,1000000,100,batchU,50,1000,12,1000,2,1,ok,27,8,0.032710673722499126,970,"Zipf formula, not realized key frequency"
WO2-23-default,O2,default,0.99,95,1000000,100,batchU,50,1000,12,1000,2,2,ok,22,8,0.02189571555985655,970,"Zipf formula, not realized key frequency"
WO2-23-default,O2,default,0.99,95,1000000,100,batchU,50,1000,12,1000,2,3,ok,10,8,0.01646909722548248,970,"Zipf formula, not realized key frequency"
WO2-23-default,O2,default,0.99,95,1000000,100,batchU,50,1000,12,1000,2,4,ok,5,8,0.013204710389392315,970,"Zipf formula, not realized key frequency"
WO2-23-default,O2,default,0.99,95,1000000,100,batchU,50,1000,12,1000,2,5,ok,8,8,0.011024006152730404,970,"Zipf formula, not realized key frequency"
WO2-23-default,O2,default,0.99,95,1000000,100,batchU,50,1000,12,1000,2,6,ok,5,8,0.009463725289501419,970,"Zipf formula, not realized key frequency"
WO2-23-default,O2,default,0.99,95,1000000,100,batchU,50,1000,12,1000,2,7,ok,10,8,0.008291824427811647,970,"Zipf formula, not realized key frequency"
WO2-24-best100,O2,best100,0.99,5,100000,1000,none,50,1000,24,1000,1,0,ok,215,129,0.07825743810383633,284,"Zipf formula, not realized key frequency"
WO2-24-best100,O2,best100,0.99,5,100000,1000,none,50,1000,24,1000,1,1,ok,215,129,0.03940088081593907,284,"Zipf formula, not realized key frequency"
WO2-24-best100,O2,best100,0.99,5,100000,1000,none,50,1000,24,1000,1,2,ok,215,129,0.026373974638138356,284,"Zipf formula, not realized key frequency"
WO2-24-best100,O2,best100,0.99,5,100000,1000,none,50,1000,24,1000,1,3,ok,198,129,0.019837467807366574,284,"Zipf formula, not realized key frequency"
WO2-24-best100,O2,best100,0.99,5,100000,1000,none,50,1000,24,1000,1,4,ok,198,129,0.015905426610139824,284,"Zipf formula, not realized key frequency"
WO2-24-best100,O2,best100,0.99,5,100000,1000,none,50,1000,24,1000,1,5,ok,194,129,0.013278710069464279,284,"Zipf formula, not realized key frequency"
WO2-24-best100,O2,best100,0.99,5,100000,1000,none,50,1000,24,1000,1,6,ok,193,129,0.011399310065263481,284,"Zipf formula, not realized key frequency"
WO2-24-best100,O2,best100,0.99,5,100000,1000,none,50,1000,24,1000,1,7,ok,187,129,0.00998772415384963,284,"Zipf formula, not realized key frequency"
WO2-24-best100,O2,best100,0.99,5,100000,1000,none,50,1000,24,1000,2,0,ok,294,184,0.07825743810383633,284,"Zipf formula, not realized key frequency"
WO2-24-best100,O2,best100,0.99,5,100000,1000,none,50,1000,24,1000,2,1,ok,274,184,0.03940088081593907,284,"Zipf formula, not realized key frequency"
WO2-24-best100,O2,best100,0.99,5,100000,1000,none,50,1000,24,1000,2,2,ok,269,184,0.026373974638138356,284,"Zipf formula, not realized key frequency"
WO2-24-best100,O2,best100,0.99,5,100000,1000,none,50,1000,24,1000,2,3,ok,260,184,0.019837467807366574,284,"Zipf formula, not realized key frequency"
WO2-24-best100,O2,best100,0.99,5,100000,1000,none,50,1000,24,1000,2,4,ok,259,184,0.015905426610139824,284,"Zipf formula, not realized key frequency"
WO2-24-best100,O2,best100,0.99,5,100000,1000,none,50,1000,24,1000,2,5,ok,259,184,0.013278710069464279,284,"Zipf formula, not realized key frequency"
WO2-24-best100,O2,best100,0.99,5,100000,1000,none,50,1000,24,1000,2,6,ok,259,184,0.011399310065263481,284,"Zipf formula, not realized key frequency"
WO2-24-best100,O2,best100,0.99,5,100000,1000,none,50,1000,24,1000,2,7,ok,256,184,0.00998772415384963,284,"Zipf formula, not realized key frequency"
WO2-24-default,O2,default,0.99,5,100000,1000,none,50,1000,24,1000,1,0,ok,48,25,0.07825743810383633,284,"Zipf formula, not realized key frequency"
WO2-24-default,O2,default,0.99,5,100000,1000,none,50,1000,24,1000,1,1,ok,48,25,0.03940088081593907,284,"Zipf formula, not realized key frequency"
WO2-24-default,O2,default,0.99,5,100000,1000,none,50,1000,24,1000,1,2,ok,48,25,0.026373974638138356,284,"Zipf formula, not realized key frequency"
WO2-24-default,O2,default,0.99,5,100000,1000,none,50,1000,24,1000,1,3,ok,48,25,0.019837467807366574,284,"Zipf formula, not realized key frequency"
WO2-24-default,O2,default,0.99,5,100000,1000,none,50,1000,24,1000,1,4,ok,46,25,0.015905426610139824,284,"Zipf formula, not realized key frequency"
WO2-24-default,O2,default,0.99,5,100000,1000,none,50,1000,24,1000,1,5,ok,45,25,0.013278710069464279,284,"Zipf formula, not realized key frequency"
WO2-24-default,O2,default,0.99,5,100000,1000,none,50,1000,24,1000,1,6,ok,45,25,0.011399310065263481,284,"Zipf formula, not realized key frequency"
WO2-24-default,O2,default,0.99,5,100000,1000,none,50,1000,24,1000,1,7,ok,42,25,0.00998772415384963,284,"Zipf formula, not realized key frequency"
WO2-24-default,O2,default,0.99,5,100000,1000,none,50,1000,24,1000,2,0,ok,69,37,0.07825743810383633,284,"Zipf formula, not realized key frequency"
WO2-24-default,O2,default,0.99,5,100000,1000,none,50,1000,24,1000,2,1,ok,68,37,0.03940088081593907,284,"Zipf formula, not realized key frequency"
WO2-24-default,O2,default,0.99,5,100000,1000,none,50,1000,24,1000,2,2,ok,68,37,0.026373974638138356,284,"Zipf formula, not realized key frequency"
WO2-24-default,O2,default,0.99,5,100000,1000,none,50,1000,24,1000,2,3,ok,67,37,0.019837467807366574,284,"Zipf formula, not realized key frequency"
WO2-24-default,O2,default,0.99,5,100000,1000,none,50,1000,24,1000,2,4,ok,67,37,0.015905426610139824,284,"Zipf formula, not realized key frequency"
WO2-24-default,O2,default,0.99,5,100000,1000,none,50,1000,24,1000,2,5,ok,66,37,0.013278710069464279,284,"Zipf formula, not realized key frequency"
WO2-24-default,O2,default,0.99,5,100000,1000,none,50,1000,24,1000,2,6,ok,66,37,0.011399310065263481,284,"Zipf formula, not realized key frequency"
WO2-24-default,O2,default,0.99,5,100000,1000,none,50,1000,24,1000,2,7,ok,66,37,0.00998772415384963,284,"Zipf formula, not realized key frequency"
WO2-25-best100,O2,best100,0.9,50,10000,100,none,50,4,48,100000,1,0,ok,13835,6369,0.06373942958886639,237,"Zipf formula, not realized key frequency"
WO2-25-best100,O2,best100,0.9,50,10000,100,none,50,4,48,100000,1,1,ok,11740,6369,0.03415711457527379,237,"Zipf formula, not realized key frequency"
WO2-25-best100,O2,best100,0.9,50,10000,100,none,50,4,48,100000,1,2,ok,10154,6369,0.023713684821278704,237,"Zipf formula, not realized key frequency"
WO2-25-best100,O2,best100,0.9,50,10000,100,none,50,4,48,100000,1,3,ok,8716,6369,0.018304344479295034,237,"Zipf formula, not realized key frequency"
WO2-25-best100,O2,best100,0.9,50,10000,100,none,50,4,48,100000,1,4,ok,7638,6369,0.014973908283341487,237,"Zipf formula, not realized key frequency"
WO2-25-best100,O2,best100,0.9,50,10000,100,none,50,4,48,100000,1,5,ok,6668,6369,0.012707849045198106,237,"Zipf formula, not realized key frequency"
WO2-25-best100,O2,best100,0.9,50,10000,100,none,50,4,48,100000,1,6,ok,6151,6369,0.011061650603370589,237,"Zipf formula, not realized key frequency"
WO2-25-best100,O2,best100,0.9,50,10000,100,none,50,4,48,100000,1,7,ok,5455,6369,0.009809055331015563,237,"Zipf formula, not realized key frequency"
WO2-25-best100,O2,best100,0.9,50,10000,100,none,50,4,48,100000,2,0,ok,12458,5749,0.06373942958886639,237,"Zipf formula, not realized key frequency"
WO2-25-best100,O2,best100,0.9,50,10000,100,none,50,4,48,100000,2,1,ok,10265,5749,0.03415711457527379,237,"Zipf formula, not realized key frequency"
WO2-25-best100,O2,best100,0.9,50,10000,100,none,50,4,48,100000,2,2,ok,9008,5749,0.023713684821278704,237,"Zipf formula, not realized key frequency"
WO2-25-best100,O2,best100,0.9,50,10000,100,none,50,4,48,100000,2,3,ok,7659,5749,0.018304344479295034,237,"Zipf formula, not realized key frequency"
WO2-25-best100,O2,best100,0.9,50,10000,100,none,50,4,48,100000,2,4,ok,6649,5749,0.014973908283341487,237,"Zipf formula, not realized key frequency"
WO2-25-best100,O2,best100,0.9,50,10000,100,none,50,4,48,100000,2,5,ok,5875,5749,0.012707849045198106,237,"Zipf formula, not realized key frequency"
WO2-25-best100,O2,best100,0.9,50,10000,100,none,50,4,48,100000,2,6,ok,5125,5749,0.011061650603370589,237,"Zipf formula, not realized key frequency"
WO2-25-best100,O2,best100,0.9,50,10000,100,none,50,4,48,100000,2,7,ok,4680,5749,0.009809055331015563,237,"Zipf formula, not realized key frequency"
WO2-25-default,O2,default,0.9,50,10000,100,none,50,4,48,100000,1,0,ok,4648,1445,0.06373942958886639,237,"Zipf formula, not realized key frequency"
WO2-25-default,O2,default,0.9,50,10000,100,none,50,4,48,100000,1,1,ok,4008,1445,0.03415711457527379,237,"Zipf formula, not realized key frequency"
WO2-25-default,O2,default,0.9,50,10000,100,none,50,4,48,100000,1,2,ok,3573,1445,0.023713684821278704,237,"Zipf formula, not realized key frequency"
WO2-25-default,O2,default,0.9,50,10000,100,none,50,4,48,100000,1,3,ok,3102,1445,0.018304344479295034,237,"Zipf formula, not realized key frequency"
WO2-25-default,O2,default,0.9,50,10000,100,none,50,4,48,100000,1,4,ok,2690,1445,0.014973908283341487,237,"Zipf formula, not realized key frequency"
WO2-25-default,O2,default,0.9,50,10000,100,none,50,4,48,100000,1,5,ok,2401,1445,0.012707849045198106,237,"Zipf formula, not realized key frequency"
WO2-25-default,O2,default,0.9,50,10000,100,none,50,4,48,100000,1,6,ok,2196,1445,0.011061650603370589,237,"Zipf formula, not realized key frequency"
WO2-25-default,O2,default,0.9,50,10000,100,none,50,4,48,100000,1,7,ok,1922,1445,0.009809055331015563,237,"Zipf formula, not realized key frequency"
WO2-25-default,O2,default,0.9,50,10000,100,none,50,4,48,100000,2,0,ok,9906,3686,0.06373942958886639,237,"Zipf formula, not realized key frequency"
WO2-25-default,O2,default,0.9,50,10000,100,none,50,4,48,100000,2,1,ok,8374,3686,0.03415711457527379,237,"Zipf formula, not realized key frequency"
WO2-25-default,O2,default,0.9,50,10000,100,none,50,4,48,100000,2,2,ok,7315,3686,0.023713684821278704,237,"Zipf formula, not realized key frequency"
WO2-25-default,O2,default,0.9,50,10000,100,none,50,4,48,100000,2,3,ok,6482,3686,0.018304344479295034,237,"Zipf formula, not realized key frequency"
WO2-25-default,O2,default,0.9,50,10000,100,none,50,4,48,100000,2,4,ok,5530,3686,0.014973908283341487,237,"Zipf formula, not realized key frequency"
WO2-25-default,O2,default,0.9,50,10000,100,none,50,4,48,100000,2,5,ok,4832,3686,0.012707849045198106,237,"Zipf formula, not realized key frequency"
WO2-25-default,O2,default,0.9,50,10000,100,none,50,4,48,100000,2,6,ok,4349,3686,0.011061650603370589,237,"Zipf formula, not realized key frequency"
WO2-25-default,O2,default,0.9,50,10000,100,none,50,4,48,100000,2,7,ok,4036,3686,0.009809055331015563,237,"Zipf formula, not realized key frequency"
WO2-26-best100,O2,best100,0.9,95,1000000,1000,batchR,50,4,12,100000,1,0,ok,10770,2316,0.03291573683698117,8184,"Zipf formula, not realized key frequency"
WO2-26-best100,O2,best100,0.9,95,1000000,1000,batchR,50,4,12,100000,1,1,ok,8242,2316,0.017639106620852364,8184,"Zipf formula, not realized key frequency"
WO2-26-best100,O2,best100,0.9,95,1000000,1000,batchR,50,4,12,100000,1,2,ok,6721,2316,0.012246005558052046,8184,"Zipf formula, not realized key frequency"
WO2-26-best100,O2,best100,0.9,95,1000000,1000,batchR,50,4,12,100000,1,3,ok,5626,2316,0.009452563189538894,8184,"Zipf formula, not realized key frequency"
WO2-26-best100,O2,best100,0.9,95,1000000,1000,batchR,50,4,12,100000,1,4,ok,4480,2316,0.00773268960288364,8184,"Zipf formula, not realized key frequency"
WO2-26-best100,O2,best100,0.9,95,1000000,1000,batchR,50,4,12,100000,1,5,ok,4247,2316,0.0065624718895960655,8184,"Zipf formula, not realized key frequency"
WO2-26-best100,O2,best100,0.9,95,1000000,1000,batchR,50,4,12,100000,1,6,ok,3455,2316,0.005712357054208398,8184,"Zipf formula, not realized key frequency"
WO2-26-best100,O2,best100,0.9,95,1000000,1000,batchR,50,4,12,100000,1,7,ok,3212,2316,0.005065503189747605,8184,"Zipf formula, not realized key frequency"
WO2-26-best100,O2,best100,0.9,95,1000000,1000,batchR,50,4,12,100000,2,0,ok,10606,2287,0.03291573683698117,8184,"Zipf formula, not realized key frequency"
WO2-26-best100,O2,best100,0.9,95,1000000,1000,batchR,50,4,12,100000,2,1,ok,7658,2287,0.017639106620852364,8184,"Zipf formula, not realized key frequency"
WO2-26-best100,O2,best100,0.9,95,1000000,1000,batchR,50,4,12,100000,2,2,ok,6602,2287,0.012246005558052046,8184,"Zipf formula, not realized key frequency"
WO2-26-best100,O2,best100,0.9,95,1000000,1000,batchR,50,4,12,100000,2,3,ok,5670,2287,0.009452563189538894,8184,"Zipf formula, not realized key frequency"
WO2-26-best100,O2,best100,0.9,95,1000000,1000,batchR,50,4,12,100000,2,4,ok,4635,2287,0.00773268960288364,8184,"Zipf formula, not realized key frequency"
WO2-26-best100,O2,best100,0.9,95,1000000,1000,batchR,50,4,12,100000,2,5,ok,4093,2287,0.0065624718895960655,8184,"Zipf formula, not realized key frequency"
WO2-26-best100,O2,best100,0.9,95,1000000,1000,batchR,50,4,12,100000,2,6,ok,3446,2287,0.005712357054208398,8184,"Zipf formula, not realized key frequency"
WO2-26-best100,O2,best100,0.9,95,1000000,1000,batchR,50,4,12,100000,2,7,ok,3056,2287,0.005065503189747605,8184,"Zipf formula, not realized key frequency"
WO2-26-default,O2,default,0.9,95,1000000,1000,batchR,50,4,12,100000,1,0,ok,10729,2154,0.03291573683698117,8184,"Zipf formula, not realized key frequency"
WO2-26-default,O2,default,0.9,95,1000000,1000,batchR,50,4,12,100000,1,1,ok,7686,2154,0.017639106620852364,8184,"Zipf formula, not realized key frequency"
WO2-26-default,O2,default,0.9,95,1000000,1000,batchR,50,4,12,100000,1,2,ok,6722,2154,0.012246005558052046,8184,"Zipf formula, not realized key frequency"
WO2-26-default,O2,default,0.9,95,1000000,1000,batchR,50,4,12,100000,1,3,ok,5490,2154,0.009452563189538894,8184,"Zipf formula, not realized key frequency"
WO2-26-default,O2,default,0.9,95,1000000,1000,batchR,50,4,12,100000,1,4,ok,4399,2154,0.00773268960288364,8184,"Zipf formula, not realized key frequency"
WO2-26-default,O2,default,0.9,95,1000000,1000,batchR,50,4,12,100000,1,5,ok,3622,2154,0.0065624718895960655,8184,"Zipf formula, not realized key frequency"
WO2-26-default,O2,default,0.9,95,1000000,1000,batchR,50,4,12,100000,1,6,ok,3693,2154,0.005712357054208398,8184,"Zipf formula, not realized key frequency"
WO2-26-default,O2,default,0.9,95,1000000,1000,batchR,50,4,12,100000,1,7,ok,3090,2154,0.005065503189747605,8184,"Zipf formula, not realized key frequency"
WO2-26-default,O2,default,0.9,95,1000000,1000,batchR,50,4,12,100000,2,0,ok,10677,2193,0.03291573683698117,8184,"Zipf formula, not realized key frequency"
WO2-26-default,O2,default,0.9,95,1000000,1000,batchR,50,4,12,100000,2,1,ok,7331,2193,0.017639106620852364,8184,"Zipf formula, not realized key frequency"
WO2-26-default,O2,default,0.9,95,1000000,1000,batchR,50,4,12,100000,2,2,ok,6659,2193,0.012246005558052046,8184,"Zipf formula, not realized key frequency"
WO2-26-default,O2,default,0.9,95,1000000,1000,batchR,50,4,12,100000,2,3,ok,5529,2193,0.009452563189538894,8184,"Zipf formula, not realized key frequency"
WO2-26-default,O2,default,0.9,95,1000000,1000,batchR,50,4,12,100000,2,4,ok,4598,2193,0.00773268960288364,8184,"Zipf formula, not realized key frequency"
WO2-26-default,O2,default,0.9,95,1000000,1000,batchR,50,4,12,100000,2,5,ok,3739,2193,0.0065624718895960655,8184,"Zipf formula, not realized key frequency"
WO2-26-default,O2,default,0.9,95,1000000,1000,batchR,50,4,12,100000,2,6,ok,3001,2193,0.005712357054208398,8184,"Zipf formula, not realized key frequency"
WO2-26-default,O2,default,0.9,95,1000000,1000,batchR,50,4,12,100000,2,7,ok,2721,2193,0.005065503189747605,8184,"Zipf formula, not realized key frequency"
WO2-27-default,O2,default,0.9,5,100000,10,batchU,50,4,24,100000,1,0,ok,13931,3617,0.04505990589609496,1328,"Zipf formula, not realized key frequency"
WO2-27-default,O2,default,0.9,5,100000,10,batchU,50,4,24,100000,1,1,ok,8079,3617,0.024147005681908612,1328,"Zipf formula, not realized key frequency"
WO2-27-default,O2,default,0.9,5,100000,10,batchU,50,4,24,100000,1,2,ok,6699,3617,0.01676413506347285,1328,"Zipf formula, not realized key frequency"
WO2-27-default,O2,default,0.9,5,100000,10,batchU,50,4,24,100000,1,3,ok,5029,3617,0.012940059944791367,1328,"Zipf formula, not realized key frequency"
WO2-27-default,O2,default,0.9,5,100000,10,batchU,50,4,24,100000,1,4,ok,4057,3617,0.01058564380786333,1328,"Zipf formula, not realized key frequency"
WO2-27-default,O2,default,0.9,5,100000,10,batchU,50,4,24,100000,1,5,ok,3345,3617,0.008983677541702187,1328,"Zipf formula, not realized key frequency"
WO2-27-default,O2,default,0.9,5,100000,10,batchU,50,4,24,100000,1,6,ok,2973,3617,0.007819915215093558,1328,"Zipf formula, not realized key frequency"
WO2-27-default,O2,default,0.9,5,100000,10,batchU,50,4,24,100000,1,7,ok,2639,3617,0.00693440642622812,1328,"Zipf formula, not realized key frequency"
WO2-27-default,O2,default,0.9,5,100000,10,batchU,50,4,24,100000,2,0,ok,13705,3587,0.04505990589609496,1328,"Zipf formula, not realized key frequency"
WO2-27-default,O2,default,0.9,5,100000,10,batchU,50,4,24,100000,2,1,ok,8122,3587,0.024147005681908612,1328,"Zipf formula, not realized key frequency"
WO2-27-default,O2,default,0.9,5,100000,10,batchU,50,4,24,100000,2,2,ok,6794,3587,0.01676413506347285,1328,"Zipf formula, not realized key frequency"
WO2-27-default,O2,default,0.9,5,100000,10,batchU,50,4,24,100000,2,3,ok,5054,3587,0.012940059944791367,1328,"Zipf formula, not realized key frequency"
WO2-27-default,O2,default,0.9,5,100000,10,batchU,50,4,24,100000,2,4,ok,4055,3587,0.01058564380786333,1328,"Zipf formula, not realized key frequency"
WO2-27-default,O2,default,0.9,5,100000,10,batchU,50,4,24,100000,2,5,ok,3309,3587,0.008983677541702187,1328,"Zipf formula, not realized key frequency"
WO2-27-default,O2,default,0.9,5,100000,10,batchU,50,4,24,100000,2,6,ok,2881,3587,0.007819915215093558,1328,"Zipf formula, not realized key frequency"
WO2-27-default,O2,default,0.9,5,100000,10,batchU,50,4,24,100000,2,7,ok,2600,3587,0.00693440642622812,1328,"Zipf formula, not realized key frequency"
WO2-27-tuned,O2,tuned,0.9,5,100000,10,batchU,50,4,24,100000,1,0,ok,14407,3759,0.04505990589609496,1328,"Zipf formula, not realized key frequency"
WO2-27-tuned,O2,tuned,0.9,5,100000,10,batchU,50,4,24,100000,1,1,ok,8367,3759,0.024147005681908612,1328,"Zipf formula, not realized key frequency"
WO2-27-tuned,O2,tuned,0.9,5,100000,10,batchU,50,4,24,100000,1,2,ok,7023,3759,0.01676413506347285,1328,"Zipf formula, not realized key frequency"
WO2-27-tuned,O2,tuned,0.9,5,100000,10,batchU,50,4,24,100000,1,3,ok,5162,3759,0.012940059944791367,1328,"Zipf formula, not realized key frequency"
WO2-27-tuned,O2,tuned,0.9,5,100000,10,batchU,50,4,24,100000,1,4,ok,4402,3759,0.01058564380786333,1328,"Zipf formula, not realized key frequency"
WO2-27-tuned,O2,tuned,0.9,5,100000,10,batchU,50,4,24,100000,1,5,ok,3639,3759,0.008983677541702187,1328,"Zipf formula, not realized key frequency"
WO2-27-tuned,O2,tuned,0.9,5,100000,10,batchU,50,4,24,100000,1,6,ok,3163,3759,0.007819915215093558,1328,"Zipf formula, not realized key frequency"
WO2-27-tuned,O2,tuned,0.9,5,100000,10,batchU,50,4,24,100000,1,7,ok,2838,3759,0.00693440642622812,1328,"Zipf formula, not realized key frequency"
WO2-27-tuned,O2,tuned,0.9,5,100000,10,batchU,50,4,24,100000,2,0,ok,14498,3669,0.04505990589609496,1328,"Zipf formula, not realized key frequency"
WO2-27-tuned,O2,tuned,0.9,5,100000,10,batchU,50,4,24,100000,2,1,ok,8388,3669,0.024147005681908612,1328,"Zipf formula, not realized key frequency"
WO2-27-tuned,O2,tuned,0.9,5,100000,10,batchU,50,4,24,100000,2,2,ok,6956,3669,0.01676413506347285,1328,"Zipf formula, not realized key frequency"
WO2-27-tuned,O2,tuned,0.9,5,100000,10,batchU,50,4,24,100000,2,3,ok,5156,3669,0.012940059944791367,1328,"Zipf formula, not realized key frequency"
WO2-27-tuned,O2,tuned,0.9,5,100000,10,batchU,50,4,24,100000,2,4,ok,4131,3669,0.01058564380786333,1328,"Zipf formula, not realized key frequency"
WO2-27-tuned,O2,tuned,0.9,5,100000,10,batchU,50,4,24,100000,2,5,ok,3607,3669,0.008983677541702187,1328,"Zipf formula, not realized key frequency"
WO2-27-tuned,O2,tuned,0.9,5,100000,10,batchU,50,4,24,100000,2,6,ok,3046,3669,0.007819915215093558,1328,"Zipf formula, not realized key frequency"
WO2-27-tuned,O2,tuned,0.9,5,100000,10,batchU,50,4,24,100000,2,7,ok,2664,3669,0.00693440642622812,1328,"Zipf formula, not realized key frequency"
WS-01-default,S,default,0.5,5,1000000,10,none,0,4,48,100,1,0,ok,47,33,0.0005003652302186911,250365,"Zipf formula, not realized key frequency"
WS-01-default,S,default,0.5,5,1000000,10,none,0,4,48,100,1,1,ok,53,33,0.00035381164735760447,250365,"Zipf formula, not realized key frequency"
WS-01-default,S,default,0.5,5,1000000,10,none,0,4,48,100,1,2,ok,40,33,0.00028888600035989037,250365,"Zipf formula, not realized key frequency"
WS-01-default,S,default,0.5,5,1000000,10,none,0,4,48,100,1,3,ok,29,33,0.00025018261510934556,250365,"Zipf formula, not realized key frequency"
WS-01-default,S,default,0.5,5,1000000,10,none,0,4,48,100,1,4,ok,25,33,0.00022377013366926504,250365,"Zipf formula, not realized key frequency"
WS-01-default,S,default,0.5,5,1000000,10,none,0,4,48,100,1,5,ok,25,33,0.0002042732498443379,250365,"Zipf formula, not realized key frequency"
WS-01-default,S,default,0.5,5,1000000,10,none,0,4,48,100,1,6,ok,22,33,0.00018912028055174823,250365,"Zipf formula, not realized key frequency"
WS-01-default,S,default,0.5,5,1000000,10,none,0,4,48,100,1,7,ok,22,33,0.00017690582367880224,250365,"Zipf formula, not realized key frequency"
WS-01-default,S,default,0.5,5,1000000,10,none,0,4,48,100,2,0,ok,57,46,0.0005003652302186911,250365,"Zipf formula, not realized key frequency"
WS-01-default,S,default,0.5,5,1000000,10,none,0,4,48,100,2,1,ok,48,46,0.00035381164735760447,250365,"Zipf formula, not realized key frequency"
WS-01-default,S,default,0.5,5,1000000,10,none,0,4,48,100,2,2,ok,55,46,0.00028888600035989037,250365,"Zipf formula, not realized key frequency"
WS-01-default,S,default,0.5,5,1000000,10,none,0,4,48,100,2,3,ok,30,46,0.00025018261510934556,250365,"Zipf formula, not realized key frequency"
WS-01-default,S,default,0.5,5,1000000,10,none,0,4,48,100,2,4,ok,39,46,0.00022377013366926504,250365,"Zipf formula, not realized key frequency"
WS-01-default,S,default,0.5,5,1000000,10,none,0,4,48,100,2,5,ok,49,46,0.0002042732498443379,250365,"Zipf formula, not realized key frequency"
WS-01-default,S,default,0.5,5,1000000,10,none,0,4,48,100,2,6,ok,35,46,0.00018912028055174823,250365,"Zipf formula, not realized key frequency"
WS-01-default,S,default,0.5,5,1000000,10,none,0,4,48,100,2,7,ok,29,46,0.00017690582367880224,250365,"Zipf formula, not realized key frequency"
WS-01-tuned,S,tuned,0.5,5,1000000,10,none,0,4,48,100,1,0,ok,3,4,0.0005003652302186911,250365,"Zipf formula, not realized key frequency"
WS-01-tuned,S,tuned,0.5,5,1000000,10,none,0,4,48,100,1,1,ok,3,4,0.00035381164735760447,250365,"Zipf formula, not realized key frequency"
WS-01-tuned,S,tuned,0.5,5,1000000,10,none,0,4,48,100,1,2,ok,2,4,0.00028888600035989037,250365,"Zipf formula, not realized key frequency"
WS-01-tuned,S,tuned,0.5,5,1000000,10,none,0,4,48,100,1,3,ok,1,4,0.00025018261510934556,250365,"Zipf formula, not realized key frequency"
WS-01-tuned,S,tuned,0.5,5,1000000,10,none,0,4,48,100,1,4,ok,1,4,0.00022377013366926504,250365,"Zipf formula, not realized key frequency"
WS-01-tuned,S,tuned,0.5,5,1000000,10,none,0,4,48,100,1,5,ok,4,4,0.0002042732498443379,250365,"Zipf formula, not realized key frequency"
WS-01-tuned,S,tuned,0.5,5,1000000,10,none,0,4,48,100,1,6,ok,3,4,0.00018912028055174823,250365,"Zipf formula, not realized key frequency"
WS-01-tuned,S,tuned,0.5,5,1000000,10,none,0,4,48,100,1,7,ok,4,4,0.00017690582367880224,250365,"Zipf formula, not realized key frequency"
WS-01-tuned,S,tuned,0.5,5,1000000,10,none,0,4,48,100,2,0,ok,4,3,0.0005003652302186911,250365,"Zipf formula, not realized key frequency"
WS-01-tuned,S,tuned,0.5,5,1000000,10,none,0,4,48,100,2,1,ok,2,3,0.00035381164735760447,250365,"Zipf formula, not realized key frequency"
WS-01-tuned,S,tuned,0.5,5,1000000,10,none,0,4,48,100,2,2,ok,4,3,0.00028888600035989037,250365,"Zipf formula, not realized key frequency"
WS-01-tuned,S,tuned,0.5,5,1000000,10,none,0,4,48,100,2,3,ok,2,3,0.00025018261510934556,250365,"Zipf formula, not realized key frequency"
WS-01-tuned,S,tuned,0.5,5,1000000,10,none,0,4,48,100,2,4,ok,1,3,0.00022377013366926504,250365,"Zipf formula, not realized key frequency"
WS-01-tuned,S,tuned,0.5,5,1000000,10,none,0,4,48,100,2,5,ok,1,3,0.0002042732498443379,250365,"Zipf formula, not realized key frequency"
WS-01-tuned,S,tuned,0.5,5,1000000,10,none,0,4,48,100,2,6,ok,1,3,0.00018912028055174823,250365,"Zipf formula, not realized key frequency"
WS-01-tuned,S,tuned,0.5,5,1000000,10,none,0,4,48,100,2,7,ok,1,3,0.00017690582367880224,250365,"Zipf formula, not realized key frequency"
WS-02-default,S,default,0.5,5,1000000,10,batchU,0,4,48,100,1,0,ok,70,41,0.0005003652302186911,250365,"Zipf formula, not realized key frequency"
WS-02-default,S,default,0.5,5,1000000,10,batchU,0,4,48,100,1,1,ok,55,41,0.00035381164735760447,250365,"Zipf formula, not realized key frequency"
WS-02-default,S,default,0.5,5,1000000,10,batchU,0,4,48,100,1,2,ok,39,41,0.00028888600035989037,250365,"Zipf formula, not realized key frequency"
WS-02-default,S,default,0.5,5,1000000,10,batchU,0,4,48,100,1,3,ok,31,41,0.00025018261510934556,250365,"Zipf formula, not realized key frequency"
WS-02-default,S,default,0.5,5,1000000,10,batchU,0,4,48,100,1,4,ok,38,41,0.00022377013366926504,250365,"Zipf formula, not realized key frequency"
WS-02-default,S,default,0.5,5,1000000,10,batchU,0,4,48,100,1,5,ok,34,41,0.0002042732498443379,250365,"Zipf formula, not realized key frequency"
WS-02-default,S,default,0.5,5,1000000,10,batchU,0,4,48,100,1,6,ok,38,41,0.00018912028055174823,250365,"Zipf formula, not realized key frequency"
WS-02-default,S,default,0.5,5,1000000,10,batchU,0,4,48,100,1,7,ok,26,41,0.00017690582367880224,250365,"Zipf formula, not realized key frequency"
WS-02-default,S,default,0.5,5,1000000,10,batchU,0,4,48,100,2,0,ok,103,58,0.0005003652302186911,250365,"Zipf formula, not realized key frequency"
WS-02-default,S,default,0.5,5,1000000,10,batchU,0,4,48,100,2,1,ok,79,58,0.00035381164735760447,250365,"Zipf formula, not realized key frequency"
WS-02-default,S,default,0.5,5,1000000,10,batchU,0,4,48,100,2,2,ok,75,58,0.00028888600035989037,250365,"Zipf formula, not realized key frequency"
WS-02-default,S,default,0.5,5,1000000,10,batchU,0,4,48,100,2,3,ok,45,58,0.00025018261510934556,250365,"Zipf formula, not realized key frequency"
WS-02-default,S,default,0.5,5,1000000,10,batchU,0,4,48,100,2,4,ok,56,58,0.00022377013366926504,250365,"Zipf formula, not realized key frequency"
WS-02-default,S,default,0.5,5,1000000,10,batchU,0,4,48,100,2,5,ok,49,58,0.0002042732498443379,250365,"Zipf formula, not realized key frequency"
WS-02-default,S,default,0.5,5,1000000,10,batchU,0,4,48,100,2,6,ok,29,58,0.00018912028055174823,250365,"Zipf formula, not realized key frequency"
WS-02-default,S,default,0.5,5,1000000,10,batchU,0,4,48,100,2,7,ok,26,58,0.00017690582367880224,250365,"Zipf formula, not realized key frequency"
WS-02-tuned,S,tuned,0.5,5,1000000,10,batchU,0,4,48,100,1,0,ok,44,21,0.0005003652302186911,250365,"Zipf formula, not realized key frequency"
WS-02-tuned,S,tuned,0.5,5,1000000,10,batchU,0,4,48,100,1,1,ok,34,21,0.00035381164735760447,250365,"Zipf formula, not realized key frequency"
WS-02-tuned,S,tuned,0.5,5,1000000,10,batchU,0,4,48,100,1,2,ok,19,21,0.00028888600035989037,250365,"Zipf formula, not realized key frequency"
WS-02-tuned,S,tuned,0.5,5,1000000,10,batchU,0,4,48,100,1,3,ok,19,21,0.00025018261510934556,250365,"Zipf formula, not realized key frequency"
WS-02-tuned,S,tuned,0.5,5,1000000,10,batchU,0,4,48,100,1,4,ok,37,21,0.00022377013366926504,250365,"Zipf formula, not realized key frequency"
WS-02-tuned,S,tuned,0.5,5,1000000,10,batchU,0,4,48,100,1,5,ok,21,21,0.0002042732498443379,250365,"Zipf formula, not realized key frequency"
WS-02-tuned,S,tuned,0.5,5,1000000,10,batchU,0,4,48,100,1,6,ok,25,21,0.00018912028055174823,250365,"Zipf formula, not realized key frequency"
WS-02-tuned,S,tuned,0.5,5,1000000,10,batchU,0,4,48,100,1,7,ok,12,21,0.00017690582367880224,250365,"Zipf formula, not realized key frequency"
WS-02-tuned,S,tuned,0.5,5,1000000,10,batchU,0,4,48,100,2,0,ok,45,34,0.0005003652302186911,250365,"Zipf formula, not realized key frequency"
WS-02-tuned,S,tuned,0.5,5,1000000,10,batchU,0,4,48,100,2,1,ok,31,34,0.00035381164735760447,250365,"Zipf formula, not realized key frequency"
WS-02-tuned,S,tuned,0.5,5,1000000,10,batchU,0,4,48,100,2,2,ok,28,34,0.00028888600035989037,250365,"Zipf formula, not realized key frequency"
WS-02-tuned,S,tuned,0.5,5,1000000,10,batchU,0,4,48,100,2,3,ok,27,34,0.00025018261510934556,250365,"Zipf formula, not realized key frequency"
WS-02-tuned,S,tuned,0.5,5,1000000,10,batchU,0,4,48,100,2,4,ok,28,34,0.00022377013366926504,250365,"Zipf formula, not realized key frequency"
WS-02-tuned,S,tuned,0.5,5,1000000,10,batchU,0,4,48,100,2,5,ok,22,34,0.0002042732498443379,250365,"Zipf formula, not realized key frequency"
WS-02-tuned,S,tuned,0.5,5,1000000,10,batchU,0,4,48,100,2,6,ok,24,34,0.00018912028055174823,250365,"Zipf formula, not realized key frequency"
WS-02-tuned,S,tuned,0.5,5,1000000,10,batchU,0,4,48,100,2,7,ok,25,34,0.00017690582367880224,250365,"Zipf formula, not realized key frequency"
WS-03-default,S,default,0.5,5,1000000,10,batchR,0,4,48,100,1,0,ok,5013,1981,0.0005003652302186911,250365,"Zipf formula, not realized key frequency"
WS-03-default,S,default,0.5,5,1000000,10,batchR,0,4,48,100,1,1,ok,3533,1981,0.00035381164735760447,250365,"Zipf formula, not realized key frequency"
WS-03-default,S,default,0.5,5,1000000,10,batchR,0,4,48,100,1,2,ok,3110,1981,0.00028888600035989037,250365,"Zipf formula, not realized key frequency"
WS-03-default,S,default,0.5,5,1000000,10,batchR,0,4,48,100,1,3,ok,2700,1981,0.00025018261510934556,250365,"Zipf formula, not realized key frequency"
WS-03-default,S,default,0.5,5,1000000,10,batchR,0,4,48,100,1,4,ok,2269,1981,0.00022377013366926504,250365,"Zipf formula, not realized key frequency"
WS-03-default,S,default,0.5,5,1000000,10,batchR,0,4,48,100,1,5,ok,2190,1981,0.0002042732498443379,250365,"Zipf formula, not realized key frequency"
WS-03-default,S,default,0.5,5,1000000,10,batchR,0,4,48,100,1,6,ok,1987,1981,0.00018912028055174823,250365,"Zipf formula, not realized key frequency"
WS-03-default,S,default,0.5,5,1000000,10,batchR,0,4,48,100,1,7,ok,1751,1981,0.00017690582367880224,250365,"Zipf formula, not realized key frequency"
WS-03-default,S,default,0.5,5,1000000,10,batchR,0,4,48,100,2,0,ok,4914,2069,0.0005003652302186911,250365,"Zipf formula, not realized key frequency"
WS-03-default,S,default,0.5,5,1000000,10,batchR,0,4,48,100,2,1,ok,3585,2069,0.00035381164735760447,250365,"Zipf formula, not realized key frequency"
WS-03-default,S,default,0.5,5,1000000,10,batchR,0,4,48,100,2,2,ok,3163,2069,0.00028888600035989037,250365,"Zipf formula, not realized key frequency"
WS-03-default,S,default,0.5,5,1000000,10,batchR,0,4,48,100,2,3,ok,2673,2069,0.00025018261510934556,250365,"Zipf formula, not realized key frequency"
WS-03-default,S,default,0.5,5,1000000,10,batchR,0,4,48,100,2,4,ok,2295,2069,0.00022377013366926504,250365,"Zipf formula, not realized key frequency"
WS-03-default,S,default,0.5,5,1000000,10,batchR,0,4,48,100,2,5,ok,2052,2069,0.0002042732498443379,250365,"Zipf formula, not realized key frequency"
WS-03-default,S,default,0.5,5,1000000,10,batchR,0,4,48,100,2,6,ok,2010,2069,0.00018912028055174823,250365,"Zipf formula, not realized key frequency"
WS-03-default,S,default,0.5,5,1000000,10,batchR,0,4,48,100,2,7,ok,1803,2069,0.00017690582367880224,250365,"Zipf formula, not realized key frequency"
WS-03-tuned,S,tuned,0.5,5,1000000,10,batchR,0,4,48,100,1,0,ok,4867,1976,0.0005003652302186911,250365,"Zipf formula, not realized key frequency"
WS-03-tuned,S,tuned,0.5,5,1000000,10,batchR,0,4,48,100,1,1,ok,3502,1976,0.00035381164735760447,250365,"Zipf formula, not realized key frequency"
WS-03-tuned,S,tuned,0.5,5,1000000,10,batchR,0,4,48,100,1,2,ok,3041,1976,0.00028888600035989037,250365,"Zipf formula, not realized key frequency"
WS-03-tuned,S,tuned,0.5,5,1000000,10,batchR,0,4,48,100,1,3,ok,2592,1976,0.00025018261510934556,250365,"Zipf formula, not realized key frequency"
WS-03-tuned,S,tuned,0.5,5,1000000,10,batchR,0,4,48,100,1,4,ok,2297,1976,0.00022377013366926504,250365,"Zipf formula, not realized key frequency"
WS-03-tuned,S,tuned,0.5,5,1000000,10,batchR,0,4,48,100,1,5,ok,1998,1976,0.0002042732498443379,250365,"Zipf formula, not realized key frequency"
WS-03-tuned,S,tuned,0.5,5,1000000,10,batchR,0,4,48,100,1,6,ok,1967,1976,0.00018912028055174823,250365,"Zipf formula, not realized key frequency"
WS-03-tuned,S,tuned,0.5,5,1000000,10,batchR,0,4,48,100,1,7,ok,1793,1976,0.00017690582367880224,250365,"Zipf formula, not realized key frequency"
WS-03-tuned,S,tuned,0.5,5,1000000,10,batchR,0,4,48,100,2,0,ok,5028,1875,0.0005003652302186911,250365,"Zipf formula, not realized key frequency"
WS-03-tuned,S,tuned,0.5,5,1000000,10,batchR,0,4,48,100,2,1,ok,3560,1875,0.00035381164735760447,250365,"Zipf formula, not realized key frequency"
WS-03-tuned,S,tuned,0.5,5,1000000,10,batchR,0,4,48,100,2,2,ok,3102,1875,0.00028888600035989037,250365,"Zipf formula, not realized key frequency"
WS-03-tuned,S,tuned,0.5,5,1000000,10,batchR,0,4,48,100,2,3,ok,2593,1875,0.00025018261510934556,250365,"Zipf formula, not realized key frequency"
WS-03-tuned,S,tuned,0.5,5,1000000,10,batchR,0,4,48,100,2,4,ok,2354,1875,0.00022377013366926504,250365,"Zipf formula, not realized key frequency"
WS-03-tuned,S,tuned,0.5,5,1000000,10,batchR,0,4,48,100,2,5,ok,2106,1875,0.0002042732498443379,250365,"Zipf formula, not realized key frequency"
WS-03-tuned,S,tuned,0.5,5,1000000,10,batchR,0,4,48,100,2,6,ok,2013,1875,0.00018912028055174823,250365,"Zipf formula, not realized key frequency"
WS-03-tuned,S,tuned,0.5,5,1000000,10,batchR,0,4,48,100,2,7,ok,1872,1875,0.00017690582367880224,250365,"Zipf formula, not realized key frequency"
WS-04-default,S,default,0.5,50,1000000,10,none,0,4,48,100,1,0,ok,60,37,0.0005003652302186911,250365,"Zipf formula, not realized key frequency"
WS-04-default,S,default,0.5,50,1000000,10,none,0,4,48,100,1,1,ok,47,37,0.00035381164735760447,250365,"Zipf formula, not realized key frequency"
WS-04-default,S,default,0.5,50,1000000,10,none,0,4,48,100,1,2,ok,44,37,0.00028888600035989037,250365,"Zipf formula, not realized key frequency"
WS-04-default,S,default,0.5,50,1000000,10,none,0,4,48,100,1,3,ok,30,37,0.00025018261510934556,250365,"Zipf formula, not realized key frequency"
WS-04-default,S,default,0.5,50,1000000,10,none,0,4,48,100,1,4,ok,24,37,0.00022377013366926504,250365,"Zipf formula, not realized key frequency"
WS-04-default,S,default,0.5,50,1000000,10,none,0,4,48,100,1,5,ok,32,37,0.0002042732498443379,250365,"Zipf formula, not realized key frequency"
WS-04-default,S,default,0.5,50,1000000,10,none,0,4,48,100,1,6,ok,28,37,0.00018912028055174823,250365,"Zipf formula, not realized key frequency"
WS-04-default,S,default,0.5,50,1000000,10,none,0,4,48,100,1,7,ok,26,37,0.00017690582367880224,250365,"Zipf formula, not realized key frequency"
WS-04-default,S,default,0.5,50,1000000,10,none,0,4,48,100,2,0,ok,45,34,0.0005003652302186911,250365,"Zipf formula, not realized key frequency"
WS-04-default,S,default,0.5,50,1000000,10,none,0,4,48,100,2,1,ok,42,34,0.00035381164735760447,250365,"Zipf formula, not realized key frequency"
WS-04-default,S,default,0.5,50,1000000,10,none,0,4,48,100,2,2,ok,45,34,0.00028888600035989037,250365,"Zipf formula, not realized key frequency"
WS-04-default,S,default,0.5,50,1000000,10,none,0,4,48,100,2,3,ok,24,34,0.00025018261510934556,250365,"Zipf formula, not realized key frequency"
WS-04-default,S,default,0.5,50,1000000,10,none,0,4,48,100,2,4,ok,32,34,0.00022377013366926504,250365,"Zipf formula, not realized key frequency"
WS-04-default,S,default,0.5,50,1000000,10,none,0,4,48,100,2,5,ok,27,34,0.0002042732498443379,250365,"Zipf formula, not realized key frequency"
WS-04-default,S,default,0.5,50,1000000,10,none,0,4,48,100,2,6,ok,18,34,0.00018912028055174823,250365,"Zipf formula, not realized key frequency"
WS-04-default,S,default,0.5,50,1000000,10,none,0,4,48,100,2,7,ok,25,34,0.00017690582367880224,250365,"Zipf formula, not realized key frequency"
WS-04-tuned,S,tuned,0.5,50,1000000,10,none,0,4,48,100,1,0,ok,4,4,0.0005003652302186911,250365,"Zipf formula, not realized key frequency"
WS-04-tuned,S,tuned,0.5,50,1000000,10,none,0,4,48,100,1,1,ok,4,4,0.00035381164735760447,250365,"Zipf formula, not realized key frequency"
WS-04-tuned,S,tuned,0.5,50,1000000,10,none,0,4,48,100,1,2,ok,1,4,0.00028888600035989037,250365,"Zipf formula, not realized key frequency"
WS-04-tuned,S,tuned,0.5,50,1000000,10,none,0,4,48,100,1,3,ok,1,4,0.00025018261510934556,250365,"Zipf formula, not realized key frequency"
WS-04-tuned,S,tuned,0.5,50,1000000,10,none,0,4,48,100,1,4,ok,3,4,0.00022377013366926504,250365,"Zipf formula, not realized key frequency"
WS-04-tuned,S,tuned,0.5,50,1000000,10,none,0,4,48,100,1,5,ok,3,4,0.0002042732498443379,250365,"Zipf formula, not realized key frequency"
WS-04-tuned,S,tuned,0.5,50,1000000,10,none,0,4,48,100,1,6,ok,1,4,0.00018912028055174823,250365,"Zipf formula, not realized key frequency"
WS-04-tuned,S,tuned,0.5,50,1000000,10,none,0,4,48,100,1,7,ok,2,4,0.00017690582367880224,250365,"Zipf formula, not realized key frequency"
WS-04-tuned,S,tuned,0.5,50,1000000,10,none,0,4,48,100,2,0,ok,3,3,0.0005003652302186911,250365,"Zipf formula, not realized key frequency"
WS-04-tuned,S,tuned,0.5,50,1000000,10,none,0,4,48,100,2,1,ok,5,3,0.00035381164735760447,250365,"Zipf formula, not realized key frequency"
WS-04-tuned,S,tuned,0.5,50,1000000,10,none,0,4,48,100,2,2,ok,4,3,0.00028888600035989037,250365,"Zipf formula, not realized key frequency"
WS-04-tuned,S,tuned,0.5,50,1000000,10,none,0,4,48,100,2,3,ok,1,3,0.00025018261510934556,250365,"Zipf formula, not realized key frequency"
WS-04-tuned,S,tuned,0.5,50,1000000,10,none,0,4,48,100,2,4,ok,1,3,0.00022377013366926504,250365,"Zipf formula, not realized key frequency"
WS-04-tuned,S,tuned,0.5,50,1000000,10,none,0,4,48,100,2,5,ok,1,3,0.0002042732498443379,250365,"Zipf formula, not realized key frequency"
WS-04-tuned,S,tuned,0.5,50,1000000,10,none,0,4,48,100,2,6,ok,1,3,0.00018912028055174823,250365,"Zipf formula, not realized key frequency"
WS-04-tuned,S,tuned,0.5,50,1000000,10,none,0,4,48,100,2,7,ok,4,3,0.00017690582367880224,250365,"Zipf formula, not realized key frequency"
WS-05-default,S,default,0.5,50,1000000,10,batchU,0,4,48,100,1,0,ok,77,38,0.0005003652302186911,250365,"Zipf formula, not realized key frequency"
WS-05-default,S,default,0.5,50,1000000,10,batchU,0,4,48,100,1,1,ok,48,38,0.00035381164735760447,250365,"Zipf formula, not realized key frequency"
WS-05-default,S,default,0.5,50,1000000,10,batchU,0,4,48,100,1,2,ok,60,38,0.00028888600035989037,250365,"Zipf formula, not realized key frequency"
WS-05-default,S,default,0.5,50,1000000,10,batchU,0,4,48,100,1,3,ok,39,38,0.00025018261510934556,250365,"Zipf formula, not realized key frequency"
WS-05-default,S,default,0.5,50,1000000,10,batchU,0,4,48,100,1,4,ok,33,38,0.00022377013366926504,250365,"Zipf formula, not realized key frequency"
WS-05-default,S,default,0.5,50,1000000,10,batchU,0,4,48,100,1,5,ok,31,38,0.0002042732498443379,250365,"Zipf formula, not realized key frequency"
WS-05-default,S,default,0.5,50,1000000,10,batchU,0,4,48,100,1,6,ok,26,38,0.00018912028055174823,250365,"Zipf formula, not realized key frequency"
WS-05-default,S,default,0.5,50,1000000,10,batchU,0,4,48,100,1,7,ok,40,38,0.00017690582367880224,250365,"Zipf formula, not realized key frequency"
WS-05-default,S,default,0.5,50,1000000,10,batchU,0,4,48,100,2,0,ok,19,12,0.0005003652302186911,250365,"Zipf formula, not realized key frequency"
WS-05-default,S,default,0.5,50,1000000,10,batchU,0,4,48,100,2,1,ok,15,12,0.00035381164735760447,250365,"Zipf formula, not realized key frequency"
WS-05-default,S,default,0.5,50,1000000,10,batchU,0,4,48,100,2,2,ok,9,12,0.00028888600035989037,250365,"Zipf formula, not realized key frequency"
WS-05-default,S,default,0.5,50,1000000,10,batchU,0,4,48,100,2,3,ok,8,12,0.00025018261510934556,250365,"Zipf formula, not realized key frequency"
WS-05-default,S,default,0.5,50,1000000,10,batchU,0,4,48,100,2,4,ok,10,12,0.00022377013366926504,250365,"Zipf formula, not realized key frequency"
WS-05-default,S,default,0.5,50,1000000,10,batchU,0,4,48,100,2,5,ok,6,12,0.0002042732498443379,250365,"Zipf formula, not realized key frequency"
WS-05-default,S,default,0.5,50,1000000,10,batchU,0,4,48,100,2,6,ok,8,12,0.00018912028055174823,250365,"Zipf formula, not realized key frequency"
WS-05-default,S,default,0.5,50,1000000,10,batchU,0,4,48,100,2,7,ok,3,12,0.00017690582367880224,250365,"Zipf formula, not realized key frequency"
WS-05-tuned,S,tuned,0.5,50,1000000,10,batchU,0,4,48,100,1,0,ok,10,7,0.0005003652302186911,250365,"Zipf formula, not realized key frequency"
WS-05-tuned,S,tuned,0.5,50,1000000,10,batchU,0,4,48,100,1,1,ok,7,7,0.00035381164735760447,250365,"Zipf formula, not realized key frequency"
WS-05-tuned,S,tuned,0.5,50,1000000,10,batchU,0,4,48,100,1,2,ok,7,7,0.00028888600035989037,250365,"Zipf formula, not realized key frequency"
WS-05-tuned,S,tuned,0.5,50,1000000,10,batchU,0,4,48,100,1,3,ok,8,7,0.00025018261510934556,250365,"Zipf formula, not realized key frequency"
WS-05-tuned,S,tuned,0.5,50,1000000,10,batchU,0,4,48,100,1,4,ok,7,7,0.00022377013366926504,250365,"Zipf formula, not realized key frequency"
WS-05-tuned,S,tuned,0.5,50,1000000,10,batchU,0,4,48,100,1,5,ok,13,7,0.0002042732498443379,250365,"Zipf formula, not realized key frequency"
WS-05-tuned,S,tuned,0.5,50,1000000,10,batchU,0,4,48,100,1,6,ok,7,7,0.00018912028055174823,250365,"Zipf formula, not realized key frequency"
WS-05-tuned,S,tuned,0.5,50,1000000,10,batchU,0,4,48,100,1,7,ok,4,7,0.00017690582367880224,250365,"Zipf formula, not realized key frequency"
WS-05-tuned,S,tuned,0.5,50,1000000,10,batchU,0,4,48,100,2,0,ok,27,16,0.0005003652302186911,250365,"Zipf formula, not realized key frequency"
WS-05-tuned,S,tuned,0.5,50,1000000,10,batchU,0,4,48,100,2,1,ok,14,16,0.00035381164735760447,250365,"Zipf formula, not realized key frequency"
WS-05-tuned,S,tuned,0.5,50,1000000,10,batchU,0,4,48,100,2,2,ok,20,16,0.00028888600035989037,250365,"Zipf formula, not realized key frequency"
WS-05-tuned,S,tuned,0.5,50,1000000,10,batchU,0,4,48,100,2,3,ok,12,16,0.00025018261510934556,250365,"Zipf formula, not realized key frequency"
WS-05-tuned,S,tuned,0.5,50,1000000,10,batchU,0,4,48,100,2,4,ok,11,16,0.00022377013366926504,250365,"Zipf formula, not realized key frequency"
WS-05-tuned,S,tuned,0.5,50,1000000,10,batchU,0,4,48,100,2,5,ok,10,16,0.0002042732498443379,250365,"Zipf formula, not realized key frequency"
WS-05-tuned,S,tuned,0.5,50,1000000,10,batchU,0,4,48,100,2,6,ok,8,16,0.00018912028055174823,250365,"Zipf formula, not realized key frequency"
WS-05-tuned,S,tuned,0.5,50,1000000,10,batchU,0,4,48,100,2,7,ok,9,16,0.00017690582367880224,250365,"Zipf formula, not realized key frequency"
WS-06-default,S,default,0.5,50,1000000,10,batchR,0,4,48,100,1,0,ok,5160,2016,0.0005003652302186911,250365,"Zipf formula, not realized key frequency"
WS-06-default,S,default,0.5,50,1000000,10,batchR,0,4,48,100,1,1,ok,3636,2016,0.00035381164735760447,250365,"Zipf formula, not realized key frequency"
WS-06-default,S,default,0.5,50,1000000,10,batchR,0,4,48,100,1,2,ok,3148,2016,0.00028888600035989037,250365,"Zipf formula, not realized key frequency"
WS-06-default,S,default,0.5,50,1000000,10,batchR,0,4,48,100,1,3,ok,2642,2016,0.00025018261510934556,250365,"Zipf formula, not realized key frequency"
WS-06-default,S,default,0.5,50,1000000,10,batchR,0,4,48,100,1,4,ok,2396,2016,0.00022377013366926504,250365,"Zipf formula, not realized key frequency"
WS-06-default,S,default,0.5,50,1000000,10,batchR,0,4,48,100,1,5,ok,2177,2016,0.0002042732498443379,250365,"Zipf formula, not realized key frequency"
WS-06-default,S,default,0.5,50,1000000,10,batchR,0,4,48,100,1,6,ok,1902,2016,0.00018912028055174823,250365,"Zipf formula, not realized key frequency"
WS-06-default,S,default,0.5,50,1000000,10,batchR,0,4,48,100,1,7,ok,1804,2016,0.00017690582367880224,250365,"Zipf formula, not realized key frequency"
WS-06-default,S,default,0.5,50,1000000,10,batchR,0,4,48,100,2,0,ok,5179,2279,0.0005003652302186911,250365,"Zipf formula, not realized key frequency"
WS-06-default,S,default,0.5,50,1000000,10,batchR,0,4,48,100,2,1,ok,3722,2279,0.00035381164735760447,250365,"Zipf formula, not realized key frequency"
WS-06-default,S,default,0.5,50,1000000,10,batchR,0,4,48,100,2,2,ok,3428,2279,0.00028888600035989037,250365,"Zipf formula, not realized key frequency"
WS-06-default,S,default,0.5,50,1000000,10,batchR,0,4,48,100,2,3,ok,2775,2279,0.00025018261510934556,250365,"Zipf formula, not realized key frequency"
WS-06-default,S,default,0.5,50,1000000,10,batchR,0,4,48,100,2,4,ok,2586,2279,0.00022377013366926504,250365,"Zipf formula, not realized key frequency"
WS-06-default,S,default,0.5,50,1000000,10,batchR,0,4,48,100,2,5,ok,2315,2279,0.0002042732498443379,250365,"Zipf formula, not realized key frequency"
WS-06-default,S,default,0.5,50,1000000,10,batchR,0,4,48,100,2,6,ok,2028,2279,0.00018912028055174823,250365,"Zipf formula, not realized key frequency"
WS-06-default,S,default,0.5,50,1000000,10,batchR,0,4,48,100,2,7,ok,1949,2279,0.00017690582367880224,250365,"Zipf formula, not realized key frequency"
WS-06-tuned,S,tuned,0.5,50,1000000,10,batchR,0,4,48,100,1,0,ok,5212,2321,0.0005003652302186911,250365,"Zipf formula, not realized key frequency"
WS-06-tuned,S,tuned,0.5,50,1000000,10,batchR,0,4,48,100,1,1,ok,3629,2321,0.00035381164735760447,250365,"Zipf formula, not realized key frequency"
WS-06-tuned,S,tuned,0.5,50,1000000,10,batchR,0,4,48,100,1,2,ok,3345,2321,0.00028888600035989037,250365,"Zipf formula, not realized key frequency"
WS-06-tuned,S,tuned,0.5,50,1000000,10,batchR,0,4,48,100,1,3,ok,2739,2321,0.00025018261510934556,250365,"Zipf formula, not realized key frequency"
WS-06-tuned,S,tuned,0.5,50,1000000,10,batchR,0,4,48,100,1,4,ok,2435,2321,0.00022377013366926504,250365,"Zipf formula, not realized key frequency"
WS-06-tuned,S,tuned,0.5,50,1000000,10,batchR,0,4,48,100,1,5,ok,2149,2321,0.0002042732498443379,250365,"Zipf formula, not realized key frequency"
WS-06-tuned,S,tuned,0.5,50,1000000,10,batchR,0,4,48,100,1,6,ok,2030,2321,0.00018912028055174823,250365,"Zipf formula, not realized key frequency"
WS-06-tuned,S,tuned,0.5,50,1000000,10,batchR,0,4,48,100,1,7,ok,1926,2321,0.00017690582367880224,250365,"Zipf formula, not realized key frequency"
WS-06-tuned,S,tuned,0.5,50,1000000,10,batchR,0,4,48,100,2,0,ok,5124,2202,0.0005003652302186911,250365,"Zipf formula, not realized key frequency"
WS-06-tuned,S,tuned,0.5,50,1000000,10,batchR,0,4,48,100,2,1,ok,3552,2202,0.00035381164735760447,250365,"Zipf formula, not realized key frequency"
WS-06-tuned,S,tuned,0.5,50,1000000,10,batchR,0,4,48,100,2,2,ok,3334,2202,0.00028888600035989037,250365,"Zipf formula, not realized key frequency"
WS-06-tuned,S,tuned,0.5,50,1000000,10,batchR,0,4,48,100,2,3,ok,2705,2202,0.00025018261510934556,250365,"Zipf formula, not realized key frequency"
WS-06-tuned,S,tuned,0.5,50,1000000,10,batchR,0,4,48,100,2,4,ok,2462,2202,0.00022377013366926504,250365,"Zipf formula, not realized key frequency"
WS-06-tuned,S,tuned,0.5,50,1000000,10,batchR,0,4,48,100,2,5,ok,2269,2202,0.0002042732498443379,250365,"Zipf formula, not realized key frequency"
WS-06-tuned,S,tuned,0.5,50,1000000,10,batchR,0,4,48,100,2,6,ok,2029,2202,0.00018912028055174823,250365,"Zipf formula, not realized key frequency"
WS-06-tuned,S,tuned,0.5,50,1000000,10,batchR,0,4,48,100,2,7,ok,1944,2202,0.00017690582367880224,250365,"Zipf formula, not realized key frequency"
WS-07-default,S,default,0.5,95,1000000,10,none,0,4,48,100,1,0,ok,2,3,0.0005003652302186911,250365,"Zipf formula, not realized key frequency"
WS-07-default,S,default,0.5,95,1000000,10,none,0,4,48,100,1,1,ok,2,3,0.00035381164735760447,250365,"Zipf formula, not realized key frequency"
WS-07-default,S,default,0.5,95,1000000,10,none,0,4,48,100,1,2,ok,2,3,0.00028888600035989037,250365,"Zipf formula, not realized key frequency"
WS-07-default,S,default,0.5,95,1000000,10,none,0,4,48,100,1,3,ok,1,3,0.00025018261510934556,250365,"Zipf formula, not realized key frequency"
WS-07-default,S,default,0.5,95,1000000,10,none,0,4,48,100,1,4,ok,3,3,0.00022377013366926504,250365,"Zipf formula, not realized key frequency"
WS-07-default,S,default,0.5,95,1000000,10,none,0,4,48,100,1,5,ok,1,3,0.0002042732498443379,250365,"Zipf formula, not realized key frequency"
WS-07-default,S,default,0.5,95,1000000,10,none,0,4,48,100,1,6,ok,2,3,0.00018912028055174823,250365,"Zipf formula, not realized key frequency"
WS-07-default,S,default,0.5,95,1000000,10,none,0,4,48,100,1,7,ok,1,3,0.00017690582367880224,250365,"Zipf formula, not realized key frequency"
WS-07-default,S,default,0.5,95,1000000,10,none,0,4,48,100,2,0,ok,1,1,0.0005003652302186911,250365,"Zipf formula, not realized key frequency"
WS-07-default,S,default,0.5,95,1000000,10,none,0,4,48,100,2,1,ok,2,1,0.00035381164735760447,250365,"Zipf formula, not realized key frequency"
WS-07-default,S,default,0.5,95,1000000,10,none,0,4,48,100,2,2,ok,1,1,0.00028888600035989037,250365,"Zipf formula, not realized key frequency"
WS-07-default,S,default,0.5,95,1000000,10,none,0,4,48,100,2,3,ok,1,1,0.00025018261510934556,250365,"Zipf formula, not realized key frequency"
WS-07-default,S,default,0.5,95,1000000,10,none,0,4,48,100,2,4,ok,1,1,0.00022377013366926504,250365,"Zipf formula, not realized key frequency"
WS-07-default,S,default,0.5,95,1000000,10,none,0,4,48,100,2,5,ok,1,1,0.0002042732498443379,250365,"Zipf formula, not realized key frequency"
WS-07-default,S,default,0.5,95,1000000,10,none,0,4,48,100,2,6,ok,2,1,0.00018912028055174823,250365,"Zipf formula, not realized key frequency"
WS-07-default,S,default,0.5,95,1000000,10,none,0,4,48,100,2,7,ok,1,1,0.00017690582367880224,250365,"Zipf formula, not realized key frequency"
WS-07-tuned,S,tuned,0.5,95,1000000,10,none,0,4,48,100,1,0,ok,2,3,0.0005003652302186911,250365,"Zipf formula, not realized key frequency"
WS-07-tuned,S,tuned,0.5,95,1000000,10,none,0,4,48,100,1,1,ok,3,3,0.00035381164735760447,250365,"Zipf formula, not realized key frequency"
WS-07-tuned,S,tuned,0.5,95,1000000,10,none,0,4,48,100,1,2,ok,2,3,0.00028888600035989037,250365,"Zipf formula, not realized key frequency"
WS-07-tuned,S,tuned,0.5,95,1000000,10,none,0,4,48,100,1,3,ok,1,3,0.00025018261510934556,250365,"Zipf formula, not realized key frequency"
WS-07-tuned,S,tuned,0.5,95,1000000,10,none,0,4,48,100,1,4,ok,1,3,0.00022377013366926504,250365,"Zipf formula, not realized key frequency"
WS-07-tuned,S,tuned,0.5,95,1000000,10,none,0,4,48,100,1,5,ok,3,3,0.0002042732498443379,250365,"Zipf formula, not realized key frequency"
WS-07-tuned,S,tuned,0.5,95,1000000,10,none,0,4,48,100,1,6,ok,1,3,0.00018912028055174823,250365,"Zipf formula, not realized key frequency"
WS-07-tuned,S,tuned,0.5,95,1000000,10,none,0,4,48,100,1,7,ok,1,3,0.00017690582367880224,250365,"Zipf formula, not realized key frequency"
WS-07-tuned,S,tuned,0.5,95,1000000,10,none,0,4,48,100,2,0,ok,11,5,0.0005003652302186911,250365,"Zipf formula, not realized key frequency"
WS-07-tuned,S,tuned,0.5,95,1000000,10,none,0,4,48,100,2,1,ok,5,5,0.00035381164735760447,250365,"Zipf formula, not realized key frequency"
WS-07-tuned,S,tuned,0.5,95,1000000,10,none,0,4,48,100,2,2,ok,4,5,0.00028888600035989037,250365,"Zipf formula, not realized key frequency"
WS-07-tuned,S,tuned,0.5,95,1000000,10,none,0,4,48,100,2,3,ok,2,5,0.00025018261510934556,250365,"Zipf formula, not realized key frequency"
WS-07-tuned,S,tuned,0.5,95,1000000,10,none,0,4,48,100,2,4,ok,3,5,0.00022377013366926504,250365,"Zipf formula, not realized key frequency"
WS-07-tuned,S,tuned,0.5,95,1000000,10,none,0,4,48,100,2,5,ok,4,5,0.0002042732498443379,250365,"Zipf formula, not realized key frequency"
WS-07-tuned,S,tuned,0.5,95,1000000,10,none,0,4,48,100,2,6,ok,1,5,0.00018912028055174823,250365,"Zipf formula, not realized key frequency"
WS-07-tuned,S,tuned,0.5,95,1000000,10,none,0,4,48,100,2,7,ok,5,5,0.00017690582367880224,250365,"Zipf formula, not realized key frequency"
WS-08-default,S,default,0.5,95,1000000,10,batchU,0,4,48,100,1,0,ok,8,6,0.0005003652302186911,250365,"Zipf formula, not realized key frequency"
WS-08-default,S,default,0.5,95,1000000,10,batchU,0,4,48,100,1,1,ok,6,6,0.00035381164735760447,250365,"Zipf formula, not realized key frequency"
WS-08-default,S,default,0.5,95,1000000,10,batchU,0,4,48,100,1,2,ok,7,6,0.00028888600035989037,250365,"Zipf formula, not realized key frequency"
WS-08-default,S,default,0.5,95,1000000,10,batchU,0,4,48,100,1,3,ok,5,6,0.00025018261510934556,250365,"Zipf formula, not realized key frequency"
WS-08-default,S,default,0.5,95,1000000,10,batchU,0,4,48,100,1,4,ok,5,6,0.00022377013366926504,250365,"Zipf formula, not realized key frequency"
WS-08-default,S,default,0.5,95,1000000,10,batchU,0,4,48,100,1,5,ok,7,6,0.0002042732498443379,250365,"Zipf formula, not realized key frequency"
WS-08-default,S,default,0.5,95,1000000,10,batchU,0,4,48,100,1,6,ok,2,6,0.00018912028055174823,250365,"Zipf formula, not realized key frequency"
WS-08-default,S,default,0.5,95,1000000,10,batchU,0,4,48,100,1,7,ok,3,6,0.00017690582367880224,250365,"Zipf formula, not realized key frequency"
WS-08-default,S,default,0.5,95,1000000,10,batchU,0,4,48,100,2,0,ok,8,7,0.0005003652302186911,250365,"Zipf formula, not realized key frequency"
WS-08-default,S,default,0.5,95,1000000,10,batchU,0,4,48,100,2,1,ok,4,7,0.00035381164735760447,250365,"Zipf formula, not realized key frequency"
WS-08-default,S,default,0.5,95,1000000,10,batchU,0,4,48,100,2,2,ok,4,7,0.00028888600035989037,250365,"Zipf formula, not realized key frequency"
WS-08-default,S,default,0.5,95,1000000,10,batchU,0,4,48,100,2,3,ok,3,7,0.00025018261510934556,250365,"Zipf formula, not realized key frequency"
WS-08-default,S,default,0.5,95,1000000,10,batchU,0,4,48,100,2,4,ok,3,7,0.00022377013366926504,250365,"Zipf formula, not realized key frequency"
WS-08-default,S,default,0.5,95,1000000,10,batchU,0,4,48,100,2,5,ok,7,7,0.0002042732498443379,250365,"Zipf formula, not realized key frequency"
WS-08-default,S,default,0.5,95,1000000,10,batchU,0,4,48,100,2,6,ok,6,7,0.00018912028055174823,250365,"Zipf formula, not realized key frequency"
WS-08-default,S,default,0.5,95,1000000,10,batchU,0,4,48,100,2,7,ok,4,7,0.00017690582367880224,250365,"Zipf formula, not realized key frequency"
WS-08-tuned,S,tuned,0.5,95,1000000,10,batchU,0,4,48,100,1,0,ok,6,3,0.0005003652302186911,250365,"Zipf formula, not realized key frequency"
WS-08-tuned,S,tuned,0.5,95,1000000,10,batchU,0,4,48,100,1,1,ok,3,3,0.00035381164735760447,250365,"Zipf formula, not realized key frequency"
WS-08-tuned,S,tuned,0.5,95,1000000,10,batchU,0,4,48,100,1,2,ok,2,3,0.00028888600035989037,250365,"Zipf formula, not realized key frequency"
WS-08-tuned,S,tuned,0.5,95,1000000,10,batchU,0,4,48,100,1,3,ok,2,3,0.00025018261510934556,250365,"Zipf formula, not realized key frequency"
WS-08-tuned,S,tuned,0.5,95,1000000,10,batchU,0,4,48,100,1,4,ok,2,3,0.00022377013366926504,250365,"Zipf formula, not realized key frequency"
WS-08-tuned,S,tuned,0.5,95,1000000,10,batchU,0,4,48,100,1,5,ok,1,3,0.0002042732498443379,250365,"Zipf formula, not realized key frequency"
WS-08-tuned,S,tuned,0.5,95,1000000,10,batchU,0,4,48,100,1,6,ok,2,3,0.00018912028055174823,250365,"Zipf formula, not realized key frequency"
WS-08-tuned,S,tuned,0.5,95,1000000,10,batchU,0,4,48,100,1,7,ok,1,3,0.00017690582367880224,250365,"Zipf formula, not realized key frequency"
WS-08-tuned,S,tuned,0.5,95,1000000,10,batchU,0,4,48,100,2,0,ok,7,5,0.0005003652302186911,250365,"Zipf formula, not realized key frequency"
WS-08-tuned,S,tuned,0.5,95,1000000,10,batchU,0,4,48,100,2,1,ok,5,5,0.00035381164735760447,250365,"Zipf formula, not realized key frequency"
WS-08-tuned,S,tuned,0.5,95,1000000,10,batchU,0,4,48,100,2,2,ok,5,5,0.00028888600035989037,250365,"Zipf formula, not realized key frequency"
WS-08-tuned,S,tuned,0.5,95,1000000,10,batchU,0,4,48,100,2,3,ok,4,5,0.00025018261510934556,250365,"Zipf formula, not realized key frequency"
WS-08-tuned,S,tuned,0.5,95,1000000,10,batchU,0,4,48,100,2,4,ok,1,5,0.00022377013366926504,250365,"Zipf formula, not realized key frequency"
WS-08-tuned,S,tuned,0.5,95,1000000,10,batchU,0,4,48,100,2,5,ok,4,5,0.0002042732498443379,250365,"Zipf formula, not realized key frequency"
WS-08-tuned,S,tuned,0.5,95,1000000,10,batchU,0,4,48,100,2,6,ok,4,5,0.00018912028055174823,250365,"Zipf formula, not realized key frequency"
WS-08-tuned,S,tuned,0.5,95,1000000,10,batchU,0,4,48,100,2,7,ok,2,5,0.00017690582367880224,250365,"Zipf formula, not realized key frequency"
WS-09-default,S,default,0.5,95,1000000,10,batchR,0,4,48,100,1,0,ok,5763,4043,0.0005003652302186911,250365,"Zipf formula, not realized key frequency"
WS-09-default,S,default,0.5,95,1000000,10,batchR,0,4,48,100,1,1,ok,4309,4043,0.00035381164735760447,250365,"Zipf formula, not realized key frequency"
WS-09-default,S,default,0.5,95,1000000,10,batchR,0,4,48,100,1,2,ok,3761,4043,0.00028888600035989037,250365,"Zipf formula, not realized key frequency"
WS-09-default,S,default,0.5,95,1000000,10,batchR,0,4,48,100,1,3,ok,3028,4043,0.00025018261510934556,250365,"Zipf formula, not realized key frequency"
WS-09-default,S,default,0.5,95,1000000,10,batchR,0,4,48,100,1,4,ok,2652,4043,0.00022377013366926504,250365,"Zipf formula, not realized key frequency"
WS-09-default,S,default,0.5,95,1000000,10,batchR,0,4,48,100,1,5,ok,2556,4043,0.0002042732498443379,250365,"Zipf formula, not realized key frequency"
WS-09-default,S,default,0.5,95,1000000,10,batchR,0,4,48,100,1,6,ok,2205,4043,0.00018912028055174823,250365,"Zipf formula, not realized key frequency"
WS-09-default,S,default,0.5,95,1000000,10,batchR,0,4,48,100,1,7,ok,2132,4043,0.00017690582367880224,250365,"Zipf formula, not realized key frequency"
WS-09-default,S,default,0.5,95,1000000,10,batchR,0,4,48,100,2,0,ok,5727,4130,0.0005003652302186911,250365,"Zipf formula, not realized key frequency"
WS-09-default,S,default,0.5,95,1000000,10,batchR,0,4,48,100,2,1,ok,4021,4130,0.00035381164735760447,250365,"Zipf formula, not realized key frequency"
WS-09-default,S,default,0.5,95,1000000,10,batchR,0,4,48,100,2,2,ok,3726,4130,0.00028888600035989037,250365,"Zipf formula, not realized key frequency"
WS-09-default,S,default,0.5,95,1000000,10,batchR,0,4,48,100,2,3,ok,3062,4130,0.00025018261510934556,250365,"Zipf formula, not realized key frequency"
WS-09-default,S,default,0.5,95,1000000,10,batchR,0,4,48,100,2,4,ok,2743,4130,0.00022377013366926504,250365,"Zipf formula, not realized key frequency"
WS-09-default,S,default,0.5,95,1000000,10,batchR,0,4,48,100,2,5,ok,2403,4130,0.0002042732498443379,250365,"Zipf formula, not realized key frequency"
WS-09-default,S,default,0.5,95,1000000,10,batchR,0,4,48,100,2,6,ok,2241,4130,0.00018912028055174823,250365,"Zipf formula, not realized key frequency"
WS-09-default,S,default,0.5,95,1000000,10,batchR,0,4,48,100,2,7,ok,2087,4130,0.00017690582367880224,250365,"Zipf formula, not realized key frequency"
WS-09-tuned,S,tuned,0.5,95,1000000,10,batchR,0,4,48,100,1,0,ok,5877,4036,0.0005003652302186911,250365,"Zipf formula, not realized key frequency"
WS-09-tuned,S,tuned,0.5,95,1000000,10,batchR,0,4,48,100,1,1,ok,4102,4036,0.00035381164735760447,250365,"Zipf formula, not realized key frequency"
WS-09-tuned,S,tuned,0.5,95,1000000,10,batchR,0,4,48,100,1,2,ok,3656,4036,0.00028888600035989037,250365,"Zipf formula, not realized key frequency"
WS-09-tuned,S,tuned,0.5,95,1000000,10,batchR,0,4,48,100,1,3,ok,3125,4036,0.00025018261510934556,250365,"Zipf formula, not realized key frequency"
WS-09-tuned,S,tuned,0.5,95,1000000,10,batchR,0,4,48,100,1,4,ok,2739,4036,0.00022377013366926504,250365,"Zipf formula, not realized key frequency"
WS-09-tuned,S,tuned,0.5,95,1000000,10,batchR,0,4,48,100,1,5,ok,2549,4036,0.0002042732498443379,250365,"Zipf formula, not realized key frequency"
WS-09-tuned,S,tuned,0.5,95,1000000,10,batchR,0,4,48,100,1,6,ok,2251,4036,0.00018912028055174823,250365,"Zipf formula, not realized key frequency"
WS-09-tuned,S,tuned,0.5,95,1000000,10,batchR,0,4,48,100,1,7,ok,2176,4036,0.00017690582367880224,250365,"Zipf formula, not realized key frequency"
WS-09-tuned,S,tuned,0.5,95,1000000,10,batchR,0,4,48,100,2,0,ok,5913,4141,0.0005003652302186911,250365,"Zipf formula, not realized key frequency"
WS-09-tuned,S,tuned,0.5,95,1000000,10,batchR,0,4,48,100,2,1,ok,4029,4141,0.00035381164735760447,250365,"Zipf formula, not realized key frequency"
WS-09-tuned,S,tuned,0.5,95,1000000,10,batchR,0,4,48,100,2,2,ok,3641,4141,0.00028888600035989037,250365,"Zipf formula, not realized key frequency"
WS-09-tuned,S,tuned,0.5,95,1000000,10,batchR,0,4,48,100,2,3,ok,3148,4141,0.00025018261510934556,250365,"Zipf formula, not realized key frequency"
WS-09-tuned,S,tuned,0.5,95,1000000,10,batchR,0,4,48,100,2,4,ok,2721,4141,0.00022377013366926504,250365,"Zipf formula, not realized key frequency"
WS-09-tuned,S,tuned,0.5,95,1000000,10,batchR,0,4,48,100,2,5,ok,2544,4141,0.0002042732498443379,250365,"Zipf formula, not realized key frequency"
WS-09-tuned,S,tuned,0.5,95,1000000,10,batchR,0,4,48,100,2,6,ok,2221,4141,0.00018912028055174823,250365,"Zipf formula, not realized key frequency"
WS-09-tuned,S,tuned,0.5,95,1000000,10,batchR,0,4,48,100,2,7,ok,2115,4141,0.00017690582367880224,250365,"Zipf formula, not realized key frequency"
WS-10-default,S,default,0.6,5,1000000,10,none,0,4,48,100,1,0,ok,265,137,0.0015973954224233198,178154,"Zipf formula, not realized key frequency"
WS-10-default,S,default,0.6,5,1000000,10,none,0,4,48,100,1,1,ok,164,137,0.0010538879482599897,178154,"Zipf formula, not realized key frequency"
WS-10-default,S,default,0.6,5,1000000,10,none,0,4,48,100,1,2,ok,124,137,0.0008263036720267617,178154,"Zipf formula, not realized key frequency"
WS-10-default,S,default,0.6,5,1000000,10,none,0,4,48,100,1,3,ok,118,137,0.0006953067423986355,178154,"Zipf formula, not realized key frequency"
WS-10-default,S,default,0.6,5,1000000,10,none,0,4,48,100,1,4,ok,105,137,0.0006081776175165734,178154,"Zipf formula, not realized key frequency"
WS-10-default,S,default,0.6,5,1000000,10,none,0,4,48,100,1,5,ok,92,137,0.0005451571159700015,178154,"Zipf formula, not realized key frequency"
WS-10-default,S,default,0.6,5,1000000,10,none,0,4,48,100,1,6,ok,94,137,0.000496996821847876,178154,"Zipf formula, not realized key frequency"
WS-10-default,S,default,0.6,5,1000000,10,none,0,4,48,100,1,7,ok,74,137,0.00045873137350436533,178154,"Zipf formula, not realized key frequency"
WS-10-default,S,default,0.6,5,1000000,10,none,0,4,48,100,2,0,ok,368,214,0.0015973954224233198,178154,"Zipf formula, not realized key frequency"
WS-10-default,S,default,0.6,5,1000000,10,none,0,4,48,100,2,1,ok,255,214,0.0010538879482599897,178154,"Zipf formula, not realized key frequency"
WS-10-default,S,default,0.6,5,1000000,10,none,0,4,48,100,2,2,ok,245,214,0.0008263036720267617,178154,"Zipf formula, not realized key frequency"
WS-10-default,S,default,0.6,5,1000000,10,none,0,4,48,100,2,3,ok,204,214,0.0006953067423986355,178154,"Zipf formula, not realized key frequency"
WS-10-default,S,default,0.6,5,1000000,10,none,0,4,48,100,2,4,ok,156,214,0.0006081776175165734,178154,"Zipf formula, not realized key frequency"
WS-10-default,S,default,0.6,5,1000000,10,none,0,4,48,100,2,5,ok,152,214,0.0005451571159700015,178154,"Zipf formula, not realized key frequency"
WS-10-default,S,default,0.6,5,1000000,10,none,0,4,48,100,2,6,ok,112,214,0.000496996821847876,178154,"Zipf formula, not realized key frequency"
WS-10-default,S,default,0.6,5,1000000,10,none,0,4,48,100,2,7,ok,115,214,0.00045873137350436533,178154,"Zipf formula, not realized key frequency"
WS-10-tuned,S,tuned,0.6,5,1000000,10,none,0,4,48,100,1,0,ok,146,74,0.0015973954224233198,178154,"Zipf formula, not realized key frequency"
WS-10-tuned,S,tuned,0.6,5,1000000,10,none,0,4,48,100,1,1,ok,97,74,0.0010538879482599897,178154,"Zipf formula, not realized key frequency"
WS-10-tuned,S,tuned,0.6,5,1000000,10,none,0,4,48,100,1,2,ok,83,74,0.0008263036720267617,178154,"Zipf formula, not realized key frequency"
WS-10-tuned,S,tuned,0.6,5,1000000,10,none,0,4,48,100,1,3,ok,85,74,0.0006953067423986355,178154,"Zipf formula, not realized key frequency"
WS-10-tuned,S,tuned,0.6,5,1000000,10,none,0,4,48,100,1,4,ok,74,74,0.0006081776175165734,178154,"Zipf formula, not realized key frequency"
WS-10-tuned,S,tuned,0.6,5,1000000,10,none,0,4,48,100,1,5,ok,44,74,0.0005451571159700015,178154,"Zipf formula, not realized key frequency"
WS-10-tuned,S,tuned,0.6,5,1000000,10,none,0,4,48,100,1,6,ok,53,74,0.000496996821847876,178154,"Zipf formula, not realized key frequency"
WS-10-tuned,S,tuned,0.6,5,1000000,10,none,0,4,48,100,1,7,ok,42,74,0.00045873137350436533,178154,"Zipf formula, not realized key frequency"
WS-10-tuned,S,tuned,0.6,5,1000000,10,none,0,4,48,100,2,0,ok,120,57,0.0015973954224233198,178154,"Zipf formula, not realized key frequency"
WS-10-tuned,S,tuned,0.6,5,1000000,10,none,0,4,48,100,2,1,ok,95,57,0.0010538879482599897,178154,"Zipf formula, not realized key frequency"
WS-10-tuned,S,tuned,0.6,5,1000000,10,none,0,4,48,100,2,2,ok,70,57,0.0008263036720267617,178154,"Zipf formula, not realized key frequency"
WS-10-tuned,S,tuned,0.6,5,1000000,10,none,0,4,48,100,2,3,ok,70,57,0.0006953067423986355,178154,"Zipf formula, not realized key frequency"
WS-10-tuned,S,tuned,0.6,5,1000000,10,none,0,4,48,100,2,4,ok,62,57,0.0006081776175165734,178154,"Zipf formula, not realized key frequency"
WS-10-tuned,S,tuned,0.6,5,1000000,10,none,0,4,48,100,2,5,ok,47,57,0.0005451571159700015,178154,"Zipf formula, not realized key frequency"
WS-10-tuned,S,tuned,0.6,5,1000000,10,none,0,4,48,100,2,6,ok,41,57,0.000496996821847876,178154,"Zipf formula, not realized key frequency"
WS-10-tuned,S,tuned,0.6,5,1000000,10,none,0,4,48,100,2,7,ok,36,57,0.00045873137350436533,178154,"Zipf formula, not realized key frequency"
WS-11-default,S,default,0.6,5,1000000,10,batchU,0,4,48,100,1,0,ok,111,51,0.0015973954224233198,178154,"Zipf formula, not realized key frequency"
WS-11-default,S,default,0.6,5,1000000,10,batchU,0,4,48,100,1,1,ok,94,51,0.0010538879482599897,178154,"Zipf formula, not realized key frequency"
WS-11-default,S,default,0.6,5,1000000,10,batchU,0,4,48,100,1,2,ok,70,51,0.0008263036720267617,178154,"Zipf formula, not realized key frequency"
WS-11-default,S,default,0.6,5,1000000,10,batchU,0,4,48,100,1,3,ok,49,51,0.0006953067423986355,178154,"Zipf formula, not realized key frequency"
WS-11-default,S,default,0.6,5,1000000,10,batchU,0,4,48,100,1,4,ok,46,51,0.0006081776175165734,178154,"Zipf formula, not realized key frequency"
WS-11-default,S,default,0.6,5,1000000,10,batchU,0,4,48,100,1,5,ok,40,51,0.0005451571159700015,178154,"Zipf formula, not realized key frequency"
WS-11-default,S,default,0.6,5,1000000,10,batchU,0,4,48,100,1,6,ok,47,51,0.000496996821847876,178154,"Zipf formula, not realized key frequency"
WS-11-default,S,default,0.6,5,1000000,10,batchU,0,4,48,100,1,7,ok,34,51,0.00045873137350436533,178154,"Zipf formula, not realized key frequency"
WS-11-default,S,default,0.6,5,1000000,10,batchU,0,4,48,100,2,0,ok,262,141,0.0015973954224233198,178154,"Zipf formula, not realized key frequency"
WS-11-default,S,default,0.6,5,1000000,10,batchU,0,4,48,100,2,1,ok,167,141,0.0010538879482599897,178154,"Zipf formula, not realized key frequency"
WS-11-default,S,default,0.6,5,1000000,10,batchU,0,4,48,100,2,2,ok,163,141,0.0008263036720267617,178154,"Zipf formula, not realized key frequency"
WS-11-default,S,default,0.6,5,1000000,10,batchU,0,4,48,100,2,3,ok,131,141,0.0006953067423986355,178154,"Zipf formula, not realized key frequency"
WS-11-default,S,default,0.6,5,1000000,10,batchU,0,4,48,100,2,4,ok,122,141,0.0006081776175165734,178154,"Zipf formula, not realized key frequency"
WS-11-default,S,default,0.6,5,1000000,10,batchU,0,4,48,100,2,5,ok,86,141,0.0005451571159700015,178154,"Zipf formula, not realized key frequency"
WS-11-default,S,default,0.6,5,1000000,10,batchU,0,4,48,100,2,6,ok,98,141,0.000496996821847876,178154,"Zipf formula, not realized key frequency"
WS-11-default,S,default,0.6,5,1000000,10,batchU,0,4,48,100,2,7,ok,76,141,0.00045873137350436533,178154,"Zipf formula, not realized key frequency"
WS-11-tuned,S,tuned,0.6,5,1000000,10,batchU,0,4,48,100,1,0,ok,80,35,0.0015973954224233198,178154,"Zipf formula, not realized key frequency"
WS-11-tuned,S,tuned,0.6,5,1000000,10,batchU,0,4,48,100,1,1,ok,46,35,0.0010538879482599897,178154,"Zipf formula, not realized key frequency"
WS-11-tuned,S,tuned,0.6,5,1000000,10,batchU,0,4,48,100,1,2,ok,39,35,0.0008263036720267617,178154,"Zipf formula, not realized key frequency"
WS-11-tuned,S,tuned,0.6,5,1000000,10,batchU,0,4,48,100,1,3,ok,32,35,0.0006953067423986355,178154,"Zipf formula, not realized key frequency"
WS-11-tuned,S,tuned,0.6,5,1000000,10,batchU,0,4,48,100,1,4,ok,30,35,0.0006081776175165734,178154,"Zipf formula, not realized key frequency"
WS-11-tuned,S,tuned,0.6,5,1000000,10,batchU,0,4,48,100,1,5,ok,30,35,0.0005451571159700015,178154,"Zipf formula, not realized key frequency"
WS-11-tuned,S,tuned,0.6,5,1000000,10,batchU,0,4,48,100,1,6,ok,23,35,0.000496996821847876,178154,"Zipf formula, not realized key frequency"
WS-11-tuned,S,tuned,0.6,5,1000000,10,batchU,0,4,48,100,1,7,ok,23,35,0.00045873137350436533,178154,"Zipf formula, not realized key frequency"
WS-11-tuned,S,tuned,0.6,5,1000000,10,batchU,0,4,48,100,2,0,ok,28,12,0.0015973954224233198,178154,"Zipf formula, not realized key frequency"
WS-11-tuned,S,tuned,0.6,5,1000000,10,batchU,0,4,48,100,2,1,ok,15,12,0.0010538879482599897,178154,"Zipf formula, not realized key frequency"
WS-11-tuned,S,tuned,0.6,5,1000000,10,batchU,0,4,48,100,2,2,ok,15,12,0.0008263036720267617,178154,"Zipf formula, not realized key frequency"
WS-11-tuned,S,tuned,0.6,5,1000000,10,batchU,0,4,48,100,2,3,ok,13,12,0.0006953067423986355,178154,"Zipf formula, not realized key frequency"
WS-11-tuned,S,tuned,0.6,5,1000000,10,batchU,0,4,48,100,2,4,ok,14,12,0.0006081776175165734,178154,"Zipf formula, not realized key frequency"
WS-11-tuned,S,tuned,0.6,5,1000000,10,batchU,0,4,48,100,2,5,ok,8,12,0.0005451571159700015,178154,"Zipf formula, not realized key frequency"
WS-11-tuned,S,tuned,0.6,5,1000000,10,batchU,0,4,48,100,2,6,ok,8,12,0.000496996821847876,178154,"Zipf formula, not realized key frequency"
WS-11-tuned,S,tuned,0.6,5,1000000,10,batchU,0,4,48,100,2,7,ok,9,12,0.00045873137350436533,178154,"Zipf formula, not realized key frequency"
WS-12-default,S,default,0.6,5,1000000,10,batchR,0,4,48,100,1,0,ok,15953,5478,0.0015973954224233198,178154,"Zipf formula, not realized key frequency"
WS-12-default,S,default,0.6,5,1000000,10,batchR,0,4,48,100,1,1,ok,10461,5478,0.0010538879482599897,178154,"Zipf formula, not realized key frequency"
WS-12-default,S,default,0.6,5,1000000,10,batchR,0,4,48,100,1,2,ok,9149,5478,0.0008263036720267617,178154,"Zipf formula, not realized key frequency"
WS-12-default,S,default,0.6,5,1000000,10,batchR,0,4,48,100,1,3,ok,7543,5478,0.0006953067423986355,178154,"Zipf formula, not realized key frequency"
WS-12-default,S,default,0.6,5,1000000,10,batchR,0,4,48,100,1,4,ok,6431,5478,0.0006081776175165734,178154,"Zipf formula, not realized key frequency"
WS-12-default,S,default,0.6,5,1000000,10,batchR,0,4,48,100,1,5,ok,5600,5478,0.0005451571159700015,178154,"Zipf formula, not realized key frequency"
WS-12-default,S,default,0.6,5,1000000,10,batchR,0,4,48,100,1,6,ok,5220,5478,0.000496996821847876,178154,"Zipf formula, not realized key frequency"
WS-12-default,S,default,0.6,5,1000000,10,batchR,0,4,48,100,1,7,ok,4826,5478,0.00045873137350436533,178154,"Zipf formula, not realized key frequency"
WS-12-default,S,default,0.6,5,1000000,10,batchR,0,4,48,100,2,0,ok,15707,5411,0.0015973954224233198,178154,"Zipf formula, not realized key frequency"
WS-12-default,S,default,0.6,5,1000000,10,batchR,0,4,48,100,2,1,ok,10339,5411,0.0010538879482599897,178154,"Zipf formula, not realized key frequency"
WS-12-default,S,default,0.6,5,1000000,10,batchR,0,4,48,100,2,2,ok,9272,5411,0.0008263036720267617,178154,"Zipf formula, not realized key frequency"
WS-12-default,S,default,0.6,5,1000000,10,batchR,0,4,48,100,2,3,ok,7526,5411,0.0006953067423986355,178154,"Zipf formula, not realized key frequency"
WS-12-default,S,default,0.6,5,1000000,10,batchR,0,4,48,100,2,4,ok,6230,5411,0.0006081776175165734,178154,"Zipf formula, not realized key frequency"
WS-12-default,S,default,0.6,5,1000000,10,batchR,0,4,48,100,2,5,ok,5607,5411,0.0005451571159700015,178154,"Zipf formula, not realized key frequency"
WS-12-default,S,default,0.6,5,1000000,10,batchR,0,4,48,100,2,6,ok,5148,5411,0.000496996821847876,178154,"Zipf formula, not realized key frequency"
WS-12-default,S,default,0.6,5,1000000,10,batchR,0,4,48,100,2,7,ok,4516,5411,0.00045873137350436533,178154,"Zipf formula, not realized key frequency"
WS-12-tuned,S,tuned,0.6,5,1000000,10,batchR,0,4,48,100,1,0,ok,15885,5556,0.0015973954224233198,178154,"Zipf formula, not realized key frequency"
WS-12-tuned,S,tuned,0.6,5,1000000,10,batchR,0,4,48,100,1,1,ok,10291,5556,0.0010538879482599897,178154,"Zipf formula, not realized key frequency"
WS-12-tuned,S,tuned,0.6,5,1000000,10,batchR,0,4,48,100,1,2,ok,9012,5556,0.0008263036720267617,178154,"Zipf formula, not realized key frequency"
WS-12-tuned,S,tuned,0.6,5,1000000,10,batchR,0,4,48,100,1,3,ok,7544,5556,0.0006953067423986355,178154,"Zipf formula, not realized key frequency"
WS-12-tuned,S,tuned,0.6,5,1000000,10,batchR,0,4,48,100,1,4,ok,6445,5556,0.0006081776175165734,178154,"Zipf formula, not realized key frequency"
WS-12-tuned,S,tuned,0.6,5,1000000,10,batchR,0,4,48,100,1,5,ok,5739,5556,0.0005451571159700015,178154,"Zipf formula, not realized key frequency"
WS-12-tuned,S,tuned,0.6,5,1000000,10,batchR,0,4,48,100,1,6,ok,5060,5556,0.000496996821847876,178154,"Zipf formula, not realized key frequency"
WS-12-tuned,S,tuned,0.6,5,1000000,10,batchR,0,4,48,100,1,7,ok,4841,5556,0.00045873137350436533,178154,"Zipf formula, not realized key frequency"
WS-12-tuned,S,tuned,0.6,5,1000000,10,batchR,0,4,48,100,2,0,ok,14041,4689,0.0015973954224233198,178154,"Zipf formula, not realized key frequency"
WS-12-tuned,S,tuned,0.6,5,1000000,10,batchR,0,4,48,100,2,1,ok,9337,4689,0.0010538879482599897,178154,"Zipf formula, not realized key frequency"
WS-12-tuned,S,tuned,0.6,5,1000000,10,batchR,0,4,48,100,2,2,ok,8115,4689,0.0008263036720267617,178154,"Zipf formula, not realized key frequency"
WS-12-tuned,S,tuned,0.6,5,1000000,10,batchR,0,4,48,100,2,3,ok,6584,4689,0.0006953067423986355,178154,"Zipf formula, not realized key frequency"
WS-12-tuned,S,tuned,0.6,5,1000000,10,batchR,0,4,48,100,2,4,ok,5629,4689,0.0006081776175165734,178154,"Zipf formula, not realized key frequency"
WS-12-tuned,S,tuned,0.6,5,1000000,10,batchR,0,4,48,100,2,5,ok,5069,4689,0.0005451571159700015,178154,"Zipf formula, not realized key frequency"
WS-12-tuned,S,tuned,0.6,5,1000000,10,batchR,0,4,48,100,2,6,ok,4413,4689,0.000496996821847876,178154,"Zipf formula, not realized key frequency"
WS-12-tuned,S,tuned,0.6,5,1000000,10,batchR,0,4,48,100,2,7,ok,4084,4689,0.00045873137350436533,178154,"Zipf formula, not realized key frequency"
WS-13-default,S,default,0.6,50,1000000,10,none,0,4,48,100,1,0,ok,239,127,0.0015973954224233198,178154,"Zipf formula, not realized key frequency"
WS-13-default,S,default,0.6,50,1000000,10,none,0,4,48,100,1,1,ok,176,127,0.0010538879482599897,178154,"Zipf formula, not realized key frequency"
WS-13-default,S,default,0.6,50,1000000,10,none,0,4,48,100,1,2,ok,151,127,0.0008263036720267617,178154,"Zipf formula, not realized key frequency"
WS-13-default,S,default,0.6,50,1000000,10,none,0,4,48,100,1,3,ok,119,127,0.0006953067423986355,178154,"Zipf formula, not realized key frequency"
WS-13-default,S,default,0.6,50,1000000,10,none,0,4,48,100,1,4,ok,116,127,0.0006081776175165734,178154,"Zipf formula, not realized key frequency"
WS-13-default,S,default,0.6,50,1000000,10,none,0,4,48,100,1,5,ok,91,127,0.0005451571159700015,178154,"Zipf formula, not realized key frequency"
WS-13-default,S,default,0.6,50,1000000,10,none,0,4,48,100,1,6,ok,80,127,0.000496996821847876,178154,"Zipf formula, not realized key frequency"
WS-13-default,S,default,0.6,50,1000000,10,none,0,4,48,100,1,7,ok,80,127,0.00045873137350436533,178154,"Zipf formula, not realized key frequency"
WS-13-default,S,default,0.6,50,1000000,10,none,0,4,48,100,2,0,ok,116,55,0.0015973954224233198,178154,"Zipf formula, not realized key frequency"
WS-13-default,S,default,0.6,50,1000000,10,none,0,4,48,100,2,1,ok,60,55,0.0010538879482599897,178154,"Zipf formula, not realized key frequency"
WS-13-default,S,default,0.6,50,1000000,10,none,0,4,48,100,2,2,ok,73,55,0.0008263036720267617,178154,"Zipf formula, not realized key frequency"
WS-13-default,S,default,0.6,50,1000000,10,none,0,4,48,100,2,3,ok,47,55,0.0006953067423986355,178154,"Zipf formula, not realized key frequency"
WS-13-default,S,default,0.6,50,1000000,10,none,0,4,48,100,2,4,ok,39,55,0.0006081776175165734,178154,"Zipf formula, not realized key frequency"
WS-13-default,S,default,0.6,50,1000000,10,none,0,4,48,100,2,5,ok,45,55,0.0005451571159700015,178154,"Zipf formula, not realized key frequency"
WS-13-default,S,default,0.6,50,1000000,10,none,0,4,48,100,2,6,ok,28,55,0.000496996821847876,178154,"Zipf formula, not realized key frequency"
WS-13-default,S,default,0.6,50,1000000,10,none,0,4,48,100,2,7,ok,27,55,0.00045873137350436533,178154,"Zipf formula, not realized key frequency"
WS-13-tuned,S,tuned,0.6,50,1000000,10,none,0,4,48,100,1,0,ok,13,7,0.0015973954224233198,178154,"Zipf formula, not realized key frequency"
WS-13-tuned,S,tuned,0.6,50,1000000,10,none,0,4,48,100,1,1,ok,12,7,0.0010538879482599897,178154,"Zipf formula, not realized key frequency"
WS-13-tuned,S,tuned,0.6,50,1000000,10,none,0,4,48,100,1,2,ok,6,7,0.0008263036720267617,178154,"Zipf formula, not realized key frequency"
WS-13-tuned,S,tuned,0.6,50,1000000,10,none,0,4,48,100,1,3,ok,4,7,0.0006953067423986355,178154,"Zipf formula, not realized key frequency"
WS-13-tuned,S,tuned,0.6,50,1000000,10,none,0,4,48,100,1,4,ok,4,7,0.0006081776175165734,178154,"Zipf formula, not realized key frequency"
WS-13-tuned,S,tuned,0.6,50,1000000,10,none,0,4,48,100,1,5,ok,3,7,0.0005451571159700015,178154,"Zipf formula, not realized key frequency"
WS-13-tuned,S,tuned,0.6,50,1000000,10,none,0,4,48,100,1,6,ok,4,7,0.000496996821847876,178154,"Zipf formula, not realized key frequency"
WS-13-tuned,S,tuned,0.6,50,1000000,10,none,0,4,48,100,1,7,ok,3,7,0.00045873137350436533,178154,"Zipf formula, not realized key frequency"
WS-13-tuned,S,tuned,0.6,50,1000000,10,none,0,4,48,100,2,0,ok,77,44,0.0015973954224233198,178154,"Zipf formula, not realized key frequency"
WS-13-tuned,S,tuned,0.6,50,1000000,10,none,0,4,48,100,2,1,ok,46,44,0.0010538879482599897,178154,"Zipf formula, not realized key frequency"
WS-13-tuned,S,tuned,0.6,50,1000000,10,none,0,4,48,100,2,2,ok,46,44,0.0008263036720267617,178154,"Zipf formula, not realized key frequency"
WS-13-tuned,S,tuned,0.6,50,1000000,10,none,0,4,48,100,2,3,ok,40,44,0.0006953067423986355,178154,"Zipf formula, not realized key frequency"
WS-13-tuned,S,tuned,0.6,50,1000000,10,none,0,4,48,100,2,4,ok,35,44,0.0006081776175165734,178154,"Zipf formula, not realized key frequency"
WS-13-tuned,S,tuned,0.6,50,1000000,10,none,0,4,48,100,2,5,ok,34,44,0.0005451571159700015,178154,"Zipf formula, not realized key frequency"
WS-13-tuned,S,tuned,0.6,50,1000000,10,none,0,4,48,100,2,6,ok,37,44,0.000496996821847876,178154,"Zipf formula, not realized key frequency"
WS-13-tuned,S,tuned,0.6,50,1000000,10,none,0,4,48,100,2,7,ok,30,44,0.00045873137350436533,178154,"Zipf formula, not realized key frequency"
WS-14-default,S,default,0.6,50,1000000,10,batchU,0,4,48,100,1,0,ok,242,149,0.0015973954224233198,178154,"Zipf formula, not realized key frequency"
WS-14-default,S,default,0.6,50,1000000,10,batchU,0,4,48,100,1,1,ok,181,149,0.0010538879482599897,178154,"Zipf formula, not realized key frequency"
WS-14-default,S,default,0.6,50,1000000,10,batchU,0,4,48,100,1,2,ok,168,149,0.0008263036720267617,178154,"Zipf formula, not realized key frequency"
WS-14-default,S,default,0.6,50,1000000,10,batchU,0,4,48,100,1,3,ok,127,149,0.0006953067423986355,178154,"Zipf formula, not realized key frequency"
WS-14-default,S,default,0.6,50,1000000,10,batchU,0,4,48,100,1,4,ok,119,149,0.0006081776175165734,178154,"Zipf formula, not realized key frequency"
WS-14-default,S,default,0.6,50,1000000,10,batchU,0,4,48,100,1,5,ok,88,149,0.0005451571159700015,178154,"Zipf formula, not realized key frequency"
WS-14-default,S,default,0.6,50,1000000,10,batchU,0,4,48,100,1,6,ok,84,149,0.000496996821847876,178154,"Zipf formula, not realized key frequency"
WS-14-default,S,default,0.6,50,1000000,10,batchU,0,4,48,100,1,7,ok,75,149,0.00045873137350436533,178154,"Zipf formula, not realized key frequency"
WS-14-default,S,default,0.6,50,1000000,10,batchU,0,4,48,100,2,0,ok,158,80,0.0015973954224233198,178154,"Zipf formula, not realized key frequency"
WS-14-default,S,default,0.6,50,1000000,10,batchU,0,4,48,100,2,1,ok,93,80,0.0010538879482599897,178154,"Zipf formula, not realized key frequency"
WS-14-default,S,default,0.6,50,1000000,10,batchU,0,4,48,100,2,2,ok,64,80,0.0008263036720267617,178154,"Zipf formula, not realized key frequency"
WS-14-default,S,default,0.6,50,1000000,10,batchU,0,4,48,100,2,3,ok,68,80,0.0006953067423986355,178154,"Zipf formula, not realized key frequency"
WS-14-default,S,default,0.6,50,1000000,10,batchU,0,4,48,100,2,4,ok,71,80,0.0006081776175165734,178154,"Zipf formula, not realized key frequency"
WS-14-default,S,default,0.6,50,1000000,10,batchU,0,4,48,100,2,5,ok,62,80,0.0005451571159700015,178154,"Zipf formula, not realized key frequency"
WS-14-default,S,default,0.6,50,1000000,10,batchU,0,4,48,100,2,6,ok,43,80,0.000496996821847876,178154,"Zipf formula, not realized key frequency"
WS-14-default,S,default,0.6,50,1000000,10,batchU,0,4,48,100,2,7,ok,47,80,0.00045873137350436533,178154,"Zipf formula, not realized key frequency"
WS-14-tuned,S,tuned,0.6,50,1000000,10,batchU,0,4,48,100,1,0,ok,22,13,0.0015973954224233198,178154,"Zipf formula, not realized key frequency"
WS-14-tuned,S,tuned,0.6,50,1000000,10,batchU,0,4,48,100,1,1,ok,10,13,0.0010538879482599897,178154,"Zipf formula, not realized key frequency"
WS-14-tuned,S,tuned,0.6,50,1000000,10,batchU,0,4,48,100,1,2,ok,12,13,0.0008263036720267617,178154,"Zipf formula, not realized key frequency"
WS-14-tuned,S,tuned,0.6,50,1000000,10,batchU,0,4,48,100,1,3,ok,7,13,0.0006953067423986355,178154,"Zipf formula, not realized key frequency"
WS-14-tuned,S,tuned,0.6,50,1000000,10,batchU,0,4,48,100,1,4,ok,11,13,0.0006081776175165734,178154,"Zipf formula, not realized key frequency"
WS-14-tuned,S,tuned,0.6,50,1000000,10,batchU,0,4,48,100,1,5,ok,7,13,0.0005451571159700015,178154,"Zipf formula, not realized key frequency"
WS-14-tuned,S,tuned,0.6,50,1000000,10,batchU,0,4,48,100,1,6,ok,6,13,0.000496996821847876,178154,"Zipf formula, not realized key frequency"
WS-14-tuned,S,tuned,0.6,50,1000000,10,batchU,0,4,48,100,1,7,ok,7,13,0.00045873137350436533,178154,"Zipf formula, not realized key frequency"
WS-14-tuned,S,tuned,0.6,50,1000000,10,batchU,0,4,48,100,2,0,ok,104,54,0.0015973954224233198,178154,"Zipf formula, not realized key frequency"
WS-14-tuned,S,tuned,0.6,50,1000000,10,batchU,0,4,48,100,2,1,ok,88,54,0.0010538879482599897,178154,"Zipf formula, not realized key frequency"
WS-14-tuned,S,tuned,0.6,50,1000000,10,batchU,0,4,48,100,2,2,ok,54,54,0.0008263036720267617,178154,"Zipf formula, not realized key frequency"
WS-14-tuned,S,tuned,0.6,50,1000000,10,batchU,0,4,48,100,2,3,ok,48,54,0.0006953067423986355,178154,"Zipf formula, not realized key frequency"
WS-14-tuned,S,tuned,0.6,50,1000000,10,batchU,0,4,48,100,2,4,ok,46,54,0.0006081776175165734,178154,"Zipf formula, not realized key frequency"
WS-14-tuned,S,tuned,0.6,50,1000000,10,batchU,0,4,48,100,2,5,ok,52,54,0.0005451571159700015,178154,"Zipf formula, not realized key frequency"
WS-14-tuned,S,tuned,0.6,50,1000000,10,batchU,0,4,48,100,2,6,ok,44,54,0.000496996821847876,178154,"Zipf formula, not realized key frequency"
WS-14-tuned,S,tuned,0.6,50,1000000,10,batchU,0,4,48,100,2,7,ok,28,54,0.00045873137350436533,178154,"Zipf formula, not realized key frequency"
WS-15-default,S,default,0.6,50,1000000,10,batchR,0,4,48,100,1,0,ok,17060,6108,0.0015973954224233198,178154,"Zipf formula, not realized key frequency"
WS-15-default,S,default,0.6,50,1000000,10,batchR,0,4,48,100,1,1,ok,11250,6108,0.0010538879482599897,178154,"Zipf formula, not realized key frequency"
WS-15-default,S,default,0.6,50,1000000,10,batchR,0,4,48,100,1,2,ok,9971,6108,0.0008263036720267617,178154,"Zipf formula, not realized key frequency"
WS-15-default,S,default,0.6,50,1000000,10,batchR,0,4,48,100,1,3,ok,7975,6108,0.0006953067423986355,178154,"Zipf formula, not realized key frequency"
WS-15-default,S,default,0.6,50,1000000,10,batchR,0,4,48,100,1,4,ok,6876,6108,0.0006081776175165734,178154,"Zipf formula, not realized key frequency"
WS-15-default,S,default,0.6,50,1000000,10,batchR,0,4,48,100,1,5,ok,6142,6108,0.0005451571159700015,178154,"Zipf formula, not realized key frequency"
WS-15-default,S,default,0.6,50,1000000,10,batchR,0,4,48,100,1,6,ok,5661,6108,0.000496996821847876,178154,"Zipf formula, not realized key frequency"
WS-15-default,S,default,0.6,50,1000000,10,batchR,0,4,48,100,1,7,ok,5050,6108,0.00045873137350436533,178154,"Zipf formula, not realized key frequency"
WS-15-default,S,default,0.6,50,1000000,10,batchR,0,4,48,100,2,0,ok,16809,5989,0.0015973954224233198,178154,"Zipf formula, not realized key frequency"
WS-15-default,S,default,0.6,50,1000000,10,batchR,0,4,48,100,2,1,ok,10785,5989,0.0010538879482599897,178154,"Zipf formula, not realized key frequency"
WS-15-default,S,default,0.6,50,1000000,10,batchR,0,4,48,100,2,2,ok,9655,5989,0.0008263036720267617,178154,"Zipf formula, not realized key frequency"
WS-15-default,S,default,0.6,50,1000000,10,batchR,0,4,48,100,2,3,ok,7943,5989,0.0006953067423986355,178154,"Zipf formula, not realized key frequency"
WS-15-default,S,default,0.6,50,1000000,10,batchR,0,4,48,100,2,4,ok,6665,5989,0.0006081776175165734,178154,"Zipf formula, not realized key frequency"
WS-15-default,S,default,0.6,50,1000000,10,batchR,0,4,48,100,2,5,ok,5938,5989,0.0005451571159700015,178154,"Zipf formula, not realized key frequency"
WS-15-default,S,default,0.6,50,1000000,10,batchR,0,4,48,100,2,6,ok,5418,5989,0.000496996821847876,178154,"Zipf formula, not realized key frequency"
WS-15-default,S,default,0.6,50,1000000,10,batchR,0,4,48,100,2,7,ok,4782,5989,0.00045873137350436533,178154,"Zipf formula, not realized key frequency"
WS-15-tuned,S,tuned,0.6,50,1000000,10,batchR,0,4,48,100,1,0,ok,17237,6100,0.0015973954224233198,178154,"Zipf formula, not realized key frequency"
WS-15-tuned,S,tuned,0.6,50,1000000,10,batchR,0,4,48,100,1,1,ok,10995,6100,0.0010538879482599897,178154,"Zipf formula, not realized key frequency"
WS-15-tuned,S,tuned,0.6,50,1000000,10,batchR,0,4,48,100,1,2,ok,9742,6100,0.0008263036720267617,178154,"Zipf formula, not realized key frequency"
WS-15-tuned,S,tuned,0.6,50,1000000,10,batchR,0,4,48,100,1,3,ok,7891,6100,0.0006953067423986355,178154,"Zipf formula, not realized key frequency"
WS-15-tuned,S,tuned,0.6,50,1000000,10,batchR,0,4,48,100,1,4,ok,6651,6100,0.0006081776175165734,178154,"Zipf formula, not realized key frequency"
WS-15-tuned,S,tuned,0.6,50,1000000,10,batchR,0,4,48,100,1,5,ok,5951,6100,0.0005451571159700015,178154,"Zipf formula, not realized key frequency"
WS-15-tuned,S,tuned,0.6,50,1000000,10,batchR,0,4,48,100,1,6,ok,5372,6100,0.000496996821847876,178154,"Zipf formula, not realized key frequency"
WS-15-tuned,S,tuned,0.6,50,1000000,10,batchR,0,4,48,100,1,7,ok,4962,6100,0.00045873137350436533,178154,"Zipf formula, not realized key frequency"
WS-15-tuned,S,tuned,0.6,50,1000000,10,batchR,0,4,48,100,2,0,ok,16684,6284,0.0015973954224233198,178154,"Zipf formula, not realized key frequency"
WS-15-tuned,S,tuned,0.6,50,1000000,10,batchR,0,4,48,100,2,1,ok,11125,6284,0.0010538879482599897,178154,"Zipf formula, not realized key frequency"
WS-15-tuned,S,tuned,0.6,50,1000000,10,batchR,0,4,48,100,2,2,ok,9595,6284,0.0008263036720267617,178154,"Zipf formula, not realized key frequency"
WS-15-tuned,S,tuned,0.6,50,1000000,10,batchR,0,4,48,100,2,3,ok,7821,6284,0.0006953067423986355,178154,"Zipf formula, not realized key frequency"
WS-15-tuned,S,tuned,0.6,50,1000000,10,batchR,0,4,48,100,2,4,ok,6718,6284,0.0006081776175165734,178154,"Zipf formula, not realized key frequency"
WS-15-tuned,S,tuned,0.6,50,1000000,10,batchR,0,4,48,100,2,5,ok,5859,6284,0.0005451571159700015,178154,"Zipf formula, not realized key frequency"
WS-15-tuned,S,tuned,0.6,50,1000000,10,batchR,0,4,48,100,2,6,ok,5344,6284,0.000496996821847876,178154,"Zipf formula, not realized key frequency"
WS-15-tuned,S,tuned,0.6,50,1000000,10,batchR,0,4,48,100,2,7,ok,4902,6284,0.00045873137350436533,178154,"Zipf formula, not realized key frequency"
WS-16-default,S,default,0.6,95,1000000,10,none,0,4,48,100,1,0,ok,16,9,0.0015973954224233198,178154,"Zipf formula, not realized key frequency"
WS-16-default,S,default,0.6,95,1000000,10,none,0,4,48,100,1,1,ok,12,9,0.0010538879482599897,178154,"Zipf formula, not realized key frequency"
WS-16-default,S,default,0.6,95,1000000,10,none,0,4,48,100,1,2,ok,12,9,0.0008263036720267617,178154,"Zipf formula, not realized key frequency"
WS-16-default,S,default,0.6,95,1000000,10,none,0,4,48,100,1,3,ok,7,9,0.0006953067423986355,178154,"Zipf formula, not realized key frequency"
WS-16-default,S,default,0.6,95,1000000,10,none,0,4,48,100,1,4,ok,6,9,0.0006081776175165734,178154,"Zipf formula, not realized key frequency"
WS-16-default,S,default,0.6,95,1000000,10,none,0,4,48,100,1,5,ok,8,9,0.0005451571159700015,178154,"Zipf formula, not realized key frequency"
WS-16-default,S,default,0.6,95,1000000,10,none,0,4,48,100,1,6,ok,4,9,0.000496996821847876,178154,"Zipf formula, not realized key frequency"
WS-16-default,S,default,0.6,95,1000000,10,none,0,4,48,100,1,7,ok,3,9,0.00045873137350436533,178154,"Zipf formula, not realized key frequency"
WS-16-default,S,default,0.6,95,1000000,10,none,0,4,48,100,2,0,ok,12,8,0.0015973954224233198,178154,"Zipf formula, not realized key frequency"
WS-16-default,S,default,0.6,95,1000000,10,none,0,4,48,100,2,1,ok,9,8,0.0010538879482599897,178154,"Zipf formula, not realized key frequency"
WS-16-default,S,default,0.6,95,1000000,10,none,0,4,48,100,2,2,ok,10,8,0.0008263036720267617,178154,"Zipf formula, not realized key frequency"
WS-16-default,S,default,0.6,95,1000000,10,none,0,4,48,100,2,3,ok,6,8,0.0006953067423986355,178154,"Zipf formula, not realized key frequency"
WS-16-default,S,default,0.6,95,1000000,10,none,0,4,48,100,2,4,ok,3,8,0.0006081776175165734,178154,"Zipf formula, not realized key frequency"
WS-16-default,S,default,0.6,95,1000000,10,none,0,4,48,100,2,5,ok,5,8,0.0005451571159700015,178154,"Zipf formula, not realized key frequency"
WS-16-default,S,default,0.6,95,1000000,10,none,0,4,48,100,2,6,ok,1,8,0.000496996821847876,178154,"Zipf formula, not realized key frequency"
WS-16-default,S,default,0.6,95,1000000,10,none,0,4,48,100,2,7,ok,8,8,0.00045873137350436533,178154,"Zipf formula, not realized key frequency"
WS-16-tuned,S,tuned,0.6,95,1000000,10,none,0,4,48,100,1,0,ok,3,3,0.0015973954224233198,178154,"Zipf formula, not realized key frequency"
WS-16-tuned,S,tuned,0.6,95,1000000,10,none,0,4,48,100,1,1,ok,2,3,0.0010538879482599897,178154,"Zipf formula, not realized key frequency"
WS-16-tuned,S,tuned,0.6,95,1000000,10,none,0,4,48,100,1,2,ok,4,3,0.0008263036720267617,178154,"Zipf formula, not realized key frequency"
WS-16-tuned,S,tuned,0.6,95,1000000,10,none,0,4,48,100,1,3,ok,6,3,0.0006953067423986355,178154,"Zipf formula, not realized key frequency"
WS-16-tuned,S,tuned,0.6,95,1000000,10,none,0,4,48,100,1,4,ok,1,3,0.0006081776175165734,178154,"Zipf formula, not realized key frequency"
WS-16-tuned,S,tuned,0.6,95,1000000,10,none,0,4,48,100,1,5,ok,2,3,0.0005451571159700015,178154,"Zipf formula, not realized key frequency"
WS-16-tuned,S,tuned,0.6,95,1000000,10,none,0,4,48,100,1,6,ok,4,3,0.000496996821847876,178154,"Zipf formula, not realized key frequency"
WS-16-tuned,S,tuned,0.6,95,1000000,10,none,0,4,48,100,1,7,ok,1,3,0.00045873137350436533,178154,"Zipf formula, not realized key frequency"
WS-16-tuned,S,tuned,0.6,95,1000000,10,none,0,4,48,100,2,0,ok,4,4,0.0015973954224233198,178154,"Zipf formula, not realized key frequency"
WS-16-tuned,S,tuned,0.6,95,1000000,10,none,0,4,48,100,2,1,ok,3,4,0.0010538879482599897,178154,"Zipf formula, not realized key frequency"
WS-16-tuned,S,tuned,0.6,95,1000000,10,none,0,4,48,100,2,2,ok,2,4,0.0008263036720267617,178154,"Zipf formula, not realized key frequency"
WS-16-tuned,S,tuned,0.6,95,1000000,10,none,0,4,48,100,2,3,ok,2,4,0.0006953067423986355,178154,"Zipf formula, not realized key frequency"
WS-16-tuned,S,tuned,0.6,95,1000000,10,none,0,4,48,100,2,4,ok,1,4,0.0006081776175165734,178154,"Zipf formula, not realized key frequency"
WS-16-tuned,S,tuned,0.6,95,1000000,10,none,0,4,48,100,2,5,ok,1,4,0.0005451571159700015,178154,"Zipf formula, not realized key frequency"
WS-16-tuned,S,tuned,0.6,95,1000000,10,none,0,4,48,100,2,6,ok,1,4,0.000496996821847876,178154,"Zipf formula, not realized key frequency"
WS-16-tuned,S,tuned,0.6,95,1000000,10,none,0,4,48,100,2,7,ok,1,4,0.00045873137350436533,178154,"Zipf formula, not realized key frequency"
WS-17-default,S,default,0.6,95,1000000,10,batchU,0,4,48,100,1,0,ok,51,17,0.0015973954224233198,178154,"Zipf formula, not realized key frequency"
WS-17-default,S,default,0.6,95,1000000,10,batchU,0,4,48,100,1,1,ok,24,17,0.0010538879482599897,178154,"Zipf formula, not realized key frequency"
WS-17-default,S,default,0.6,95,1000000,10,batchU,0,4,48,100,1,2,ok,20,17,0.0008263036720267617,178154,"Zipf formula, not realized key frequency"
WS-17-default,S,default,0.6,95,1000000,10,batchU,0,4,48,100,1,3,ok,10,17,0.0006953067423986355,178154,"Zipf formula, not realized key frequency"
WS-17-default,S,default,0.6,95,1000000,10,batchU,0,4,48,100,1,4,ok,19,17,0.0006081776175165734,178154,"Zipf formula, not realized key frequency"
WS-17-default,S,default,0.6,95,1000000,10,batchU,0,4,48,100,1,5,ok,8,17,0.0005451571159700015,178154,"Zipf formula, not realized key frequency"
WS-17-default,S,default,0.6,95,1000000,10,batchU,0,4,48,100,1,6,ok,21,17,0.000496996821847876,178154,"Zipf formula, not realized key frequency"
WS-17-default,S,default,0.6,95,1000000,10,batchU,0,4,48,100,1,7,ok,12,17,0.00045873137350436533,178154,"Zipf formula, not realized key frequency"
WS-17-default,S,default,0.6,95,1000000,10,batchU,0,4,48,100,2,0,ok,21,14,0.0015973954224233198,178154,"Zipf formula, not realized key frequency"
WS-17-default,S,default,0.6,95,1000000,10,batchU,0,4,48,100,2,1,ok,8,14,0.0010538879482599897,178154,"Zipf formula, not realized key frequency"
WS-17-default,S,default,0.6,95,1000000,10,batchU,0,4,48,100,2,2,ok,14,14,0.0008263036720267617,178154,"Zipf formula, not realized key frequency"
WS-17-default,S,default,0.6,95,1000000,10,batchU,0,4,48,100,2,3,ok,17,14,0.0006953067423986355,178154,"Zipf formula, not realized key frequency"
WS-17-default,S,default,0.6,95,1000000,10,batchU,0,4,48,100,2,4,ok,12,14,0.0006081776175165734,178154,"Zipf formula, not realized key frequency"
WS-17-default,S,default,0.6,95,1000000,10,batchU,0,4,48,100,2,5,ok,12,14,0.0005451571159700015,178154,"Zipf formula, not realized key frequency"
WS-17-default,S,default,0.6,95,1000000,10,batchU,0,4,48,100,2,6,ok,7,14,0.000496996821847876,178154,"Zipf formula, not realized key frequency"
WS-17-default,S,default,0.6,95,1000000,10,batchU,0,4,48,100,2,7,ok,4,14,0.00045873137350436533,178154,"Zipf formula, not realized key frequency"
WS-17-tuned,S,tuned,0.6,95,1000000,10,batchU,0,4,48,100,1,0,ok,32,23,0.0015973954224233198,178154,"Zipf formula, not realized key frequency"
WS-17-tuned,S,tuned,0.6,95,1000000,10,batchU,0,4,48,100,1,1,ok,35,23,0.0010538879482599897,178154,"Zipf formula, not realized key frequency"
WS-17-tuned,S,tuned,0.6,95,1000000,10,batchU,0,4,48,100,1,2,ok,35,23,0.0008263036720267617,178154,"Zipf formula, not realized key frequency"
WS-17-tuned,S,tuned,0.6,95,1000000,10,batchU,0,4,48,100,1,3,ok,24,23,0.0006953067423986355,178154,"Zipf formula, not realized key frequency"
WS-17-tuned,S,tuned,0.6,95,1000000,10,batchU,0,4,48,100,1,4,ok,15,23,0.0006081776175165734,178154,"Zipf formula, not realized key frequency"
WS-17-tuned,S,tuned,0.6,95,1000000,10,batchU,0,4,48,100,1,5,ok,26,23,0.0005451571159700015,178154,"Zipf formula, not realized key frequency"
WS-17-tuned,S,tuned,0.6,95,1000000,10,batchU,0,4,48,100,1,6,ok,19,23,0.000496996821847876,178154,"Zipf formula, not realized key frequency"
WS-17-tuned,S,tuned,0.6,95,1000000,10,batchU,0,4,48,100,1,7,ok,18,23,0.00045873137350436533,178154,"Zipf formula, not realized key frequency"
WS-17-tuned,S,tuned,0.6,95,1000000,10,batchU,0,4,48,100,2,0,ok,12,5,0.0015973954224233198,178154,"Zipf formula, not realized key frequency"
WS-17-tuned,S,tuned,0.6,95,1000000,10,batchU,0,4,48,100,2,1,ok,4,5,0.0010538879482599897,178154,"Zipf formula, not realized key frequency"
WS-17-tuned,S,tuned,0.6,95,1000000,10,batchU,0,4,48,100,2,2,ok,5,5,0.0008263036720267617,178154,"Zipf formula, not realized key frequency"
WS-17-tuned,S,tuned,0.6,95,1000000,10,batchU,0,4,48,100,2,3,ok,7,5,0.0006953067423986355,178154,"Zipf formula, not realized key frequency"
WS-17-tuned,S,tuned,0.6,95,1000000,10,batchU,0,4,48,100,2,4,ok,4,5,0.0006081776175165734,178154,"Zipf formula, not realized key frequency"
WS-17-tuned,S,tuned,0.6,95,1000000,10,batchU,0,4,48,100,2,5,ok,3,5,0.0005451571159700015,178154,"Zipf formula, not realized key frequency"
WS-17-tuned,S,tuned,0.6,95,1000000,10,batchU,0,4,48,100,2,6,ok,3,5,0.000496996821847876,178154,"Zipf formula, not realized key frequency"
WS-17-tuned,S,tuned,0.6,95,1000000,10,batchU,0,4,48,100,2,7,ok,2,5,0.00045873137350436533,178154,"Zipf formula, not realized key frequency"
WS-18-default,S,default,0.6,95,1000000,10,batchR,0,4,48,100,1,0,ok,18924,11355,0.0015973954224233198,178154,"Zipf formula, not realized key frequency"
WS-18-default,S,default,0.6,95,1000000,10,batchR,0,4,48,100,1,1,ok,12536,11355,0.0010538879482599897,178154,"Zipf formula, not realized key frequency"
WS-18-default,S,default,0.6,95,1000000,10,batchR,0,4,48,100,1,2,ok,10863,11355,0.0008263036720267617,178154,"Zipf formula, not realized key frequency"
WS-18-default,S,default,0.6,95,1000000,10,batchR,0,4,48,100,1,3,ok,8900,11355,0.0006953067423986355,178154,"Zipf formula, not realized key frequency"
WS-18-default,S,default,0.6,95,1000000,10,batchR,0,4,48,100,1,4,ok,7687,11355,0.0006081776175165734,178154,"Zipf formula, not realized key frequency"
WS-18-default,S,default,0.6,95,1000000,10,batchR,0,4,48,100,1,5,ok,6819,11355,0.0005451571159700015,178154,"Zipf formula, not realized key frequency"
WS-18-default,S,default,0.6,95,1000000,10,batchR,0,4,48,100,1,6,ok,5973,11355,0.000496996821847876,178154,"Zipf formula, not realized key frequency"
WS-18-default,S,default,0.6,95,1000000,10,batchR,0,4,48,100,1,7,ok,5533,11355,0.00045873137350436533,178154,"Zipf formula, not realized key frequency"
WS-18-default,S,default,0.6,95,1000000,10,batchR,0,4,48,100,2,0,ok,19402,12683,0.0015973954224233198,178154,"Zipf formula, not realized key frequency"
WS-18-default,S,default,0.6,95,1000000,10,batchR,0,4,48,100,2,1,ok,12879,12683,0.0010538879482599897,178154,"Zipf formula, not realized key frequency"
WS-18-default,S,default,0.6,95,1000000,10,batchR,0,4,48,100,2,2,ok,11251,12683,0.0008263036720267617,178154,"Zipf formula, not realized key frequency"
WS-18-default,S,default,0.6,95,1000000,10,batchR,0,4,48,100,2,3,ok,9038,12683,0.0006953067423986355,178154,"Zipf formula, not realized key frequency"
WS-18-default,S,default,0.6,95,1000000,10,batchR,0,4,48,100,2,4,ok,7821,12683,0.0006081776175165734,178154,"Zipf formula, not realized key frequency"
WS-18-default,S,default,0.6,95,1000000,10,batchR,0,4,48,100,2,5,ok,6724,12683,0.0005451571159700015,178154,"Zipf formula, not realized key frequency"
WS-18-default,S,default,0.6,95,1000000,10,batchR,0,4,48,100,2,6,ok,5894,12683,0.000496996821847876,178154,"Zipf formula, not realized key frequency"
WS-18-default,S,default,0.6,95,1000000,10,batchR,0,4,48,100,2,7,ok,5597,12683,0.00045873137350436533,178154,"Zipf formula, not realized key frequency"
WS-18-tuned,S,tuned,0.6,95,1000000,10,batchR,0,4,48,100,1,0,ok,19150,11517,0.0015973954224233198,178154,"Zipf formula, not realized key frequency"
WS-18-tuned,S,tuned,0.6,95,1000000,10,batchR,0,4,48,100,1,1,ok,12295,11517,0.0010538879482599897,178154,"Zipf formula, not realized key frequency"
WS-18-tuned,S,tuned,0.6,95,1000000,10,batchR,0,4,48,100,1,2,ok,11088,11517,0.0008263036720267617,178154,"Zipf formula, not realized key frequency"
WS-18-tuned,S,tuned,0.6,95,1000000,10,batchR,0,4,48,100,1,3,ok,8699,11517,0.0006953067423986355,178154,"Zipf formula, not realized key frequency"
WS-18-tuned,S,tuned,0.6,95,1000000,10,batchR,0,4,48,100,1,4,ok,7495,11517,0.0006081776175165734,178154,"Zipf formula, not realized key frequency"
WS-18-tuned,S,tuned,0.6,95,1000000,10,batchR,0,4,48,100,1,5,ok,6503,11517,0.0005451571159700015,178154,"Zipf formula, not realized key frequency"
WS-18-tuned,S,tuned,0.6,95,1000000,10,batchR,0,4,48,100,1,6,ok,5926,11517,0.000496996821847876,178154,"Zipf formula, not realized key frequency"
WS-18-tuned,S,tuned,0.6,95,1000000,10,batchR,0,4,48,100,1,7,ok,5373,11517,0.00045873137350436533,178154,"Zipf formula, not realized key frequency"
WS-18-tuned,S,tuned,0.6,95,1000000,10,batchR,0,4,48,100,2,0,ok,18522,9877,0.0015973954224233198,178154,"Zipf formula, not realized key frequency"
WS-18-tuned,S,tuned,0.6,95,1000000,10,batchR,0,4,48,100,2,1,ok,12154,9877,0.0010538879482599897,178154,"Zipf formula, not realized key frequency"
WS-18-tuned,S,tuned,0.6,95,1000000,10,batchR,0,4,48,100,2,2,ok,10509,9877,0.0008263036720267617,178154,"Zipf formula, not realized key frequency"
WS-18-tuned,S,tuned,0.6,95,1000000,10,batchR,0,4,48,100,2,3,ok,8566,9877,0.0006953067423986355,178154,"Zipf formula, not realized key frequency"
WS-18-tuned,S,tuned,0.6,95,1000000,10,batchR,0,4,48,100,2,4,ok,7569,9877,0.0006081776175165734,178154,"Zipf formula, not realized key frequency"
WS-18-tuned,S,tuned,0.6,95,1000000,10,batchR,0,4,48,100,2,5,ok,6449,9877,0.0005451571159700015,178154,"Zipf formula, not realized key frequency"
WS-18-tuned,S,tuned,0.6,95,1000000,10,batchR,0,4,48,100,2,6,ok,5854,9877,0.000496996821847876,178154,"Zipf formula, not realized key frequency"
WS-18-tuned,S,tuned,0.6,95,1000000,10,batchR,0,4,48,100,2,7,ok,5419,9877,0.00045873137350436533,178154,"Zipf formula, not realized key frequency"
WS-19-default,S,default,0.7,5,1000000,10,none,0,4,48,100,1,0,ok,555,216,0.00481833067383284,103649,"Zipf formula, not realized key frequency"
WS-19-default,S,default,0.7,5,1000000,10,none,0,4,48,100,1,1,ok,317,216,0.0029660304453688734,103649,"Zipf formula, not realized key frequency"
WS-19-default,S,default,0.7,5,1000000,10,none,0,4,48,100,1,2,ok,291,216,0.002233118262632713,103649,"Zipf formula, not realized key frequency"
WS-19-default,S,default,0.7,5,1000000,10,none,0,4,48,100,1,3,ok,219,216,0.0018258059063134115,103649,"Zipf formula, not realized key frequency"
WS-19-default,S,default,0.7,5,1000000,10,none,0,4,48,100,1,4,ok,170,216,0.0015617718783188551,103649,"Zipf formula, not realized key frequency"
WS-19-default,S,default,0.7,5,1000000,10,none,0,4,48,100,1,5,ok,175,216,0.0013746455366893853,103649,"Zipf formula, not realized key frequency"
WS-19-default,S,default,0.7,5,1000000,10,none,0,4,48,100,1,6,ok,137,216,0.0012340364097363642,103649,"Zipf formula, not realized key frequency"
WS-19-default,S,default,0.7,5,1000000,10,none,0,4,48,100,1,7,ok,138,216,0.001123915370704954,103649,"Zipf formula, not realized key frequency"
WS-19-default,S,default,0.7,5,1000000,10,none,0,4,48,100,2,0,ok,196,116,0.00481833067383284,103649,"Zipf formula, not realized key frequency"
WS-19-default,S,default,0.7,5,1000000,10,none,0,4,48,100,2,1,ok,121,116,0.0029660304453688734,103649,"Zipf formula, not realized key frequency"
WS-19-default,S,default,0.7,5,1000000,10,none,0,4,48,100,2,2,ok,316,116,0.002233118262632713,103649,"Zipf formula, not realized key frequency"
WS-19-default,S,default,0.7,5,1000000,10,none,0,4,48,100,2,3,ok,97,116,0.0018258059063134115,103649,"Zipf formula, not realized key frequency"
WS-19-default,S,default,0.7,5,1000000,10,none,0,4,48,100,2,4,ok,203,116,0.0015617718783188551,103649,"Zipf formula, not realized key frequency"
WS-19-default,S,default,0.7,5,1000000,10,none,0,4,48,100,2,5,ok,77,116,0.0013746455366893853,103649,"Zipf formula, not realized key frequency"
WS-19-default,S,default,0.7,5,1000000,10,none,0,4,48,100,2,6,ok,58,116,0.0012340364097363642,103649,"Zipf formula, not realized key frequency"
WS-19-default,S,default,0.7,5,1000000,10,none,0,4,48,100,2,7,ok,53,116,0.001123915370704954,103649,"Zipf formula, not realized key frequency"
WS-19-tuned,S,tuned,0.7,5,1000000,10,none,0,4,48,100,1,0,ok,382,181,0.00481833067383284,103649,"Zipf formula, not realized key frequency"
WS-19-tuned,S,tuned,0.7,5,1000000,10,none,0,4,48,100,1,1,ok,267,181,0.0029660304453688734,103649,"Zipf formula, not realized key frequency"
WS-19-tuned,S,tuned,0.7,5,1000000,10,none,0,4,48,100,1,2,ok,201,181,0.002233118262632713,103649,"Zipf formula, not realized key frequency"
WS-19-tuned,S,tuned,0.7,5,1000000,10,none,0,4,48,100,1,3,ok,160,181,0.0018258059063134115,103649,"Zipf formula, not realized key frequency"
WS-19-tuned,S,tuned,0.7,5,1000000,10,none,0,4,48,100,1,4,ok,138,181,0.0015617718783188551,103649,"Zipf formula, not realized key frequency"
WS-19-tuned,S,tuned,0.7,5,1000000,10,none,0,4,48,100,1,5,ok,113,181,0.0013746455366893853,103649,"Zipf formula, not realized key frequency"
WS-19-tuned,S,tuned,0.7,5,1000000,10,none,0,4,48,100,1,6,ok,105,181,0.0012340364097363642,103649,"Zipf formula, not realized key frequency"
WS-19-tuned,S,tuned,0.7,5,1000000,10,none,0,4,48,100,1,7,ok,103,181,0.001123915370704954,103649,"Zipf formula, not realized key frequency"
WS-19-tuned,S,tuned,0.7,5,1000000,10,none,0,4,48,100,2,0,ok,25,10,0.00481833067383284,103649,"Zipf formula, not realized key frequency"
WS-19-tuned,S,tuned,0.7,5,1000000,10,none,0,4,48,100,2,1,ok,14,10,0.0029660304453688734,103649,"Zipf formula, not realized key frequency"
WS-19-tuned,S,tuned,0.7,5,1000000,10,none,0,4,48,100,2,2,ok,8,10,0.002233118262632713,103649,"Zipf formula, not realized key frequency"
WS-19-tuned,S,tuned,0.7,5,1000000,10,none,0,4,48,100,2,3,ok,13,10,0.0018258059063134115,103649,"Zipf formula, not realized key frequency"
WS-19-tuned,S,tuned,0.7,5,1000000,10,none,0,4,48,100,2,4,ok,6,10,0.0015617718783188551,103649,"Zipf formula, not realized key frequency"
WS-19-tuned,S,tuned,0.7,5,1000000,10,none,0,4,48,100,2,5,ok,8,10,0.0013746455366893853,103649,"Zipf formula, not realized key frequency"
WS-19-tuned,S,tuned,0.7,5,1000000,10,none,0,4,48,100,2,6,ok,6,10,0.0012340364097363642,103649,"Zipf formula, not realized key frequency"
WS-19-tuned,S,tuned,0.7,5,1000000,10,none,0,4,48,100,2,7,ok,4,10,0.001123915370704954,103649,"Zipf formula, not realized key frequency"
WS-20-default,S,default,0.7,5,1000000,10,batchU,0,4,48,100,1,0,ok,367,152,0.00481833067383284,103649,"Zipf formula, not realized key frequency"
WS-20-default,S,default,0.7,5,1000000,10,batchU,0,4,48,100,1,1,ok,210,152,0.0029660304453688734,103649,"Zipf formula, not realized key frequency"
WS-20-default,S,default,0.7,5,1000000,10,batchU,0,4,48,100,1,2,ok,188,152,0.002233118262632713,103649,"Zipf formula, not realized key frequency"
WS-20-default,S,default,0.7,5,1000000,10,batchU,0,4,48,100,1,3,ok,145,152,0.0018258059063134115,103649,"Zipf formula, not realized key frequency"
WS-20-default,S,default,0.7,5,1000000,10,batchU,0,4,48,100,1,4,ok,139,152,0.0015617718783188551,103649,"Zipf formula, not realized key frequency"
WS-20-default,S,default,0.7,5,1000000,10,batchU,0,4,48,100,1,5,ok,125,152,0.0013746455366893853,103649,"Zipf formula, not realized key frequency"
WS-20-default,S,default,0.7,5,1000000,10,batchU,0,4,48,100,1,6,ok,94,152,0.0012340364097363642,103649,"Zipf formula, not realized key frequency"
WS-20-default,S,default,0.7,5,1000000,10,batchU,0,4,48,100,1,7,ok,98,152,0.001123915370704954,103649,"Zipf formula, not realized key frequency"
WS-20-default,S,default,0.7,5,1000000,10,batchU,0,4,48,100,2,0,ok,364,128,0.00481833067383284,103649,"Zipf formula, not realized key frequency"
WS-20-default,S,default,0.7,5,1000000,10,batchU,0,4,48,100,2,1,ok,204,128,0.0029660304453688734,103649,"Zipf formula, not realized key frequency"
WS-20-default,S,default,0.7,5,1000000,10,batchU,0,4,48,100,2,2,ok,217,128,0.002233118262632713,103649,"Zipf formula, not realized key frequency"
WS-20-default,S,default,0.7,5,1000000,10,batchU,0,4,48,100,2,3,ok,153,128,0.0018258059063134115,103649,"Zipf formula, not realized key frequency"
WS-20-default,S,default,0.7,5,1000000,10,batchU,0,4,48,100,2,4,ok,140,128,0.0015617718783188551,103649,"Zipf formula, not realized key frequency"
WS-20-default,S,default,0.7,5,1000000,10,batchU,0,4,48,100,2,5,ok,118,128,0.0013746455366893853,103649,"Zipf formula, not realized key frequency"
WS-20-default,S,default,0.7,5,1000000,10,batchU,0,4,48,100,2,6,ok,98,128,0.0012340364097363642,103649,"Zipf formula, not realized key frequency"
WS-20-default,S,default,0.7,5,1000000,10,batchU,0,4,48,100,2,7,ok,105,128,0.001123915370704954,103649,"Zipf formula, not realized key frequency"
WS-20-tuned,S,tuned,0.7,5,1000000,10,batchU,0,4,48,100,1,0,ok,785,332,0.00481833067383284,103649,"Zipf formula, not realized key frequency"
WS-20-tuned,S,tuned,0.7,5,1000000,10,batchU,0,4,48,100,1,1,ok,492,332,0.0029660304453688734,103649,"Zipf formula, not realized key frequency"
WS-20-tuned,S,tuned,0.7,5,1000000,10,batchU,0,4,48,100,1,2,ok,414,332,0.002233118262632713,103649,"Zipf formula, not realized key frequency"
WS-20-tuned,S,tuned,0.7,5,1000000,10,batchU,0,4,48,100,1,3,ok,315,332,0.0018258059063134115,103649,"Zipf formula, not realized key frequency"
WS-20-tuned,S,tuned,0.7,5,1000000,10,batchU,0,4,48,100,1,4,ok,273,332,0.0015617718783188551,103649,"Zipf formula, not realized key frequency"
WS-20-tuned,S,tuned,0.7,5,1000000,10,batchU,0,4,48,100,1,5,ok,258,332,0.0013746455366893853,103649,"Zipf formula, not realized key frequency"
WS-20-tuned,S,tuned,0.7,5,1000000,10,batchU,0,4,48,100,1,6,ok,228,332,0.0012340364097363642,103649,"Zipf formula, not realized key frequency"
WS-20-tuned,S,tuned,0.7,5,1000000,10,batchU,0,4,48,100,1,7,ok,183,332,0.001123915370704954,103649,"Zipf formula, not realized key frequency"
WS-20-tuned,S,tuned,0.7,5,1000000,10,batchU,0,4,48,100,2,0,ok,45,17,0.00481833067383284,103649,"Zipf formula, not realized key frequency"
WS-20-tuned,S,tuned,0.7,5,1000000,10,batchU,0,4,48,100,2,1,ok,25,17,0.0029660304453688734,103649,"Zipf formula, not realized key frequency"
WS-20-tuned,S,tuned,0.7,5,1000000,10,batchU,0,4,48,100,2,2,ok,15,17,0.002233118262632713,103649,"Zipf formula, not realized key frequency"
WS-20-tuned,S,tuned,0.7,5,1000000,10,batchU,0,4,48,100,2,3,ok,22,17,0.0018258059063134115,103649,"Zipf formula, not realized key frequency"
WS-20-tuned,S,tuned,0.7,5,1000000,10,batchU,0,4,48,100,2,4,ok,11,17,0.0015617718783188551,103649,"Zipf formula, not realized key frequency"
WS-20-tuned,S,tuned,0.7,5,1000000,10,batchU,0,4,48,100,2,5,ok,17,17,0.0013746455366893853,103649,"Zipf formula, not realized key frequency"
WS-20-tuned,S,tuned,0.7,5,1000000,10,batchU,0,4,48,100,2,6,ok,10,17,0.0012340364097363642,103649,"Zipf formula, not realized key frequency"
WS-20-tuned,S,tuned,0.7,5,1000000,10,batchU,0,4,48,100,2,7,ok,6,17,0.001123915370704954,103649,"Zipf formula, not realized key frequency"
WS-21-default,S,default,0.7,5,1000000,10,batchR,0,4,48,100,1,0,ok,46919,16099,0.00481833067383284,103649,"Zipf formula, not realized key frequency"
WS-21-default,S,default,0.7,5,1000000,10,batchR,0,4,48,100,1,1,ok,29085,16099,0.0029660304453688734,103649,"Zipf formula, not realized key frequency"
WS-21-default,S,default,0.7,5,1000000,10,batchR,0,4,48,100,1,2,ok,25179,16099,0.002233118262632713,103649,"Zipf formula, not realized key frequency"
WS-21-default,S,default,0.7,5,1000000,10,batchR,0,4,48,100,1,3,ok,20097,16099,0.0018258059063134115,103649,"Zipf formula, not realized key frequency"
WS-21-default,S,default,0.7,5,1000000,10,batchR,0,4,48,100,1,4,ok,16494,16099,0.0015617718783188551,103649,"Zipf formula, not realized key frequency"
WS-21-default,S,default,0.7,5,1000000,10,batchR,0,4,48,100,1,5,ok,14449,16099,0.0013746455366893853,103649,"Zipf formula, not realized key frequency"
WS-21-default,S,default,0.7,5,1000000,10,batchR,0,4,48,100,1,6,ok,12716,16099,0.0012340364097363642,103649,"Zipf formula, not realized key frequency"
WS-21-default,S,default,0.7,5,1000000,10,batchR,0,4,48,100,1,7,ok,11608,16099,0.001123915370704954,103649,"Zipf formula, not realized key frequency"
WS-21-default,S,default,0.7,5,1000000,10,batchR,0,4,48,100,2,0,ok,47391,16193,0.00481833067383284,103649,"Zipf formula, not realized key frequency"
WS-21-default,S,default,0.7,5,1000000,10,batchR,0,4,48,100,2,1,ok,29371,16193,0.0029660304453688734,103649,"Zipf formula, not realized key frequency"
WS-21-default,S,default,0.7,5,1000000,10,batchR,0,4,48,100,2,2,ok,25469,16193,0.002233118262632713,103649,"Zipf formula, not realized key frequency"
WS-21-default,S,default,0.7,5,1000000,10,batchR,0,4,48,100,2,3,ok,20078,16193,0.0018258059063134115,103649,"Zipf formula, not realized key frequency"
WS-21-default,S,default,0.7,5,1000000,10,batchR,0,4,48,100,2,4,ok,16539,16193,0.0015617718783188551,103649,"Zipf formula, not realized key frequency"
WS-21-default,S,default,0.7,5,1000000,10,batchR,0,4,48,100,2,5,ok,14352,16193,0.0013746455366893853,103649,"Zipf formula, not realized key frequency"
WS-21-default,S,default,0.7,5,1000000,10,batchR,0,4,48,100,2,6,ok,13171,16193,0.0012340364097363642,103649,"Zipf formula, not realized key frequency"
WS-21-default,S,default,0.7,5,1000000,10,batchR,0,4,48,100,2,7,ok,11504,16193,0.001123915370704954,103649,"Zipf formula, not realized key frequency"
WS-21-tuned,S,tuned,0.7,5,1000000,10,batchR,0,4,48,100,1,0,ok,46869,15758,0.00481833067383284,103649,"Zipf formula, not realized key frequency"
WS-21-tuned,S,tuned,0.7,5,1000000,10,batchR,0,4,48,100,1,1,ok,29030,15758,0.0029660304453688734,103649,"Zipf formula, not realized key frequency"
WS-21-tuned,S,tuned,0.7,5,1000000,10,batchR,0,4,48,100,1,2,ok,25125,15758,0.002233118262632713,103649,"Zipf formula, not realized key frequency"
WS-21-tuned,S,tuned,0.7,5,1000000,10,batchR,0,4,48,100,1,3,ok,19927,15758,0.0018258059063134115,103649,"Zipf formula, not realized key frequency"
WS-21-tuned,S,tuned,0.7,5,1000000,10,batchR,0,4,48,100,1,4,ok,16536,15758,0.0015617718783188551,103649,"Zipf formula, not realized key frequency"
WS-21-tuned,S,tuned,0.7,5,1000000,10,batchR,0,4,48,100,1,5,ok,14377,15758,0.0013746455366893853,103649,"Zipf formula, not realized key frequency"
WS-21-tuned,S,tuned,0.7,5,1000000,10,batchR,0,4,48,100,1,6,ok,12799,15758,0.0012340364097363642,103649,"Zipf formula, not realized key frequency"
WS-21-tuned,S,tuned,0.7,5,1000000,10,batchR,0,4,48,100,1,7,ok,11683,15758,0.001123915370704954,103649,"Zipf formula, not realized key frequency"
WS-21-tuned,S,tuned,0.7,5,1000000,10,batchR,0,4,48,100,2,0,ok,46575,15288,0.00481833067383284,103649,"Zipf formula, not realized key frequency"
WS-21-tuned,S,tuned,0.7,5,1000000,10,batchR,0,4,48,100,2,1,ok,28974,15288,0.0029660304453688734,103649,"Zipf formula, not realized key frequency"
WS-21-tuned,S,tuned,0.7,5,1000000,10,batchR,0,4,48,100,2,2,ok,25043,15288,0.002233118262632713,103649,"Zipf formula, not realized key frequency"
WS-21-tuned,S,tuned,0.7,5,1000000,10,batchR,0,4,48,100,2,3,ok,19539,15288,0.0018258059063134115,103649,"Zipf formula, not realized key frequency"
WS-21-tuned,S,tuned,0.7,5,1000000,10,batchR,0,4,48,100,2,4,ok,16561,15288,0.0015617718783188551,103649,"Zipf formula, not realized key frequency"
WS-21-tuned,S,tuned,0.7,5,1000000,10,batchR,0,4,48,100,2,5,ok,14194,15288,0.0013746455366893853,103649,"Zipf formula, not realized key frequency"
WS-21-tuned,S,tuned,0.7,5,1000000,10,batchR,0,4,48,100,2,6,ok,12737,15288,0.0012340364097363642,103649,"Zipf formula, not realized key frequency"
WS-21-tuned,S,tuned,0.7,5,1000000,10,batchR,0,4,48,100,2,7,ok,11392,15288,0.001123915370704954,103649,"Zipf formula, not realized key frequency"
WS-22-default,S,default,0.7,50,1000000,10,none,0,4,48,100,1,0,ok,92,34,0.00481833067383284,103649,"Zipf formula, not realized key frequency"
WS-22-default,S,default,0.7,50,1000000,10,none,0,4,48,100,1,1,ok,52,34,0.0029660304453688734,103649,"Zipf formula, not realized key frequency"
WS-22-default,S,default,0.7,50,1000000,10,none,0,4,48,100,1,2,ok,51,34,0.002233118262632713,103649,"Zipf formula, not realized key frequency"
WS-22-default,S,default,0.7,50,1000000,10,none,0,4,48,100,1,3,ok,46,34,0.0018258059063134115,103649,"Zipf formula, not realized key frequency"
WS-22-default,S,default,0.7,50,1000000,10,none,0,4,48,100,1,4,ok,36,34,0.0015617718783188551,103649,"Zipf formula, not realized key frequency"
WS-22-default,S,default,0.7,50,1000000,10,none,0,4,48,100,1,5,ok,29,34,0.0013746455366893853,103649,"Zipf formula, not realized key frequency"
WS-22-default,S,default,0.7,50,1000000,10,none,0,4,48,100,1,6,ok,27,34,0.0012340364097363642,103649,"Zipf formula, not realized key frequency"
WS-22-default,S,default,0.7,50,1000000,10,none,0,4,48,100,1,7,ok,21,34,0.001123915370704954,103649,"Zipf formula, not realized key frequency"
WS-22-default,S,default,0.7,50,1000000,10,none,0,4,48,100,2,0,ok,350,111,0.00481833067383284,103649,"Zipf formula, not realized key frequency"
WS-22-default,S,default,0.7,50,1000000,10,none,0,4,48,100,2,1,ok,198,111,0.0029660304453688734,103649,"Zipf formula, not realized key frequency"
WS-22-default,S,default,0.7,50,1000000,10,none,0,4,48,100,2,2,ok,160,111,0.002233118262632713,103649,"Zipf formula, not realized key frequency"
WS-22-default,S,default,0.7,50,1000000,10,none,0,4,48,100,2,3,ok,138,111,0.0018258059063134115,103649,"Zipf formula, not realized key frequency"
WS-22-default,S,default,0.7,50,1000000,10,none,0,4,48,100,2,4,ok,118,111,0.0015617718783188551,103649,"Zipf formula, not realized key frequency"
WS-22-default,S,default,0.7,50,1000000,10,none,0,4,48,100,2,5,ok,99,111,0.0013746455366893853,103649,"Zipf formula, not realized key frequency"
WS-22-default,S,default,0.7,50,1000000,10,none,0,4,48,100,2,6,ok,90,111,0.0012340364097363642,103649,"Zipf formula, not realized key frequency"
WS-22-default,S,default,0.7,50,1000000,10,none,0,4,48,100,2,7,ok,76,111,0.001123915370704954,103649,"Zipf formula, not realized key frequency"
WS-22-tuned,S,tuned,0.7,50,1000000,10,none,0,4,48,100,1,0,ok,327,130,0.00481833067383284,103649,"Zipf formula, not realized key frequency"
WS-22-tuned,S,tuned,0.7,50,1000000,10,none,0,4,48,100,1,1,ok,183,130,0.0029660304453688734,103649,"Zipf formula, not realized key frequency"
WS-22-tuned,S,tuned,0.7,50,1000000,10,none,0,4,48,100,1,2,ok,167,130,0.002233118262632713,103649,"Zipf formula, not realized key frequency"
WS-22-tuned,S,tuned,0.7,50,1000000,10,none,0,4,48,100,1,3,ok,141,130,0.0018258059063134115,103649,"Zipf formula, not realized key frequency"
WS-22-tuned,S,tuned,0.7,50,1000000,10,none,0,4,48,100,1,4,ok,99,130,0.0015617718783188551,103649,"Zipf formula, not realized key frequency"
WS-22-tuned,S,tuned,0.7,50,1000000,10,none,0,4,48,100,1,5,ok,78,130,0.0013746455366893853,103649,"Zipf formula, not realized key frequency"
WS-22-tuned,S,tuned,0.7,50,1000000,10,none,0,4,48,100,1,6,ok,110,130,0.0012340364097363642,103649,"Zipf formula, not realized key frequency"
WS-22-tuned,S,tuned,0.7,50,1000000,10,none,0,4,48,100,1,7,ok,73,130,0.001123915370704954,103649,"Zipf formula, not realized key frequency"
WS-22-tuned,S,tuned,0.7,50,1000000,10,none,0,4,48,100,2,0,ok,21,10,0.00481833067383284,103649,"Zipf formula, not realized key frequency"
WS-22-tuned,S,tuned,0.7,50,1000000,10,none,0,4,48,100,2,1,ok,11,10,0.0029660304453688734,103649,"Zipf formula, not realized key frequency"
WS-22-tuned,S,tuned,0.7,50,1000000,10,none,0,4,48,100,2,2,ok,11,10,0.002233118262632713,103649,"Zipf formula, not realized key frequency"
WS-22-tuned,S,tuned,0.7,50,1000000,10,none,0,4,48,100,2,3,ok,6,10,0.0018258059063134115,103649,"Zipf formula, not realized key frequency"
WS-22-tuned,S,tuned,0.7,50,1000000,10,none,0,4,48,100,2,4,ok,4,10,0.0015617718783188551,103649,"Zipf formula, not realized key frequency"
WS-22-tuned,S,tuned,0.7,50,1000000,10,none,0,4,48,100,2,5,ok,6,10,0.0013746455366893853,103649,"Zipf formula, not realized key frequency"
WS-22-tuned,S,tuned,0.7,50,1000000,10,none,0,4,48,100,2,6,ok,10,10,0.0012340364097363642,103649,"Zipf formula, not realized key frequency"
WS-22-tuned,S,tuned,0.7,50,1000000,10,none,0,4,48,100,2,7,ok,7,10,0.001123915370704954,103649,"Zipf formula, not realized key frequency"
WS-23-default,S,default,0.7,50,1000000,10,batchU,0,4,48,100,1,0,ok,386,151,0.00481833067383284,103649,"Zipf formula, not realized key frequency"
WS-23-default,S,default,0.7,50,1000000,10,batchU,0,4,48,100,1,1,ok,243,151,0.0029660304453688734,103649,"Zipf formula, not realized key frequency"
WS-23-default,S,default,0.7,50,1000000,10,batchU,0,4,48,100,1,2,ok,216,151,0.002233118262632713,103649,"Zipf formula, not realized key frequency"
WS-23-default,S,default,0.7,50,1000000,10,batchU,0,4,48,100,1,3,ok,174,151,0.0018258059063134115,103649,"Zipf formula, not realized key frequency"
WS-23-default,S,default,0.7,50,1000000,10,batchU,0,4,48,100,1,4,ok,101,151,0.0015617718783188551,103649,"Zipf formula, not realized key frequency"
WS-23-default,S,default,0.7,50,1000000,10,batchU,0,4,48,100,1,5,ok,83,151,0.0013746455366893853,103649,"Zipf formula, not realized key frequency"
WS-23-default,S,default,0.7,50,1000000,10,batchU,0,4,48,100,1,6,ok,97,151,0.0012340364097363642,103649,"Zipf formula, not realized key frequency"
WS-23-default,S,default,0.7,50,1000000,10,batchU,0,4,48,100,1,7,ok,73,151,0.001123915370704954,103649,"Zipf formula, not realized key frequency"
WS-23-default,S,default,0.7,50,1000000,10,batchU,0,4,48,100,2,0,ok,372,140,0.00481833067383284,103649,"Zipf formula, not realized key frequency"
WS-23-default,S,default,0.7,50,1000000,10,batchU,0,4,48,100,2,1,ok,242,140,0.0029660304453688734,103649,"Zipf formula, not realized key frequency"
WS-23-default,S,default,0.7,50,1000000,10,batchU,0,4,48,100,2,2,ok,177,140,0.002233118262632713,103649,"Zipf formula, not realized key frequency"
WS-23-default,S,default,0.7,50,1000000,10,batchU,0,4,48,100,2,3,ok,135,140,0.0018258059063134115,103649,"Zipf formula, not realized key frequency"
WS-23-default,S,default,0.7,50,1000000,10,batchU,0,4,48,100,2,4,ok,148,140,0.0015617718783188551,103649,"Zipf formula, not realized key frequency"
WS-23-default,S,default,0.7,50,1000000,10,batchU,0,4,48,100,2,5,ok,122,140,0.0013746455366893853,103649,"Zipf formula, not realized key frequency"
WS-23-default,S,default,0.7,50,1000000,10,batchU,0,4,48,100,2,6,ok,105,140,0.0012340364097363642,103649,"Zipf formula, not realized key frequency"
WS-23-default,S,default,0.7,50,1000000,10,batchU,0,4,48,100,2,7,ok,92,140,0.001123915370704954,103649,"Zipf formula, not realized key frequency"
WS-23-tuned,S,tuned,0.7,50,1000000,10,batchU,0,4,48,100,1,0,ok,71,35,0.00481833067383284,103649,"Zipf formula, not realized key frequency"
WS-23-tuned,S,tuned,0.7,50,1000000,10,batchU,0,4,48,100,1,1,ok,43,35,0.0029660304453688734,103649,"Zipf formula, not realized key frequency"
WS-23-tuned,S,tuned,0.7,50,1000000,10,batchU,0,4,48,100,1,2,ok,33,35,0.002233118262632713,103649,"Zipf formula, not realized key frequency"
WS-23-tuned,S,tuned,0.7,50,1000000,10,batchU,0,4,48,100,1,3,ok,27,35,0.0018258059063134115,103649,"Zipf formula, not realized key frequency"
WS-23-tuned,S,tuned,0.7,50,1000000,10,batchU,0,4,48,100,1,4,ok,19,35,0.0015617718783188551,103649,"Zipf formula, not realized key frequency"
WS-23-tuned,S,tuned,0.7,50,1000000,10,batchU,0,4,48,100,1,5,ok,11,35,0.0013746455366893853,103649,"Zipf formula, not realized key frequency"
WS-23-tuned,S,tuned,0.7,50,1000000,10,batchU,0,4,48,100,1,6,ok,24,35,0.0012340364097363642,103649,"Zipf formula, not realized key frequency"
WS-23-tuned,S,tuned,0.7,50,1000000,10,batchU,0,4,48,100,1,7,ok,21,35,0.001123915370704954,103649,"Zipf formula, not realized key frequency"
WS-23-tuned,S,tuned,0.7,50,1000000,10,batchU,0,4,48,100,2,0,ok,32,13,0.00481833067383284,103649,"Zipf formula, not realized key frequency"
WS-23-tuned,S,tuned,0.7,50,1000000,10,batchU,0,4,48,100,2,1,ok,12,13,0.0029660304453688734,103649,"Zipf formula, not realized key frequency"
WS-23-tuned,S,tuned,0.7,50,1000000,10,batchU,0,4,48,100,2,2,ok,19,13,0.002233118262632713,103649,"Zipf formula, not realized key frequency"
WS-23-tuned,S,tuned,0.7,50,1000000,10,batchU,0,4,48,100,2,3,ok,14,13,0.0018258059063134115,103649,"Zipf formula, not realized key frequency"
WS-23-tuned,S,tuned,0.7,50,1000000,10,batchU,0,4,48,100,2,4,ok,4,13,0.0015617718783188551,103649,"Zipf formula, not realized key frequency"
WS-23-tuned,S,tuned,0.7,50,1000000,10,batchU,0,4,48,100,2,5,ok,7,13,0.0013746455366893853,103649,"Zipf formula, not realized key frequency"
WS-23-tuned,S,tuned,0.7,50,1000000,10,batchU,0,4,48,100,2,6,ok,11,13,0.0012340364097363642,103649,"Zipf formula, not realized key frequency"
WS-23-tuned,S,tuned,0.7,50,1000000,10,batchU,0,4,48,100,2,7,ok,7,13,0.001123915370704954,103649,"Zipf formula, not realized key frequency"
WS-24-default,S,default,0.7,50,1000000,10,batchR,0,4,48,100,1,0,ok,54774,21115,0.00481833067383284,103649,"Zipf formula, not realized key frequency"
WS-24-default,S,default,0.7,50,1000000,10,batchR,0,4,48,100,1,1,ok,33599,21115,0.0029660304453688734,103649,"Zipf formula, not realized key frequency"
WS-24-default,S,default,0.7,50,1000000,10,batchR,0,4,48,100,1,2,ok,28761,21115,0.002233118262632713,103649,"Zipf formula, not realized key frequency"
WS-24-default,S,default,0.7,50,1000000,10,batchR,0,4,48,100,1,3,ok,22707,21115,0.0018258059063134115,103649,"Zipf formula, not realized key frequency"
WS-24-default,S,default,0.7,50,1000000,10,batchR,0,4,48,100,1,4,ok,19041,21115,0.0015617718783188551,103649,"Zipf formula, not realized key frequency"
WS-24-default,S,default,0.7,50,1000000,10,batchR,0,4,48,100,1,5,ok,16405,21115,0.0013746455366893853,103649,"Zipf formula, not realized key frequency"
WS-24-default,S,default,0.7,50,1000000,10,batchR,0,4,48,100,1,6,ok,14489,21115,0.0012340364097363642,103649,"Zipf formula, not realized key frequency"
WS-24-default,S,default,0.7,50,1000000,10,batchR,0,4,48,100,1,7,ok,12969,21115,0.001123915370704954,103649,"Zipf formula, not realized key frequency"
WS-24-default,S,default,0.7,50,1000000,10,batchR,0,4,48,100,2,0,ok,54254,21873,0.00481833067383284,103649,"Zipf formula, not realized key frequency"
WS-24-default,S,default,0.7,50,1000000,10,batchR,0,4,48,100,2,1,ok,33555,21873,0.0029660304453688734,103649,"Zipf formula, not realized key frequency"
WS-24-default,S,default,0.7,50,1000000,10,batchR,0,4,48,100,2,2,ok,28919,21873,0.002233118262632713,103649,"Zipf formula, not realized key frequency"
WS-24-default,S,default,0.7,50,1000000,10,batchR,0,4,48,100,2,3,ok,22807,21873,0.0018258059063134115,103649,"Zipf formula, not realized key frequency"
WS-24-default,S,default,0.7,50,1000000,10,batchR,0,4,48,100,2,4,ok,19052,21873,0.0015617718783188551,103649,"Zipf formula, not realized key frequency"
WS-24-default,S,default,0.7,50,1000000,10,batchR,0,4,48,100,2,5,ok,16510,21873,0.0013746455366893853,103649,"Zipf formula, not realized key frequency"
WS-24-default,S,default,0.7,50,1000000,10,batchR,0,4,48,100,2,6,ok,14750,21873,0.0012340364097363642,103649,"Zipf formula, not realized key frequency"
WS-24-default,S,default,0.7,50,1000000,10,batchR,0,4,48,100,2,7,ok,13215,21873,0.001123915370704954,103649,"Zipf formula, not realized key frequency"
WS-24-tuned,S,tuned,0.7,50,1000000,10,batchR,0,4,48,100,1,0,ok,50577,19308,0.00481833067383284,103649,"Zipf formula, not realized key frequency"
WS-24-tuned,S,tuned,0.7,50,1000000,10,batchR,0,4,48,100,1,1,ok,30851,19308,0.0029660304453688734,103649,"Zipf formula, not realized key frequency"
WS-24-tuned,S,tuned,0.7,50,1000000,10,batchR,0,4,48,100,1,2,ok,26632,19308,0.002233118262632713,103649,"Zipf formula, not realized key frequency"
WS-24-tuned,S,tuned,0.7,50,1000000,10,batchR,0,4,48,100,1,3,ok,21276,19308,0.0018258059063134115,103649,"Zipf formula, not realized key frequency"
WS-24-tuned,S,tuned,0.7,50,1000000,10,batchR,0,4,48,100,1,4,ok,17670,19308,0.0015617718783188551,103649,"Zipf formula, not realized key frequency"
WS-24-tuned,S,tuned,0.7,50,1000000,10,batchR,0,4,48,100,1,5,ok,15217,19308,0.0013746455366893853,103649,"Zipf formula, not realized key frequency"
WS-24-tuned,S,tuned,0.7,50,1000000,10,batchR,0,4,48,100,1,6,ok,13557,19308,0.0012340364097363642,103649,"Zipf formula, not realized key frequency"
WS-24-tuned,S,tuned,0.7,50,1000000,10,batchR,0,4,48,100,1,7,ok,12254,19308,0.001123915370704954,103649,"Zipf formula, not realized key frequency"
WS-24-tuned,S,tuned,0.7,50,1000000,10,batchR,0,4,48,100,2,0,ok,50519,19582,0.00481833067383284,103649,"Zipf formula, not realized key frequency"
WS-24-tuned,S,tuned,0.7,50,1000000,10,batchR,0,4,48,100,2,1,ok,30865,19582,0.0029660304453688734,103649,"Zipf formula, not realized key frequency"
WS-24-tuned,S,tuned,0.7,50,1000000,10,batchR,0,4,48,100,2,2,ok,26722,19582,0.002233118262632713,103649,"Zipf formula, not realized key frequency"
WS-24-tuned,S,tuned,0.7,50,1000000,10,batchR,0,4,48,100,2,3,ok,20854,19582,0.0018258059063134115,103649,"Zipf formula, not realized key frequency"
WS-24-tuned,S,tuned,0.7,50,1000000,10,batchR,0,4,48,100,2,4,ok,17343,19582,0.0015617718783188551,103649,"Zipf formula, not realized key frequency"
WS-24-tuned,S,tuned,0.7,50,1000000,10,batchR,0,4,48,100,2,5,ok,15147,19582,0.0013746455366893853,103649,"Zipf formula, not realized key frequency"
WS-24-tuned,S,tuned,0.7,50,1000000,10,batchR,0,4,48,100,2,6,ok,13569,19582,0.0012340364097363642,103649,"Zipf formula, not realized key frequency"
WS-24-tuned,S,tuned,0.7,50,1000000,10,batchR,0,4,48,100,2,7,ok,12361,19582,0.001123915370704954,103649,"Zipf formula, not realized key frequency"
WS-25-default,S,default,0.7,95,1000000,10,none,0,4,48,100,1,0,ok,110,40,0.00481833067383284,103649,"Zipf formula, not realized key frequency"
WS-25-default,S,default,0.7,95,1000000,10,none,0,4,48,100,1,1,ok,77,40,0.0029660304453688734,103649,"Zipf formula, not realized key frequency"
WS-25-default,S,default,0.7,95,1000000,10,none,0,4,48,100,1,2,ok,63,40,0.002233118262632713,103649,"Zipf formula, not realized key frequency"
WS-25-default,S,default,0.7,95,1000000,10,none,0,4,48,100,1,3,ok,53,40,0.0018258059063134115,103649,"Zipf formula, not realized key frequency"
WS-25-default,S,default,0.7,95,1000000,10,none,0,4,48,100,1,4,ok,37,40,0.0015617718783188551,103649,"Zipf formula, not realized key frequency"
WS-25-default,S,default,0.7,95,1000000,10,none,0,4,48,100,1,5,ok,38,40,0.0013746455366893853,103649,"Zipf formula, not realized key frequency"
WS-25-default,S,default,0.7,95,1000000,10,none,0,4,48,100,1,6,ok,39,40,0.0012340364097363642,103649,"Zipf formula, not realized key frequency"
WS-25-default,S,default,0.7,95,1000000,10,none,0,4,48,100,1,7,ok,30,40,0.001123915370704954,103649,"Zipf formula, not realized key frequency"
WS-25-default,S,default,0.7,95,1000000,10,none,0,4,48,100,2,0,ok,36,16,0.00481833067383284,103649,"Zipf formula, not realized key frequency"
WS-25-default,S,default,0.7,95,1000000,10,none,0,4,48,100,2,1,ok,28,16,0.0029660304453688734,103649,"Zipf formula, not realized key frequency"
WS-25-default,S,default,0.7,95,1000000,10,none,0,4,48,100,2,2,ok,22,16,0.002233118262632713,103649,"Zipf formula, not realized key frequency"
WS-25-default,S,default,0.7,95,1000000,10,none,0,4,48,100,2,3,ok,16,16,0.0018258059063134115,103649,"Zipf formula, not realized key frequency"
WS-25-default,S,default,0.7,95,1000000,10,none,0,4,48,100,2,4,ok,14,16,0.0015617718783188551,103649,"Zipf formula, not realized key frequency"
WS-25-default,S,default,0.7,95,1000000,10,none,0,4,48,100,2,5,ok,14,16,0.0013746455366893853,103649,"Zipf formula, not realized key frequency"
WS-25-default,S,default,0.7,95,1000000,10,none,0,4,48,100,2,6,ok,13,16,0.0012340364097363642,103649,"Zipf formula, not realized key frequency"
WS-25-default,S,default,0.7,95,1000000,10,none,0,4,48,100,2,7,ok,11,16,0.001123915370704954,103649,"Zipf formula, not realized key frequency"
WS-25-tuned,S,tuned,0.7,95,1000000,10,none,0,4,48,100,1,0,ok,54,28,0.00481833067383284,103649,"Zipf formula, not realized key frequency"
WS-25-tuned,S,tuned,0.7,95,1000000,10,none,0,4,48,100,1,1,ok,30,28,0.0029660304453688734,103649,"Zipf formula, not realized key frequency"
WS-25-tuned,S,tuned,0.7,95,1000000,10,none,0,4,48,100,1,2,ok,29,28,0.002233118262632713,103649,"Zipf formula, not realized key frequency"
WS-25-tuned,S,tuned,0.7,95,1000000,10,none,0,4,48,100,1,3,ok,20,28,0.0018258059063134115,103649,"Zipf formula, not realized key frequency"
WS-25-tuned,S,tuned,0.7,95,1000000,10,none,0,4,48,100,1,4,ok,18,28,0.0015617718783188551,103649,"Zipf formula, not realized key frequency"
WS-25-tuned,S,tuned,0.7,95,1000000,10,none,0,4,48,100,1,5,ok,19,28,0.0013746455366893853,103649,"Zipf formula, not realized key frequency"
WS-25-tuned,S,tuned,0.7,95,1000000,10,none,0,4,48,100,1,6,ok,17,28,0.0012340364097363642,103649,"Zipf formula, not realized key frequency"
WS-25-tuned,S,tuned,0.7,95,1000000,10,none,0,4,48,100,1,7,ok,15,28,0.001123915370704954,103649,"Zipf formula, not realized key frequency"
WS-25-tuned,S,tuned,0.7,95,1000000,10,none,0,4,48,100,2,0,ok,90,38,0.00481833067383284,103649,"Zipf formula, not realized key frequency"
WS-25-tuned,S,tuned,0.7,95,1000000,10,none,0,4,48,100,2,1,ok,55,38,0.0029660304453688734,103649,"Zipf formula, not realized key frequency"
WS-25-tuned,S,tuned,0.7,95,1000000,10,none,0,4,48,100,2,2,ok,46,38,0.002233118262632713,103649,"Zipf formula, not realized key frequency"
WS-25-tuned,S,tuned,0.7,95,1000000,10,none,0,4,48,100,2,3,ok,34,38,0.0018258059063134115,103649,"Zipf formula, not realized key frequency"
WS-25-tuned,S,tuned,0.7,95,1000000,10,none,0,4,48,100,2,4,ok,32,38,0.0015617718783188551,103649,"Zipf formula, not realized key frequency"
WS-25-tuned,S,tuned,0.7,95,1000000,10,none,0,4,48,100,2,5,ok,27,38,0.0013746455366893853,103649,"Zipf formula, not realized key frequency"
WS-25-tuned,S,tuned,0.7,95,1000000,10,none,0,4,48,100,2,6,ok,29,38,0.0012340364097363642,103649,"Zipf formula, not realized key frequency"
WS-25-tuned,S,tuned,0.7,95,1000000,10,none,0,4,48,100,2,7,ok,29,38,0.001123915370704954,103649,"Zipf formula, not realized key frequency"
WS-26-default,S,default,0.7,95,1000000,10,batchU,0,4,48,100,1,0,ok,63,27,0.00481833067383284,103649,"Zipf formula, not realized key frequency"
WS-26-default,S,default,0.7,95,1000000,10,batchU,0,4,48,100,1,1,ok,44,27,0.0029660304453688734,103649,"Zipf formula, not realized key frequency"
WS-26-default,S,default,0.7,95,1000000,10,batchU,0,4,48,100,1,2,ok,41,27,0.002233118262632713,103649,"Zipf formula, not realized key frequency"
WS-26-default,S,default,0.7,95,1000000,10,batchU,0,4,48,100,1,3,ok,34,27,0.0018258059063134115,103649,"Zipf formula, not realized key frequency"
WS-26-default,S,default,0.7,95,1000000,10,batchU,0,4,48,100,1,4,ok,21,27,0.0015617718783188551,103649,"Zipf formula, not realized key frequency"
WS-26-default,S,default,0.7,95,1000000,10,batchU,0,4,48,100,1,5,ok,26,27,0.0013746455366893853,103649,"Zipf formula, not realized key frequency"
WS-26-default,S,default,0.7,95,1000000,10,batchU,0,4,48,100,1,6,ok,16,27,0.0012340364097363642,103649,"Zipf formula, not realized key frequency"
WS-26-default,S,default,0.7,95,1000000,10,batchU,0,4,48,100,1,7,ok,20,27,0.001123915370704954,103649,"Zipf formula, not realized key frequency"
WS-26-default,S,default,0.7,95,1000000,10,batchU,0,4,48,100,2,0,ok,77,26,0.00481833067383284,103649,"Zipf formula, not realized key frequency"
WS-26-default,S,default,0.7,95,1000000,10,batchU,0,4,48,100,2,1,ok,54,26,0.0029660304453688734,103649,"Zipf formula, not realized key frequency"
WS-26-default,S,default,0.7,95,1000000,10,batchU,0,4,48,100,2,2,ok,44,26,0.002233118262632713,103649,"Zipf formula, not realized key frequency"
WS-26-default,S,default,0.7,95,1000000,10,batchU,0,4,48,100,2,3,ok,37,26,0.0018258059063134115,103649,"Zipf formula, not realized key frequency"
WS-26-default,S,default,0.7,95,1000000,10,batchU,0,4,48,100,2,4,ok,31,26,0.0015617718783188551,103649,"Zipf formula, not realized key frequency"
WS-26-default,S,default,0.7,95,1000000,10,batchU,0,4,48,100,2,5,ok,30,26,0.0013746455366893853,103649,"Zipf formula, not realized key frequency"
WS-26-default,S,default,0.7,95,1000000,10,batchU,0,4,48,100,2,6,ok,13,26,0.0012340364097363642,103649,"Zipf formula, not realized key frequency"
WS-26-default,S,default,0.7,95,1000000,10,batchU,0,4,48,100,2,7,ok,18,26,0.001123915370704954,103649,"Zipf formula, not realized key frequency"
WS-26-tuned,S,tuned,0.7,95,1000000,10,batchU,0,4,48,100,1,0,ok,24,19,0.00481833067383284,103649,"Zipf formula, not realized key frequency"
WS-26-tuned,S,tuned,0.7,95,1000000,10,batchU,0,4,48,100,1,1,ok,18,19,0.0029660304453688734,103649,"Zipf formula, not realized key frequency"
WS-26-tuned,S,tuned,0.7,95,1000000,10,batchU,0,4,48,100,1,2,ok,12,19,0.002233118262632713,103649,"Zipf formula, not realized key frequency"
WS-26-tuned,S,tuned,0.7,95,1000000,10,batchU,0,4,48,100,1,3,ok,7,19,0.0018258059063134115,103649,"Zipf formula, not realized key frequency"
WS-26-tuned,S,tuned,0.7,95,1000000,10,batchU,0,4,48,100,1,4,ok,8,19,0.0015617718783188551,103649,"Zipf formula, not realized key frequency"
WS-26-tuned,S,tuned,0.7,95,1000000,10,batchU,0,4,48,100,1,5,ok,10,19,0.0013746455366893853,103649,"Zipf formula, not realized key frequency"
WS-26-tuned,S,tuned,0.7,95,1000000,10,batchU,0,4,48,100,1,6,ok,11,19,0.0012340364097363642,103649,"Zipf formula, not realized key frequency"
WS-26-tuned,S,tuned,0.7,95,1000000,10,batchU,0,4,48,100,1,7,ok,6,19,0.001123915370704954,103649,"Zipf formula, not realized key frequency"
WS-26-tuned,S,tuned,0.7,95,1000000,10,batchU,0,4,48,100,2,0,ok,18,9,0.00481833067383284,103649,"Zipf formula, not realized key frequency"
WS-26-tuned,S,tuned,0.7,95,1000000,10,batchU,0,4,48,100,2,1,ok,12,9,0.0029660304453688734,103649,"Zipf formula, not realized key frequency"
WS-26-tuned,S,tuned,0.7,95,1000000,10,batchU,0,4,48,100,2,2,ok,9,9,0.002233118262632713,103649,"Zipf formula, not realized key frequency"
WS-26-tuned,S,tuned,0.7,95,1000000,10,batchU,0,4,48,100,2,3,ok,5,9,0.0018258059063134115,103649,"Zipf formula, not realized key frequency"
WS-26-tuned,S,tuned,0.7,95,1000000,10,batchU,0,4,48,100,2,4,ok,6,9,0.0015617718783188551,103649,"Zipf formula, not realized key frequency"
WS-26-tuned,S,tuned,0.7,95,1000000,10,batchU,0,4,48,100,2,5,ok,7,9,0.0013746455366893853,103649,"Zipf formula, not realized key frequency"
WS-26-tuned,S,tuned,0.7,95,1000000,10,batchU,0,4,48,100,2,6,ok,7,9,0.0012340364097363642,103649,"Zipf formula, not realized key frequency"
WS-26-tuned,S,tuned,0.7,95,1000000,10,batchU,0,4,48,100,2,7,ok,7,9,0.001123915370704954,103649,"Zipf formula, not realized key frequency"
WS-27-default,S,default,0.7,95,1000000,10,batchR,0,4,48,100,1,0,ok,60780,33075,0.00481833067383284,103649,"Zipf formula, not realized key frequency"
WS-27-default,S,default,0.7,95,1000000,10,batchR,0,4,48,100,1,1,ok,37095,33075,0.0029660304453688734,103649,"Zipf formula, not realized key frequency"
WS-27-default,S,default,0.7,95,1000000,10,batchR,0,4,48,100,1,2,ok,31454,33075,0.002233118262632713,103649,"Zipf formula, not realized key frequency"
WS-27-default,S,default,0.7,95,1000000,10,batchR,0,4,48,100,1,3,ok,24809,33075,0.0018258059063134115,103649,"Zipf formula, not realized key frequency"
WS-27-default,S,default,0.7,95,1000000,10,batchR,0,4,48,100,1,4,ok,20528,33075,0.0015617718783188551,103649,"Zipf formula, not realized key frequency"
WS-27-default,S,default,0.7,95,1000000,10,batchR,0,4,48,100,1,5,ok,17734,33075,0.0013746455366893853,103649,"Zipf formula, not realized key frequency"
WS-27-default,S,default,0.7,95,1000000,10,batchR,0,4,48,100,1,6,ok,15818,33075,0.0012340364097363642,103649,"Zipf formula, not realized key frequency"
WS-27-default,S,default,0.7,95,1000000,10,batchR,0,4,48,100,1,7,ok,14203,33075,0.001123915370704954,103649,"Zipf formula, not realized key frequency"
WS-27-default,S,default,0.7,95,1000000,10,batchR,0,4,48,100,2,0,ok,61483,35606,0.00481833067383284,103649,"Zipf formula, not realized key frequency"
WS-27-default,S,default,0.7,95,1000000,10,batchR,0,4,48,100,2,1,ok,37091,35606,0.0029660304453688734,103649,"Zipf formula, not realized key frequency"
WS-27-default,S,default,0.7,95,1000000,10,batchR,0,4,48,100,2,2,ok,31780,35606,0.002233118262632713,103649,"Zipf formula, not realized key frequency"
WS-27-default,S,default,0.7,95,1000000,10,batchR,0,4,48,100,2,3,ok,24957,35606,0.0018258059063134115,103649,"Zipf formula, not realized key frequency"
WS-27-default,S,default,0.7,95,1000000,10,batchR,0,4,48,100,2,4,ok,20837,35606,0.0015617718783188551,103649,"Zipf formula, not realized key frequency"
WS-27-default,S,default,0.7,95,1000000,10,batchR,0,4,48,100,2,5,ok,18116,35606,0.0013746455366893853,103649,"Zipf formula, not realized key frequency"
WS-27-default,S,default,0.7,95,1000000,10,batchR,0,4,48,100,2,6,ok,15757,35606,0.0012340364097363642,103649,"Zipf formula, not realized key frequency"
WS-27-default,S,default,0.7,95,1000000,10,batchR,0,4,48,100,2,7,ok,14247,35606,0.001123915370704954,103649,"Zipf formula, not realized key frequency"
WS-27-tuned,S,tuned,0.7,95,1000000,10,batchR,0,4,48,100,1,0,ok,58776,30681,0.00481833067383284,103649,"Zipf formula, not realized key frequency"
WS-27-tuned,S,tuned,0.7,95,1000000,10,batchR,0,4,48,100,1,1,ok,35499,30681,0.0029660304453688734,103649,"Zipf formula, not realized key frequency"
WS-27-tuned,S,tuned,0.7,95,1000000,10,batchR,0,4,48,100,1,2,ok,30297,30681,0.002233118262632713,103649,"Zipf formula, not realized key frequency"
WS-27-tuned,S,tuned,0.7,95,1000000,10,batchR,0,4,48,100,1,3,ok,23760,30681,0.0018258059063134115,103649,"Zipf formula, not realized key frequency"
WS-27-tuned,S,tuned,0.7,95,1000000,10,batchR,0,4,48,100,1,4,ok,19504,30681,0.0015617718783188551,103649,"Zipf formula, not realized key frequency"
WS-27-tuned,S,tuned,0.7,95,1000000,10,batchR,0,4,48,100,1,5,ok,16997,30681,0.0013746455366893853,103649,"Zipf formula, not realized key frequency"
WS-27-tuned,S,tuned,0.7,95,1000000,10,batchR,0,4,48,100,1,6,ok,14997,30681,0.0012340364097363642,103649,"Zipf formula, not realized key frequency"
WS-27-tuned,S,tuned,0.7,95,1000000,10,batchR,0,4,48,100,1,7,ok,13886,30681,0.001123915370704954,103649,"Zipf formula, not realized key frequency"
WS-27-tuned,S,tuned,0.7,95,1000000,10,batchR,0,4,48,100,2,0,ok,59713,34576,0.00481833067383284,103649,"Zipf formula, not realized key frequency"
WS-27-tuned,S,tuned,0.7,95,1000000,10,batchR,0,4,48,100,2,1,ok,35627,34576,0.0029660304453688734,103649,"Zipf formula, not realized key frequency"
WS-27-tuned,S,tuned,0.7,95,1000000,10,batchR,0,4,48,100,2,2,ok,30709,34576,0.002233118262632713,103649,"Zipf formula, not realized key frequency"
WS-27-tuned,S,tuned,0.7,95,1000000,10,batchR,0,4,48,100,2,3,ok,23937,34576,0.0018258059063134115,103649,"Zipf formula, not realized key frequency"
WS-27-tuned,S,tuned,0.7,95,1000000,10,batchR,0,4,48,100,2,4,ok,20288,34576,0.0015617718783188551,103649,"Zipf formula, not realized key frequency"
WS-27-tuned,S,tuned,0.7,95,1000000,10,batchR,0,4,48,100,2,5,ok,17401,34576,0.0013746455366893853,103649,"Zipf formula, not realized key frequency"
WS-27-tuned,S,tuned,0.7,95,1000000,10,batchR,0,4,48,100,2,6,ok,15279,34576,0.0012340364097363642,103649,"Zipf formula, not realized key frequency"
WS-27-tuned,S,tuned,0.7,95,1000000,10,batchR,0,4,48,100,2,7,ok,14007,34576,0.001123915370704954,103649,"Zipf formula, not realized key frequency"
WS-28-default,S,default,0.8,5,1000000,10,none,0,4,48,100,1,0,ok,1092,362,0.013367709890864608,41036,"Zipf formula, not realized key frequency"
WS-28-default,S,default,0.8,5,1000000,10,none,0,4,48,100,1,1,ok,627,362,0.007677733180856884,41036,"Zipf formula, not realized key frequency"
WS-28-default,S,default,0.8,5,1000000,10,none,0,4,48,100,1,2,ok,585,362,0.005550856600951471,41036,"Zipf formula, not realized key frequency"
WS-28-default,S,default,0.8,5,1000000,10,none,0,4,48,100,1,3,ok,388,362,0.004409699737478228,41036,"Zipf formula, not realized key frequency"
WS-28-default,S,default,0.8,5,1000000,10,none,0,4,48,100,1,4,ok,311,362,0.0036887651684468716,41036,"Zipf formula, not realized key frequency"
WS-28-default,S,default,0.8,5,1000000,10,none,0,4,48,100,1,5,ok,300,362,0.003188129923168694,41036,"Zipf formula, not realized key frequency"
WS-28-default,S,default,0.8,5,1000000,10,none,0,4,48,100,1,6,ok,257,362,0.002818243926988575,41036,"Zipf formula, not realized key frequency"
WS-28-default,S,default,0.8,5,1000000,10,none,0,4,48,100,1,7,ok,217,362,0.0025327074172360486,41036,"Zipf formula, not realized key frequency"
WS-28-default,S,default,0.8,5,1000000,10,none,0,4,48,100,2,0,ok,1210,421,0.013367709890864608,41036,"Zipf formula, not realized key frequency"
WS-28-default,S,default,0.8,5,1000000,10,none,0,4,48,100,2,1,ok,666,421,0.007677733180856884,41036,"Zipf formula, not realized key frequency"
WS-28-default,S,default,0.8,5,1000000,10,none,0,4,48,100,2,2,ok,625,421,0.005550856600951471,41036,"Zipf formula, not realized key frequency"
WS-28-default,S,default,0.8,5,1000000,10,none,0,4,48,100,2,3,ok,445,421,0.004409699737478228,41036,"Zipf formula, not realized key frequency"
WS-28-default,S,default,0.8,5,1000000,10,none,0,4,48,100,2,4,ok,356,421,0.0036887651684468716,41036,"Zipf formula, not realized key frequency"
WS-28-default,S,default,0.8,5,1000000,10,none,0,4,48,100,2,5,ok,334,421,0.003188129923168694,41036,"Zipf formula, not realized key frequency"
WS-28-default,S,default,0.8,5,1000000,10,none,0,4,48,100,2,6,ok,275,421,0.002818243926988575,41036,"Zipf formula, not realized key frequency"
WS-28-default,S,default,0.8,5,1000000,10,none,0,4,48,100,2,7,ok,253,421,0.0025327074172360486,41036,"Zipf formula, not realized key frequency"
WS-28-tuned,S,tuned,0.8,5,1000000,10,none,0,4,48,100,1,0,ok,110,40,0.013367709890864608,41036,"Zipf formula, not realized key frequency"
WS-28-tuned,S,tuned,0.8,5,1000000,10,none,0,4,48,100,1,1,ok,69,40,0.007677733180856884,41036,"Zipf formula, not realized key frequency"
WS-28-tuned,S,tuned,0.8,5,1000000,10,none,0,4,48,100,1,2,ok,67,40,0.005550856600951471,41036,"Zipf formula, not realized key frequency"
WS-28-tuned,S,tuned,0.8,5,1000000,10,none,0,4,48,100,1,3,ok,42,40,0.004409699737478228,41036,"Zipf formula, not realized key frequency"
WS-28-tuned,S,tuned,0.8,5,1000000,10,none,0,4,48,100,1,4,ok,38,40,0.0036887651684468716,41036,"Zipf formula, not realized key frequency"
WS-28-tuned,S,tuned,0.8,5,1000000,10,none,0,4,48,100,1,5,ok,31,40,0.003188129923168694,41036,"Zipf formula, not realized key frequency"
WS-28-tuned,S,tuned,0.8,5,1000000,10,none,0,4,48,100,1,6,ok,27,40,0.002818243926988575,41036,"Zipf formula, not realized key frequency"
WS-28-tuned,S,tuned,0.8,5,1000000,10,none,0,4,48,100,1,7,ok,25,40,0.0025327074172360486,41036,"Zipf formula, not realized key frequency"
WS-28-tuned,S,tuned,0.8,5,1000000,10,none,0,4,48,100,2,0,ok,101,43,0.013367709890864608,41036,"Zipf formula, not realized key frequency"
WS-28-tuned,S,tuned,0.8,5,1000000,10,none,0,4,48,100,2,1,ok,69,43,0.007677733180856884,41036,"Zipf formula, not realized key frequency"
WS-28-tuned,S,tuned,0.8,5,1000000,10,none,0,4,48,100,2,2,ok,49,43,0.005550856600951471,41036,"Zipf formula, not realized key frequency"
WS-28-tuned,S,tuned,0.8,5,1000000,10,none,0,4,48,100,2,3,ok,54,43,0.004409699737478228,41036,"Zipf formula, not realized key frequency"
WS-28-tuned,S,tuned,0.8,5,1000000,10,none,0,4,48,100,2,4,ok,46,43,0.0036887651684468716,41036,"Zipf formula, not realized key frequency"
WS-28-tuned,S,tuned,0.8,5,1000000,10,none,0,4,48,100,2,5,ok,22,43,0.003188129923168694,41036,"Zipf formula, not realized key frequency"
WS-28-tuned,S,tuned,0.8,5,1000000,10,none,0,4,48,100,2,6,ok,28,43,0.002818243926988575,41036,"Zipf formula, not realized key frequency"
WS-28-tuned,S,tuned,0.8,5,1000000,10,none,0,4,48,100,2,7,ok,23,43,0.0025327074172360486,41036,"Zipf formula, not realized key frequency"
WS-29-default,S,default,0.8,5,1000000,10,batchU,0,4,48,100,1,0,ok,977,331,0.013367709890864608,41036,"Zipf formula, not realized key frequency"
WS-29-default,S,default,0.8,5,1000000,10,batchU,0,4,48,100,1,1,ok,552,331,0.007677733180856884,41036,"Zipf formula, not realized key frequency"
WS-29-default,S,default,0.8,5,1000000,10,batchU,0,4,48,100,1,2,ok,526,331,0.005550856600951471,41036,"Zipf formula, not realized key frequency"
WS-29-default,S,default,0.8,5,1000000,10,batchU,0,4,48,100,1,3,ok,368,331,0.004409699737478228,41036,"Zipf formula, not realized key frequency"
WS-29-default,S,default,0.8,5,1000000,10,batchU,0,4,48,100,1,4,ok,302,331,0.0036887651684468716,41036,"Zipf formula, not realized key frequency"
WS-29-default,S,default,0.8,5,1000000,10,batchU,0,4,48,100,1,5,ok,250,331,0.003188129923168694,41036,"Zipf formula, not realized key frequency"
WS-29-default,S,default,0.8,5,1000000,10,batchU,0,4,48,100,1,6,ok,233,331,0.002818243926988575,41036,"Zipf formula, not realized key frequency"
WS-29-default,S,default,0.8,5,1000000,10,batchU,0,4,48,100,1,7,ok,191,331,0.0025327074172360486,41036,"Zipf formula, not realized key frequency"
WS-29-default,S,default,0.8,5,1000000,10,batchU,0,4,48,100,2,0,ok,486,172,0.013367709890864608,41036,"Zipf formula, not realized key frequency"
WS-29-default,S,default,0.8,5,1000000,10,batchU,0,4,48,100,2,1,ok,311,172,0.007677733180856884,41036,"Zipf formula, not realized key frequency"
WS-29-default,S,default,0.8,5,1000000,10,batchU,0,4,48,100,2,2,ok,261,172,0.005550856600951471,41036,"Zipf formula, not realized key frequency"
WS-29-default,S,default,0.8,5,1000000,10,batchU,0,4,48,100,2,3,ok,187,172,0.004409699737478228,41036,"Zipf formula, not realized key frequency"
WS-29-default,S,default,0.8,5,1000000,10,batchU,0,4,48,100,2,4,ok,180,172,0.0036887651684468716,41036,"Zipf formula, not realized key frequency"
WS-29-default,S,default,0.8,5,1000000,10,batchU,0,4,48,100,2,5,ok,139,172,0.003188129923168694,41036,"Zipf formula, not realized key frequency"
WS-29-default,S,default,0.8,5,1000000,10,batchU,0,4,48,100,2,6,ok,128,172,0.002818243926988575,41036,"Zipf formula, not realized key frequency"
WS-29-default,S,default,0.8,5,1000000,10,batchU,0,4,48,100,2,7,ok,115,172,0.0025327074172360486,41036,"Zipf formula, not realized key frequency"
WS-29-tuned,S,tuned,0.8,5,1000000,10,batchU,0,4,48,100,1,0,ok,143,36,0.013367709890864608,41036,"Zipf formula, not realized key frequency"
WS-29-tuned,S,tuned,0.8,5,1000000,10,batchU,0,4,48,100,1,1,ok,77,36,0.007677733180856884,41036,"Zipf formula, not realized key frequency"
WS-29-tuned,S,tuned,0.8,5,1000000,10,batchU,0,4,48,100,1,2,ok,74,36,0.005550856600951471,41036,"Zipf formula, not realized key frequency"
WS-29-tuned,S,tuned,0.8,5,1000000,10,batchU,0,4,48,100,1,3,ok,45,36,0.004409699737478228,41036,"Zipf formula, not realized key frequency"
WS-29-tuned,S,tuned,0.8,5,1000000,10,batchU,0,4,48,100,1,4,ok,37,36,0.0036887651684468716,41036,"Zipf formula, not realized key frequency"
WS-29-tuned,S,tuned,0.8,5,1000000,10,batchU,0,4,48,100,1,5,ok,31,36,0.003188129923168694,41036,"Zipf formula, not realized key frequency"
WS-29-tuned,S,tuned,0.8,5,1000000,10,batchU,0,4,48,100,1,6,ok,18,36,0.002818243926988575,41036,"Zipf formula, not realized key frequency"
WS-29-tuned,S,tuned,0.8,5,1000000,10,batchU,0,4,48,100,1,7,ok,25,36,0.0025327074172360486,41036,"Zipf formula, not realized key frequency"
WS-29-tuned,S,tuned,0.8,5,1000000,10,batchU,0,4,48,100,2,0,ok,299,120,0.013367709890864608,41036,"Zipf formula, not realized key frequency"
WS-29-tuned,S,tuned,0.8,5,1000000,10,batchU,0,4,48,100,2,1,ok,172,120,0.007677733180856884,41036,"Zipf formula, not realized key frequency"
WS-29-tuned,S,tuned,0.8,5,1000000,10,batchU,0,4,48,100,2,2,ok,151,120,0.005550856600951471,41036,"Zipf formula, not realized key frequency"
WS-29-tuned,S,tuned,0.8,5,1000000,10,batchU,0,4,48,100,2,3,ok,134,120,0.004409699737478228,41036,"Zipf formula, not realized key frequency"
WS-29-tuned,S,tuned,0.8,5,1000000,10,batchU,0,4,48,100,2,4,ok,98,120,0.0036887651684468716,41036,"Zipf formula, not realized key frequency"
WS-29-tuned,S,tuned,0.8,5,1000000,10,batchU,0,4,48,100,2,5,ok,76,120,0.003188129923168694,41036,"Zipf formula, not realized key frequency"
WS-29-tuned,S,tuned,0.8,5,1000000,10,batchU,0,4,48,100,2,6,ok,69,120,0.002818243926988575,41036,"Zipf formula, not realized key frequency"
WS-29-tuned,S,tuned,0.8,5,1000000,10,batchU,0,4,48,100,2,7,ok,58,120,0.0025327074172360486,41036,"Zipf formula, not realized key frequency"
WS-30-default,S,default,0.8,5,1000000,10,batchR,0,4,48,100,1,0,ok,125951,51197,0.013367709890864608,41036,"Zipf formula, not realized key frequency"
WS-30-default,S,default,0.8,5,1000000,10,batchR,0,4,48,100,1,1,ok,74545,51197,0.007677733180856884,41036,"Zipf formula, not realized key frequency"
WS-30-default,S,default,0.8,5,1000000,10,batchR,0,4,48,100,1,2,ok,62947,51197,0.005550856600951471,41036,"Zipf formula, not realized key frequency"
WS-30-default,S,default,0.8,5,1000000,10,batchR,0,4,48,100,1,3,ok,48222,51197,0.004409699737478228,41036,"Zipf formula, not realized key frequency"
WS-30-default,S,default,0.8,5,1000000,10,batchR,0,4,48,100,1,4,ok,39181,51197,0.0036887651684468716,41036,"Zipf formula, not realized key frequency"
WS-30-default,S,default,0.8,5,1000000,10,batchR,0,4,48,100,1,5,ok,33295,51197,0.003188129923168694,41036,"Zipf formula, not realized key frequency"
WS-30-default,S,default,0.8,5,1000000,10,batchR,0,4,48,100,1,6,ok,29258,51197,0.002818243926988575,41036,"Zipf formula, not realized key frequency"
WS-30-default,S,default,0.8,5,1000000,10,batchR,0,4,48,100,1,7,ok,26049,51197,0.0025327074172360486,41036,"Zipf formula, not realized key frequency"
WS-30-default,S,default,0.8,5,1000000,10,batchR,0,4,48,100,2,0,ok,127422,52521,0.013367709890864608,41036,"Zipf formula, not realized key frequency"
WS-30-default,S,default,0.8,5,1000000,10,batchR,0,4,48,100,2,1,ok,74515,52521,0.007677733180856884,41036,"Zipf formula, not realized key frequency"
WS-30-default,S,default,0.8,5,1000000,10,batchR,0,4,48,100,2,2,ok,63197,52521,0.005550856600951471,41036,"Zipf formula, not realized key frequency"
WS-30-default,S,default,0.8,5,1000000,10,batchR,0,4,48,100,2,3,ok,48221,52521,0.004409699737478228,41036,"Zipf formula, not realized key frequency"
WS-30-default,S,default,0.8,5,1000000,10,batchR,0,4,48,100,2,4,ok,39460,52521,0.0036887651684468716,41036,"Zipf formula, not realized key frequency"
WS-30-default,S,default,0.8,5,1000000,10,batchR,0,4,48,100,2,5,ok,33507,52521,0.003188129923168694,41036,"Zipf formula, not realized key frequency"
WS-30-default,S,default,0.8,5,1000000,10,batchR,0,4,48,100,2,6,ok,29451,52521,0.002818243926988575,41036,"Zipf formula, not realized key frequency"
WS-30-default,S,default,0.8,5,1000000,10,batchR,0,4,48,100,2,7,ok,26230,52521,0.0025327074172360486,41036,"Zipf formula, not realized key frequency"
WS-30-tuned,S,tuned,0.8,5,1000000,10,batchR,0,4,48,100,1,0,ok,126154,50752,0.013367709890864608,41036,"Zipf formula, not realized key frequency"
WS-30-tuned,S,tuned,0.8,5,1000000,10,batchR,0,4,48,100,1,1,ok,73705,50752,0.007677733180856884,41036,"Zipf formula, not realized key frequency"
WS-30-tuned,S,tuned,0.8,5,1000000,10,batchR,0,4,48,100,1,2,ok,62241,50752,0.005550856600951471,41036,"Zipf formula, not realized key frequency"
WS-30-tuned,S,tuned,0.8,5,1000000,10,batchR,0,4,48,100,1,3,ok,47851,50752,0.004409699737478228,41036,"Zipf formula, not realized key frequency"
WS-30-tuned,S,tuned,0.8,5,1000000,10,batchR,0,4,48,100,1,4,ok,38784,50752,0.0036887651684468716,41036,"Zipf formula, not realized key frequency"
WS-30-tuned,S,tuned,0.8,5,1000000,10,batchR,0,4,48,100,1,5,ok,33531,50752,0.003188129923168694,41036,"Zipf formula, not realized key frequency"
WS-30-tuned,S,tuned,0.8,5,1000000,10,batchR,0,4,48,100,1,6,ok,29087,50752,0.002818243926988575,41036,"Zipf formula, not realized key frequency"
WS-30-tuned,S,tuned,0.8,5,1000000,10,batchR,0,4,48,100,1,7,ok,26096,50752,0.0025327074172360486,41036,"Zipf formula, not realized key frequency"
WS-30-tuned,S,tuned,0.8,5,1000000,10,batchR,0,4,48,100,2,0,ok,124742,51035,0.013367709890864608,41036,"Zipf formula, not realized key frequency"
WS-30-tuned,S,tuned,0.8,5,1000000,10,batchR,0,4,48,100,2,1,ok,72615,51035,0.007677733180856884,41036,"Zipf formula, not realized key frequency"
WS-30-tuned,S,tuned,0.8,5,1000000,10,batchR,0,4,48,100,2,2,ok,61272,51035,0.005550856600951471,41036,"Zipf formula, not realized key frequency"
WS-30-tuned,S,tuned,0.8,5,1000000,10,batchR,0,4,48,100,2,3,ok,46934,51035,0.004409699737478228,41036,"Zipf formula, not realized key frequency"
WS-30-tuned,S,tuned,0.8,5,1000000,10,batchR,0,4,48,100,2,4,ok,38643,51035,0.0036887651684468716,41036,"Zipf formula, not realized key frequency"
WS-30-tuned,S,tuned,0.8,5,1000000,10,batchR,0,4,48,100,2,5,ok,33091,51035,0.003188129923168694,41036,"Zipf formula, not realized key frequency"
WS-30-tuned,S,tuned,0.8,5,1000000,10,batchR,0,4,48,100,2,6,ok,28899,51035,0.002818243926988575,41036,"Zipf formula, not realized key frequency"
WS-30-tuned,S,tuned,0.8,5,1000000,10,batchR,0,4,48,100,2,7,ok,25634,51035,0.0025327074172360486,41036,"Zipf formula, not realized key frequency"
WS-31-default,S,default,0.8,50,1000000,10,none,0,4,48,100,1,0,ok,241,82,0.013367709890864608,41036,"Zipf formula, not realized key frequency"
WS-31-default,S,default,0.8,50,1000000,10,none,0,4,48,100,1,1,ok,137,82,0.007677733180856884,41036,"Zipf formula, not realized key frequency"
WS-31-default,S,default,0.8,50,1000000,10,none,0,4,48,100,1,2,ok,107,82,0.005550856600951471,41036,"Zipf formula, not realized key frequency"
WS-31-default,S,default,0.8,50,1000000,10,none,0,4,48,100,1,3,ok,88,82,0.004409699737478228,41036,"Zipf formula, not realized key frequency"
WS-31-default,S,default,0.8,50,1000000,10,none,0,4,48,100,1,4,ok,74,82,0.0036887651684468716,41036,"Zipf formula, not realized key frequency"
WS-31-default,S,default,0.8,50,1000000,10,none,0,4,48,100,1,5,ok,57,82,0.003188129923168694,41036,"Zipf formula, not realized key frequency"
WS-31-default,S,default,0.8,50,1000000,10,none,0,4,48,100,1,6,ok,52,82,0.002818243926988575,41036,"Zipf formula, not realized key frequency"
WS-31-default,S,default,0.8,50,1000000,10,none,0,4,48,100,1,7,ok,40,82,0.0025327074172360486,41036,"Zipf formula, not realized key frequency"
WS-31-default,S,default,0.8,50,1000000,10,none,0,4,48,100,2,0,ok,102,38,0.013367709890864608,41036,"Zipf formula, not realized key frequency"
WS-31-default,S,default,0.8,50,1000000,10,none,0,4,48,100,2,1,ok,73,38,0.007677733180856884,41036,"Zipf formula, not realized key frequency"
WS-31-default,S,default,0.8,50,1000000,10,none,0,4,48,100,2,2,ok,40,38,0.005550856600951471,41036,"Zipf formula, not realized key frequency"
WS-31-default,S,default,0.8,50,1000000,10,none,0,4,48,100,2,3,ok,36,38,0.004409699737478228,41036,"Zipf formula, not realized key frequency"
WS-31-default,S,default,0.8,50,1000000,10,none,0,4,48,100,2,4,ok,24,38,0.0036887651684468716,41036,"Zipf formula, not realized key frequency"
WS-31-default,S,default,0.8,50,1000000,10,none,0,4,48,100,2,5,ok,26,38,0.003188129923168694,41036,"Zipf formula, not realized key frequency"
WS-31-default,S,default,0.8,50,1000000,10,none,0,4,48,100,2,6,ok,25,38,0.002818243926988575,41036,"Zipf formula, not realized key frequency"
WS-31-default,S,default,0.8,50,1000000,10,none,0,4,48,100,2,7,ok,28,38,0.0025327074172360486,41036,"Zipf formula, not realized key frequency"
WS-31-tuned,S,tuned,0.8,50,1000000,10,none,0,4,48,100,1,0,ok,65,28,0.013367709890864608,41036,"Zipf formula, not realized key frequency"
WS-31-tuned,S,tuned,0.8,50,1000000,10,none,0,4,48,100,1,1,ok,33,28,0.007677733180856884,41036,"Zipf formula, not realized key frequency"
WS-31-tuned,S,tuned,0.8,50,1000000,10,none,0,4,48,100,1,2,ok,24,28,0.005550856600951471,41036,"Zipf formula, not realized key frequency"
WS-31-tuned,S,tuned,0.8,50,1000000,10,none,0,4,48,100,1,3,ok,31,28,0.004409699737478228,41036,"Zipf formula, not realized key frequency"
WS-31-tuned,S,tuned,0.8,50,1000000,10,none,0,4,48,100,1,4,ok,21,28,0.0036887651684468716,41036,"Zipf formula, not realized key frequency"
WS-31-tuned,S,tuned,0.8,50,1000000,10,none,0,4,48,100,1,5,ok,21,28,0.003188129923168694,41036,"Zipf formula, not realized key frequency"
WS-31-tuned,S,tuned,0.8,50,1000000,10,none,0,4,48,100,1,6,ok,19,28,0.002818243926988575,41036,"Zipf formula, not realized key frequency"
WS-31-tuned,S,tuned,0.8,50,1000000,10,none,0,4,48,100,1,7,ok,10,28,0.0025327074172360486,41036,"Zipf formula, not realized key frequency"
WS-31-tuned,S,tuned,0.8,50,1000000,10,none,0,4,48,100,2,0,ok,993,304,0.013367709890864608,41036,"Zipf formula, not realized key frequency"
WS-31-tuned,S,tuned,0.8,50,1000000,10,none,0,4,48,100,2,1,ok,581,304,0.007677733180856884,41036,"Zipf formula, not realized key frequency"
WS-31-tuned,S,tuned,0.8,50,1000000,10,none,0,4,48,100,2,2,ok,477,304,0.005550856600951471,41036,"Zipf formula, not realized key frequency"
WS-31-tuned,S,tuned,0.8,50,1000000,10,none,0,4,48,100,2,3,ok,355,304,0.004409699737478228,41036,"Zipf formula, not realized key frequency"
WS-31-tuned,S,tuned,0.8,50,1000000,10,none,0,4,48,100,2,4,ok,293,304,0.0036887651684468716,41036,"Zipf formula, not realized key frequency"
WS-31-tuned,S,tuned,0.8,50,1000000,10,none,0,4,48,100,2,5,ok,252,304,0.003188129923168694,41036,"Zipf formula, not realized key frequency"
WS-31-tuned,S,tuned,0.8,50,1000000,10,none,0,4,48,100,2,6,ok,229,304,0.002818243926988575,41036,"Zipf formula, not realized key frequency"
WS-31-tuned,S,tuned,0.8,50,1000000,10,none,0,4,48,100,2,7,ok,182,304,0.0025327074172360486,41036,"Zipf formula, not realized key frequency"
WS-32-default,S,default,0.8,50,1000000,10,batchU,0,4,48,100,1,0,ok,525,172,0.013367709890864608,41036,"Zipf formula, not realized key frequency"
WS-32-default,S,default,0.8,50,1000000,10,batchU,0,4,48,100,1,1,ok,315,172,0.007677733180856884,41036,"Zipf formula, not realized key frequency"
WS-32-default,S,default,0.8,50,1000000,10,batchU,0,4,48,100,1,2,ok,262,172,0.005550856600951471,41036,"Zipf formula, not realized key frequency"
WS-32-default,S,default,0.8,50,1000000,10,batchU,0,4,48,100,1,3,ok,214,172,0.004409699737478228,41036,"Zipf formula, not realized key frequency"
WS-32-default,S,default,0.8,50,1000000,10,batchU,0,4,48,100,1,4,ok,157,172,0.0036887651684468716,41036,"Zipf formula, not realized key frequency"
WS-32-default,S,default,0.8,50,1000000,10,batchU,0,4,48,100,1,5,ok,122,172,0.003188129923168694,41036,"Zipf formula, not realized key frequency"
WS-32-default,S,default,0.8,50,1000000,10,batchU,0,4,48,100,1,6,ok,141,172,0.002818243926988575,41036,"Zipf formula, not realized key frequency"
WS-32-default,S,default,0.8,50,1000000,10,batchU,0,4,48,100,1,7,ok,103,172,0.0025327074172360486,41036,"Zipf formula, not realized key frequency"
WS-32-default,S,default,0.8,50,1000000,10,batchU,0,4,48,100,2,0,ok,342,108,0.013367709890864608,41036,"Zipf formula, not realized key frequency"
WS-32-default,S,default,0.8,50,1000000,10,batchU,0,4,48,100,2,1,ok,196,108,0.007677733180856884,41036,"Zipf formula, not realized key frequency"
WS-32-default,S,default,0.8,50,1000000,10,batchU,0,4,48,100,2,2,ok,160,108,0.005550856600951471,41036,"Zipf formula, not realized key frequency"
WS-32-default,S,default,0.8,50,1000000,10,batchU,0,4,48,100,2,3,ok,125,108,0.004409699737478228,41036,"Zipf formula, not realized key frequency"
WS-32-default,S,default,0.8,50,1000000,10,batchU,0,4,48,100,2,4,ok,107,108,0.0036887651684468716,41036,"Zipf formula, not realized key frequency"
WS-32-default,S,default,0.8,50,1000000,10,batchU,0,4,48,100,2,5,ok,92,108,0.003188129923168694,41036,"Zipf formula, not realized key frequency"
WS-32-default,S,default,0.8,50,1000000,10,batchU,0,4,48,100,2,6,ok,66,108,0.002818243926988575,41036,"Zipf formula, not realized key frequency"
WS-32-default,S,default,0.8,50,1000000,10,batchU,0,4,48,100,2,7,ok,66,108,0.0025327074172360486,41036,"Zipf formula, not realized key frequency"
WS-32-tuned,S,tuned,0.8,50,1000000,10,batchU,0,4,48,100,1,0,ok,620,227,0.013367709890864608,41036,"Zipf formula, not realized key frequency"
WS-32-tuned,S,tuned,0.8,50,1000000,10,batchU,0,4,48,100,1,1,ok,357,227,0.007677733180856884,41036,"Zipf formula, not realized key frequency"
WS-32-tuned,S,tuned,0.8,50,1000000,10,batchU,0,4,48,100,1,2,ok,316,227,0.005550856600951471,41036,"Zipf formula, not realized key frequency"
WS-32-tuned,S,tuned,0.8,50,1000000,10,batchU,0,4,48,100,1,3,ok,218,227,0.004409699737478228,41036,"Zipf formula, not realized key frequency"
WS-32-tuned,S,tuned,0.8,50,1000000,10,batchU,0,4,48,100,1,4,ok,206,227,0.0036887651684468716,41036,"Zipf formula, not realized key frequency"
WS-32-tuned,S,tuned,0.8,50,1000000,10,batchU,0,4,48,100,1,5,ok,164,227,0.003188129923168694,41036,"Zipf formula, not realized key frequency"
WS-32-tuned,S,tuned,0.8,50,1000000,10,batchU,0,4,48,100,1,6,ok,162,227,0.002818243926988575,41036,"Zipf formula, not realized key frequency"
WS-32-tuned,S,tuned,0.8,50,1000000,10,batchU,0,4,48,100,1,7,ok,125,227,0.0025327074172360486,41036,"Zipf formula, not realized key frequency"
WS-32-tuned,S,tuned,0.8,50,1000000,10,batchU,0,4,48,100,2,0,ok,909,310,0.013367709890864608,41036,"Zipf formula, not realized key frequency"
WS-32-tuned,S,tuned,0.8,50,1000000,10,batchU,0,4,48,100,2,1,ok,524,310,0.007677733180856884,41036,"Zipf formula, not realized key frequency"
WS-32-tuned,S,tuned,0.8,50,1000000,10,batchU,0,4,48,100,2,2,ok,439,310,0.005550856600951471,41036,"Zipf formula, not realized key frequency"
WS-32-tuned,S,tuned,0.8,50,1000000,10,batchU,0,4,48,100,2,3,ok,332,310,0.004409699737478228,41036,"Zipf formula, not realized key frequency"
WS-32-tuned,S,tuned,0.8,50,1000000,10,batchU,0,4,48,100,2,4,ok,277,310,0.0036887651684468716,41036,"Zipf formula, not realized key frequency"
WS-32-tuned,S,tuned,0.8,50,1000000,10,batchU,0,4,48,100,2,5,ok,252,310,0.003188129923168694,41036,"Zipf formula, not realized key frequency"
WS-32-tuned,S,tuned,0.8,50,1000000,10,batchU,0,4,48,100,2,6,ok,207,310,0.002818243926988575,41036,"Zipf formula, not realized key frequency"
WS-32-tuned,S,tuned,0.8,50,1000000,10,batchU,0,4,48,100,2,7,ok,167,310,0.0025327074172360486,41036,"Zipf formula, not realized key frequency"
WS-33-default,S,default,0.8,50,1000000,10,batchR,0,4,48,100,1,0,ok,167212,80976,0.013367709890864608,41036,"Zipf formula, not realized key frequency"
WS-33-default,S,default,0.8,50,1000000,10,batchR,0,4,48,100,1,1,ok,97486,80976,0.007677733180856884,41036,"Zipf formula, not realized key frequency"
WS-33-default,S,default,0.8,50,1000000,10,batchR,0,4,48,100,1,2,ok,81736,80976,0.005550856600951471,41036,"Zipf formula, not realized key frequency"
WS-33-default,S,default,0.8,50,1000000,10,batchR,0,4,48,100,1,3,ok,61912,80976,0.004409699737478228,41036,"Zipf formula, not realized key frequency"
WS-33-default,S,default,0.8,50,1000000,10,batchR,0,4,48,100,1,4,ok,50366,80976,0.0036887651684468716,41036,"Zipf formula, not realized key frequency"
WS-33-default,S,default,0.8,50,1000000,10,batchR,0,4,48,100,1,5,ok,43081,80976,0.003188129923168694,41036,"Zipf formula, not realized key frequency"
WS-33-default,S,default,0.8,50,1000000,10,batchR,0,4,48,100,1,6,ok,37580,80976,0.002818243926988575,41036,"Zipf formula, not realized key frequency"
WS-33-default,S,default,0.8,50,1000000,10,batchR,0,4,48,100,1,7,ok,33222,80976,0.0025327074172360486,41036,"Zipf formula, not realized key frequency"
WS-33-default,S,default,0.8,50,1000000,10,batchR,0,4,48,100,2,0,ok,169002,82835,0.013367709890864608,41036,"Zipf formula, not realized key frequency"
WS-33-default,S,default,0.8,50,1000000,10,batchR,0,4,48,100,2,1,ok,98676,82835,0.007677733180856884,41036,"Zipf formula, not realized key frequency"
WS-33-default,S,default,0.8,50,1000000,10,batchR,0,4,48,100,2,2,ok,82807,82835,0.005550856600951471,41036,"Zipf formula, not realized key frequency"
WS-33-default,S,default,0.8,50,1000000,10,batchR,0,4,48,100,2,3,ok,62728,82835,0.004409699737478228,41036,"Zipf formula, not realized key frequency"
WS-33-default,S,default,0.8,50,1000000,10,batchR,0,4,48,100,2,4,ok,51414,82835,0.0036887651684468716,41036,"Zipf formula, not realized key frequency"
WS-33-default,S,default,0.8,50,1000000,10,batchR,0,4,48,100,2,5,ok,43958,82835,0.003188129923168694,41036,"Zipf formula, not realized key frequency"
WS-33-default,S,default,0.8,50,1000000,10,batchR,0,4,48,100,2,6,ok,38371,82835,0.002818243926988575,41036,"Zipf formula, not realized key frequency"
WS-33-default,S,default,0.8,50,1000000,10,batchR,0,4,48,100,2,7,ok,34201,82835,0.0025327074172360486,41036,"Zipf formula, not realized key frequency"
WS-33-tuned,S,tuned,0.8,50,1000000,10,batchR,0,4,48,100,1,0,ok,136518,59646,0.013367709890864608,41036,"Zipf formula, not realized key frequency"
WS-33-tuned,S,tuned,0.8,50,1000000,10,batchR,0,4,48,100,1,1,ok,80179,59646,0.007677733180856884,41036,"Zipf formula, not realized key frequency"
WS-33-tuned,S,tuned,0.8,50,1000000,10,batchR,0,4,48,100,1,2,ok,66772,59646,0.005550856600951471,41036,"Zipf formula, not realized key frequency"
WS-33-tuned,S,tuned,0.8,50,1000000,10,batchR,0,4,48,100,1,3,ok,50811,59646,0.004409699737478228,41036,"Zipf formula, not realized key frequency"
WS-33-tuned,S,tuned,0.8,50,1000000,10,batchR,0,4,48,100,1,4,ok,41246,59646,0.0036887651684468716,41036,"Zipf formula, not realized key frequency"
WS-33-tuned,S,tuned,0.8,50,1000000,10,batchR,0,4,48,100,1,5,ok,35572,59646,0.003188129923168694,41036,"Zipf formula, not realized key frequency"
WS-33-tuned,S,tuned,0.8,50,1000000,10,batchR,0,4,48,100,1,6,ok,30805,59646,0.002818243926988575,41036,"Zipf formula, not realized key frequency"
WS-33-tuned,S,tuned,0.8,50,1000000,10,batchR,0,4,48,100,1,7,ok,27420,59646,0.0025327074172360486,41036,"Zipf formula, not realized key frequency"
WS-33-tuned,S,tuned,0.8,50,1000000,10,batchR,0,4,48,100,2,0,ok,136881,57881,0.013367709890864608,41036,"Zipf formula, not realized key frequency"
WS-33-tuned,S,tuned,0.8,50,1000000,10,batchR,0,4,48,100,2,1,ok,79149,57881,0.007677733180856884,41036,"Zipf formula, not realized key frequency"
WS-33-tuned,S,tuned,0.8,50,1000000,10,batchR,0,4,48,100,2,2,ok,66780,57881,0.005550856600951471,41036,"Zipf formula, not realized key frequency"
WS-33-tuned,S,tuned,0.8,50,1000000,10,batchR,0,4,48,100,2,3,ok,50681,57881,0.004409699737478228,41036,"Zipf formula, not realized key frequency"
WS-33-tuned,S,tuned,0.8,50,1000000,10,batchR,0,4,48,100,2,4,ok,41834,57881,0.0036887651684468716,41036,"Zipf formula, not realized key frequency"
WS-33-tuned,S,tuned,0.8,50,1000000,10,batchR,0,4,48,100,2,5,ok,35229,57881,0.003188129923168694,41036,"Zipf formula, not realized key frequency"
WS-33-tuned,S,tuned,0.8,50,1000000,10,batchR,0,4,48,100,2,6,ok,30804,57881,0.002818243926988575,41036,"Zipf formula, not realized key frequency"
WS-33-tuned,S,tuned,0.8,50,1000000,10,batchR,0,4,48,100,2,7,ok,27458,57881,0.0025327074172360486,41036,"Zipf formula, not realized key frequency"
WS-34-default,S,default,0.8,95,1000000,10,none,0,4,48,100,1,0,ok,103,31,0.013367709890864608,41036,"Zipf formula, not realized key frequency"
WS-34-default,S,default,0.8,95,1000000,10,none,0,4,48,100,1,1,ok,49,31,0.007677733180856884,41036,"Zipf formula, not realized key frequency"
WS-34-default,S,default,0.8,95,1000000,10,none,0,4,48,100,1,2,ok,54,31,0.005550856600951471,41036,"Zipf formula, not realized key frequency"
WS-34-default,S,default,0.8,95,1000000,10,none,0,4,48,100,1,3,ok,33,31,0.004409699737478228,41036,"Zipf formula, not realized key frequency"
WS-34-default,S,default,0.8,95,1000000,10,none,0,4,48,100,1,4,ok,26,31,0.0036887651684468716,41036,"Zipf formula, not realized key frequency"
WS-34-default,S,default,0.8,95,1000000,10,none,0,4,48,100,1,5,ok,21,31,0.003188129923168694,41036,"Zipf formula, not realized key frequency"
WS-34-default,S,default,0.8,95,1000000,10,none,0,4,48,100,1,6,ok,28,31,0.002818243926988575,41036,"Zipf formula, not realized key frequency"
WS-34-default,S,default,0.8,95,1000000,10,none,0,4,48,100,1,7,ok,16,31,0.0025327074172360486,41036,"Zipf formula, not realized key frequency"
WS-34-default,S,default,0.8,95,1000000,10,none,0,4,48,100,2,0,ok,84,28,0.013367709890864608,41036,"Zipf formula, not realized key frequency"
WS-34-default,S,default,0.8,95,1000000,10,none,0,4,48,100,2,1,ok,36,28,0.007677733180856884,41036,"Zipf formula, not realized key frequency"
WS-34-default,S,default,0.8,95,1000000,10,none,0,4,48,100,2,2,ok,43,28,0.005550856600951471,41036,"Zipf formula, not realized key frequency"
WS-34-default,S,default,0.8,95,1000000,10,none,0,4,48,100,2,3,ok,21,28,0.004409699737478228,41036,"Zipf formula, not realized key frequency"
WS-34-default,S,default,0.8,95,1000000,10,none,0,4,48,100,2,4,ok,18,28,0.0036887651684468716,41036,"Zipf formula, not realized key frequency"
WS-34-default,S,default,0.8,95,1000000,10,none,0,4,48,100,2,5,ok,19,28,0.003188129923168694,41036,"Zipf formula, not realized key frequency"
WS-34-default,S,default,0.8,95,1000000,10,none,0,4,48,100,2,6,ok,19,28,0.002818243926988575,41036,"Zipf formula, not realized key frequency"
WS-34-default,S,default,0.8,95,1000000,10,none,0,4,48,100,2,7,ok,16,28,0.0025327074172360486,41036,"Zipf formula, not realized key frequency"
WS-34-tuned,S,tuned,0.8,95,1000000,10,none,0,4,48,100,1,0,ok,638,200,0.013367709890864608,41036,"Zipf formula, not realized key frequency"
WS-34-tuned,S,tuned,0.8,95,1000000,10,none,0,4,48,100,1,1,ok,339,200,0.007677733180856884,41036,"Zipf formula, not realized key frequency"
WS-34-tuned,S,tuned,0.8,95,1000000,10,none,0,4,48,100,1,2,ok,283,200,0.005550856600951471,41036,"Zipf formula, not realized key frequency"
WS-34-tuned,S,tuned,0.8,95,1000000,10,none,0,4,48,100,1,3,ok,202,200,0.004409699737478228,41036,"Zipf formula, not realized key frequency"
WS-34-tuned,S,tuned,0.8,95,1000000,10,none,0,4,48,100,1,4,ok,169,200,0.0036887651684468716,41036,"Zipf formula, not realized key frequency"
WS-34-tuned,S,tuned,0.8,95,1000000,10,none,0,4,48,100,1,5,ok,122,200,0.003188129923168694,41036,"Zipf formula, not realized key frequency"
WS-34-tuned,S,tuned,0.8,95,1000000,10,none,0,4,48,100,1,6,ok,103,200,0.002818243926988575,41036,"Zipf formula, not realized key frequency"
WS-34-tuned,S,tuned,0.8,95,1000000,10,none,0,4,48,100,1,7,ok,104,200,0.0025327074172360486,41036,"Zipf formula, not realized key frequency"
WS-34-tuned,S,tuned,0.8,95,1000000,10,none,0,4,48,100,2,0,ok,4,4,0.013367709890864608,41036,"Zipf formula, not realized key frequency"
WS-34-tuned,S,tuned,0.8,95,1000000,10,none,0,4,48,100,2,1,ok,2,4,0.007677733180856884,41036,"Zipf formula, not realized key frequency"
WS-34-tuned,S,tuned,0.8,95,1000000,10,none,0,4,48,100,2,2,ok,3,4,0.005550856600951471,41036,"Zipf formula, not realized key frequency"
WS-34-tuned,S,tuned,0.8,95,1000000,10,none,0,4,48,100,2,3,ok,4,4,0.004409699737478228,41036,"Zipf formula, not realized key frequency"
WS-34-tuned,S,tuned,0.8,95,1000000,10,none,0,4,48,100,2,4,ok,5,4,0.0036887651684468716,41036,"Zipf formula, not realized key frequency"
WS-34-tuned,S,tuned,0.8,95,1000000,10,none,0,4,48,100,2,5,ok,4,4,0.003188129923168694,41036,"Zipf formula, not realized key frequency"
WS-34-tuned,S,tuned,0.8,95,1000000,10,none,0,4,48,100,2,6,ok,4,4,0.002818243926988575,41036,"Zipf formula, not realized key frequency"
WS-34-tuned,S,tuned,0.8,95,1000000,10,none,0,4,48,100,2,7,ok,3,4,0.0025327074172360486,41036,"Zipf formula, not realized key frequency"
WS-35-default,S,default,0.8,95,1000000,10,batchU,0,4,48,100,1,0,ok,105,35,0.013367709890864608,41036,"Zipf formula, not realized key frequency"
WS-35-default,S,default,0.8,95,1000000,10,batchU,0,4,48,100,1,1,ok,72,35,0.007677733180856884,41036,"Zipf formula, not realized key frequency"
WS-35-default,S,default,0.8,95,1000000,10,batchU,0,4,48,100,1,2,ok,58,35,0.005550856600951471,41036,"Zipf formula, not realized key frequency"
WS-35-default,S,default,0.8,95,1000000,10,batchU,0,4,48,100,1,3,ok,44,35,0.004409699737478228,41036,"Zipf formula, not realized key frequency"
WS-35-default,S,default,0.8,95,1000000,10,batchU,0,4,48,100,1,4,ok,35,35,0.0036887651684468716,41036,"Zipf formula, not realized key frequency"
WS-35-default,S,default,0.8,95,1000000,10,batchU,0,4,48,100,1,5,ok,21,35,0.003188129923168694,41036,"Zipf formula, not realized key frequency"
WS-35-default,S,default,0.8,95,1000000,10,batchU,0,4,48,100,1,6,ok,23,35,0.002818243926988575,41036,"Zipf formula, not realized key frequency"
WS-35-default,S,default,0.8,95,1000000,10,batchU,0,4,48,100,1,7,ok,22,35,0.0025327074172360486,41036,"Zipf formula, not realized key frequency"
WS-35-default,S,default,0.8,95,1000000,10,batchU,0,4,48,100,2,0,ok,79,29,0.013367709890864608,41036,"Zipf formula, not realized key frequency"
WS-35-default,S,default,0.8,95,1000000,10,batchU,0,4,48,100,2,1,ok,66,29,0.007677733180856884,41036,"Zipf formula, not realized key frequency"
WS-35-default,S,default,0.8,95,1000000,10,batchU,0,4,48,100,2,2,ok,41,29,0.005550856600951471,41036,"Zipf formula, not realized key frequency"
WS-35-default,S,default,0.8,95,1000000,10,batchU,0,4,48,100,2,3,ok,36,29,0.004409699737478228,41036,"Zipf formula, not realized key frequency"
WS-35-default,S,default,0.8,95,1000000,10,batchU,0,4,48,100,2,4,ok,29,29,0.0036887651684468716,41036,"Zipf formula, not realized key frequency"
WS-35-default,S,default,0.8,95,1000000,10,batchU,0,4,48,100,2,5,ok,18,29,0.003188129923168694,41036,"Zipf formula, not realized key frequency"
WS-35-default,S,default,0.8,95,1000000,10,batchU,0,4,48,100,2,6,ok,26,29,0.002818243926988575,41036,"Zipf formula, not realized key frequency"
WS-35-default,S,default,0.8,95,1000000,10,batchU,0,4,48,100,2,7,ok,15,29,0.0025327074172360486,41036,"Zipf formula, not realized key frequency"
WS-35-tuned,S,tuned,0.8,95,1000000,10,batchU,0,4,48,100,1,0,ok,314,106,0.013367709890864608,41036,"Zipf formula, not realized key frequency"
WS-35-tuned,S,tuned,0.8,95,1000000,10,batchU,0,4,48,100,1,1,ok,153,106,0.007677733180856884,41036,"Zipf formula, not realized key frequency"
WS-35-tuned,S,tuned,0.8,95,1000000,10,batchU,0,4,48,100,1,2,ok,122,106,0.005550856600951471,41036,"Zipf formula, not realized key frequency"
WS-35-tuned,S,tuned,0.8,95,1000000,10,batchU,0,4,48,100,1,3,ok,107,106,0.004409699737478228,41036,"Zipf formula, not realized key frequency"
WS-35-tuned,S,tuned,0.8,95,1000000,10,batchU,0,4,48,100,1,4,ok,70,106,0.0036887651684468716,41036,"Zipf formula, not realized key frequency"
WS-35-tuned,S,tuned,0.8,95,1000000,10,batchU,0,4,48,100,1,5,ok,84,106,0.003188129923168694,41036,"Zipf formula, not realized key frequency"
WS-35-tuned,S,tuned,0.8,95,1000000,10,batchU,0,4,48,100,1,6,ok,49,106,0.002818243926988575,41036,"Zipf formula, not realized key frequency"
WS-35-tuned,S,tuned,0.8,95,1000000,10,batchU,0,4,48,100,1,7,ok,56,106,0.0025327074172360486,41036,"Zipf formula, not realized key frequency"
WS-35-tuned,S,tuned,0.8,95,1000000,10,batchU,0,4,48,100,2,0,ok,601,168,0.013367709890864608,41036,"Zipf formula, not realized key frequency"
WS-35-tuned,S,tuned,0.8,95,1000000,10,batchU,0,4,48,100,2,1,ok,358,168,0.007677733180856884,41036,"Zipf formula, not realized key frequency"
WS-35-tuned,S,tuned,0.8,95,1000000,10,batchU,0,4,48,100,2,2,ok,252,168,0.005550856600951471,41036,"Zipf formula, not realized key frequency"
WS-35-tuned,S,tuned,0.8,95,1000000,10,batchU,0,4,48,100,2,3,ok,194,168,0.004409699737478228,41036,"Zipf formula, not realized key frequency"
WS-35-tuned,S,tuned,0.8,95,1000000,10,batchU,0,4,48,100,2,4,ok,189,168,0.0036887651684468716,41036,"Zipf formula, not realized key frequency"
WS-35-tuned,S,tuned,0.8,95,1000000,10,batchU,0,4,48,100,2,5,ok,121,168,0.003188129923168694,41036,"Zipf formula, not realized key frequency"
WS-35-tuned,S,tuned,0.8,95,1000000,10,batchU,0,4,48,100,2,6,ok,105,168,0.002818243926988575,41036,"Zipf formula, not realized key frequency"
WS-35-tuned,S,tuned,0.8,95,1000000,10,batchU,0,4,48,100,2,7,ok,108,168,0.0025327074172360486,41036,"Zipf formula, not realized key frequency"
WS-36-default,S,default,0.8,95,1000000,10,batchR,0,4,48,100,1,0,ok,134209,59673,0.013367709890864608,41036,"Zipf formula, not realized key frequency"
WS-36-default,S,default,0.8,95,1000000,10,batchR,0,4,48,100,1,1,ok,74152,59673,0.007677733180856884,41036,"Zipf formula, not realized key frequency"
WS-36-default,S,default,0.8,95,1000000,10,batchR,0,4,48,100,1,2,ok,62241,59673,0.005550856600951471,41036,"Zipf formula, not realized key frequency"
WS-36-default,S,default,0.8,95,1000000,10,batchR,0,4,48,100,1,3,ok,46211,59673,0.004409699737478228,41036,"Zipf formula, not realized key frequency"
WS-36-default,S,default,0.8,95,1000000,10,batchR,0,4,48,100,1,4,ok,37769,59673,0.0036887651684468716,41036,"Zipf formula, not realized key frequency"
WS-36-default,S,default,0.8,95,1000000,10,batchR,0,4,48,100,1,5,ok,32024,59673,0.003188129923168694,41036,"Zipf formula, not realized key frequency"
WS-36-default,S,default,0.8,95,1000000,10,batchR,0,4,48,100,1,6,ok,27636,59673,0.002818243926988575,41036,"Zipf formula, not realized key frequency"
WS-36-default,S,default,0.8,95,1000000,10,batchR,0,4,48,100,1,7,ok,24610,59673,0.0025327074172360486,41036,"Zipf formula, not realized key frequency"
WS-36-default,S,default,0.8,95,1000000,10,batchR,0,4,48,100,2,0,ok,137905,66518,0.013367709890864608,41036,"Zipf formula, not realized key frequency"
WS-36-default,S,default,0.8,95,1000000,10,batchR,0,4,48,100,2,1,ok,76097,66518,0.007677733180856884,41036,"Zipf formula, not realized key frequency"
WS-36-default,S,default,0.8,95,1000000,10,batchR,0,4,48,100,2,2,ok,63404,66518,0.005550856600951471,41036,"Zipf formula, not realized key frequency"
WS-36-default,S,default,0.8,95,1000000,10,batchR,0,4,48,100,2,3,ok,47789,66518,0.004409699737478228,41036,"Zipf formula, not realized key frequency"
WS-36-default,S,default,0.8,95,1000000,10,batchR,0,4,48,100,2,4,ok,39034,66518,0.0036887651684468716,41036,"Zipf formula, not realized key frequency"
WS-36-default,S,default,0.8,95,1000000,10,batchR,0,4,48,100,2,5,ok,32638,66518,0.003188129923168694,41036,"Zipf formula, not realized key frequency"
WS-36-default,S,default,0.8,95,1000000,10,batchR,0,4,48,100,2,6,ok,28566,66518,0.002818243926988575,41036,"Zipf formula, not realized key frequency"
WS-36-default,S,default,0.8,95,1000000,10,batchR,0,4,48,100,2,7,ok,24978,66518,0.0025327074172360486,41036,"Zipf formula, not realized key frequency"
WS-36-tuned,S,tuned,0.8,95,1000000,10,batchR,0,4,48,100,1,0,ok,175857,79676,0.013367709890864608,41036,"Zipf formula, not realized key frequency"
WS-36-tuned,S,tuned,0.8,95,1000000,10,batchR,0,4,48,100,1,1,ok,95871,79676,0.007677733180856884,41036,"Zipf formula, not realized key frequency"
WS-36-tuned,S,tuned,0.8,95,1000000,10,batchR,0,4,48,100,1,2,ok,79770,79676,0.005550856600951471,41036,"Zipf formula, not realized key frequency"
WS-36-tuned,S,tuned,0.8,95,1000000,10,batchR,0,4,48,100,1,3,ok,59471,79676,0.004409699737478228,41036,"Zipf formula, not realized key frequency"
WS-36-tuned,S,tuned,0.8,95,1000000,10,batchR,0,4,48,100,1,4,ok,48272,79676,0.0036887651684468716,41036,"Zipf formula, not realized key frequency"
WS-36-tuned,S,tuned,0.8,95,1000000,10,batchR,0,4,48,100,1,5,ok,40693,79676,0.003188129923168694,41036,"Zipf formula, not realized key frequency"
WS-36-tuned,S,tuned,0.8,95,1000000,10,batchR,0,4,48,100,1,6,ok,34870,79676,0.002818243926988575,41036,"Zipf formula, not realized key frequency"
WS-36-tuned,S,tuned,0.8,95,1000000,10,batchR,0,4,48,100,1,7,ok,30988,79676,0.0025327074172360486,41036,"Zipf formula, not realized key frequency"
WS-36-tuned,S,tuned,0.8,95,1000000,10,batchR,0,4,48,100,2,0,ok,173657,84519,0.013367709890864608,41036,"Zipf formula, not realized key frequency"
WS-36-tuned,S,tuned,0.8,95,1000000,10,batchR,0,4,48,100,2,1,ok,95785,84519,0.007677733180856884,41036,"Zipf formula, not realized key frequency"
WS-36-tuned,S,tuned,0.8,95,1000000,10,batchR,0,4,48,100,2,2,ok,79132,84519,0.005550856600951471,41036,"Zipf formula, not realized key frequency"
WS-36-tuned,S,tuned,0.8,95,1000000,10,batchR,0,4,48,100,2,3,ok,59203,84519,0.004409699737478228,41036,"Zipf formula, not realized key frequency"
WS-36-tuned,S,tuned,0.8,95,1000000,10,batchR,0,4,48,100,2,4,ok,47602,84519,0.0036887651684468716,41036,"Zipf formula, not realized key frequency"
WS-36-tuned,S,tuned,0.8,95,1000000,10,batchR,0,4,48,100,2,5,ok,40609,84519,0.003188129923168694,41036,"Zipf formula, not realized key frequency"
WS-36-tuned,S,tuned,0.8,95,1000000,10,batchR,0,4,48,100,2,6,ok,35328,84519,0.002818243926988575,41036,"Zipf formula, not realized key frequency"
WS-36-tuned,S,tuned,0.8,95,1000000,10,batchR,0,4,48,100,2,7,ok,31044,84519,0.0025327074172360486,41036,"Zipf formula, not realized key frequency"
WS-37-default,S,default,0.9,5,1000000,10,none,0,4,48,100,1,0,ok,856,285,0.03291573683698117,8184,"Zipf formula, not realized key frequency"
WS-37-default,S,default,0.9,5,1000000,10,none,0,4,48,100,1,1,ok,486,285,0.017639106620852364,8184,"Zipf formula, not realized key frequency"
WS-37-default,S,default,0.9,5,1000000,10,none,0,4,48,100,1,2,ok,387,285,0.012246005558052046,8184,"Zipf formula, not realized key frequency"
WS-37-default,S,default,0.9,5,1000000,10,none,0,4,48,100,1,3,ok,306,285,0.009452563189538894,8184,"Zipf formula, not realized key frequency"
WS-37-default,S,default,0.9,5,1000000,10,none,0,4,48,100,1,4,ok,208,285,0.00773268960288364,8184,"Zipf formula, not realized key frequency"
WS-37-default,S,default,0.9,5,1000000,10,none,0,4,48,100,1,5,ok,195,285,0.0065624718895960655,8184,"Zipf formula, not realized key frequency"
WS-37-default,S,default,0.9,5,1000000,10,none,0,4,48,100,1,6,ok,177,285,0.005712357054208398,8184,"Zipf formula, not realized key frequency"
WS-37-default,S,default,0.9,5,1000000,10,none,0,4,48,100,1,7,ok,156,285,0.005065503189747605,8184,"Zipf formula, not realized key frequency"
WS-37-default,S,default,0.9,5,1000000,10,none,0,4,48,100,2,0,ok,537,194,0.03291573683698117,8184,"Zipf formula, not realized key frequency"
WS-37-default,S,default,0.9,5,1000000,10,none,0,4,48,100,2,1,ok,339,194,0.017639106620852364,8184,"Zipf formula, not realized key frequency"
WS-37-default,S,default,0.9,5,1000000,10,none,0,4,48,100,2,2,ok,272,194,0.012246005558052046,8184,"Zipf formula, not realized key frequency"
WS-37-default,S,default,0.9,5,1000000,10,none,0,4,48,100,2,3,ok,202,194,0.009452563189538894,8184,"Zipf formula, not realized key frequency"
WS-37-default,S,default,0.9,5,1000000,10,none,0,4,48,100,2,4,ok,170,194,0.00773268960288364,8184,"Zipf formula, not realized key frequency"
WS-37-default,S,default,0.9,5,1000000,10,none,0,4,48,100,2,5,ok,136,194,0.0065624718895960655,8184,"Zipf formula, not realized key frequency"
WS-37-default,S,default,0.9,5,1000000,10,none,0,4,48,100,2,6,ok,108,194,0.005712357054208398,8184,"Zipf formula, not realized key frequency"
WS-37-default,S,default,0.9,5,1000000,10,none,0,4,48,100,2,7,ok,95,194,0.005065503189747605,8184,"Zipf formula, not realized key frequency"
WS-37-tuned,S,tuned,0.9,5,1000000,10,none,0,4,48,100,1,0,ok,358,121,0.03291573683698117,8184,"Zipf formula, not realized key frequency"
WS-37-tuned,S,tuned,0.9,5,1000000,10,none,0,4,48,100,1,1,ok,231,121,0.017639106620852364,8184,"Zipf formula, not realized key frequency"
WS-37-tuned,S,tuned,0.9,5,1000000,10,none,0,4,48,100,1,2,ok,188,121,0.012246005558052046,8184,"Zipf formula, not realized key frequency"
WS-37-tuned,S,tuned,0.9,5,1000000,10,none,0,4,48,100,1,3,ok,152,121,0.009452563189538894,8184,"Zipf formula, not realized key frequency"
WS-37-tuned,S,tuned,0.9,5,1000000,10,none,0,4,48,100,1,4,ok,128,121,0.00773268960288364,8184,"Zipf formula, not realized key frequency"
WS-37-tuned,S,tuned,0.9,5,1000000,10,none,0,4,48,100,1,5,ok,95,121,0.0065624718895960655,8184,"Zipf formula, not realized key frequency"
WS-37-tuned,S,tuned,0.9,5,1000000,10,none,0,4,48,100,1,6,ok,74,121,0.005712357054208398,8184,"Zipf formula, not realized key frequency"
WS-37-tuned,S,tuned,0.9,5,1000000,10,none,0,4,48,100,1,7,ok,70,121,0.005065503189747605,8184,"Zipf formula, not realized key frequency"
WS-37-tuned,S,tuned,0.9,5,1000000,10,none,0,4,48,100,2,0,ok,1846,511,0.03291573683698117,8184,"Zipf formula, not realized key frequency"
WS-37-tuned,S,tuned,0.9,5,1000000,10,none,0,4,48,100,2,1,ok,1098,511,0.017639106620852364,8184,"Zipf formula, not realized key frequency"
WS-37-tuned,S,tuned,0.9,5,1000000,10,none,0,4,48,100,2,2,ok,877,511,0.012246005558052046,8184,"Zipf formula, not realized key frequency"
WS-37-tuned,S,tuned,0.9,5,1000000,10,none,0,4,48,100,2,3,ok,580,511,0.009452563189538894,8184,"Zipf formula, not realized key frequency"
WS-37-tuned,S,tuned,0.9,5,1000000,10,none,0,4,48,100,2,4,ok,556,511,0.00773268960288364,8184,"Zipf formula, not realized key frequency"
WS-37-tuned,S,tuned,0.9,5,1000000,10,none,0,4,48,100,2,5,ok,462,511,0.0065624718895960655,8184,"Zipf formula, not realized key frequency"
WS-37-tuned,S,tuned,0.9,5,1000000,10,none,0,4,48,100,2,6,ok,377,511,0.005712357054208398,8184,"Zipf formula, not realized key frequency"
WS-37-tuned,S,tuned,0.9,5,1000000,10,none,0,4,48,100,2,7,ok,341,511,0.005065503189747605,8184,"Zipf formula, not realized key frequency"
WS-38-default,S,default,0.9,5,1000000,10,batchU,0,4,48,100,1,0,ok,333,128,0.03291573683698117,8184,"Zipf formula, not realized key frequency"
WS-38-default,S,default,0.9,5,1000000,10,batchU,0,4,48,100,1,1,ok,198,128,0.017639106620852364,8184,"Zipf formula, not realized key frequency"
WS-38-default,S,default,0.9,5,1000000,10,batchU,0,4,48,100,1,2,ok,166,128,0.012246005558052046,8184,"Zipf formula, not realized key frequency"
WS-38-default,S,default,0.9,5,1000000,10,batchU,0,4,48,100,1,3,ok,113,128,0.009452563189538894,8184,"Zipf formula, not realized key frequency"
WS-38-default,S,default,0.9,5,1000000,10,batchU,0,4,48,100,1,4,ok,133,128,0.00773268960288364,8184,"Zipf formula, not realized key frequency"
WS-38-default,S,default,0.9,5,1000000,10,batchU,0,4,48,100,1,5,ok,78,128,0.0065624718895960655,8184,"Zipf formula, not realized key frequency"
WS-38-default,S,default,0.9,5,1000000,10,batchU,0,4,48,100,1,6,ok,88,128,0.005712357054208398,8184,"Zipf formula, not realized key frequency"
WS-38-default,S,default,0.9,5,1000000,10,batchU,0,4,48,100,1,7,ok,85,128,0.005065503189747605,8184,"Zipf formula, not realized key frequency"
WS-38-default,S,default,0.9,5,1000000,10,batchU,0,4,48,100,2,0,ok,766,270,0.03291573683698117,8184,"Zipf formula, not realized key frequency"
WS-38-default,S,default,0.9,5,1000000,10,batchU,0,4,48,100,2,1,ok,454,270,0.017639106620852364,8184,"Zipf formula, not realized key frequency"
WS-38-default,S,default,0.9,5,1000000,10,batchU,0,4,48,100,2,2,ok,395,270,0.012246005558052046,8184,"Zipf formula, not realized key frequency"
WS-38-default,S,default,0.9,5,1000000,10,batchU,0,4,48,100,2,3,ok,299,270,0.009452563189538894,8184,"Zipf formula, not realized key frequency"
WS-38-default,S,default,0.9,5,1000000,10,batchU,0,4,48,100,2,4,ok,226,270,0.00773268960288364,8184,"Zipf formula, not realized key frequency"
WS-38-default,S,default,0.9,5,1000000,10,batchU,0,4,48,100,2,5,ok,177,270,0.0065624718895960655,8184,"Zipf formula, not realized key frequency"
WS-38-default,S,default,0.9,5,1000000,10,batchU,0,4,48,100,2,6,ok,150,270,0.005712357054208398,8184,"Zipf formula, not realized key frequency"
WS-38-default,S,default,0.9,5,1000000,10,batchU,0,4,48,100,2,7,ok,158,270,0.005065503189747605,8184,"Zipf formula, not realized key frequency"
WS-38-tuned,S,tuned,0.9,5,1000000,10,batchU,0,4,48,100,1,0,ok,919,275,0.03291573683698117,8184,"Zipf formula, not realized key frequency"
WS-38-tuned,S,tuned,0.9,5,1000000,10,batchU,0,4,48,100,1,1,ok,549,275,0.017639106620852364,8184,"Zipf formula, not realized key frequency"
WS-38-tuned,S,tuned,0.9,5,1000000,10,batchU,0,4,48,100,1,2,ok,452,275,0.012246005558052046,8184,"Zipf formula, not realized key frequency"
WS-38-tuned,S,tuned,0.9,5,1000000,10,batchU,0,4,48,100,1,3,ok,325,275,0.009452563189538894,8184,"Zipf formula, not realized key frequency"
WS-38-tuned,S,tuned,0.9,5,1000000,10,batchU,0,4,48,100,1,4,ok,307,275,0.00773268960288364,8184,"Zipf formula, not realized key frequency"
WS-38-tuned,S,tuned,0.9,5,1000000,10,batchU,0,4,48,100,1,5,ok,199,275,0.0065624718895960655,8184,"Zipf formula, not realized key frequency"
WS-38-tuned,S,tuned,0.9,5,1000000,10,batchU,0,4,48,100,1,6,ok,188,275,0.005712357054208398,8184,"Zipf formula, not realized key frequency"
WS-38-tuned,S,tuned,0.9,5,1000000,10,batchU,0,4,48,100,1,7,ok,155,275,0.005065503189747605,8184,"Zipf formula, not realized key frequency"
WS-38-tuned,S,tuned,0.9,5,1000000,10,batchU,0,4,48,100,2,0,ok,838,216,0.03291573683698117,8184,"Zipf formula, not realized key frequency"
WS-38-tuned,S,tuned,0.9,5,1000000,10,batchU,0,4,48,100,2,1,ok,474,216,0.017639106620852364,8184,"Zipf formula, not realized key frequency"
WS-38-tuned,S,tuned,0.9,5,1000000,10,batchU,0,4,48,100,2,2,ok,371,216,0.012246005558052046,8184,"Zipf formula, not realized key frequency"
WS-38-tuned,S,tuned,0.9,5,1000000,10,batchU,0,4,48,100,2,3,ok,298,216,0.009452563189538894,8184,"Zipf formula, not realized key frequency"
WS-38-tuned,S,tuned,0.9,5,1000000,10,batchU,0,4,48,100,2,4,ok,240,216,0.00773268960288364,8184,"Zipf formula, not realized key frequency"
WS-38-tuned,S,tuned,0.9,5,1000000,10,batchU,0,4,48,100,2,5,ok,230,216,0.0065624718895960655,8184,"Zipf formula, not realized key frequency"
WS-38-tuned,S,tuned,0.9,5,1000000,10,batchU,0,4,48,100,2,6,ok,167,216,0.005712357054208398,8184,"Zipf formula, not realized key frequency"
WS-38-tuned,S,tuned,0.9,5,1000000,10,batchU,0,4,48,100,2,7,ok,131,216,0.005065503189747605,8184,"Zipf formula, not realized key frequency"
WS-39-default,S,default,0.9,5,1000000,10,batchR,0,4,48,100,1,0,ok,323621,140304,0.03291573683698117,8184,"Zipf formula, not realized key frequency"
WS-39-default,S,default,0.9,5,1000000,10,batchR,0,4,48,100,1,1,ok,184133,140304,0.017639106620852364,8184,"Zipf formula, not realized key frequency"
WS-39-default,S,default,0.9,5,1000000,10,batchR,0,4,48,100,1,2,ok,153419,140304,0.012246005558052046,8184,"Zipf formula, not realized key frequency"
WS-39-default,S,default,0.9,5,1000000,10,batchR,0,4,48,100,1,3,ok,114660,140304,0.009452563189538894,8184,"Zipf formula, not realized key frequency"
WS-39-default,S,default,0.9,5,1000000,10,batchR,0,4,48,100,1,4,ok,92293,140304,0.00773268960288364,8184,"Zipf formula, not realized key frequency"
WS-39-default,S,default,0.9,5,1000000,10,batchR,0,4,48,100,1,5,ok,77313,140304,0.0065624718895960655,8184,"Zipf formula, not realized key frequency"
WS-39-default,S,default,0.9,5,1000000,10,batchR,0,4,48,100,1,6,ok,66782,140304,0.005712357054208398,8184,"Zipf formula, not realized key frequency"
WS-39-default,S,default,0.9,5,1000000,10,batchR,0,4,48,100,1,7,ok,59078,140304,0.005065503189747605,8184,"Zipf formula, not realized key frequency"
WS-39-default,S,default,0.9,5,1000000,10,batchR,0,4,48,100,2,0,ok,325969,142286,0.03291573683698117,8184,"Zipf formula, not realized key frequency"
WS-39-default,S,default,0.9,5,1000000,10,batchR,0,4,48,100,2,1,ok,186387,142286,0.017639106620852364,8184,"Zipf formula, not realized key frequency"
WS-39-default,S,default,0.9,5,1000000,10,batchR,0,4,48,100,2,2,ok,155735,142286,0.012246005558052046,8184,"Zipf formula, not realized key frequency"
WS-39-default,S,default,0.9,5,1000000,10,batchR,0,4,48,100,2,3,ok,115824,142286,0.009452563189538894,8184,"Zipf formula, not realized key frequency"
WS-39-default,S,default,0.9,5,1000000,10,batchR,0,4,48,100,2,4,ok,93463,142286,0.00773268960288364,8184,"Zipf formula, not realized key frequency"
WS-39-default,S,default,0.9,5,1000000,10,batchR,0,4,48,100,2,5,ok,77664,142286,0.0065624718895960655,8184,"Zipf formula, not realized key frequency"
WS-39-default,S,default,0.9,5,1000000,10,batchR,0,4,48,100,2,6,ok,67043,142286,0.005712357054208398,8184,"Zipf formula, not realized key frequency"
WS-39-default,S,default,0.9,5,1000000,10,batchR,0,4,48,100,2,7,ok,59449,142286,0.005065503189747605,8184,"Zipf formula, not realized key frequency"
WS-39-tuned,S,tuned,0.9,5,1000000,10,batchR,0,4,48,100,1,0,ok,301285,128342,0.03291573683698117,8184,"Zipf formula, not realized key frequency"
WS-39-tuned,S,tuned,0.9,5,1000000,10,batchR,0,4,48,100,1,1,ok,172034,128342,0.017639106620852364,8184,"Zipf formula, not realized key frequency"
WS-39-tuned,S,tuned,0.9,5,1000000,10,batchR,0,4,48,100,1,2,ok,142624,128342,0.012246005558052046,8184,"Zipf formula, not realized key frequency"
WS-39-tuned,S,tuned,0.9,5,1000000,10,batchR,0,4,48,100,1,3,ok,106829,128342,0.009452563189538894,8184,"Zipf formula, not realized key frequency"
WS-39-tuned,S,tuned,0.9,5,1000000,10,batchR,0,4,48,100,1,4,ok,85489,128342,0.00773268960288364,8184,"Zipf formula, not realized key frequency"
WS-39-tuned,S,tuned,0.9,5,1000000,10,batchR,0,4,48,100,1,5,ok,71752,128342,0.0065624718895960655,8184,"Zipf formula, not realized key frequency"
WS-39-tuned,S,tuned,0.9,5,1000000,10,batchR,0,4,48,100,1,6,ok,62515,128342,0.005712357054208398,8184,"Zipf formula, not realized key frequency"
WS-39-tuned,S,tuned,0.9,5,1000000,10,batchR,0,4,48,100,1,7,ok,54734,128342,0.005065503189747605,8184,"Zipf formula, not realized key frequency"
WS-39-tuned,S,tuned,0.9,5,1000000,10,batchR,0,4,48,100,2,0,ok,302907,130192,0.03291573683698117,8184,"Zipf formula, not realized key frequency"
WS-39-tuned,S,tuned,0.9,5,1000000,10,batchR,0,4,48,100,2,1,ok,173286,130192,0.017639106620852364,8184,"Zipf formula, not realized key frequency"
WS-39-tuned,S,tuned,0.9,5,1000000,10,batchR,0,4,48,100,2,2,ok,144454,130192,0.012246005558052046,8184,"Zipf formula, not realized key frequency"
WS-39-tuned,S,tuned,0.9,5,1000000,10,batchR,0,4,48,100,2,3,ok,108166,130192,0.009452563189538894,8184,"Zipf formula, not realized key frequency"
WS-39-tuned,S,tuned,0.9,5,1000000,10,batchR,0,4,48,100,2,4,ok,86434,130192,0.00773268960288364,8184,"Zipf formula, not realized key frequency"
WS-39-tuned,S,tuned,0.9,5,1000000,10,batchR,0,4,48,100,2,5,ok,72937,130192,0.0065624718895960655,8184,"Zipf formula, not realized key frequency"
WS-39-tuned,S,tuned,0.9,5,1000000,10,batchR,0,4,48,100,2,6,ok,62474,130192,0.005712357054208398,8184,"Zipf formula, not realized key frequency"
WS-39-tuned,S,tuned,0.9,5,1000000,10,batchR,0,4,48,100,2,7,ok,55266,130192,0.005065503189747605,8184,"Zipf formula, not realized key frequency"
WS-40-default,S,default,0.9,50,1000000,10,none,0,4,48,100,1,0,ok,94,41,0.03291573683698117,8184,"Zipf formula, not realized key frequency"
WS-40-default,S,default,0.9,50,1000000,10,none,0,4,48,100,1,1,ok,65,41,0.017639106620852364,8184,"Zipf formula, not realized key frequency"
WS-40-default,S,default,0.9,50,1000000,10,none,0,4,48,100,1,2,ok,39,41,0.012246005558052046,8184,"Zipf formula, not realized key frequency"
WS-40-default,S,default,0.9,50,1000000,10,none,0,4,48,100,1,3,ok,38,41,0.009452563189538894,8184,"Zipf formula, not realized key frequency"
WS-40-default,S,default,0.9,50,1000000,10,none,0,4,48,100,1,4,ok,36,41,0.00773268960288364,8184,"Zipf formula, not realized key frequency"
WS-40-default,S,default,0.9,50,1000000,10,none,0,4,48,100,1,5,ok,22,41,0.0065624718895960655,8184,"Zipf formula, not realized key frequency"
WS-40-default,S,default,0.9,50,1000000,10,none,0,4,48,100,1,6,ok,20,41,0.005712357054208398,8184,"Zipf formula, not realized key frequency"
WS-40-default,S,default,0.9,50,1000000,10,none,0,4,48,100,1,7,ok,32,41,0.005065503189747605,8184,"Zipf formula, not realized key frequency"
WS-40-default,S,default,0.9,50,1000000,10,none,0,4,48,100,2,0,ok,225,80,0.03291573683698117,8184,"Zipf formula, not realized key frequency"
WS-40-default,S,default,0.9,50,1000000,10,none,0,4,48,100,2,1,ok,97,80,0.017639106620852364,8184,"Zipf formula, not realized key frequency"
WS-40-default,S,default,0.9,50,1000000,10,none,0,4,48,100,2,2,ok,88,80,0.012246005558052046,8184,"Zipf formula, not realized key frequency"
WS-40-default,S,default,0.9,50,1000000,10,none,0,4,48,100,2,3,ok,75,80,0.009452563189538894,8184,"Zipf formula, not realized key frequency"
WS-40-default,S,default,0.9,50,1000000,10,none,0,4,48,100,2,4,ok,55,80,0.00773268960288364,8184,"Zipf formula, not realized key frequency"
WS-40-default,S,default,0.9,50,1000000,10,none,0,4,48,100,2,5,ok,66,80,0.0065624718895960655,8184,"Zipf formula, not realized key frequency"
WS-40-default,S,default,0.9,50,1000000,10,none,0,4,48,100,2,6,ok,43,80,0.005712357054208398,8184,"Zipf formula, not realized key frequency"
WS-40-default,S,default,0.9,50,1000000,10,none,0,4,48,100,2,7,ok,37,80,0.005065503189747605,8184,"Zipf formula, not realized key frequency"
WS-40-tuned,S,tuned,0.9,50,1000000,10,none,0,4,48,100,1,0,ok,75,23,0.03291573683698117,8184,"Zipf formula, not realized key frequency"
WS-40-tuned,S,tuned,0.9,50,1000000,10,none,0,4,48,100,1,1,ok,49,23,0.017639106620852364,8184,"Zipf formula, not realized key frequency"
WS-40-tuned,S,tuned,0.9,50,1000000,10,none,0,4,48,100,1,2,ok,43,23,0.012246005558052046,8184,"Zipf formula, not realized key frequency"
WS-40-tuned,S,tuned,0.9,50,1000000,10,none,0,4,48,100,1,3,ok,27,23,0.009452563189538894,8184,"Zipf formula, not realized key frequency"
WS-40-tuned,S,tuned,0.9,50,1000000,10,none,0,4,48,100,1,4,ok,19,23,0.00773268960288364,8184,"Zipf formula, not realized key frequency"
WS-40-tuned,S,tuned,0.9,50,1000000,10,none,0,4,48,100,1,5,ok,13,23,0.0065624718895960655,8184,"Zipf formula, not realized key frequency"
WS-40-tuned,S,tuned,0.9,50,1000000,10,none,0,4,48,100,1,6,ok,21,23,0.005712357054208398,8184,"Zipf formula, not realized key frequency"
WS-40-tuned,S,tuned,0.9,50,1000000,10,none,0,4,48,100,1,7,ok,12,23,0.005065503189747605,8184,"Zipf formula, not realized key frequency"
WS-40-tuned,S,tuned,0.9,50,1000000,10,none,0,4,48,100,2,0,ok,581,162,0.03291573683698117,8184,"Zipf formula, not realized key frequency"
WS-40-tuned,S,tuned,0.9,50,1000000,10,none,0,4,48,100,2,1,ok,367,162,0.017639106620852364,8184,"Zipf formula, not realized key frequency"
WS-40-tuned,S,tuned,0.9,50,1000000,10,none,0,4,48,100,2,2,ok,249,162,0.012246005558052046,8184,"Zipf formula, not realized key frequency"
WS-40-tuned,S,tuned,0.9,50,1000000,10,none,0,4,48,100,2,3,ok,162,162,0.009452563189538894,8184,"Zipf formula, not realized key frequency"
WS-40-tuned,S,tuned,0.9,50,1000000,10,none,0,4,48,100,2,4,ok,152,162,0.00773268960288364,8184,"Zipf formula, not realized key frequency"
WS-40-tuned,S,tuned,0.9,50,1000000,10,none,0,4,48,100,2,5,ok,177,162,0.0065624718895960655,8184,"Zipf formula, not realized key frequency"
WS-40-tuned,S,tuned,0.9,50,1000000,10,none,0,4,48,100,2,6,ok,85,162,0.005712357054208398,8184,"Zipf formula, not realized key frequency"
WS-40-tuned,S,tuned,0.9,50,1000000,10,none,0,4,48,100,2,7,ok,65,162,0.005065503189747605,8184,"Zipf formula, not realized key frequency"
WS-41-default,S,default,0.9,50,1000000,10,batchU,0,4,48,100,1,0,ok,491,161,0.03291573683698117,8184,"Zipf formula, not realized key frequency"
WS-41-default,S,default,0.9,50,1000000,10,batchU,0,4,48,100,1,1,ok,266,161,0.017639106620852364,8184,"Zipf formula, not realized key frequency"
WS-41-default,S,default,0.9,50,1000000,10,batchU,0,4,48,100,1,2,ok,210,161,0.012246005558052046,8184,"Zipf formula, not realized key frequency"
WS-41-default,S,default,0.9,50,1000000,10,batchU,0,4,48,100,1,3,ok,197,161,0.009452563189538894,8184,"Zipf formula, not realized key frequency"
WS-41-default,S,default,0.9,50,1000000,10,batchU,0,4,48,100,1,4,ok,113,161,0.00773268960288364,8184,"Zipf formula, not realized key frequency"
WS-41-default,S,default,0.9,50,1000000,10,batchU,0,4,48,100,1,5,ok,130,161,0.0065624718895960655,8184,"Zipf formula, not realized key frequency"
WS-41-default,S,default,0.9,50,1000000,10,batchU,0,4,48,100,1,6,ok,101,161,0.005712357054208398,8184,"Zipf formula, not realized key frequency"
WS-41-default,S,default,0.9,50,1000000,10,batchU,0,4,48,100,1,7,ok,86,161,0.005065503189747605,8184,"Zipf formula, not realized key frequency"
WS-41-default,S,default,0.9,50,1000000,10,batchU,0,4,48,100,2,0,ok,173,63,0.03291573683698117,8184,"Zipf formula, not realized key frequency"
WS-41-default,S,default,0.9,50,1000000,10,batchU,0,4,48,100,2,1,ok,73,63,0.017639106620852364,8184,"Zipf formula, not realized key frequency"
WS-41-default,S,default,0.9,50,1000000,10,batchU,0,4,48,100,2,2,ok,78,63,0.012246005558052046,8184,"Zipf formula, not realized key frequency"
WS-41-default,S,default,0.9,50,1000000,10,batchU,0,4,48,100,2,3,ok,50,63,0.009452563189538894,8184,"Zipf formula, not realized key frequency"
WS-41-default,S,default,0.9,50,1000000,10,batchU,0,4,48,100,2,4,ok,51,63,0.00773268960288364,8184,"Zipf formula, not realized key frequency"
WS-41-default,S,default,0.9,50,1000000,10,batchU,0,4,48,100,2,5,ok,39,63,0.0065624718895960655,8184,"Zipf formula, not realized key frequency"
WS-41-default,S,default,0.9,50,1000000,10,batchU,0,4,48,100,2,6,ok,47,63,0.005712357054208398,8184,"Zipf formula, not realized key frequency"
WS-41-default,S,default,0.9,50,1000000,10,batchU,0,4,48,100,2,7,ok,29,63,0.005065503189747605,8184,"Zipf formula, not realized key frequency"
WS-41-tuned,S,tuned,0.9,50,1000000,10,batchU,0,4,48,100,1,0,ok,129,50,0.03291573683698117,8184,"Zipf formula, not realized key frequency"
WS-41-tuned,S,tuned,0.9,50,1000000,10,batchU,0,4,48,100,1,1,ok,56,50,0.017639106620852364,8184,"Zipf formula, not realized key frequency"
WS-41-tuned,S,tuned,0.9,50,1000000,10,batchU,0,4,48,100,1,2,ok,85,50,0.012246005558052046,8184,"Zipf formula, not realized key frequency"
WS-41-tuned,S,tuned,0.9,50,1000000,10,batchU,0,4,48,100,1,3,ok,53,50,0.009452563189538894,8184,"Zipf formula, not realized key frequency"
WS-41-tuned,S,tuned,0.9,50,1000000,10,batchU,0,4,48,100,1,4,ok,43,50,0.00773268960288364,8184,"Zipf formula, not realized key frequency"
WS-41-tuned,S,tuned,0.9,50,1000000,10,batchU,0,4,48,100,1,5,ok,26,50,0.0065624718895960655,8184,"Zipf formula, not realized key frequency"
WS-41-tuned,S,tuned,0.9,50,1000000,10,batchU,0,4,48,100,1,6,ok,30,50,0.005712357054208398,8184,"Zipf formula, not realized key frequency"
WS-41-tuned,S,tuned,0.9,50,1000000,10,batchU,0,4,48,100,1,7,ok,20,50,0.005065503189747605,8184,"Zipf formula, not realized key frequency"
WS-41-tuned,S,tuned,0.9,50,1000000,10,batchU,0,4,48,100,2,0,ok,1067,319,0.03291573683698117,8184,"Zipf formula, not realized key frequency"
WS-41-tuned,S,tuned,0.9,50,1000000,10,batchU,0,4,48,100,2,1,ok,695,319,0.017639106620852364,8184,"Zipf formula, not realized key frequency"
WS-41-tuned,S,tuned,0.9,50,1000000,10,batchU,0,4,48,100,2,2,ok,533,319,0.012246005558052046,8184,"Zipf formula, not realized key frequency"
WS-41-tuned,S,tuned,0.9,50,1000000,10,batchU,0,4,48,100,2,3,ok,325,319,0.009452563189538894,8184,"Zipf formula, not realized key frequency"
WS-41-tuned,S,tuned,0.9,50,1000000,10,batchU,0,4,48,100,2,4,ok,336,319,0.00773268960288364,8184,"Zipf formula, not realized key frequency"
WS-41-tuned,S,tuned,0.9,50,1000000,10,batchU,0,4,48,100,2,5,ok,223,319,0.0065624718895960655,8184,"Zipf formula, not realized key frequency"
WS-41-tuned,S,tuned,0.9,50,1000000,10,batchU,0,4,48,100,2,6,ok,187,319,0.005712357054208398,8184,"Zipf formula, not realized key frequency"
WS-41-tuned,S,tuned,0.9,50,1000000,10,batchU,0,4,48,100,2,7,ok,166,319,0.005065503189747605,8184,"Zipf formula, not realized key frequency"
WS-42-default,S,default,0.9,50,1000000,10,batchR,0,4,48,100,1,0,ok,327880,142221,0.03291573683698117,8184,"Zipf formula, not realized key frequency"
WS-42-default,S,default,0.9,50,1000000,10,batchR,0,4,48,100,1,1,ok,180684,142221,0.017639106620852364,8184,"Zipf formula, not realized key frequency"
WS-42-default,S,default,0.9,50,1000000,10,batchR,0,4,48,100,1,2,ok,149272,142221,0.012246005558052046,8184,"Zipf formula, not realized key frequency"
WS-42-default,S,default,0.9,50,1000000,10,batchR,0,4,48,100,1,3,ok,110692,142221,0.009452563189538894,8184,"Zipf formula, not realized key frequency"
WS-42-default,S,default,0.9,50,1000000,10,batchR,0,4,48,100,1,4,ok,88222,142221,0.00773268960288364,8184,"Zipf formula, not realized key frequency"
WS-42-default,S,default,0.9,50,1000000,10,batchR,0,4,48,100,1,5,ok,73910,142221,0.0065624718895960655,8184,"Zipf formula, not realized key frequency"
WS-42-default,S,default,0.9,50,1000000,10,batchR,0,4,48,100,1,6,ok,63379,142221,0.005712357054208398,8184,"Zipf formula, not realized key frequency"
WS-42-default,S,default,0.9,50,1000000,10,batchR,0,4,48,100,1,7,ok,55765,142221,0.005065503189747605,8184,"Zipf formula, not realized key frequency"
WS-42-default,S,default,0.9,50,1000000,10,batchR,0,4,48,100,2,0,ok,319813,136478,0.03291573683698117,8184,"Zipf formula, not realized key frequency"
WS-42-default,S,default,0.9,50,1000000,10,batchR,0,4,48,100,2,1,ok,177354,136478,0.017639106620852364,8184,"Zipf formula, not realized key frequency"
WS-42-default,S,default,0.9,50,1000000,10,batchR,0,4,48,100,2,2,ok,145541,136478,0.012246005558052046,8184,"Zipf formula, not realized key frequency"
WS-42-default,S,default,0.9,50,1000000,10,batchR,0,4,48,100,2,3,ok,108920,136478,0.009452563189538894,8184,"Zipf formula, not realized key frequency"
WS-42-default,S,default,0.9,50,1000000,10,batchR,0,4,48,100,2,4,ok,85739,136478,0.00773268960288364,8184,"Zipf formula, not realized key frequency"
WS-42-default,S,default,0.9,50,1000000,10,batchR,0,4,48,100,2,5,ok,71618,136478,0.0065624718895960655,8184,"Zipf formula, not realized key frequency"
WS-42-default,S,default,0.9,50,1000000,10,batchR,0,4,48,100,2,6,ok,61968,136478,0.005712357054208398,8184,"Zipf formula, not realized key frequency"
WS-42-default,S,default,0.9,50,1000000,10,batchR,0,4,48,100,2,7,ok,54162,136478,0.005065503189747605,8184,"Zipf formula, not realized key frequency"
WS-42-tuned,S,tuned,0.9,50,1000000,10,batchR,0,4,48,100,1,0,ok,299600,127689,0.03291573683698117,8184,"Zipf formula, not realized key frequency"
WS-42-tuned,S,tuned,0.9,50,1000000,10,batchR,0,4,48,100,1,1,ok,166703,127689,0.017639106620852364,8184,"Zipf formula, not realized key frequency"
WS-42-tuned,S,tuned,0.9,50,1000000,10,batchR,0,4,48,100,1,2,ok,137482,127689,0.012246005558052046,8184,"Zipf formula, not realized key frequency"
WS-42-tuned,S,tuned,0.9,50,1000000,10,batchR,0,4,48,100,1,3,ok,101414,127689,0.009452563189538894,8184,"Zipf formula, not realized key frequency"
WS-42-tuned,S,tuned,0.9,50,1000000,10,batchR,0,4,48,100,1,4,ok,81258,127689,0.00773268960288364,8184,"Zipf formula, not realized key frequency"
WS-42-tuned,S,tuned,0.9,50,1000000,10,batchR,0,4,48,100,1,5,ok,67188,127689,0.0065624718895960655,8184,"Zipf formula, not realized key frequency"
WS-42-tuned,S,tuned,0.9,50,1000000,10,batchR,0,4,48,100,1,6,ok,58164,127689,0.005712357054208398,8184,"Zipf formula, not realized key frequency"
WS-42-tuned,S,tuned,0.9,50,1000000,10,batchR,0,4,48,100,1,7,ok,51331,127689,0.005065503189747605,8184,"Zipf formula, not realized key frequency"
WS-42-tuned,S,tuned,0.9,50,1000000,10,batchR,0,4,48,100,2,0,ok,349771,154902,0.03291573683698117,8184,"Zipf formula, not realized key frequency"
WS-42-tuned,S,tuned,0.9,50,1000000,10,batchR,0,4,48,100,2,1,ok,195076,154902,0.017639106620852364,8184,"Zipf formula, not realized key frequency"
WS-42-tuned,S,tuned,0.9,50,1000000,10,batchR,0,4,48,100,2,2,ok,160630,154902,0.012246005558052046,8184,"Zipf formula, not realized key frequency"
WS-42-tuned,S,tuned,0.9,50,1000000,10,batchR,0,4,48,100,2,3,ok,119188,154902,0.009452563189538894,8184,"Zipf formula, not realized key frequency"
WS-42-tuned,S,tuned,0.9,50,1000000,10,batchR,0,4,48,100,2,4,ok,95014,154902,0.00773268960288364,8184,"Zipf formula, not realized key frequency"
WS-42-tuned,S,tuned,0.9,50,1000000,10,batchR,0,4,48,100,2,5,ok,79057,154902,0.0065624718895960655,8184,"Zipf formula, not realized key frequency"
WS-42-tuned,S,tuned,0.9,50,1000000,10,batchR,0,4,48,100,2,6,ok,68021,154902,0.005712357054208398,8184,"Zipf formula, not realized key frequency"
WS-42-tuned,S,tuned,0.9,50,1000000,10,batchR,0,4,48,100,2,7,ok,59813,154902,0.005065503189747605,8184,"Zipf formula, not realized key frequency"
WS-43-default,S,default,0.9,95,1000000,10,none,0,4,48,100,1,0,ok,117,40,0.03291573683698117,8184,"Zipf formula, not realized key frequency"
WS-43-default,S,default,0.9,95,1000000,10,none,0,4,48,100,1,1,ok,80,40,0.017639106620852364,8184,"Zipf formula, not realized key frequency"
WS-43-default,S,default,0.9,95,1000000,10,none,0,4,48,100,1,2,ok,55,40,0.012246005558052046,8184,"Zipf formula, not realized key frequency"
WS-43-default,S,default,0.9,95,1000000,10,none,0,4,48,100,1,3,ok,35,40,0.009452563189538894,8184,"Zipf formula, not realized key frequency"
WS-43-default,S,default,0.9,95,1000000,10,none,0,4,48,100,1,4,ok,28,40,0.00773268960288364,8184,"Zipf formula, not realized key frequency"
WS-43-default,S,default,0.9,95,1000000,10,none,0,4,48,100,1,5,ok,22,40,0.0065624718895960655,8184,"Zipf formula, not realized key frequency"
WS-43-default,S,default,0.9,95,1000000,10,none,0,4,48,100,1,6,ok,30,40,0.005712357054208398,8184,"Zipf formula, not realized key frequency"
WS-43-default,S,default,0.9,95,1000000,10,none,0,4,48,100,1,7,ok,20,40,0.005065503189747605,8184,"Zipf formula, not realized key frequency"
WS-43-default,S,default,0.9,95,1000000,10,none,0,4,48,100,2,0,ok,181,50,0.03291573683698117,8184,"Zipf formula, not realized key frequency"
WS-43-default,S,default,0.9,95,1000000,10,none,0,4,48,100,2,1,ok,87,50,0.017639106620852364,8184,"Zipf formula, not realized key frequency"
WS-43-default,S,default,0.9,95,1000000,10,none,0,4,48,100,2,2,ok,73,50,0.012246005558052046,8184,"Zipf formula, not realized key frequency"
WS-43-default,S,default,0.9,95,1000000,10,none,0,4,48,100,2,3,ok,54,50,0.009452563189538894,8184,"Zipf formula, not realized key frequency"
WS-43-default,S,default,0.9,95,1000000,10,none,0,4,48,100,2,4,ok,42,50,0.00773268960288364,8184,"Zipf formula, not realized key frequency"
WS-43-default,S,default,0.9,95,1000000,10,none,0,4,48,100,2,5,ok,28,50,0.0065624718895960655,8184,"Zipf formula, not realized key frequency"
WS-43-default,S,default,0.9,95,1000000,10,none,0,4,48,100,2,6,ok,27,50,0.005712357054208398,8184,"Zipf formula, not realized key frequency"
WS-43-default,S,default,0.9,95,1000000,10,none,0,4,48,100,2,7,ok,19,50,0.005065503189747605,8184,"Zipf formula, not realized key frequency"
WS-43-tuned,S,tuned,0.9,95,1000000,10,none,0,4,48,100,1,0,ok,64,19,0.03291573683698117,8184,"Zipf formula, not realized key frequency"
WS-43-tuned,S,tuned,0.9,95,1000000,10,none,0,4,48,100,1,1,ok,36,19,0.017639106620852364,8184,"Zipf formula, not realized key frequency"
WS-43-tuned,S,tuned,0.9,95,1000000,10,none,0,4,48,100,1,2,ok,30,19,0.012246005558052046,8184,"Zipf formula, not realized key frequency"
WS-43-tuned,S,tuned,0.9,95,1000000,10,none,0,4,48,100,1,3,ok,13,19,0.009452563189538894,8184,"Zipf formula, not realized key frequency"
WS-43-tuned,S,tuned,0.9,95,1000000,10,none,0,4,48,100,1,4,ok,14,19,0.00773268960288364,8184,"Zipf formula, not realized key frequency"
WS-43-tuned,S,tuned,0.9,95,1000000,10,none,0,4,48,100,1,5,ok,3,19,0.0065624718895960655,8184,"Zipf formula, not realized key frequency"
WS-43-tuned,S,tuned,0.9,95,1000000,10,none,0,4,48,100,1,6,ok,15,19,0.005712357054208398,8184,"Zipf formula, not realized key frequency"
WS-43-tuned,S,tuned,0.9,95,1000000,10,none,0,4,48,100,1,7,ok,12,19,0.005065503189747605,8184,"Zipf formula, not realized key frequency"
WS-43-tuned,S,tuned,0.9,95,1000000,10,none,0,4,48,100,2,0,ok,82,21,0.03291573683698117,8184,"Zipf formula, not realized key frequency"
WS-43-tuned,S,tuned,0.9,95,1000000,10,none,0,4,48,100,2,1,ok,27,21,0.017639106620852364,8184,"Zipf formula, not realized key frequency"
WS-43-tuned,S,tuned,0.9,95,1000000,10,none,0,4,48,100,2,2,ok,36,21,0.012246005558052046,8184,"Zipf formula, not realized key frequency"
WS-43-tuned,S,tuned,0.9,95,1000000,10,none,0,4,48,100,2,3,ok,27,21,0.009452563189538894,8184,"Zipf formula, not realized key frequency"
WS-43-tuned,S,tuned,0.9,95,1000000,10,none,0,4,48,100,2,4,ok,19,21,0.00773268960288364,8184,"Zipf formula, not realized key frequency"
WS-43-tuned,S,tuned,0.9,95,1000000,10,none,0,4,48,100,2,5,ok,12,21,0.0065624718895960655,8184,"Zipf formula, not realized key frequency"
WS-43-tuned,S,tuned,0.9,95,1000000,10,none,0,4,48,100,2,6,ok,21,21,0.005712357054208398,8184,"Zipf formula, not realized key frequency"
WS-43-tuned,S,tuned,0.9,95,1000000,10,none,0,4,48,100,2,7,ok,7,21,0.005065503189747605,8184,"Zipf formula, not realized key frequency"
WS-44-default,S,default,0.9,95,1000000,10,batchU,0,4,48,100,1,0,ok,77,25,0.03291573683698117,8184,"Zipf formula, not realized key frequency"
WS-44-default,S,default,0.9,95,1000000,10,batchU,0,4,48,100,1,1,ok,38,25,0.017639106620852364,8184,"Zipf formula, not realized key frequency"
WS-44-default,S,default,0.9,95,1000000,10,batchU,0,4,48,100,1,2,ok,36,25,0.012246005558052046,8184,"Zipf formula, not realized key frequency"
WS-44-default,S,default,0.9,95,1000000,10,batchU,0,4,48,100,1,3,ok,22,25,0.009452563189538894,8184,"Zipf formula, not realized key frequency"
WS-44-default,S,default,0.9,95,1000000,10,batchU,0,4,48,100,1,4,ok,21,25,0.00773268960288364,8184,"Zipf formula, not realized key frequency"
WS-44-default,S,default,0.9,95,1000000,10,batchU,0,4,48,100,1,5,ok,11,25,0.0065624718895960655,8184,"Zipf formula, not realized key frequency"
WS-44-default,S,default,0.9,95,1000000,10,batchU,0,4,48,100,1,6,ok,9,25,0.005712357054208398,8184,"Zipf formula, not realized key frequency"
WS-44-default,S,default,0.9,95,1000000,10,batchU,0,4,48,100,1,7,ok,13,25,0.005065503189747605,8184,"Zipf formula, not realized key frequency"
WS-44-default,S,default,0.9,95,1000000,10,batchU,0,4,48,100,2,0,ok,118,35,0.03291573683698117,8184,"Zipf formula, not realized key frequency"
WS-44-default,S,default,0.9,95,1000000,10,batchU,0,4,48,100,2,1,ok,60,35,0.017639106620852364,8184,"Zipf formula, not realized key frequency"
WS-44-default,S,default,0.9,95,1000000,10,batchU,0,4,48,100,2,2,ok,50,35,0.012246005558052046,8184,"Zipf formula, not realized key frequency"
WS-44-default,S,default,0.9,95,1000000,10,batchU,0,4,48,100,2,3,ok,32,35,0.009452563189538894,8184,"Zipf formula, not realized key frequency"
WS-44-default,S,default,0.9,95,1000000,10,batchU,0,4,48,100,2,4,ok,39,35,0.00773268960288364,8184,"Zipf formula, not realized key frequency"
WS-44-default,S,default,0.9,95,1000000,10,batchU,0,4,48,100,2,5,ok,21,35,0.0065624718895960655,8184,"Zipf formula, not realized key frequency"
WS-44-default,S,default,0.9,95,1000000,10,batchU,0,4,48,100,2,6,ok,25,35,0.005712357054208398,8184,"Zipf formula, not realized key frequency"
WS-44-default,S,default,0.9,95,1000000,10,batchU,0,4,48,100,2,7,ok,8,35,0.005065503189747605,8184,"Zipf formula, not realized key frequency"
WS-44-tuned,S,tuned,0.9,95,1000000,10,batchU,0,4,48,100,1,0,ok,601,171,0.03291573683698117,8184,"Zipf formula, not realized key frequency"
WS-44-tuned,S,tuned,0.9,95,1000000,10,batchU,0,4,48,100,1,1,ok,259,171,0.017639106620852364,8184,"Zipf formula, not realized key frequency"
WS-44-tuned,S,tuned,0.9,95,1000000,10,batchU,0,4,48,100,1,2,ok,199,171,0.012246005558052046,8184,"Zipf formula, not realized key frequency"
WS-44-tuned,S,tuned,0.9,95,1000000,10,batchU,0,4,48,100,1,3,ok,126,171,0.009452563189538894,8184,"Zipf formula, not realized key frequency"
WS-44-tuned,S,tuned,0.9,95,1000000,10,batchU,0,4,48,100,1,4,ok,95,171,0.00773268960288364,8184,"Zipf formula, not realized key frequency"
WS-44-tuned,S,tuned,0.9,95,1000000,10,batchU,0,4,48,100,1,5,ok,93,171,0.0065624718895960655,8184,"Zipf formula, not realized key frequency"
WS-44-tuned,S,tuned,0.9,95,1000000,10,batchU,0,4,48,100,1,6,ok,91,171,0.005712357054208398,8184,"Zipf formula, not realized key frequency"
WS-44-tuned,S,tuned,0.9,95,1000000,10,batchU,0,4,48,100,1,7,ok,88,171,0.005065503189747605,8184,"Zipf formula, not realized key frequency"
WS-44-tuned,S,tuned,0.9,95,1000000,10,batchU,0,4,48,100,2,0,ok,615,141,0.03291573683698117,8184,"Zipf formula, not realized key frequency"
WS-44-tuned,S,tuned,0.9,95,1000000,10,batchU,0,4,48,100,2,1,ok,349,141,0.017639106620852364,8184,"Zipf formula, not realized key frequency"
WS-44-tuned,S,tuned,0.9,95,1000000,10,batchU,0,4,48,100,2,2,ok,275,141,0.012246005558052046,8184,"Zipf formula, not realized key frequency"
WS-44-tuned,S,tuned,0.9,95,1000000,10,batchU,0,4,48,100,2,3,ok,209,141,0.009452563189538894,8184,"Zipf formula, not realized key frequency"
WS-44-tuned,S,tuned,0.9,95,1000000,10,batchU,0,4,48,100,2,4,ok,123,141,0.00773268960288364,8184,"Zipf formula, not realized key frequency"
WS-44-tuned,S,tuned,0.9,95,1000000,10,batchU,0,4,48,100,2,5,ok,127,141,0.0065624718895960655,8184,"Zipf formula, not realized key frequency"
WS-44-tuned,S,tuned,0.9,95,1000000,10,batchU,0,4,48,100,2,6,ok,86,141,0.005712357054208398,8184,"Zipf formula, not realized key frequency"
WS-44-tuned,S,tuned,0.9,95,1000000,10,batchU,0,4,48,100,2,7,ok,95,141,0.005065503189747605,8184,"Zipf formula, not realized key frequency"
WS-45-default,S,default,0.9,95,1000000,10,batchR,0,4,48,100,1,0,ok,210655,83498,0.03291573683698117,8184,"Zipf formula, not realized key frequency"
WS-45-default,S,default,0.9,95,1000000,10,batchR,0,4,48,100,1,1,ok,108132,83498,0.017639106620852364,8184,"Zipf formula, not realized key frequency"
WS-45-default,S,default,0.9,95,1000000,10,batchR,0,4,48,100,1,2,ok,87411,83498,0.012246005558052046,8184,"Zipf formula, not realized key frequency"
WS-45-default,S,default,0.9,95,1000000,10,batchR,0,4,48,100,1,3,ok,63193,83498,0.009452563189538894,8184,"Zipf formula, not realized key frequency"
WS-45-default,S,default,0.9,95,1000000,10,batchR,0,4,48,100,1,4,ok,49603,83498,0.00773268960288364,8184,"Zipf formula, not realized key frequency"
WS-45-default,S,default,0.9,95,1000000,10,batchR,0,4,48,100,1,5,ok,41043,83498,0.0065624718895960655,8184,"Zipf formula, not realized key frequency"
WS-45-default,S,default,0.9,95,1000000,10,batchR,0,4,48,100,1,6,ok,34841,83498,0.005712357054208398,8184,"Zipf formula, not realized key frequency"
WS-45-default,S,default,0.9,95,1000000,10,batchR,0,4,48,100,1,7,ok,30351,83498,0.005065503189747605,8184,"Zipf formula, not realized key frequency"
WS-45-default,S,default,0.9,95,1000000,10,batchR,0,4,48,100,2,0,ok,210551,81391,0.03291573683698117,8184,"Zipf formula, not realized key frequency"
WS-45-default,S,default,0.9,95,1000000,10,batchR,0,4,48,100,2,1,ok,107407,81391,0.017639106620852364,8184,"Zipf formula, not realized key frequency"
WS-45-default,S,default,0.9,95,1000000,10,batchR,0,4,48,100,2,2,ok,87630,81391,0.012246005558052046,8184,"Zipf formula, not realized key frequency"
WS-45-default,S,default,0.9,95,1000000,10,batchR,0,4,48,100,2,3,ok,62809,81391,0.009452563189538894,8184,"Zipf formula, not realized key frequency"
WS-45-default,S,default,0.9,95,1000000,10,batchR,0,4,48,100,2,4,ok,49113,81391,0.00773268960288364,8184,"Zipf formula, not realized key frequency"
WS-45-default,S,default,0.9,95,1000000,10,batchR,0,4,48,100,2,5,ok,40702,81391,0.0065624718895960655,8184,"Zipf formula, not realized key frequency"
WS-45-default,S,default,0.9,95,1000000,10,batchR,0,4,48,100,2,6,ok,34945,81391,0.005712357054208398,8184,"Zipf formula, not realized key frequency"
WS-45-default,S,default,0.9,95,1000000,10,batchR,0,4,48,100,2,7,ok,30512,81391,0.005065503189747605,8184,"Zipf formula, not realized key frequency"
WS-45-tuned,S,tuned,0.9,95,1000000,10,batchR,0,4,48,100,1,0,ok,480234,189915,0.03291573683698117,8184,"Zipf formula, not realized key frequency"
WS-45-tuned,S,tuned,0.9,95,1000000,10,batchR,0,4,48,100,1,1,ok,242540,189915,0.017639106620852364,8184,"Zipf formula, not realized key frequency"
WS-45-tuned,S,tuned,0.9,95,1000000,10,batchR,0,4,48,100,1,2,ok,194223,189915,0.012246005558052046,8184,"Zipf formula, not realized key frequency"
WS-45-tuned,S,tuned,0.9,95,1000000,10,batchR,0,4,48,100,1,3,ok,138379,189915,0.009452563189538894,8184,"Zipf formula, not realized key frequency"
WS-45-tuned,S,tuned,0.9,95,1000000,10,batchR,0,4,48,100,1,4,ok,107552,189915,0.00773268960288364,8184,"Zipf formula, not realized key frequency"
WS-45-tuned,S,tuned,0.9,95,1000000,10,batchR,0,4,48,100,1,5,ok,88168,189915,0.0065624718895960655,8184,"Zipf formula, not realized key frequency"
WS-45-tuned,S,tuned,0.9,95,1000000,10,batchR,0,4,48,100,1,6,ok,74982,189915,0.005712357054208398,8184,"Zipf formula, not realized key frequency"
WS-45-tuned,S,tuned,0.9,95,1000000,10,batchR,0,4,48,100,1,7,ok,65682,189915,0.005065503189747605,8184,"Zipf formula, not realized key frequency"
WS-45-tuned,S,tuned,0.9,95,1000000,10,batchR,0,4,48,100,2,0,ok,482852,194115,0.03291573683698117,8184,"Zipf formula, not realized key frequency"
WS-45-tuned,S,tuned,0.9,95,1000000,10,batchR,0,4,48,100,2,1,ok,242569,194115,0.017639106620852364,8184,"Zipf formula, not realized key frequency"
WS-45-tuned,S,tuned,0.9,95,1000000,10,batchR,0,4,48,100,2,2,ok,196061,194115,0.012246005558052046,8184,"Zipf formula, not realized key frequency"
WS-45-tuned,S,tuned,0.9,95,1000000,10,batchR,0,4,48,100,2,3,ok,139371,194115,0.009452563189538894,8184,"Zipf formula, not realized key frequency"
WS-45-tuned,S,tuned,0.9,95,1000000,10,batchR,0,4,48,100,2,4,ok,107830,194115,0.00773268960288364,8184,"Zipf formula, not realized key frequency"
WS-45-tuned,S,tuned,0.9,95,1000000,10,batchR,0,4,48,100,2,5,ok,88497,194115,0.0065624718895960655,8184,"Zipf formula, not realized key frequency"
WS-45-tuned,S,tuned,0.9,95,1000000,10,batchR,0,4,48,100,2,6,ok,75307,194115,0.005712357054208398,8184,"Zipf formula, not realized key frequency"
WS-45-tuned,S,tuned,0.9,95,1000000,10,batchR,0,4,48,100,2,7,ok,65495,194115,0.005065503189747605,8184,"Zipf formula, not realized key frequency"
WS-46-default,S,default,0.95,5,1000000,10,none,0,4,48,100,1,0,ok,641,225,0.04883096210731918,2658,"Zipf formula, not realized key frequency"
WS-46-default,S,default,0.95,5,1000000,10,none,0,4,48,100,1,1,ok,358,225,0.025276491133567492,2658,"Zipf formula, not realized key frequency"
WS-46-default,S,default,0.95,5,1000000,10,none,0,4,48,100,1,2,ok,300,225,0.017196105037134656,2658,"Zipf formula, not realized key frequency"
WS-46-default,S,default,0.95,5,1000000,10,none,0,4,48,100,1,3,ok,180,225,0.013083932334185,2658,"Zipf formula, not realized key frequency"
WS-46-default,S,default,0.95,5,1000000,10,none,0,4,48,100,1,4,ok,181,225,0.010584583590919919,2658,"Zipf formula, not realized key frequency"
WS-46-default,S,default,0.95,5,1000000,10,none,0,4,48,100,1,5,ok,140,225,0.00890126218581877,2658,"Zipf formula, not realized key frequency"
WS-46-default,S,default,0.95,5,1000000,10,none,0,4,48,100,1,6,ok,115,225,0.007688686321557715,2658,"Zipf formula, not realized key frequency"
WS-46-default,S,default,0.95,5,1000000,10,none,0,4,48,100,1,7,ok,85,225,0.006772668105747886,2658,"Zipf formula, not realized key frequency"
WS-46-default,S,default,0.95,5,1000000,10,none,0,4,48,100,2,0,ok,968,352,0.04883096210731918,2658,"Zipf formula, not realized key frequency"
WS-46-default,S,default,0.95,5,1000000,10,none,0,4,48,100,2,1,ok,554,352,0.025276491133567492,2658,"Zipf formula, not realized key frequency"
WS-46-default,S,default,0.95,5,1000000,10,none,0,4,48,100,2,2,ok,483,352,0.017196105037134656,2658,"Zipf formula, not realized key frequency"
WS-46-default,S,default,0.95,5,1000000,10,none,0,4,48,100,2,3,ok,340,352,0.013083932334185,2658,"Zipf formula, not realized key frequency"
WS-46-default,S,default,0.95,5,1000000,10,none,0,4,48,100,2,4,ok,294,352,0.010584583590919919,2658,"Zipf formula, not realized key frequency"
WS-46-default,S,default,0.95,5,1000000,10,none,0,4,48,100,2,5,ok,251,352,0.00890126218581877,2658,"Zipf formula, not realized key frequency"
WS-46-default,S,default,0.95,5,1000000,10,none,0,4,48,100,2,6,ok,199,352,0.007688686321557715,2658,"Zipf formula, not realized key frequency"
WS-46-default,S,default,0.95,5,1000000,10,none,0,4,48,100,2,7,ok,169,352,0.006772668105747886,2658,"Zipf formula, not realized key frequency"
WS-46-tuned,S,tuned,0.95,5,1000000,10,none,0,4,48,100,1,0,ok,1130,299,0.04883096210731918,2658,"Zipf formula, not realized key frequency"
WS-46-tuned,S,tuned,0.95,5,1000000,10,none,0,4,48,100,1,1,ok,632,299,0.025276491133567492,2658,"Zipf formula, not realized key frequency"
WS-46-tuned,S,tuned,0.95,5,1000000,10,none,0,4,48,100,1,2,ok,553,299,0.017196105037134656,2658,"Zipf formula, not realized key frequency"
WS-46-tuned,S,tuned,0.95,5,1000000,10,none,0,4,48,100,1,3,ok,417,299,0.013083932334185,2658,"Zipf formula, not realized key frequency"
WS-46-tuned,S,tuned,0.95,5,1000000,10,none,0,4,48,100,1,4,ok,305,299,0.010584583590919919,2658,"Zipf formula, not realized key frequency"
WS-46-tuned,S,tuned,0.95,5,1000000,10,none,0,4,48,100,1,5,ok,229,299,0.00890126218581877,2658,"Zipf formula, not realized key frequency"
WS-46-tuned,S,tuned,0.95,5,1000000,10,none,0,4,48,100,1,6,ok,224,299,0.007688686321557715,2658,"Zipf formula, not realized key frequency"
WS-46-tuned,S,tuned,0.95,5,1000000,10,none,0,4,48,100,1,7,ok,204,299,0.006772668105747886,2658,"Zipf formula, not realized key frequency"
WS-46-tuned,S,tuned,0.95,5,1000000,10,none,0,4,48,100,2,0,ok,1945,509,0.04883096210731918,2658,"Zipf formula, not realized key frequency"
WS-46-tuned,S,tuned,0.95,5,1000000,10,none,0,4,48,100,2,1,ok,1162,509,0.025276491133567492,2658,"Zipf formula, not realized key frequency"
WS-46-tuned,S,tuned,0.95,5,1000000,10,none,0,4,48,100,2,2,ok,981,509,0.017196105037134656,2658,"Zipf formula, not realized key frequency"
WS-46-tuned,S,tuned,0.95,5,1000000,10,none,0,4,48,100,2,3,ok,679,509,0.013083932334185,2658,"Zipf formula, not realized key frequency"
WS-46-tuned,S,tuned,0.95,5,1000000,10,none,0,4,48,100,2,4,ok,614,509,0.010584583590919919,2658,"Zipf formula, not realized key frequency"
WS-46-tuned,S,tuned,0.95,5,1000000,10,none,0,4,48,100,2,5,ok,566,509,0.00890126218581877,2658,"Zipf formula, not realized key frequency"
WS-46-tuned,S,tuned,0.95,5,1000000,10,none,0,4,48,100,2,6,ok,383,509,0.007688686321557715,2658,"Zipf formula, not realized key frequency"
WS-46-tuned,S,tuned,0.95,5,1000000,10,none,0,4,48,100,2,7,ok,329,509,0.006772668105747886,2658,"Zipf formula, not realized key frequency"
WS-47-default,S,default,0.95,5,1000000,10,batchU,0,4,48,100,1,0,ok,348,135,0.04883096210731918,2658,"Zipf formula, not realized key frequency"
WS-47-default,S,default,0.95,5,1000000,10,batchU,0,4,48,100,1,1,ok,190,135,0.025276491133567492,2658,"Zipf formula, not realized key frequency"
WS-47-default,S,default,0.95,5,1000000,10,batchU,0,4,48,100,1,2,ok,155,135,0.017196105037134656,2658,"Zipf formula, not realized key frequency"
WS-47-default,S,default,0.95,5,1000000,10,batchU,0,4,48,100,1,3,ok,137,135,0.013083932334185,2658,"Zipf formula, not realized key frequency"
WS-47-default,S,default,0.95,5,1000000,10,batchU,0,4,48,100,1,4,ok,102,135,0.010584583590919919,2658,"Zipf formula, not realized key frequency"
WS-47-default,S,default,0.95,5,1000000,10,batchU,0,4,48,100,1,5,ok,77,135,0.00890126218581877,2658,"Zipf formula, not realized key frequency"
WS-47-default,S,default,0.95,5,1000000,10,batchU,0,4,48,100,1,6,ok,85,135,0.007688686321557715,2658,"Zipf formula, not realized key frequency"
WS-47-default,S,default,0.95,5,1000000,10,batchU,0,4,48,100,1,7,ok,59,135,0.006772668105747886,2658,"Zipf formula, not realized key frequency"
WS-47-default,S,default,0.95,5,1000000,10,batchU,0,4,48,100,2,0,ok,827,292,0.04883096210731918,2658,"Zipf formula, not realized key frequency"
WS-47-default,S,default,0.95,5,1000000,10,batchU,0,4,48,100,2,1,ok,525,292,0.025276491133567492,2658,"Zipf formula, not realized key frequency"
WS-47-default,S,default,0.95,5,1000000,10,batchU,0,4,48,100,2,2,ok,383,292,0.017196105037134656,2658,"Zipf formula, not realized key frequency"
WS-47-default,S,default,0.95,5,1000000,10,batchU,0,4,48,100,2,3,ok,314,292,0.013083932334185,2658,"Zipf formula, not realized key frequency"
WS-47-default,S,default,0.95,5,1000000,10,batchU,0,4,48,100,2,4,ok,249,292,0.010584583590919919,2658,"Zipf formula, not realized key frequency"
WS-47-default,S,default,0.95,5,1000000,10,batchU,0,4,48,100,2,5,ok,208,292,0.00890126218581877,2658,"Zipf formula, not realized key frequency"
WS-47-default,S,default,0.95,5,1000000,10,batchU,0,4,48,100,2,6,ok,175,292,0.007688686321557715,2658,"Zipf formula, not realized key frequency"
WS-47-default,S,default,0.95,5,1000000,10,batchU,0,4,48,100,2,7,ok,171,292,0.006772668105747886,2658,"Zipf formula, not realized key frequency"
WS-47-tuned,S,tuned,0.95,5,1000000,10,batchU,0,4,48,100,1,0,ok,1165,260,0.04883096210731918,2658,"Zipf formula, not realized key frequency"
WS-47-tuned,S,tuned,0.95,5,1000000,10,batchU,0,4,48,100,1,1,ok,642,260,0.025276491133567492,2658,"Zipf formula, not realized key frequency"
WS-47-tuned,S,tuned,0.95,5,1000000,10,batchU,0,4,48,100,1,2,ok,534,260,0.017196105037134656,2658,"Zipf formula, not realized key frequency"
WS-47-tuned,S,tuned,0.95,5,1000000,10,batchU,0,4,48,100,1,3,ok,388,260,0.013083932334185,2658,"Zipf formula, not realized key frequency"
WS-47-tuned,S,tuned,0.95,5,1000000,10,batchU,0,4,48,100,1,4,ok,331,260,0.010584583590919919,2658,"Zipf formula, not realized key frequency"
WS-47-tuned,S,tuned,0.95,5,1000000,10,batchU,0,4,48,100,1,5,ok,240,260,0.00890126218581877,2658,"Zipf formula, not realized key frequency"
WS-47-tuned,S,tuned,0.95,5,1000000,10,batchU,0,4,48,100,1,6,ok,189,260,0.007688686321557715,2658,"Zipf formula, not realized key frequency"
WS-47-tuned,S,tuned,0.95,5,1000000,10,batchU,0,4,48,100,1,7,ok,165,260,0.006772668105747886,2658,"Zipf formula, not realized key frequency"
WS-47-tuned,S,tuned,0.95,5,1000000,10,batchU,0,4,48,100,2,0,ok,629,159,0.04883096210731918,2658,"Zipf formula, not realized key frequency"
WS-47-tuned,S,tuned,0.95,5,1000000,10,batchU,0,4,48,100,2,1,ok,316,159,0.025276491133567492,2658,"Zipf formula, not realized key frequency"
WS-47-tuned,S,tuned,0.95,5,1000000,10,batchU,0,4,48,100,2,2,ok,288,159,0.017196105037134656,2658,"Zipf formula, not realized key frequency"
WS-47-tuned,S,tuned,0.95,5,1000000,10,batchU,0,4,48,100,2,3,ok,221,159,0.013083932334185,2658,"Zipf formula, not realized key frequency"
WS-47-tuned,S,tuned,0.95,5,1000000,10,batchU,0,4,48,100,2,4,ok,158,159,0.010584583590919919,2658,"Zipf formula, not realized key frequency"
WS-47-tuned,S,tuned,0.95,5,1000000,10,batchU,0,4,48,100,2,5,ok,126,159,0.00890126218581877,2658,"Zipf formula, not realized key frequency"
WS-47-tuned,S,tuned,0.95,5,1000000,10,batchU,0,4,48,100,2,6,ok,92,159,0.007688686321557715,2658,"Zipf formula, not realized key frequency"
WS-47-tuned,S,tuned,0.95,5,1000000,10,batchU,0,4,48,100,2,7,ok,111,159,0.006772668105747886,2658,"Zipf formula, not realized key frequency"
WS-48-default,S,default,0.95,5,1000000,10,batchR,0,4,48,100,1,0,ok,416049,177774,0.04883096210731918,2658,"Zipf formula, not realized key frequency"
WS-48-default,S,default,0.95,5,1000000,10,batchR,0,4,48,100,1,1,ok,237488,177774,0.025276491133567492,2658,"Zipf formula, not realized key frequency"
WS-48-default,S,default,0.95,5,1000000,10,batchR,0,4,48,100,1,2,ok,196859,177774,0.017196105037134656,2658,"Zipf formula, not realized key frequency"
WS-48-default,S,default,0.95,5,1000000,10,batchR,0,4,48,100,1,3,ok,145475,177774,0.013083932334185,2658,"Zipf formula, not realized key frequency"
WS-48-default,S,default,0.95,5,1000000,10,batchR,0,4,48,100,1,4,ok,115402,177774,0.010584583590919919,2658,"Zipf formula, not realized key frequency"
WS-48-default,S,default,0.95,5,1000000,10,batchR,0,4,48,100,1,5,ok,96651,177774,0.00890126218581877,2658,"Zipf formula, not realized key frequency"
WS-48-default,S,default,0.95,5,1000000,10,batchR,0,4,48,100,1,6,ok,82684,177774,0.007688686321557715,2658,"Zipf formula, not realized key frequency"
WS-48-default,S,default,0.95,5,1000000,10,batchR,0,4,48,100,1,7,ok,72440,177774,0.006772668105747886,2658,"Zipf formula, not realized key frequency"
WS-48-default,S,default,0.95,5,1000000,10,batchR,0,4,48,100,2,0,ok,513998,217353,0.04883096210731918,2658,"Zipf formula, not realized key frequency"
WS-48-default,S,default,0.95,5,1000000,10,batchR,0,4,48,100,2,1,ok,294419,217353,0.025276491133567492,2658,"Zipf formula, not realized key frequency"
WS-48-default,S,default,0.95,5,1000000,10,batchR,0,4,48,100,2,2,ok,242557,217353,0.017196105037134656,2658,"Zipf formula, not realized key frequency"
WS-48-default,S,default,0.95,5,1000000,10,batchR,0,4,48,100,2,3,ok,178534,217353,0.013083932334185,2658,"Zipf formula, not realized key frequency"
WS-48-default,S,default,0.95,5,1000000,10,batchR,0,4,48,100,2,4,ok,143218,217353,0.010584583590919919,2658,"Zipf formula, not realized key frequency"
WS-48-default,S,default,0.95,5,1000000,10,batchR,0,4,48,100,2,5,ok,118658,217353,0.00890126218581877,2658,"Zipf formula, not realized key frequency"
WS-48-default,S,default,0.95,5,1000000,10,batchR,0,4,48,100,2,6,ok,101786,217353,0.007688686321557715,2658,"Zipf formula, not realized key frequency"
WS-48-default,S,default,0.95,5,1000000,10,batchR,0,4,48,100,2,7,ok,89611,217353,0.006772668105747886,2658,"Zipf formula, not realized key frequency"
WS-48-tuned,S,tuned,0.95,5,1000000,10,batchR,0,4,48,100,1,0,ok,475906,209983,0.04883096210731918,2658,"Zipf formula, not realized key frequency"
WS-48-tuned,S,tuned,0.95,5,1000000,10,batchR,0,4,48,100,1,1,ok,273899,209983,0.025276491133567492,2658,"Zipf formula, not realized key frequency"
WS-48-tuned,S,tuned,0.95,5,1000000,10,batchR,0,4,48,100,1,2,ok,226456,209983,0.017196105037134656,2658,"Zipf formula, not realized key frequency"
WS-48-tuned,S,tuned,0.95,5,1000000,10,batchR,0,4,48,100,1,3,ok,167270,209983,0.013083932334185,2658,"Zipf formula, not realized key frequency"
WS-48-tuned,S,tuned,0.95,5,1000000,10,batchR,0,4,48,100,1,4,ok,133190,209983,0.010584583590919919,2658,"Zipf formula, not realized key frequency"
WS-48-tuned,S,tuned,0.95,5,1000000,10,batchR,0,4,48,100,1,5,ok,110847,209983,0.00890126218581877,2658,"Zipf formula, not realized key frequency"
WS-48-tuned,S,tuned,0.95,5,1000000,10,batchR,0,4,48,100,1,6,ok,95429,209983,0.007688686321557715,2658,"Zipf formula, not realized key frequency"
WS-48-tuned,S,tuned,0.95,5,1000000,10,batchR,0,4,48,100,1,7,ok,83442,209983,0.006772668105747886,2658,"Zipf formula, not realized key frequency"
WS-48-tuned,S,tuned,0.95,5,1000000,10,batchR,0,4,48,100,2,0,ok,488098,209676,0.04883096210731918,2658,"Zipf formula, not realized key frequency"
WS-48-tuned,S,tuned,0.95,5,1000000,10,batchR,0,4,48,100,2,1,ok,280623,209676,0.025276491133567492,2658,"Zipf formula, not realized key frequency"
WS-48-tuned,S,tuned,0.95,5,1000000,10,batchR,0,4,48,100,2,2,ok,231171,209676,0.017196105037134656,2658,"Zipf formula, not realized key frequency"
WS-48-tuned,S,tuned,0.95,5,1000000,10,batchR,0,4,48,100,2,3,ok,170908,209676,0.013083932334185,2658,"Zipf formula, not realized key frequency"
WS-48-tuned,S,tuned,0.95,5,1000000,10,batchR,0,4,48,100,2,4,ok,136652,209676,0.010584583590919919,2658,"Zipf formula, not realized key frequency"
WS-48-tuned,S,tuned,0.95,5,1000000,10,batchR,0,4,48,100,2,5,ok,113794,209676,0.00890126218581877,2658,"Zipf formula, not realized key frequency"
WS-48-tuned,S,tuned,0.95,5,1000000,10,batchR,0,4,48,100,2,6,ok,97649,209676,0.007688686321557715,2658,"Zipf formula, not realized key frequency"
WS-48-tuned,S,tuned,0.95,5,1000000,10,batchR,0,4,48,100,2,7,ok,85373,209676,0.006772668105747886,2658,"Zipf formula, not realized key frequency"
WS-49-default,S,default,0.95,50,1000000,10,none,0,4,48,100,1,0,ok,173,69,0.04883096210731918,2658,"Zipf formula, not realized key frequency"
WS-49-default,S,default,0.95,50,1000000,10,none,0,4,48,100,1,1,ok,88,69,0.025276491133567492,2658,"Zipf formula, not realized key frequency"
WS-49-default,S,default,0.95,50,1000000,10,none,0,4,48,100,1,2,ok,114,69,0.017196105037134656,2658,"Zipf formula, not realized key frequency"
WS-49-default,S,default,0.95,50,1000000,10,none,0,4,48,100,1,3,ok,68,69,0.013083932334185,2658,"Zipf formula, not realized key frequency"
WS-49-default,S,default,0.95,50,1000000,10,none,0,4,48,100,1,4,ok,48,69,0.010584583590919919,2658,"Zipf formula, not realized key frequency"
WS-49-default,S,default,0.95,50,1000000,10,none,0,4,48,100,1,5,ok,30,69,0.00890126218581877,2658,"Zipf formula, not realized key frequency"
WS-49-default,S,default,0.95,50,1000000,10,none,0,4,48,100,1,6,ok,42,69,0.007688686321557715,2658,"Zipf formula, not realized key frequency"
WS-49-default,S,default,0.95,50,1000000,10,none,0,4,48,100,1,7,ok,35,69,0.006772668105747886,2658,"Zipf formula, not realized key frequency"
WS-49-default,S,default,0.95,50,1000000,10,none,0,4,48,100,2,0,ok,199,80,0.04883096210731918,2658,"Zipf formula, not realized key frequency"
WS-49-default,S,default,0.95,50,1000000,10,none,0,4,48,100,2,1,ok,130,80,0.025276491133567492,2658,"Zipf formula, not realized key frequency"
WS-49-default,S,default,0.95,50,1000000,10,none,0,4,48,100,2,2,ok,79,80,0.017196105037134656,2658,"Zipf formula, not realized key frequency"
WS-49-default,S,default,0.95,50,1000000,10,none,0,4,48,100,2,3,ok,61,80,0.013083932334185,2658,"Zipf formula, not realized key frequency"
WS-49-default,S,default,0.95,50,1000000,10,none,0,4,48,100,2,4,ok,55,80,0.010584583590919919,2658,"Zipf formula, not realized key frequency"
WS-49-default,S,default,0.95,50,1000000,10,none,0,4,48,100,2,5,ok,42,80,0.00890126218581877,2658,"Zipf formula, not realized key frequency"
WS-49-default,S,default,0.95,50,1000000,10,none,0,4,48,100,2,6,ok,38,80,0.007688686321557715,2658,"Zipf formula, not realized key frequency"
WS-49-default,S,default,0.95,50,1000000,10,none,0,4,48,100,2,7,ok,38,80,0.006772668105747886,2658,"Zipf formula, not realized key frequency"
WS-49-tuned,S,tuned,0.95,50,1000000,10,none,0,4,48,100,1,0,ok,258,62,0.04883096210731918,2658,"Zipf formula, not realized key frequency"
WS-49-tuned,S,tuned,0.95,50,1000000,10,none,0,4,48,100,1,1,ok,130,62,0.025276491133567492,2658,"Zipf formula, not realized key frequency"
WS-49-tuned,S,tuned,0.95,50,1000000,10,none,0,4,48,100,1,2,ok,171,62,0.017196105037134656,2658,"Zipf formula, not realized key frequency"
WS-49-tuned,S,tuned,0.95,50,1000000,10,none,0,4,48,100,1,3,ok,50,62,0.013083932334185,2658,"Zipf formula, not realized key frequency"
WS-49-tuned,S,tuned,0.95,50,1000000,10,none,0,4,48,100,1,4,ok,54,62,0.010584583590919919,2658,"Zipf formula, not realized key frequency"
WS-49-tuned,S,tuned,0.95,50,1000000,10,none,0,4,48,100,1,5,ok,70,62,0.00890126218581877,2658,"Zipf formula, not realized key frequency"
WS-49-tuned,S,tuned,0.95,50,1000000,10,none,0,4,48,100,1,6,ok,29,62,0.007688686321557715,2658,"Zipf formula, not realized key frequency"
WS-49-tuned,S,tuned,0.95,50,1000000,10,none,0,4,48,100,1,7,ok,19,62,0.006772668105747886,2658,"Zipf formula, not realized key frequency"
WS-49-tuned,S,tuned,0.95,50,1000000,10,none,0,4,48,100,2,0,ok,216,52,0.04883096210731918,2658,"Zipf formula, not realized key frequency"
WS-49-tuned,S,tuned,0.95,50,1000000,10,none,0,4,48,100,2,1,ok,64,52,0.025276491133567492,2658,"Zipf formula, not realized key frequency"
WS-49-tuned,S,tuned,0.95,50,1000000,10,none,0,4,48,100,2,2,ok,84,52,0.017196105037134656,2658,"Zipf formula, not realized key frequency"
WS-49-tuned,S,tuned,0.95,50,1000000,10,none,0,4,48,100,2,3,ok,61,52,0.013083932334185,2658,"Zipf formula, not realized key frequency"
WS-49-tuned,S,tuned,0.95,50,1000000,10,none,0,4,48,100,2,4,ok,49,52,0.010584583590919919,2658,"Zipf formula, not realized key frequency"
WS-49-tuned,S,tuned,0.95,50,1000000,10,none,0,4,48,100,2,5,ok,32,52,0.00890126218581877,2658,"Zipf formula, not realized key frequency"
WS-49-tuned,S,tuned,0.95,50,1000000,10,none,0,4,48,100,2,6,ok,42,52,0.007688686321557715,2658,"Zipf formula, not realized key frequency"
WS-49-tuned,S,tuned,0.95,50,1000000,10,none,0,4,48,100,2,7,ok,15,52,0.006772668105747886,2658,"Zipf formula, not realized key frequency"
WS-50-default,S,default,0.95,50,1000000,10,batchU,0,4,48,100,1,0,ok,334,115,0.04883096210731918,2658,"Zipf formula, not realized key frequency"
WS-50-default,S,default,0.95,50,1000000,10,batchU,0,4,48,100,1,1,ok,205,115,0.025276491133567492,2658,"Zipf formula, not realized key frequency"
WS-50-default,S,default,0.95,50,1000000,10,batchU,0,4,48,100,1,2,ok,167,115,0.017196105037134656,2658,"Zipf formula, not realized key frequency"
WS-50-default,S,default,0.95,50,1000000,10,batchU,0,4,48,100,1,3,ok,103,115,0.013083932334185,2658,"Zipf formula, not realized key frequency"
WS-50-default,S,default,0.95,50,1000000,10,batchU,0,4,48,100,1,4,ok,62,115,0.010584583590919919,2658,"Zipf formula, not realized key frequency"
WS-50-default,S,default,0.95,50,1000000,10,batchU,0,4,48,100,1,5,ok,53,115,0.00890126218581877,2658,"Zipf formula, not realized key frequency"
WS-50-default,S,default,0.95,50,1000000,10,batchU,0,4,48,100,1,6,ok,49,115,0.007688686321557715,2658,"Zipf formula, not realized key frequency"
WS-50-default,S,default,0.95,50,1000000,10,batchU,0,4,48,100,1,7,ok,52,115,0.006772668105747886,2658,"Zipf formula, not realized key frequency"
WS-50-default,S,default,0.95,50,1000000,10,batchU,0,4,48,100,2,0,ok,141,53,0.04883096210731918,2658,"Zipf formula, not realized key frequency"
WS-50-default,S,default,0.95,50,1000000,10,batchU,0,4,48,100,2,1,ok,76,53,0.025276491133567492,2658,"Zipf formula, not realized key frequency"
WS-50-default,S,default,0.95,50,1000000,10,batchU,0,4,48,100,2,2,ok,68,53,0.017196105037134656,2658,"Zipf formula, not realized key frequency"
WS-50-default,S,default,0.95,50,1000000,10,batchU,0,4,48,100,2,3,ok,47,53,0.013083932334185,2658,"Zipf formula, not realized key frequency"
WS-50-default,S,default,0.95,50,1000000,10,batchU,0,4,48,100,2,4,ok,47,53,0.010584583590919919,2658,"Zipf formula, not realized key frequency"
WS-50-default,S,default,0.95,50,1000000,10,batchU,0,4,48,100,2,5,ok,23,53,0.00890126218581877,2658,"Zipf formula, not realized key frequency"
WS-50-default,S,default,0.95,50,1000000,10,batchU,0,4,48,100,2,6,ok,24,53,0.007688686321557715,2658,"Zipf formula, not realized key frequency"
WS-50-default,S,default,0.95,50,1000000,10,batchU,0,4,48,100,2,7,ok,24,53,0.006772668105747886,2658,"Zipf formula, not realized key frequency"
WS-50-tuned,S,tuned,0.95,50,1000000,10,batchU,0,4,48,100,1,0,ok,212,66,0.04883096210731918,2658,"Zipf formula, not realized key frequency"
WS-50-tuned,S,tuned,0.95,50,1000000,10,batchU,0,4,48,100,1,1,ok,102,66,0.025276491133567492,2658,"Zipf formula, not realized key frequency"
WS-50-tuned,S,tuned,0.95,50,1000000,10,batchU,0,4,48,100,1,2,ok,111,66,0.017196105037134656,2658,"Zipf formula, not realized key frequency"
WS-50-tuned,S,tuned,0.95,50,1000000,10,batchU,0,4,48,100,1,3,ok,122,66,0.013083932334185,2658,"Zipf formula, not realized key frequency"
WS-50-tuned,S,tuned,0.95,50,1000000,10,batchU,0,4,48,100,1,4,ok,46,66,0.010584583590919919,2658,"Zipf formula, not realized key frequency"
WS-50-tuned,S,tuned,0.95,50,1000000,10,batchU,0,4,48,100,1,5,ok,45,66,0.00890126218581877,2658,"Zipf formula, not realized key frequency"
WS-50-tuned,S,tuned,0.95,50,1000000,10,batchU,0,4,48,100,1,6,ok,30,66,0.007688686321557715,2658,"Zipf formula, not realized key frequency"
WS-50-tuned,S,tuned,0.95,50,1000000,10,batchU,0,4,48,100,1,7,ok,32,66,0.006772668105747886,2658,"Zipf formula, not realized key frequency"
WS-50-tuned,S,tuned,0.95,50,1000000,10,batchU,0,4,48,100,2,0,ok,330,72,0.04883096210731918,2658,"Zipf formula, not realized key frequency"
WS-50-tuned,S,tuned,0.95,50,1000000,10,batchU,0,4,48,100,2,1,ok,133,72,0.025276491133567492,2658,"Zipf formula, not realized key frequency"
WS-50-tuned,S,tuned,0.95,50,1000000,10,batchU,0,4,48,100,2,2,ok,124,72,0.017196105037134656,2658,"Zipf formula, not realized key frequency"
WS-50-tuned,S,tuned,0.95,50,1000000,10,batchU,0,4,48,100,2,3,ok,95,72,0.013083932334185,2658,"Zipf formula, not realized key frequency"
WS-50-tuned,S,tuned,0.95,50,1000000,10,batchU,0,4,48,100,2,4,ok,66,72,0.010584583590919919,2658,"Zipf formula, not realized key frequency"
WS-50-tuned,S,tuned,0.95,50,1000000,10,batchU,0,4,48,100,2,5,ok,83,72,0.00890126218581877,2658,"Zipf formula, not realized key frequency"
WS-50-tuned,S,tuned,0.95,50,1000000,10,batchU,0,4,48,100,2,6,ok,43,72,0.007688686321557715,2658,"Zipf formula, not realized key frequency"
WS-50-tuned,S,tuned,0.95,50,1000000,10,batchU,0,4,48,100,2,7,ok,37,72,0.006772668105747886,2658,"Zipf formula, not realized key frequency"
WS-51-default,S,default,0.95,50,1000000,10,batchR,0,4,48,100,1,0,ok,397771,161929,0.04883096210731918,2658,"Zipf formula, not realized key frequency"
WS-51-default,S,default,0.95,50,1000000,10,batchR,0,4,48,100,1,1,ok,216650,161929,0.025276491133567492,2658,"Zipf formula, not realized key frequency"
WS-51-default,S,default,0.95,50,1000000,10,batchR,0,4,48,100,1,2,ok,177349,161929,0.017196105037134656,2658,"Zipf formula, not realized key frequency"
WS-51-default,S,default,0.95,50,1000000,10,batchR,0,4,48,100,1,3,ok,129468,161929,0.013083932334185,2658,"Zipf formula, not realized key frequency"
WS-51-default,S,default,0.95,50,1000000,10,batchR,0,4,48,100,1,4,ok,102276,161929,0.010584583590919919,2658,"Zipf formula, not realized key frequency"
WS-51-default,S,default,0.95,50,1000000,10,batchR,0,4,48,100,1,5,ok,84040,161929,0.00890126218581877,2658,"Zipf formula, not realized key frequency"
WS-51-default,S,default,0.95,50,1000000,10,batchR,0,4,48,100,1,6,ok,72377,161929,0.007688686321557715,2658,"Zipf formula, not realized key frequency"
WS-51-default,S,default,0.95,50,1000000,10,batchR,0,4,48,100,1,7,ok,63218,161929,0.006772668105747886,2658,"Zipf formula, not realized key frequency"
WS-51-default,S,default,0.95,50,1000000,10,batchR,0,4,48,100,2,0,ok,353036,139578,0.04883096210731918,2658,"Zipf formula, not realized key frequency"
WS-51-default,S,default,0.95,50,1000000,10,batchR,0,4,48,100,2,1,ok,192450,139578,0.025276491133567492,2658,"Zipf formula, not realized key frequency"
WS-51-default,S,default,0.95,50,1000000,10,batchR,0,4,48,100,2,2,ok,157448,139578,0.017196105037134656,2658,"Zipf formula, not realized key frequency"
WS-51-default,S,default,0.95,50,1000000,10,batchR,0,4,48,100,2,3,ok,115589,139578,0.013083932334185,2658,"Zipf formula, not realized key frequency"
WS-51-default,S,default,0.95,50,1000000,10,batchR,0,4,48,100,2,4,ok,90609,139578,0.010584583590919919,2658,"Zipf formula, not realized key frequency"
WS-51-default,S,default,0.95,50,1000000,10,batchR,0,4,48,100,2,5,ok,74491,139578,0.00890126218581877,2658,"Zipf formula, not realized key frequency"
WS-51-default,S,default,0.95,50,1000000,10,batchR,0,4,48,100,2,6,ok,64270,139578,0.007688686321557715,2658,"Zipf formula, not realized key frequency"
WS-51-default,S,default,0.95,50,1000000,10,batchR,0,4,48,100,2,7,ok,56261,139578,0.006772668105747886,2658,"Zipf formula, not realized key frequency"
WS-51-tuned,S,tuned,0.95,50,1000000,10,batchR,0,4,48,100,1,0,ok,550654,228492,0.04883096210731918,2658,"Zipf formula, not realized key frequency"
WS-51-tuned,S,tuned,0.95,50,1000000,10,batchR,0,4,48,100,1,1,ok,299476,228492,0.025276491133567492,2658,"Zipf formula, not realized key frequency"
WS-51-tuned,S,tuned,0.95,50,1000000,10,batchR,0,4,48,100,1,2,ok,246002,228492,0.017196105037134656,2658,"Zipf formula, not realized key frequency"
WS-51-tuned,S,tuned,0.95,50,1000000,10,batchR,0,4,48,100,1,3,ok,178610,228492,0.013083932334185,2658,"Zipf formula, not realized key frequency"
WS-51-tuned,S,tuned,0.95,50,1000000,10,batchR,0,4,48,100,1,4,ok,141347,228492,0.010584583590919919,2658,"Zipf formula, not realized key frequency"
WS-51-tuned,S,tuned,0.95,50,1000000,10,batchR,0,4,48,100,1,5,ok,117000,228492,0.00890126218581877,2658,"Zipf formula, not realized key frequency"
WS-51-tuned,S,tuned,0.95,50,1000000,10,batchR,0,4,48,100,1,6,ok,99703,228492,0.007688686321557715,2658,"Zipf formula, not realized key frequency"
WS-51-tuned,S,tuned,0.95,50,1000000,10,batchR,0,4,48,100,1,7,ok,87303,228492,0.006772668105747886,2658,"Zipf formula, not realized key frequency"
WS-51-tuned,S,tuned,0.95,50,1000000,10,batchR,0,4,48,100,2,0,ok,574518,240789,0.04883096210731918,2658,"Zipf formula, not realized key frequency"
WS-51-tuned,S,tuned,0.95,50,1000000,10,batchR,0,4,48,100,2,1,ok,313051,240789,0.025276491133567492,2658,"Zipf formula, not realized key frequency"
WS-51-tuned,S,tuned,0.95,50,1000000,10,batchR,0,4,48,100,2,2,ok,256203,240789,0.017196105037134656,2658,"Zipf formula, not realized key frequency"
WS-51-tuned,S,tuned,0.95,50,1000000,10,batchR,0,4,48,100,2,3,ok,187170,240789,0.013083932334185,2658,"Zipf formula, not realized key frequency"
WS-51-tuned,S,tuned,0.95,50,1000000,10,batchR,0,4,48,100,2,4,ok,147344,240789,0.010584583590919919,2658,"Zipf formula, not realized key frequency"
WS-51-tuned,S,tuned,0.95,50,1000000,10,batchR,0,4,48,100,2,5,ok,121777,240789,0.00890126218581877,2658,"Zipf formula, not realized key frequency"
WS-51-tuned,S,tuned,0.95,50,1000000,10,batchR,0,4,48,100,2,6,ok,103944,240789,0.007688686321557715,2658,"Zipf formula, not realized key frequency"
WS-51-tuned,S,tuned,0.95,50,1000000,10,batchR,0,4,48,100,2,7,ok,91338,240789,0.006772668105747886,2658,"Zipf formula, not realized key frequency"
WS-52-default,S,default,0.95,95,1000000,10,none,0,4,48,100,1,0,ok,237,68,0.04883096210731918,2658,"Zipf formula, not realized key frequency"
WS-52-default,S,default,0.95,95,1000000,10,none,0,4,48,100,1,1,ok,123,68,0.025276491133567492,2658,"Zipf formula, not realized key frequency"
WS-52-default,S,default,0.95,95,1000000,10,none,0,4,48,100,1,2,ok,94,68,0.017196105037134656,2658,"Zipf formula, not realized key frequency"
WS-52-default,S,default,0.95,95,1000000,10,none,0,4,48,100,1,3,ok,66,68,0.013083932334185,2658,"Zipf formula, not realized key frequency"
WS-52-default,S,default,0.95,95,1000000,10,none,0,4,48,100,1,4,ok,53,68,0.010584583590919919,2658,"Zipf formula, not realized key frequency"
WS-52-default,S,default,0.95,95,1000000,10,none,0,4,48,100,1,5,ok,41,68,0.00890126218581877,2658,"Zipf formula, not realized key frequency"
WS-52-default,S,default,0.95,95,1000000,10,none,0,4,48,100,1,6,ok,43,68,0.007688686321557715,2658,"Zipf formula, not realized key frequency"
WS-52-default,S,default,0.95,95,1000000,10,none,0,4,48,100,1,7,ok,38,68,0.006772668105747886,2658,"Zipf formula, not realized key frequency"
WS-52-default,S,default,0.95,95,1000000,10,none,0,4,48,100,2,0,ok,138,45,0.04883096210731918,2658,"Zipf formula, not realized key frequency"
WS-52-default,S,default,0.95,95,1000000,10,none,0,4,48,100,2,1,ok,93,45,0.025276491133567492,2658,"Zipf formula, not realized key frequency"
WS-52-default,S,default,0.95,95,1000000,10,none,0,4,48,100,2,2,ok,57,45,0.017196105037134656,2658,"Zipf formula, not realized key frequency"
WS-52-default,S,default,0.95,95,1000000,10,none,0,4,48,100,2,3,ok,38,45,0.013083932334185,2658,"Zipf formula, not realized key frequency"
WS-52-default,S,default,0.95,95,1000000,10,none,0,4,48,100,2,4,ok,40,45,0.010584583590919919,2658,"Zipf formula, not realized key frequency"
WS-52-default,S,default,0.95,95,1000000,10,none,0,4,48,100,2,5,ok,23,45,0.00890126218581877,2658,"Zipf formula, not realized key frequency"
WS-52-default,S,default,0.95,95,1000000,10,none,0,4,48,100,2,6,ok,18,45,0.007688686321557715,2658,"Zipf formula, not realized key frequency"
WS-52-default,S,default,0.95,95,1000000,10,none,0,4,48,100,2,7,ok,25,45,0.006772668105747886,2658,"Zipf formula, not realized key frequency"
WS-52-tuned,S,tuned,0.95,95,1000000,10,none,0,4,48,100,1,0,ok,92,28,0.04883096210731918,2658,"Zipf formula, not realized key frequency"
WS-52-tuned,S,tuned,0.95,95,1000000,10,none,0,4,48,100,1,1,ok,44,28,0.025276491133567492,2658,"Zipf formula, not realized key frequency"
WS-52-tuned,S,tuned,0.95,95,1000000,10,none,0,4,48,100,1,2,ok,22,28,0.017196105037134656,2658,"Zipf formula, not realized key frequency"
WS-52-tuned,S,tuned,0.95,95,1000000,10,none,0,4,48,100,1,3,ok,24,28,0.013083932334185,2658,"Zipf formula, not realized key frequency"
WS-52-tuned,S,tuned,0.95,95,1000000,10,none,0,4,48,100,1,4,ok,13,28,0.010584583590919919,2658,"Zipf formula, not realized key frequency"
WS-52-tuned,S,tuned,0.95,95,1000000,10,none,0,4,48,100,1,5,ok,19,28,0.00890126218581877,2658,"Zipf formula, not realized key frequency"
WS-52-tuned,S,tuned,0.95,95,1000000,10,none,0,4,48,100,1,6,ok,13,28,0.007688686321557715,2658,"Zipf formula, not realized key frequency"
WS-52-tuned,S,tuned,0.95,95,1000000,10,none,0,4,48,100,1,7,ok,11,28,0.006772668105747886,2658,"Zipf formula, not realized key frequency"
WS-52-tuned,S,tuned,0.95,95,1000000,10,none,0,4,48,100,2,0,ok,119,28,0.04883096210731918,2658,"Zipf formula, not realized key frequency"
WS-52-tuned,S,tuned,0.95,95,1000000,10,none,0,4,48,100,2,1,ok,69,28,0.025276491133567492,2658,"Zipf formula, not realized key frequency"
WS-52-tuned,S,tuned,0.95,95,1000000,10,none,0,4,48,100,2,2,ok,42,28,0.017196105037134656,2658,"Zipf formula, not realized key frequency"
WS-52-tuned,S,tuned,0.95,95,1000000,10,none,0,4,48,100,2,3,ok,33,28,0.013083932334185,2658,"Zipf formula, not realized key frequency"
WS-52-tuned,S,tuned,0.95,95,1000000,10,none,0,4,48,100,2,4,ok,13,28,0.010584583590919919,2658,"Zipf formula, not realized key frequency"
WS-52-tuned,S,tuned,0.95,95,1000000,10,none,0,4,48,100,2,5,ok,15,28,0.00890126218581877,2658,"Zipf formula, not realized key frequency"
WS-52-tuned,S,tuned,0.95,95,1000000,10,none,0,4,48,100,2,6,ok,8,28,0.007688686321557715,2658,"Zipf formula, not realized key frequency"
WS-52-tuned,S,tuned,0.95,95,1000000,10,none,0,4,48,100,2,7,ok,15,28,0.006772668105747886,2658,"Zipf formula, not realized key frequency"
WS-53-default,S,default,0.95,95,1000000,10,batchU,0,4,48,100,1,0,ok,171,54,0.04883096210731918,2658,"Zipf formula, not realized key frequency"
WS-53-default,S,default,0.95,95,1000000,10,batchU,0,4,48,100,1,1,ok,84,54,0.025276491133567492,2658,"Zipf formula, not realized key frequency"
WS-53-default,S,default,0.95,95,1000000,10,batchU,0,4,48,100,1,2,ok,60,54,0.017196105037134656,2658,"Zipf formula, not realized key frequency"
WS-53-default,S,default,0.95,95,1000000,10,batchU,0,4,48,100,1,3,ok,62,54,0.013083932334185,2658,"Zipf formula, not realized key frequency"
WS-53-default,S,default,0.95,95,1000000,10,batchU,0,4,48,100,1,4,ok,49,54,0.010584583590919919,2658,"Zipf formula, not realized key frequency"
WS-53-default,S,default,0.95,95,1000000,10,batchU,0,4,48,100,1,5,ok,29,54,0.00890126218581877,2658,"Zipf formula, not realized key frequency"
WS-53-default,S,default,0.95,95,1000000,10,batchU,0,4,48,100,1,6,ok,23,54,0.007688686321557715,2658,"Zipf formula, not realized key frequency"
WS-53-default,S,default,0.95,95,1000000,10,batchU,0,4,48,100,1,7,ok,36,54,0.006772668105747886,2658,"Zipf formula, not realized key frequency"
WS-53-default,S,default,0.95,95,1000000,10,batchU,0,4,48,100,2,0,ok,117,38,0.04883096210731918,2658,"Zipf formula, not realized key frequency"
WS-53-default,S,default,0.95,95,1000000,10,batchU,0,4,48,100,2,1,ok,63,38,0.025276491133567492,2658,"Zipf formula, not realized key frequency"
WS-53-default,S,default,0.95,95,1000000,10,batchU,0,4,48,100,2,2,ok,41,38,0.017196105037134656,2658,"Zipf formula, not realized key frequency"
WS-53-default,S,default,0.95,95,1000000,10,batchU,0,4,48,100,2,3,ok,44,38,0.013083932334185,2658,"Zipf formula, not realized key frequency"
WS-53-default,S,default,0.95,95,1000000,10,batchU,0,4,48,100,2,4,ok,32,38,0.010584583590919919,2658,"Zipf formula, not realized key frequency"
WS-53-default,S,default,0.95,95,1000000,10,batchU,0,4,48,100,2,5,ok,27,38,0.00890126218581877,2658,"Zipf formula, not realized key frequency"
WS-53-default,S,default,0.95,95,1000000,10,batchU,0,4,48,100,2,6,ok,16,38,0.007688686321557715,2658,"Zipf formula, not realized key frequency"
WS-53-default,S,default,0.95,95,1000000,10,batchU,0,4,48,100,2,7,ok,25,38,0.006772668105747886,2658,"Zipf formula, not realized key frequency"
WS-53-tuned,S,tuned,0.95,95,1000000,10,batchU,0,4,48,100,1,0,ok,150,31,0.04883096210731918,2658,"Zipf formula, not realized key frequency"
WS-53-tuned,S,tuned,0.95,95,1000000,10,batchU,0,4,48,100,1,1,ok,68,31,0.025276491133567492,2658,"Zipf formula, not realized key frequency"
WS-53-tuned,S,tuned,0.95,95,1000000,10,batchU,0,4,48,100,1,2,ok,26,31,0.017196105037134656,2658,"Zipf formula, not realized key frequency"
WS-53-tuned,S,tuned,0.95,95,1000000,10,batchU,0,4,48,100,1,3,ok,41,31,0.013083932334185,2658,"Zipf formula, not realized key frequency"
WS-53-tuned,S,tuned,0.95,95,1000000,10,batchU,0,4,48,100,1,4,ok,28,31,0.010584583590919919,2658,"Zipf formula, not realized key frequency"
WS-53-tuned,S,tuned,0.95,95,1000000,10,batchU,0,4,48,100,1,5,ok,26,31,0.00890126218581877,2658,"Zipf formula, not realized key frequency"
WS-53-tuned,S,tuned,0.95,95,1000000,10,batchU,0,4,48,100,1,6,ok,14,31,0.007688686321557715,2658,"Zipf formula, not realized key frequency"
WS-53-tuned,S,tuned,0.95,95,1000000,10,batchU,0,4,48,100,1,7,ok,23,31,0.006772668105747886,2658,"Zipf formula, not realized key frequency"
WS-53-tuned,S,tuned,0.95,95,1000000,10,batchU,0,4,48,100,2,0,ok,206,38,0.04883096210731918,2658,"Zipf formula, not realized key frequency"
WS-53-tuned,S,tuned,0.95,95,1000000,10,batchU,0,4,48,100,2,1,ok,38,38,0.025276491133567492,2658,"Zipf formula, not realized key frequency"
WS-53-tuned,S,tuned,0.95,95,1000000,10,batchU,0,4,48,100,2,2,ok,71,38,0.017196105037134656,2658,"Zipf formula, not realized key frequency"
WS-53-tuned,S,tuned,0.95,95,1000000,10,batchU,0,4,48,100,2,3,ok,44,38,0.013083932334185,2658,"Zipf formula, not realized key frequency"
WS-53-tuned,S,tuned,0.95,95,1000000,10,batchU,0,4,48,100,2,4,ok,23,38,0.010584583590919919,2658,"Zipf formula, not realized key frequency"
WS-53-tuned,S,tuned,0.95,95,1000000,10,batchU,0,4,48,100,2,5,ok,35,38,0.00890126218581877,2658,"Zipf formula, not realized key frequency"
WS-53-tuned,S,tuned,0.95,95,1000000,10,batchU,0,4,48,100,2,6,ok,18,38,0.007688686321557715,2658,"Zipf formula, not realized key frequency"
WS-53-tuned,S,tuned,0.95,95,1000000,10,batchU,0,4,48,100,2,7,ok,14,38,0.006772668105747886,2658,"Zipf formula, not realized key frequency"
WS-54-default,S,default,0.95,95,1000000,10,batchR,0,4,48,100,1,0,ok,240367,87153,0.04883096210731918,2658,"Zipf formula, not realized key frequency"
WS-54-default,S,default,0.95,95,1000000,10,batchR,0,4,48,100,1,1,ok,119188,87153,0.025276491133567492,2658,"Zipf formula, not realized key frequency"
WS-54-default,S,default,0.95,95,1000000,10,batchR,0,4,48,100,1,2,ok,94998,87153,0.017196105037134656,2658,"Zipf formula, not realized key frequency"
WS-54-default,S,default,0.95,95,1000000,10,batchR,0,4,48,100,1,3,ok,66932,87153,0.013083932334185,2658,"Zipf formula, not realized key frequency"
WS-54-default,S,default,0.95,95,1000000,10,batchR,0,4,48,100,1,4,ok,51494,87153,0.010584583590919919,2658,"Zipf formula, not realized key frequency"
WS-54-default,S,default,0.95,95,1000000,10,batchR,0,4,48,100,1,5,ok,41813,87153,0.00890126218581877,2658,"Zipf formula, not realized key frequency"
WS-54-default,S,default,0.95,95,1000000,10,batchR,0,4,48,100,1,6,ok,35594,87153,0.007688686321557715,2658,"Zipf formula, not realized key frequency"
WS-54-default,S,default,0.95,95,1000000,10,batchR,0,4,48,100,1,7,ok,30948,87153,0.006772668105747886,2658,"Zipf formula, not realized key frequency"
WS-54-default,S,default,0.95,95,1000000,10,batchR,0,4,48,100,2,0,ok,276325,100581,0.04883096210731918,2658,"Zipf formula, not realized key frequency"
WS-54-default,S,default,0.95,95,1000000,10,batchR,0,4,48,100,2,1,ok,137888,100581,0.025276491133567492,2658,"Zipf formula, not realized key frequency"
WS-54-default,S,default,0.95,95,1000000,10,batchR,0,4,48,100,2,2,ok,108569,100581,0.017196105037134656,2658,"Zipf formula, not realized key frequency"
WS-54-default,S,default,0.95,95,1000000,10,batchR,0,4,48,100,2,3,ok,77417,100581,0.013083932334185,2658,"Zipf formula, not realized key frequency"
WS-54-default,S,default,0.95,95,1000000,10,batchR,0,4,48,100,2,4,ok,59570,100581,0.010584583590919919,2658,"Zipf formula, not realized key frequency"
WS-54-default,S,default,0.95,95,1000000,10,batchR,0,4,48,100,2,5,ok,48598,100581,0.00890126218581877,2658,"Zipf formula, not realized key frequency"
WS-54-default,S,default,0.95,95,1000000,10,batchR,0,4,48,100,2,6,ok,40910,100581,0.007688686321557715,2658,"Zipf formula, not realized key frequency"
WS-54-default,S,default,0.95,95,1000000,10,batchR,0,4,48,100,2,7,ok,35308,100581,0.006772668105747886,2658,"Zipf formula, not realized key frequency"
WS-54-tuned,S,tuned,0.95,95,1000000,10,batchR,0,4,48,100,1,0,ok,742633,264579,0.04883096210731918,2658,"Zipf formula, not realized key frequency"
WS-54-tuned,S,tuned,0.95,95,1000000,10,batchR,0,4,48,100,1,1,ok,363145,264579,0.025276491133567492,2658,"Zipf formula, not realized key frequency"
WS-54-tuned,S,tuned,0.95,95,1000000,10,batchR,0,4,48,100,1,2,ok,285872,264579,0.017196105037134656,2658,"Zipf formula, not realized key frequency"
WS-54-tuned,S,tuned,0.95,95,1000000,10,batchR,0,4,48,100,1,3,ok,198212,264579,0.013083932334185,2658,"Zipf formula, not realized key frequency"
WS-54-tuned,S,tuned,0.95,95,1000000,10,batchR,0,4,48,100,1,4,ok,150764,264579,0.010584583590919919,2658,"Zipf formula, not realized key frequency"
WS-54-tuned,S,tuned,0.95,95,1000000,10,batchR,0,4,48,100,1,5,ok,121957,264579,0.00890126218581877,2658,"Zipf formula, not realized key frequency"
WS-54-tuned,S,tuned,0.95,95,1000000,10,batchR,0,4,48,100,1,6,ok,102242,264579,0.007688686321557715,2658,"Zipf formula, not realized key frequency"
WS-54-tuned,S,tuned,0.95,95,1000000,10,batchR,0,4,48,100,1,7,ok,86914,264579,0.006772668105747886,2658,"Zipf formula, not realized key frequency"
WS-54-tuned,S,tuned,0.95,95,1000000,10,batchR,0,4,48,100,2,0,ok,767693,275511,0.04883096210731918,2658,"Zipf formula, not realized key frequency"
WS-54-tuned,S,tuned,0.95,95,1000000,10,batchR,0,4,48,100,2,1,ok,374508,275511,0.025276491133567492,2658,"Zipf formula, not realized key frequency"
WS-54-tuned,S,tuned,0.95,95,1000000,10,batchR,0,4,48,100,2,2,ok,293989,275511,0.017196105037134656,2658,"Zipf formula, not realized key frequency"
WS-54-tuned,S,tuned,0.95,95,1000000,10,batchR,0,4,48,100,2,3,ok,204505,275511,0.013083932334185,2658,"Zipf formula, not realized key frequency"
WS-54-tuned,S,tuned,0.95,95,1000000,10,batchR,0,4,48,100,2,4,ok,156283,275511,0.010584583590919919,2658,"Zipf formula, not realized key frequency"
WS-54-tuned,S,tuned,0.95,95,1000000,10,batchR,0,4,48,100,2,5,ok,125500,275511,0.00890126218581877,2658,"Zipf formula, not realized key frequency"
WS-54-tuned,S,tuned,0.95,95,1000000,10,batchR,0,4,48,100,2,6,ok,105144,275511,0.007688686321557715,2658,"Zipf formula, not realized key frequency"
WS-54-tuned,S,tuned,0.95,95,1000000,10,batchR,0,4,48,100,2,7,ok,89865,275511,0.006772668105747886,2658,"Zipf formula, not realized key frequency"
WS-55-default,S,default,0.97,5,1000000,10,none,0,4,48,100,1,0,ok,576,206,0.05651717686969927,1618,"Zipf formula, not realized key frequency"
WS-55-default,S,default,0.97,5,1000000,10,none,0,4,48,100,1,1,ok,320,206,0.028852361447350535,1618,"Zipf formula, not realized key frequency"
WS-55-default,S,default,0.97,5,1000000,10,none,0,4,48,100,1,2,ok,249,206,0.01947030895143406,1618,"Zipf formula, not realized key frequency"
WS-55-default,S,default,0.97,5,1000000,10,none,0,4,48,100,1,3,ok,208,206,0.014729305446515819,1618,"Zipf formula, not realized key frequency"
WS-55-default,S,default,0.97,5,1000000,10,none,0,4,48,100,1,4,ok,163,206,0.011862590966089725,1618,"Zipf formula, not realized key frequency"
WS-55-default,S,default,0.97,5,1000000,10,none,0,4,48,100,1,5,ok,123,206,0.009939710765339739,1618,"Zipf formula, not realized key frequency"
WS-55-default,S,default,0.97,5,1000000,10,none,0,4,48,100,1,6,ok,92,206,0.008559243094962147,1618,"Zipf formula, not realized key frequency"
WS-55-default,S,default,0.97,5,1000000,10,none,0,4,48,100,1,7,ok,93,206,0.007519399732068829,1618,"Zipf formula, not realized key frequency"
WS-55-default,S,default,0.97,5,1000000,10,none,0,4,48,100,2,0,ok,783,275,0.05651717686969927,1618,"Zipf formula, not realized key frequency"
WS-55-default,S,default,0.97,5,1000000,10,none,0,4,48,100,2,1,ok,497,275,0.028852361447350535,1618,"Zipf formula, not realized key frequency"
WS-55-default,S,default,0.97,5,1000000,10,none,0,4,48,100,2,2,ok,388,275,0.01947030895143406,1618,"Zipf formula, not realized key frequency"
WS-55-default,S,default,0.97,5,1000000,10,none,0,4,48,100,2,3,ok,280,275,0.014729305446515819,1618,"Zipf formula, not realized key frequency"
WS-55-default,S,default,0.97,5,1000000,10,none,0,4,48,100,2,4,ok,213,275,0.011862590966089725,1618,"Zipf formula, not realized key frequency"
WS-55-default,S,default,0.97,5,1000000,10,none,0,4,48,100,2,5,ok,171,275,0.009939710765339739,1618,"Zipf formula, not realized key frequency"
WS-55-default,S,default,0.97,5,1000000,10,none,0,4,48,100,2,6,ok,145,275,0.008559243094962147,1618,"Zipf formula, not realized key frequency"
WS-55-default,S,default,0.97,5,1000000,10,none,0,4,48,100,2,7,ok,130,275,0.007519399732068829,1618,"Zipf formula, not realized key frequency"
WS-55-tuned,S,tuned,0.97,5,1000000,10,none,0,4,48,100,1,0,ok,1315,345,0.05651717686969927,1618,"Zipf formula, not realized key frequency"
WS-55-tuned,S,tuned,0.97,5,1000000,10,none,0,4,48,100,1,1,ok,796,345,0.028852361447350535,1618,"Zipf formula, not realized key frequency"
WS-55-tuned,S,tuned,0.97,5,1000000,10,none,0,4,48,100,1,2,ok,647,345,0.01947030895143406,1618,"Zipf formula, not realized key frequency"
WS-55-tuned,S,tuned,0.97,5,1000000,10,none,0,4,48,100,1,3,ok,446,345,0.014729305446515819,1618,"Zipf formula, not realized key frequency"
WS-55-tuned,S,tuned,0.97,5,1000000,10,none,0,4,48,100,1,4,ok,340,345,0.011862590966089725,1618,"Zipf formula, not realized key frequency"
WS-55-tuned,S,tuned,0.97,5,1000000,10,none,0,4,48,100,1,5,ok,267,345,0.009939710765339739,1618,"Zipf formula, not realized key frequency"
WS-55-tuned,S,tuned,0.97,5,1000000,10,none,0,4,48,100,1,6,ok,241,345,0.008559243094962147,1618,"Zipf formula, not realized key frequency"
WS-55-tuned,S,tuned,0.97,5,1000000,10,none,0,4,48,100,1,7,ok,240,345,0.007519399732068829,1618,"Zipf formula, not realized key frequency"
WS-55-tuned,S,tuned,0.97,5,1000000,10,none,0,4,48,100,2,0,ok,1113,315,0.05651717686969927,1618,"Zipf formula, not realized key frequency"
WS-55-tuned,S,tuned,0.97,5,1000000,10,none,0,4,48,100,2,1,ok,603,315,0.028852361447350535,1618,"Zipf formula, not realized key frequency"
WS-55-tuned,S,tuned,0.97,5,1000000,10,none,0,4,48,100,2,2,ok,542,315,0.01947030895143406,1618,"Zipf formula, not realized key frequency"
WS-55-tuned,S,tuned,0.97,5,1000000,10,none,0,4,48,100,2,3,ok,372,315,0.014729305446515819,1618,"Zipf formula, not realized key frequency"
WS-55-tuned,S,tuned,0.97,5,1000000,10,none,0,4,48,100,2,4,ok,273,315,0.011862590966089725,1618,"Zipf formula, not realized key frequency"
WS-55-tuned,S,tuned,0.97,5,1000000,10,none,0,4,48,100,2,5,ok,205,315,0.009939710765339739,1618,"Zipf formula, not realized key frequency"
WS-55-tuned,S,tuned,0.97,5,1000000,10,none,0,4,48,100,2,6,ok,209,315,0.008559243094962147,1618,"Zipf formula, not realized key frequency"
WS-55-tuned,S,tuned,0.97,5,1000000,10,none,0,4,48,100,2,7,ok,218,315,0.007519399732068829,1618,"Zipf formula, not realized key frequency"
WS-56-default,S,default,0.97,5,1000000,10,batchU,0,4,48,100,1,0,ok,726,244,0.05651717686969927,1618,"Zipf formula, not realized key frequency"
WS-56-default,S,default,0.97,5,1000000,10,batchU,0,4,48,100,1,1,ok,398,244,0.028852361447350535,1618,"Zipf formula, not realized key frequency"
WS-56-default,S,default,0.97,5,1000000,10,batchU,0,4,48,100,1,2,ok,319,244,0.01947030895143406,1618,"Zipf formula, not realized key frequency"
WS-56-default,S,default,0.97,5,1000000,10,batchU,0,4,48,100,1,3,ok,247,244,0.014729305446515819,1618,"Zipf formula, not realized key frequency"
WS-56-default,S,default,0.97,5,1000000,10,batchU,0,4,48,100,1,4,ok,188,244,0.011862590966089725,1618,"Zipf formula, not realized key frequency"
WS-56-default,S,default,0.97,5,1000000,10,batchU,0,4,48,100,1,5,ok,157,244,0.009939710765339739,1618,"Zipf formula, not realized key frequency"
WS-56-default,S,default,0.97,5,1000000,10,batchU,0,4,48,100,1,6,ok,149,244,0.008559243094962147,1618,"Zipf formula, not realized key frequency"
WS-56-default,S,default,0.97,5,1000000,10,batchU,0,4,48,100,1,7,ok,116,244,0.007519399732068829,1618,"Zipf formula, not realized key frequency"
WS-56-default,S,default,0.97,5,1000000,10,batchU,0,4,48,100,2,0,ok,458,182,0.05651717686969927,1618,"Zipf formula, not realized key frequency"
WS-56-default,S,default,0.97,5,1000000,10,batchU,0,4,48,100,2,1,ok,283,182,0.028852361447350535,1618,"Zipf formula, not realized key frequency"
WS-56-default,S,default,0.97,5,1000000,10,batchU,0,4,48,100,2,2,ok,183,182,0.01947030895143406,1618,"Zipf formula, not realized key frequency"
WS-56-default,S,default,0.97,5,1000000,10,batchU,0,4,48,100,2,3,ok,160,182,0.014729305446515819,1618,"Zipf formula, not realized key frequency"
WS-56-default,S,default,0.97,5,1000000,10,batchU,0,4,48,100,2,4,ok,120,182,0.011862590966089725,1618,"Zipf formula, not realized key frequency"
WS-56-default,S,default,0.97,5,1000000,10,batchU,0,4,48,100,2,5,ok,149,182,0.009939710765339739,1618,"Zipf formula, not realized key frequency"
WS-56-default,S,default,0.97,5,1000000,10,batchU,0,4,48,100,2,6,ok,146,182,0.008559243094962147,1618,"Zipf formula, not realized key frequency"
WS-56-default,S,default,0.97,5,1000000,10,batchU,0,4,48,100,2,7,ok,125,182,0.007519399732068829,1618,"Zipf formula, not realized key frequency"
WS-56-tuned,S,tuned,0.97,5,1000000,10,batchU,0,4,48,100,1,0,ok,683,163,0.05651717686969927,1618,"Zipf formula, not realized key frequency"
WS-56-tuned,S,tuned,0.97,5,1000000,10,batchU,0,4,48,100,1,1,ok,390,163,0.028852361447350535,1618,"Zipf formula, not realized key frequency"
WS-56-tuned,S,tuned,0.97,5,1000000,10,batchU,0,4,48,100,1,2,ok,332,163,0.01947030895143406,1618,"Zipf formula, not realized key frequency"
WS-56-tuned,S,tuned,0.97,5,1000000,10,batchU,0,4,48,100,1,3,ok,340,163,0.014729305446515819,1618,"Zipf formula, not realized key frequency"
WS-56-tuned,S,tuned,0.97,5,1000000,10,batchU,0,4,48,100,1,4,ok,190,163,0.011862590966089725,1618,"Zipf formula, not realized key frequency"
WS-56-tuned,S,tuned,0.97,5,1000000,10,batchU,0,4,48,100,1,5,ok,164,163,0.009939710765339739,1618,"Zipf formula, not realized key frequency"
WS-56-tuned,S,tuned,0.97,5,1000000,10,batchU,0,4,48,100,1,6,ok,108,163,0.008559243094962147,1618,"Zipf formula, not realized key frequency"
WS-56-tuned,S,tuned,0.97,5,1000000,10,batchU,0,4,48,100,1,7,ok,96,163,0.007519399732068829,1618,"Zipf formula, not realized key frequency"
WS-56-tuned,S,tuned,0.97,5,1000000,10,batchU,0,4,48,100,2,0,ok,486,175,0.05651717686969927,1618,"Zipf formula, not realized key frequency"
WS-56-tuned,S,tuned,0.97,5,1000000,10,batchU,0,4,48,100,2,1,ok,334,175,0.028852361447350535,1618,"Zipf formula, not realized key frequency"
WS-56-tuned,S,tuned,0.97,5,1000000,10,batchU,0,4,48,100,2,2,ok,268,175,0.01947030895143406,1618,"Zipf formula, not realized key frequency"
WS-56-tuned,S,tuned,0.97,5,1000000,10,batchU,0,4,48,100,2,3,ok,231,175,0.014729305446515819,1618,"Zipf formula, not realized key frequency"
WS-56-tuned,S,tuned,0.97,5,1000000,10,batchU,0,4,48,100,2,4,ok,166,175,0.011862590966089725,1618,"Zipf formula, not realized key frequency"
WS-56-tuned,S,tuned,0.97,5,1000000,10,batchU,0,4,48,100,2,5,ok,107,175,0.009939710765339739,1618,"Zipf formula, not realized key frequency"
WS-56-tuned,S,tuned,0.97,5,1000000,10,batchU,0,4,48,100,2,6,ok,87,175,0.008559243094962147,1618,"Zipf formula, not realized key frequency"
WS-56-tuned,S,tuned,0.97,5,1000000,10,batchU,0,4,48,100,2,7,ok,99,175,0.007519399732068829,1618,"Zipf formula, not realized key frequency"
WS-57-default,S,default,0.97,5,1000000,10,batchR,0,4,48,100,1,0,ok,580075,246490,0.05651717686969927,1618,"Zipf formula, not realized key frequency"
WS-57-default,S,default,0.97,5,1000000,10,batchR,0,4,48,100,1,1,ok,333070,246490,0.028852361447350535,1618,"Zipf formula, not realized key frequency"
WS-57-default,S,default,0.97,5,1000000,10,batchR,0,4,48,100,1,2,ok,274544,246490,0.01947030895143406,1618,"Zipf formula, not realized key frequency"
WS-57-default,S,default,0.97,5,1000000,10,batchR,0,4,48,100,1,3,ok,202204,246490,0.014729305446515819,1618,"Zipf formula, not realized key frequency"
WS-57-default,S,default,0.97,5,1000000,10,batchR,0,4,48,100,1,4,ok,160457,246490,0.011862590966089725,1618,"Zipf formula, not realized key frequency"
WS-57-default,S,default,0.97,5,1000000,10,batchR,0,4,48,100,1,5,ok,133595,246490,0.009939710765339739,1618,"Zipf formula, not realized key frequency"
WS-57-default,S,default,0.97,5,1000000,10,batchR,0,4,48,100,1,6,ok,114169,246490,0.008559243094962147,1618,"Zipf formula, not realized key frequency"
WS-57-default,S,default,0.97,5,1000000,10,batchR,0,4,48,100,1,7,ok,99465,246490,0.007519399732068829,1618,"Zipf formula, not realized key frequency"
WS-57-default,S,default,0.97,5,1000000,10,batchR,0,4,48,100,2,0,ok,576514,250725,0.05651717686969927,1618,"Zipf formula, not realized key frequency"
WS-57-default,S,default,0.97,5,1000000,10,batchR,0,4,48,100,2,1,ok,331707,250725,0.028852361447350535,1618,"Zipf formula, not realized key frequency"
WS-57-default,S,default,0.97,5,1000000,10,batchR,0,4,48,100,2,2,ok,273820,250725,0.01947030895143406,1618,"Zipf formula, not realized key frequency"
WS-57-default,S,default,0.97,5,1000000,10,batchR,0,4,48,100,2,3,ok,200791,250725,0.014729305446515819,1618,"Zipf formula, not realized key frequency"
WS-57-default,S,default,0.97,5,1000000,10,batchR,0,4,48,100,2,4,ok,159074,250725,0.011862590966089725,1618,"Zipf formula, not realized key frequency"
WS-57-default,S,default,0.97,5,1000000,10,batchR,0,4,48,100,2,5,ok,132296,250725,0.009939710765339739,1618,"Zipf formula, not realized key frequency"
WS-57-default,S,default,0.97,5,1000000,10,batchR,0,4,48,100,2,6,ok,112842,250725,0.008559243094962147,1618,"Zipf formula, not realized key frequency"
WS-57-default,S,default,0.97,5,1000000,10,batchR,0,4,48,100,2,7,ok,98955,250725,0.007519399732068829,1618,"Zipf formula, not realized key frequency"
WS-57-tuned,S,tuned,0.97,5,1000000,10,batchR,0,4,48,100,1,0,ok,576175,249801,0.05651717686969927,1618,"Zipf formula, not realized key frequency"
WS-57-tuned,S,tuned,0.97,5,1000000,10,batchR,0,4,48,100,1,1,ok,332565,249801,0.028852361447350535,1618,"Zipf formula, not realized key frequency"
WS-57-tuned,S,tuned,0.97,5,1000000,10,batchR,0,4,48,100,1,2,ok,273344,249801,0.01947030895143406,1618,"Zipf formula, not realized key frequency"
WS-57-tuned,S,tuned,0.97,5,1000000,10,batchR,0,4,48,100,1,3,ok,202462,249801,0.014729305446515819,1618,"Zipf formula, not realized key frequency"
WS-57-tuned,S,tuned,0.97,5,1000000,10,batchR,0,4,48,100,1,4,ok,159919,249801,0.011862590966089725,1618,"Zipf formula, not realized key frequency"
WS-57-tuned,S,tuned,0.97,5,1000000,10,batchR,0,4,48,100,1,5,ok,133110,249801,0.009939710765339739,1618,"Zipf formula, not realized key frequency"
WS-57-tuned,S,tuned,0.97,5,1000000,10,batchR,0,4,48,100,1,6,ok,113874,249801,0.008559243094962147,1618,"Zipf formula, not realized key frequency"
WS-57-tuned,S,tuned,0.97,5,1000000,10,batchR,0,4,48,100,1,7,ok,99219,249801,0.007519399732068829,1618,"Zipf formula, not realized key frequency"
WS-57-tuned,S,tuned,0.97,5,1000000,10,batchR,0,4,48,100,2,0,ok,564755,238891,0.05651717686969927,1618,"Zipf formula, not realized key frequency"
WS-57-tuned,S,tuned,0.97,5,1000000,10,batchR,0,4,48,100,2,1,ok,325499,238891,0.028852361447350535,1618,"Zipf formula, not realized key frequency"
WS-57-tuned,S,tuned,0.97,5,1000000,10,batchR,0,4,48,100,2,2,ok,268581,238891,0.01947030895143406,1618,"Zipf formula, not realized key frequency"
WS-57-tuned,S,tuned,0.97,5,1000000,10,batchR,0,4,48,100,2,3,ok,197985,238891,0.014729305446515819,1618,"Zipf formula, not realized key frequency"
WS-57-tuned,S,tuned,0.97,5,1000000,10,batchR,0,4,48,100,2,4,ok,158051,238891,0.011862590966089725,1618,"Zipf formula, not realized key frequency"
WS-57-tuned,S,tuned,0.97,5,1000000,10,batchR,0,4,48,100,2,5,ok,130869,238891,0.009939710765339739,1618,"Zipf formula, not realized key frequency"
WS-57-tuned,S,tuned,0.97,5,1000000,10,batchR,0,4,48,100,2,6,ok,111393,238891,0.008559243094962147,1618,"Zipf formula, not realized key frequency"
WS-57-tuned,S,tuned,0.97,5,1000000,10,batchR,0,4,48,100,2,7,ok,98062,238891,0.007519399732068829,1618,"Zipf formula, not realized key frequency"
WS-58-default,S,default,0.97,50,1000000,10,none,0,4,48,100,1,0,ok,215,83,0.05651717686969927,1618,"Zipf formula, not realized key frequency"
WS-58-default,S,default,0.97,50,1000000,10,none,0,4,48,100,1,1,ok,133,83,0.028852361447350535,1618,"Zipf formula, not realized key frequency"
WS-58-default,S,default,0.97,50,1000000,10,none,0,4,48,100,1,2,ok,90,83,0.01947030895143406,1618,"Zipf formula, not realized key frequency"
WS-58-default,S,default,0.97,50,1000000,10,none,0,4,48,100,1,3,ok,79,83,0.014729305446515819,1618,"Zipf formula, not realized key frequency"
WS-58-default,S,default,0.97,50,1000000,10,none,0,4,48,100,1,4,ok,61,83,0.011862590966089725,1618,"Zipf formula, not realized key frequency"
WS-58-default,S,default,0.97,50,1000000,10,none,0,4,48,100,1,5,ok,49,83,0.009939710765339739,1618,"Zipf formula, not realized key frequency"
WS-58-default,S,default,0.97,50,1000000,10,none,0,4,48,100,1,6,ok,48,83,0.008559243094962147,1618,"Zipf formula, not realized key frequency"
WS-58-default,S,default,0.97,50,1000000,10,none,0,4,48,100,1,7,ok,30,83,0.007519399732068829,1618,"Zipf formula, not realized key frequency"
WS-58-default,S,default,0.97,50,1000000,10,none,0,4,48,100,2,0,ok,249,87,0.05651717686969927,1618,"Zipf formula, not realized key frequency"
WS-58-default,S,default,0.97,50,1000000,10,none,0,4,48,100,2,1,ok,125,87,0.028852361447350535,1618,"Zipf formula, not realized key frequency"
WS-58-default,S,default,0.97,50,1000000,10,none,0,4,48,100,2,2,ok,92,87,0.01947030895143406,1618,"Zipf formula, not realized key frequency"
WS-58-default,S,default,0.97,50,1000000,10,none,0,4,48,100,2,3,ok,62,87,0.014729305446515819,1618,"Zipf formula, not realized key frequency"
WS-58-default,S,default,0.97,50,1000000,10,none,0,4,48,100,2,4,ok,66,87,0.011862590966089725,1618,"Zipf formula, not realized key frequency"
WS-58-default,S,default,0.97,50,1000000,10,none,0,4,48,100,2,5,ok,57,87,0.009939710765339739,1618,"Zipf formula, not realized key frequency"
WS-58-default,S,default,0.97,50,1000000,10,none,0,4,48,100,2,6,ok,48,87,0.008559243094962147,1618,"Zipf formula, not realized key frequency"
WS-58-default,S,default,0.97,50,1000000,10,none,0,4,48,100,2,7,ok,31,87,0.007519399732068829,1618,"Zipf formula, not realized key frequency"
WS-58-tuned,S,tuned,0.97,50,1000000,10,none,0,4,48,100,1,0,ok,347,85,0.05651717686969927,1618,"Zipf formula, not realized key frequency"
WS-58-tuned,S,tuned,0.97,50,1000000,10,none,0,4,48,100,1,1,ok,129,85,0.028852361447350535,1618,"Zipf formula, not realized key frequency"
WS-58-tuned,S,tuned,0.97,50,1000000,10,none,0,4,48,100,1,2,ok,148,85,0.01947030895143406,1618,"Zipf formula, not realized key frequency"
WS-58-tuned,S,tuned,0.97,50,1000000,10,none,0,4,48,100,1,3,ok,110,85,0.014729305446515819,1618,"Zipf formula, not realized key frequency"
WS-58-tuned,S,tuned,0.97,50,1000000,10,none,0,4,48,100,1,4,ok,71,85,0.011862590966089725,1618,"Zipf formula, not realized key frequency"
WS-58-tuned,S,tuned,0.97,50,1000000,10,none,0,4,48,100,1,5,ok,44,85,0.009939710765339739,1618,"Zipf formula, not realized key frequency"
WS-58-tuned,S,tuned,0.97,50,1000000,10,none,0,4,48,100,1,6,ok,101,85,0.008559243094962147,1618,"Zipf formula, not realized key frequency"
WS-58-tuned,S,tuned,0.97,50,1000000,10,none,0,4,48,100,1,7,ok,34,85,0.007519399732068829,1618,"Zipf formula, not realized key frequency"
WS-58-tuned,S,tuned,0.97,50,1000000,10,none,0,4,48,100,2,0,ok,288,66,0.05651717686969927,1618,"Zipf formula, not realized key frequency"
WS-58-tuned,S,tuned,0.97,50,1000000,10,none,0,4,48,100,2,1,ok,126,66,0.028852361447350535,1618,"Zipf formula, not realized key frequency"
WS-58-tuned,S,tuned,0.97,50,1000000,10,none,0,4,48,100,2,2,ok,94,66,0.01947030895143406,1618,"Zipf formula, not realized key frequency"
WS-58-tuned,S,tuned,0.97,50,1000000,10,none,0,4,48,100,2,3,ok,79,66,0.014729305446515819,1618,"Zipf formula, not realized key frequency"
WS-58-tuned,S,tuned,0.97,50,1000000,10,none,0,4,48,100,2,4,ok,46,66,0.011862590966089725,1618,"Zipf formula, not realized key frequency"
WS-58-tuned,S,tuned,0.97,50,1000000,10,none,0,4,48,100,2,5,ok,28,66,0.009939710765339739,1618,"Zipf formula, not realized key frequency"
WS-58-tuned,S,tuned,0.97,50,1000000,10,none,0,4,48,100,2,6,ok,27,66,0.008559243094962147,1618,"Zipf formula, not realized key frequency"
WS-58-tuned,S,tuned,0.97,50,1000000,10,none,0,4,48,100,2,7,ok,44,66,0.007519399732068829,1618,"Zipf formula, not realized key frequency"
WS-59-default,S,default,0.97,50,1000000,10,batchU,0,4,48,100,1,0,ok,342,139,0.05651717686969927,1618,"Zipf formula, not realized key frequency"
WS-59-default,S,default,0.97,50,1000000,10,batchU,0,4,48,100,1,1,ok,223,139,0.028852361447350535,1618,"Zipf formula, not realized key frequency"
WS-59-default,S,default,0.97,50,1000000,10,batchU,0,4,48,100,1,2,ok,161,139,0.01947030895143406,1618,"Zipf formula, not realized key frequency"
WS-59-default,S,default,0.97,50,1000000,10,batchU,0,4,48,100,1,3,ok,128,139,0.014729305446515819,1618,"Zipf formula, not realized key frequency"
WS-59-default,S,default,0.97,50,1000000,10,batchU,0,4,48,100,1,4,ok,87,139,0.011862590966089725,1618,"Zipf formula, not realized key frequency"
WS-59-default,S,default,0.97,50,1000000,10,batchU,0,4,48,100,1,5,ok,82,139,0.009939710765339739,1618,"Zipf formula, not realized key frequency"
WS-59-default,S,default,0.97,50,1000000,10,batchU,0,4,48,100,1,6,ok,66,139,0.008559243094962147,1618,"Zipf formula, not realized key frequency"
WS-59-default,S,default,0.97,50,1000000,10,batchU,0,4,48,100,1,7,ok,63,139,0.007519399732068829,1618,"Zipf formula, not realized key frequency"
WS-59-default,S,default,0.97,50,1000000,10,batchU,0,4,48,100,2,0,ok,520,150,0.05651717686969927,1618,"Zipf formula, not realized key frequency"
WS-59-default,S,default,0.97,50,1000000,10,batchU,0,4,48,100,2,1,ok,244,150,0.028852361447350535,1618,"Zipf formula, not realized key frequency"
WS-59-default,S,default,0.97,50,1000000,10,batchU,0,4,48,100,2,2,ok,231,150,0.01947030895143406,1618,"Zipf formula, not realized key frequency"
WS-59-default,S,default,0.97,50,1000000,10,batchU,0,4,48,100,2,3,ok,170,150,0.014729305446515819,1618,"Zipf formula, not realized key frequency"
WS-59-default,S,default,0.97,50,1000000,10,batchU,0,4,48,100,2,4,ok,116,150,0.011862590966089725,1618,"Zipf formula, not realized key frequency"
WS-59-default,S,default,0.97,50,1000000,10,batchU,0,4,48,100,2,5,ok,107,150,0.009939710765339739,1618,"Zipf formula, not realized key frequency"
WS-59-default,S,default,0.97,50,1000000,10,batchU,0,4,48,100,2,6,ok,93,150,0.008559243094962147,1618,"Zipf formula, not realized key frequency"
WS-59-default,S,default,0.97,50,1000000,10,batchU,0,4,48,100,2,7,ok,71,150,0.007519399732068829,1618,"Zipf formula, not realized key frequency"
WS-59-tuned,S,tuned,0.97,50,1000000,10,batchU,0,4,48,100,1,0,ok,163,35,0.05651717686969927,1618,"Zipf formula, not realized key frequency"
WS-59-tuned,S,tuned,0.97,50,1000000,10,batchU,0,4,48,100,1,1,ok,68,35,0.028852361447350535,1618,"Zipf formula, not realized key frequency"
WS-59-tuned,S,tuned,0.97,50,1000000,10,batchU,0,4,48,100,1,2,ok,54,35,0.01947030895143406,1618,"Zipf formula, not realized key frequency"
WS-59-tuned,S,tuned,0.97,50,1000000,10,batchU,0,4,48,100,1,3,ok,62,35,0.014729305446515819,1618,"Zipf formula, not realized key frequency"
WS-59-tuned,S,tuned,0.97,50,1000000,10,batchU,0,4,48,100,1,4,ok,29,35,0.011862590966089725,1618,"Zipf formula, not realized key frequency"
WS-59-tuned,S,tuned,0.97,50,1000000,10,batchU,0,4,48,100,1,5,ok,22,35,0.009939710765339739,1618,"Zipf formula, not realized key frequency"
WS-59-tuned,S,tuned,0.97,50,1000000,10,batchU,0,4,48,100,1,6,ok,28,35,0.008559243094962147,1618,"Zipf formula, not realized key frequency"
WS-59-tuned,S,tuned,0.97,50,1000000,10,batchU,0,4,48,100,1,7,ok,17,35,0.007519399732068829,1618,"Zipf formula, not realized key frequency"
WS-59-tuned,S,tuned,0.97,50,1000000,10,batchU,0,4,48,100,2,0,ok,276,59,0.05651717686969927,1618,"Zipf formula, not realized key frequency"
WS-59-tuned,S,tuned,0.97,50,1000000,10,batchU,0,4,48,100,2,1,ok,120,59,0.028852361447350535,1618,"Zipf formula, not realized key frequency"
WS-59-tuned,S,tuned,0.97,50,1000000,10,batchU,0,4,48,100,2,2,ok,83,59,0.01947030895143406,1618,"Zipf formula, not realized key frequency"
WS-59-tuned,S,tuned,0.97,50,1000000,10,batchU,0,4,48,100,2,3,ok,73,59,0.014729305446515819,1618,"Zipf formula, not realized key frequency"
WS-59-tuned,S,tuned,0.97,50,1000000,10,batchU,0,4,48,100,2,4,ok,41,59,0.011862590966089725,1618,"Zipf formula, not realized key frequency"
WS-59-tuned,S,tuned,0.97,50,1000000,10,batchU,0,4,48,100,2,5,ok,41,59,0.009939710765339739,1618,"Zipf formula, not realized key frequency"
WS-59-tuned,S,tuned,0.97,50,1000000,10,batchU,0,4,48,100,2,6,ok,32,59,0.008559243094962147,1618,"Zipf formula, not realized key frequency"
WS-59-tuned,S,tuned,0.97,50,1000000,10,batchU,0,4,48,100,2,7,ok,38,59,0.007519399732068829,1618,"Zipf formula, not realized key frequency"
WS-60-default,S,default,0.97,50,1000000,10,batchR,0,4,48,100,1,0,ok,464557,186367,0.05651717686969927,1618,"Zipf formula, not realized key frequency"
WS-60-default,S,default,0.97,50,1000000,10,batchR,0,4,48,100,1,1,ok,252018,186367,0.028852361447350535,1618,"Zipf formula, not realized key frequency"
WS-60-default,S,default,0.97,50,1000000,10,batchR,0,4,48,100,1,2,ok,205078,186367,0.01947030895143406,1618,"Zipf formula, not realized key frequency"
WS-60-default,S,default,0.97,50,1000000,10,batchR,0,4,48,100,1,3,ok,149660,186367,0.014729305446515819,1618,"Zipf formula, not realized key frequency"
WS-60-default,S,default,0.97,50,1000000,10,batchR,0,4,48,100,1,4,ok,117046,186367,0.011862590966089725,1618,"Zipf formula, not realized key frequency"
WS-60-default,S,default,0.97,50,1000000,10,batchR,0,4,48,100,1,5,ok,96530,186367,0.009939710765339739,1618,"Zipf formula, not realized key frequency"
WS-60-default,S,default,0.97,50,1000000,10,batchR,0,4,48,100,1,6,ok,81617,186367,0.008559243094962147,1618,"Zipf formula, not realized key frequency"
WS-60-default,S,default,0.97,50,1000000,10,batchR,0,4,48,100,1,7,ok,71581,186367,0.007519399732068829,1618,"Zipf formula, not realized key frequency"
WS-60-default,S,default,0.97,50,1000000,10,batchR,0,4,48,100,2,0,ok,444298,176202,0.05651717686969927,1618,"Zipf formula, not realized key frequency"
WS-60-default,S,default,0.97,50,1000000,10,batchR,0,4,48,100,2,1,ok,241207,176202,0.028852361447350535,1618,"Zipf formula, not realized key frequency"
WS-60-default,S,default,0.97,50,1000000,10,batchR,0,4,48,100,2,2,ok,195613,176202,0.01947030895143406,1618,"Zipf formula, not realized key frequency"
WS-60-default,S,default,0.97,50,1000000,10,batchR,0,4,48,100,2,3,ok,142600,176202,0.014729305446515819,1618,"Zipf formula, not realized key frequency"
WS-60-default,S,default,0.97,50,1000000,10,batchR,0,4,48,100,2,4,ok,112371,176202,0.011862590966089725,1618,"Zipf formula, not realized key frequency"
WS-60-default,S,default,0.97,50,1000000,10,batchR,0,4,48,100,2,5,ok,93069,176202,0.009939710765339739,1618,"Zipf formula, not realized key frequency"
WS-60-default,S,default,0.97,50,1000000,10,batchR,0,4,48,100,2,6,ok,79308,176202,0.008559243094962147,1618,"Zipf formula, not realized key frequency"
WS-60-default,S,default,0.97,50,1000000,10,batchR,0,4,48,100,2,7,ok,68485,176202,0.007519399732068829,1618,"Zipf formula, not realized key frequency"
WS-60-tuned,S,tuned,0.97,50,1000000,10,batchR,0,4,48,100,1,0,ok,685002,283847,0.05651717686969927,1618,"Zipf formula, not realized key frequency"
WS-60-tuned,S,tuned,0.97,50,1000000,10,batchR,0,4,48,100,1,1,ok,372167,283847,0.028852361447350535,1618,"Zipf formula, not realized key frequency"
WS-60-tuned,S,tuned,0.97,50,1000000,10,batchR,0,4,48,100,1,2,ok,303976,283847,0.01947030895143406,1618,"Zipf formula, not realized key frequency"
WS-60-tuned,S,tuned,0.97,50,1000000,10,batchR,0,4,48,100,1,3,ok,220201,283847,0.014729305446515819,1618,"Zipf formula, not realized key frequency"
WS-60-tuned,S,tuned,0.97,50,1000000,10,batchR,0,4,48,100,1,4,ok,171858,283847,0.011862590966089725,1618,"Zipf formula, not realized key frequency"
WS-60-tuned,S,tuned,0.97,50,1000000,10,batchR,0,4,48,100,1,5,ok,142070,283847,0.009939710765339739,1618,"Zipf formula, not realized key frequency"
WS-60-tuned,S,tuned,0.97,50,1000000,10,batchR,0,4,48,100,1,6,ok,120761,283847,0.008559243094962147,1618,"Zipf formula, not realized key frequency"
WS-60-tuned,S,tuned,0.97,50,1000000,10,batchR,0,4,48,100,1,7,ok,105370,283847,0.007519399732068829,1618,"Zipf formula, not realized key frequency"
WS-60-tuned,S,tuned,0.97,50,1000000,10,batchR,0,4,48,100,2,0,ok,687369,284078,0.05651717686969927,1618,"Zipf formula, not realized key frequency"
WS-60-tuned,S,tuned,0.97,50,1000000,10,batchR,0,4,48,100,2,1,ok,372889,284078,0.028852361447350535,1618,"Zipf formula, not realized key frequency"
WS-60-tuned,S,tuned,0.97,50,1000000,10,batchR,0,4,48,100,2,2,ok,302932,284078,0.01947030895143406,1618,"Zipf formula, not realized key frequency"
WS-60-tuned,S,tuned,0.97,50,1000000,10,batchR,0,4,48,100,2,3,ok,219012,284078,0.014729305446515819,1618,"Zipf formula, not realized key frequency"
WS-60-tuned,S,tuned,0.97,50,1000000,10,batchR,0,4,48,100,2,4,ok,171408,284078,0.011862590966089725,1618,"Zipf formula, not realized key frequency"
WS-60-tuned,S,tuned,0.97,50,1000000,10,batchR,0,4,48,100,2,5,ok,142444,284078,0.009939710765339739,1618,"Zipf formula, not realized key frequency"
WS-60-tuned,S,tuned,0.97,50,1000000,10,batchR,0,4,48,100,2,6,ok,121081,284078,0.008559243094962147,1618,"Zipf formula, not realized key frequency"
WS-60-tuned,S,tuned,0.97,50,1000000,10,batchR,0,4,48,100,2,7,ok,105411,284078,0.007519399732068829,1618,"Zipf formula, not realized key frequency"
WS-61-default,S,default,0.97,95,1000000,10,none,0,4,48,100,1,0,ok,157,45,0.05651717686969927,1618,"Zipf formula, not realized key frequency"
WS-61-default,S,default,0.97,95,1000000,10,none,0,4,48,100,1,1,ok,66,45,0.028852361447350535,1618,"Zipf formula, not realized key frequency"
WS-61-default,S,default,0.97,95,1000000,10,none,0,4,48,100,1,2,ok,66,45,0.01947030895143406,1618,"Zipf formula, not realized key frequency"
WS-61-default,S,default,0.97,95,1000000,10,none,0,4,48,100,1,3,ok,44,45,0.014729305446515819,1618,"Zipf formula, not realized key frequency"
WS-61-default,S,default,0.97,95,1000000,10,none,0,4,48,100,1,4,ok,37,45,0.011862590966089725,1618,"Zipf formula, not realized key frequency"
WS-61-default,S,default,0.97,95,1000000,10,none,0,4,48,100,1,5,ok,30,45,0.009939710765339739,1618,"Zipf formula, not realized key frequency"
WS-61-default,S,default,0.97,95,1000000,10,none,0,4,48,100,1,6,ok,23,45,0.008559243094962147,1618,"Zipf formula, not realized key frequency"
WS-61-default,S,default,0.97,95,1000000,10,none,0,4,48,100,1,7,ok,14,45,0.007519399732068829,1618,"Zipf formula, not realized key frequency"
WS-61-default,S,default,0.97,95,1000000,10,none,0,4,48,100,2,0,ok,139,47,0.05651717686969927,1618,"Zipf formula, not realized key frequency"
WS-61-default,S,default,0.97,95,1000000,10,none,0,4,48,100,2,1,ok,91,47,0.028852361447350535,1618,"Zipf formula, not realized key frequency"
WS-61-default,S,default,0.97,95,1000000,10,none,0,4,48,100,2,2,ok,57,47,0.01947030895143406,1618,"Zipf formula, not realized key frequency"
WS-61-default,S,default,0.97,95,1000000,10,none,0,4,48,100,2,3,ok,42,47,0.014729305446515819,1618,"Zipf formula, not realized key frequency"
WS-61-default,S,default,0.97,95,1000000,10,none,0,4,48,100,2,4,ok,40,47,0.011862590966089725,1618,"Zipf formula, not realized key frequency"
WS-61-default,S,default,0.97,95,1000000,10,none,0,4,48,100,2,5,ok,29,47,0.009939710765339739,1618,"Zipf formula, not realized key frequency"
WS-61-default,S,default,0.97,95,1000000,10,none,0,4,48,100,2,6,ok,23,47,0.008559243094962147,1618,"Zipf formula, not realized key frequency"
WS-61-default,S,default,0.97,95,1000000,10,none,0,4,48,100,2,7,ok,24,47,0.007519399732068829,1618,"Zipf formula, not realized key frequency"
WS-61-tuned,S,tuned,0.97,95,1000000,10,none,0,4,48,100,1,0,ok,287,55,0.05651717686969927,1618,"Zipf formula, not realized key frequency"
WS-61-tuned,S,tuned,0.97,95,1000000,10,none,0,4,48,100,1,1,ok,139,55,0.028852361447350535,1618,"Zipf formula, not realized key frequency"
WS-61-tuned,S,tuned,0.97,95,1000000,10,none,0,4,48,100,1,2,ok,67,55,0.01947030895143406,1618,"Zipf formula, not realized key frequency"
WS-61-tuned,S,tuned,0.97,95,1000000,10,none,0,4,48,100,1,3,ok,52,55,0.014729305446515819,1618,"Zipf formula, not realized key frequency"
WS-61-tuned,S,tuned,0.97,95,1000000,10,none,0,4,48,100,1,4,ok,47,55,0.011862590966089725,1618,"Zipf formula, not realized key frequency"
WS-61-tuned,S,tuned,0.97,95,1000000,10,none,0,4,48,100,1,5,ok,55,55,0.009939710765339739,1618,"Zipf formula, not realized key frequency"
WS-61-tuned,S,tuned,0.97,95,1000000,10,none,0,4,48,100,1,6,ok,16,55,0.008559243094962147,1618,"Zipf formula, not realized key frequency"
WS-61-tuned,S,tuned,0.97,95,1000000,10,none,0,4,48,100,1,7,ok,18,55,0.007519399732068829,1618,"Zipf formula, not realized key frequency"
WS-61-tuned,S,tuned,0.97,95,1000000,10,none,0,4,48,100,2,0,ok,220,51,0.05651717686969927,1618,"Zipf formula, not realized key frequency"
WS-61-tuned,S,tuned,0.97,95,1000000,10,none,0,4,48,100,2,1,ok,119,51,0.028852361447350535,1618,"Zipf formula, not realized key frequency"
WS-61-tuned,S,tuned,0.97,95,1000000,10,none,0,4,48,100,2,2,ok,92,51,0.01947030895143406,1618,"Zipf formula, not realized key frequency"
WS-61-tuned,S,tuned,0.97,95,1000000,10,none,0,4,48,100,2,3,ok,35,51,0.014729305446515819,1618,"Zipf formula, not realized key frequency"
WS-61-tuned,S,tuned,0.97,95,1000000,10,none,0,4,48,100,2,4,ok,47,51,0.011862590966089725,1618,"Zipf formula, not realized key frequency"
WS-61-tuned,S,tuned,0.97,95,1000000,10,none,0,4,48,100,2,5,ok,49,51,0.009939710765339739,1618,"Zipf formula, not realized key frequency"
WS-61-tuned,S,tuned,0.97,95,1000000,10,none,0,4,48,100,2,6,ok,22,51,0.008559243094962147,1618,"Zipf formula, not realized key frequency"
WS-61-tuned,S,tuned,0.97,95,1000000,10,none,0,4,48,100,2,7,ok,22,51,0.007519399732068829,1618,"Zipf formula, not realized key frequency"
WS-62-default,S,default,0.97,95,1000000,10,batchU,0,4,48,100,1,0,ok,140,46,0.05651717686969927,1618,"Zipf formula, not realized key frequency"
WS-62-default,S,default,0.97,95,1000000,10,batchU,0,4,48,100,1,1,ok,78,46,0.028852361447350535,1618,"Zipf formula, not realized key frequency"
WS-62-default,S,default,0.97,95,1000000,10,batchU,0,4,48,100,1,2,ok,65,46,0.01947030895143406,1618,"Zipf formula, not realized key frequency"
WS-62-default,S,default,0.97,95,1000000,10,batchU,0,4,48,100,1,3,ok,44,46,0.014729305446515819,1618,"Zipf formula, not realized key frequency"
WS-62-default,S,default,0.97,95,1000000,10,batchU,0,4,48,100,1,4,ok,34,46,0.011862590966089725,1618,"Zipf formula, not realized key frequency"
WS-62-default,S,default,0.97,95,1000000,10,batchU,0,4,48,100,1,5,ok,25,46,0.009939710765339739,1618,"Zipf formula, not realized key frequency"
WS-62-default,S,default,0.97,95,1000000,10,batchU,0,4,48,100,1,6,ok,23,46,0.008559243094962147,1618,"Zipf formula, not realized key frequency"
WS-62-default,S,default,0.97,95,1000000,10,batchU,0,4,48,100,1,7,ok,23,46,0.007519399732068829,1618,"Zipf formula, not realized key frequency"
WS-62-default,S,default,0.97,95,1000000,10,batchU,0,4,48,100,2,0,ok,151,45,0.05651717686969927,1618,"Zipf formula, not realized key frequency"
WS-62-default,S,default,0.97,95,1000000,10,batchU,0,4,48,100,2,1,ok,66,45,0.028852361447350535,1618,"Zipf formula, not realized key frequency"
WS-62-default,S,default,0.97,95,1000000,10,batchU,0,4,48,100,2,2,ok,52,45,0.01947030895143406,1618,"Zipf formula, not realized key frequency"
WS-62-default,S,default,0.97,95,1000000,10,batchU,0,4,48,100,2,3,ok,42,45,0.014729305446515819,1618,"Zipf formula, not realized key frequency"
WS-62-default,S,default,0.97,95,1000000,10,batchU,0,4,48,100,2,4,ok,29,45,0.011862590966089725,1618,"Zipf formula, not realized key frequency"
WS-62-default,S,default,0.97,95,1000000,10,batchU,0,4,48,100,2,5,ok,30,45,0.009939710765339739,1618,"Zipf formula, not realized key frequency"
WS-62-default,S,default,0.97,95,1000000,10,batchU,0,4,48,100,2,6,ok,19,45,0.008559243094962147,1618,"Zipf formula, not realized key frequency"
WS-62-default,S,default,0.97,95,1000000,10,batchU,0,4,48,100,2,7,ok,24,45,0.007519399732068829,1618,"Zipf formula, not realized key frequency"
WS-62-tuned,S,tuned,0.97,95,1000000,10,batchU,0,4,48,100,1,0,ok,119,37,0.05651717686969927,1618,"Zipf formula, not realized key frequency"
WS-62-tuned,S,tuned,0.97,95,1000000,10,batchU,0,4,48,100,1,1,ok,54,37,0.028852361447350535,1618,"Zipf formula, not realized key frequency"
WS-62-tuned,S,tuned,0.97,95,1000000,10,batchU,0,4,48,100,1,2,ok,54,37,0.01947030895143406,1618,"Zipf formula, not realized key frequency"
WS-62-tuned,S,tuned,0.97,95,1000000,10,batchU,0,4,48,100,1,3,ok,37,37,0.014729305446515819,1618,"Zipf formula, not realized key frequency"
WS-62-tuned,S,tuned,0.97,95,1000000,10,batchU,0,4,48,100,1,4,ok,39,37,0.011862590966089725,1618,"Zipf formula, not realized key frequency"
WS-62-tuned,S,tuned,0.97,95,1000000,10,batchU,0,4,48,100,1,5,ok,12,37,0.009939710765339739,1618,"Zipf formula, not realized key frequency"
WS-62-tuned,S,tuned,0.97,95,1000000,10,batchU,0,4,48,100,1,6,ok,23,37,0.008559243094962147,1618,"Zipf formula, not realized key frequency"
WS-62-tuned,S,tuned,0.97,95,1000000,10,batchU,0,4,48,100,1,7,ok,18,37,0.007519399732068829,1618,"Zipf formula, not realized key frequency"
WS-62-tuned,S,tuned,0.97,95,1000000,10,batchU,0,4,48,100,2,0,ok,241,48,0.05651717686969927,1618,"Zipf formula, not realized key frequency"
WS-62-tuned,S,tuned,0.97,95,1000000,10,batchU,0,4,48,100,2,1,ok,111,48,0.028852361447350535,1618,"Zipf formula, not realized key frequency"
WS-62-tuned,S,tuned,0.97,95,1000000,10,batchU,0,4,48,100,2,2,ok,81,48,0.01947030895143406,1618,"Zipf formula, not realized key frequency"
WS-62-tuned,S,tuned,0.97,95,1000000,10,batchU,0,4,48,100,2,3,ok,51,48,0.014729305446515819,1618,"Zipf formula, not realized key frequency"
WS-62-tuned,S,tuned,0.97,95,1000000,10,batchU,0,4,48,100,2,4,ok,56,48,0.011862590966089725,1618,"Zipf formula, not realized key frequency"
WS-62-tuned,S,tuned,0.97,95,1000000,10,batchU,0,4,48,100,2,5,ok,27,48,0.009939710765339739,1618,"Zipf formula, not realized key frequency"
WS-62-tuned,S,tuned,0.97,95,1000000,10,batchU,0,4,48,100,2,6,ok,27,48,0.008559243094962147,1618,"Zipf formula, not realized key frequency"
WS-62-tuned,S,tuned,0.97,95,1000000,10,batchU,0,4,48,100,2,7,ok,46,48,0.007519399732068829,1618,"Zipf formula, not realized key frequency"
WS-63-default,S,default,0.97,95,1000000,10,batchR,0,4,48,100,1,0,ok,307264,108719,0.05651717686969927,1618,"Zipf formula, not realized key frequency"
WS-63-default,S,default,0.97,95,1000000,10,batchR,0,4,48,100,1,1,ok,150289,108719,0.028852361447350535,1618,"Zipf formula, not realized key frequency"
WS-63-default,S,default,0.97,95,1000000,10,batchR,0,4,48,100,1,2,ok,119108,108719,0.01947030895143406,1618,"Zipf formula, not realized key frequency"
WS-63-default,S,default,0.97,95,1000000,10,batchR,0,4,48,100,1,3,ok,82689,108719,0.014729305446515819,1618,"Zipf formula, not realized key frequency"
WS-63-default,S,default,0.97,95,1000000,10,batchR,0,4,48,100,1,4,ok,63781,108719,0.011862590966089725,1618,"Zipf formula, not realized key frequency"
WS-63-default,S,default,0.97,95,1000000,10,batchR,0,4,48,100,1,5,ok,51557,108719,0.009939710765339739,1618,"Zipf formula, not realized key frequency"
WS-63-default,S,default,0.97,95,1000000,10,batchR,0,4,48,100,1,6,ok,43063,108719,0.008559243094962147,1618,"Zipf formula, not realized key frequency"
WS-63-default,S,default,0.97,95,1000000,10,batchR,0,4,48,100,1,7,ok,37565,108719,0.007519399732068829,1618,"Zipf formula, not realized key frequency"
WS-63-default,S,default,0.97,95,1000000,10,batchR,0,4,48,100,2,0,ok,304839,109334,0.05651717686969927,1618,"Zipf formula, not realized key frequency"
WS-63-default,S,default,0.97,95,1000000,10,batchR,0,4,48,100,2,1,ok,150489,109334,0.028852361447350535,1618,"Zipf formula, not realized key frequency"
WS-63-default,S,default,0.97,95,1000000,10,batchR,0,4,48,100,2,2,ok,118679,109334,0.01947030895143406,1618,"Zipf formula, not realized key frequency"
WS-63-default,S,default,0.97,95,1000000,10,batchR,0,4,48,100,2,3,ok,83239,109334,0.014729305446515819,1618,"Zipf formula, not realized key frequency"
WS-63-default,S,default,0.97,95,1000000,10,batchR,0,4,48,100,2,4,ok,63230,109334,0.011862590966089725,1618,"Zipf formula, not realized key frequency"
WS-63-default,S,default,0.97,95,1000000,10,batchR,0,4,48,100,2,5,ok,51425,109334,0.009939710765339739,1618,"Zipf formula, not realized key frequency"
WS-63-default,S,default,0.97,95,1000000,10,batchR,0,4,48,100,2,6,ok,43121,109334,0.008559243094962147,1618,"Zipf formula, not realized key frequency"
WS-63-default,S,default,0.97,95,1000000,10,batchR,0,4,48,100,2,7,ok,37381,109334,0.007519399732068829,1618,"Zipf formula, not realized key frequency"
WS-63-tuned,S,tuned,0.97,95,1000000,10,batchR,0,4,48,100,1,0,ok,914589,326797,0.05651717686969927,1618,"Zipf formula, not realized key frequency"
WS-63-tuned,S,tuned,0.97,95,1000000,10,batchR,0,4,48,100,1,1,ok,445845,326797,0.028852361447350535,1618,"Zipf formula, not realized key frequency"
WS-63-tuned,S,tuned,0.97,95,1000000,10,batchR,0,4,48,100,1,2,ok,348867,326797,0.01947030895143406,1618,"Zipf formula, not realized key frequency"
WS-63-tuned,S,tuned,0.97,95,1000000,10,batchR,0,4,48,100,1,3,ok,237696,326797,0.014729305446515819,1618,"Zipf formula, not realized key frequency"
WS-63-tuned,S,tuned,0.97,95,1000000,10,batchR,0,4,48,100,1,4,ok,179607,326797,0.011862590966089725,1618,"Zipf formula, not realized key frequency"
WS-63-tuned,S,tuned,0.97,95,1000000,10,batchR,0,4,48,100,1,5,ok,144367,326797,0.009939710765339739,1618,"Zipf formula, not realized key frequency"
WS-63-tuned,S,tuned,0.97,95,1000000,10,batchR,0,4,48,100,1,6,ok,119670,326797,0.008559243094962147,1618,"Zipf formula, not realized key frequency"
WS-63-tuned,S,tuned,0.97,95,1000000,10,batchR,0,4,48,100,1,7,ok,102224,326797,0.007519399732068829,1618,"Zipf formula, not realized key frequency"
WS-63-tuned,S,tuned,0.97,95,1000000,10,batchR,0,4,48,100,2,0,ok,910320,318145,0.05651717686969927,1618,"Zipf formula, not realized key frequency"
WS-63-tuned,S,tuned,0.97,95,1000000,10,batchR,0,4,48,100,2,1,ok,440856,318145,0.028852361447350535,1618,"Zipf formula, not realized key frequency"
WS-63-tuned,S,tuned,0.97,95,1000000,10,batchR,0,4,48,100,2,2,ok,341757,318145,0.01947030895143406,1618,"Zipf formula, not realized key frequency"
WS-63-tuned,S,tuned,0.97,95,1000000,10,batchR,0,4,48,100,2,3,ok,236132,318145,0.014729305446515819,1618,"Zipf formula, not realized key frequency"
WS-63-tuned,S,tuned,0.97,95,1000000,10,batchR,0,4,48,100,2,4,ok,177930,318145,0.011862590966089725,1618,"Zipf formula, not realized key frequency"
WS-63-tuned,S,tuned,0.97,95,1000000,10,batchR,0,4,48,100,2,5,ok,142952,318145,0.009939710765339739,1618,"Zipf formula, not realized key frequency"
WS-63-tuned,S,tuned,0.97,95,1000000,10,batchR,0,4,48,100,2,6,ok,118797,318145,0.008559243094962147,1618,"Zipf formula, not realized key frequency"
WS-63-tuned,S,tuned,0.97,95,1000000,10,batchR,0,4,48,100,2,7,ok,101619,318145,0.007519399732068829,1618,"Zipf formula, not realized key frequency"
WS-64-default,S,default,0.99,5,1000000,10,none,0,4,48,100,1,0,ok,702,262,0.06496944918900666,970,"Zipf formula, not realized key frequency"
WS-64-default,S,default,0.99,5,1000000,10,none,0,4,48,100,1,1,ok,476,262,0.032710673722499126,970,"Zipf formula, not realized key frequency"
WS-64-default,S,default,0.99,5,1000000,10,none,0,4,48,100,1,2,ok,324,262,0.02189571555985655,970,"Zipf formula, not realized key frequency"
WS-64-default,S,default,0.99,5,1000000,10,none,0,4,48,100,1,3,ok,254,262,0.01646909722548248,970,"Zipf formula, not realized key frequency"
WS-64-default,S,default,0.99,5,1000000,10,none,0,4,48,100,1,4,ok,191,262,0.013204710389392315,970,"Zipf formula, not realized key frequency"
WS-64-default,S,default,0.99,5,1000000,10,none,0,4,48,100,1,5,ok,153,262,0.011024006152730404,970,"Zipf formula, not realized key frequency"
WS-64-default,S,default,0.99,5,1000000,10,none,0,4,48,100,1,6,ok,143,262,0.009463725289501419,970,"Zipf formula, not realized key frequency"
WS-64-default,S,default,0.99,5,1000000,10,none,0,4,48,100,1,7,ok,129,262,0.008291824427811647,970,"Zipf formula, not realized key frequency"
WS-64-default,S,default,0.99,5,1000000,10,none,0,4,48,100,2,0,ok,503,186,0.06496944918900666,970,"Zipf formula, not realized key frequency"
WS-64-default,S,default,0.99,5,1000000,10,none,0,4,48,100,2,1,ok,296,186,0.032710673722499126,970,"Zipf formula, not realized key frequency"
WS-64-default,S,default,0.99,5,1000000,10,none,0,4,48,100,2,2,ok,247,186,0.02189571555985655,970,"Zipf formula, not realized key frequency"
WS-64-default,S,default,0.99,5,1000000,10,none,0,4,48,100,2,3,ok,174,186,0.01646909722548248,970,"Zipf formula, not realized key frequency"
WS-64-default,S,default,0.99,5,1000000,10,none,0,4,48,100,2,4,ok,155,186,0.013204710389392315,970,"Zipf formula, not realized key frequency"
WS-64-default,S,default,0.99,5,1000000,10,none,0,4,48,100,2,5,ok,114,186,0.011024006152730404,970,"Zipf formula, not realized key frequency"
WS-64-default,S,default,0.99,5,1000000,10,none,0,4,48,100,2,6,ok,103,186,0.009463725289501419,970,"Zipf formula, not realized key frequency"
WS-64-default,S,default,0.99,5,1000000,10,none,0,4,48,100,2,7,ok,98,186,0.008291824427811647,970,"Zipf formula, not realized key frequency"
WS-64-tuned,S,tuned,0.99,5,1000000,10,none,0,4,48,100,1,0,ok,623,160,0.06496944918900666,970,"Zipf formula, not realized key frequency"
WS-64-tuned,S,tuned,0.99,5,1000000,10,none,0,4,48,100,1,1,ok,381,160,0.032710673722499126,970,"Zipf formula, not realized key frequency"
WS-64-tuned,S,tuned,0.99,5,1000000,10,none,0,4,48,100,1,2,ok,253,160,0.02189571555985655,970,"Zipf formula, not realized key frequency"
WS-64-tuned,S,tuned,0.99,5,1000000,10,none,0,4,48,100,1,3,ok,259,160,0.01646909722548248,970,"Zipf formula, not realized key frequency"
WS-64-tuned,S,tuned,0.99,5,1000000,10,none,0,4,48,100,1,4,ok,154,160,0.013204710389392315,970,"Zipf formula, not realized key frequency"
WS-64-tuned,S,tuned,0.99,5,1000000,10,none,0,4,48,100,1,5,ok,138,160,0.011024006152730404,970,"Zipf formula, not realized key frequency"
WS-64-tuned,S,tuned,0.99,5,1000000,10,none,0,4,48,100,1,6,ok,164,160,0.009463725289501419,970,"Zipf formula, not realized key frequency"
WS-64-tuned,S,tuned,0.99,5,1000000,10,none,0,4,48,100,1,7,ok,134,160,0.008291824427811647,970,"Zipf formula, not realized key frequency"
WS-64-tuned,S,tuned,0.99,5,1000000,10,none,0,4,48,100,2,0,ok,1053,290,0.06496944918900666,970,"Zipf formula, not realized key frequency"
WS-64-tuned,S,tuned,0.99,5,1000000,10,none,0,4,48,100,2,1,ok,688,290,0.032710673722499126,970,"Zipf formula, not realized key frequency"
WS-64-tuned,S,tuned,0.99,5,1000000,10,none,0,4,48,100,2,2,ok,554,290,0.02189571555985655,970,"Zipf formula, not realized key frequency"
WS-64-tuned,S,tuned,0.99,5,1000000,10,none,0,4,48,100,2,3,ok,409,290,0.01646909722548248,970,"Zipf formula, not realized key frequency"
WS-64-tuned,S,tuned,0.99,5,1000000,10,none,0,4,48,100,2,4,ok,337,290,0.013204710389392315,970,"Zipf formula, not realized key frequency"
WS-64-tuned,S,tuned,0.99,5,1000000,10,none,0,4,48,100,2,5,ok,244,290,0.011024006152730404,970,"Zipf formula, not realized key frequency"
WS-64-tuned,S,tuned,0.99,5,1000000,10,none,0,4,48,100,2,6,ok,196,290,0.009463725289501419,970,"Zipf formula, not realized key frequency"
WS-64-tuned,S,tuned,0.99,5,1000000,10,none,0,4,48,100,2,7,ok,220,290,0.008291824427811647,970,"Zipf formula, not realized key frequency"
WS-65-default,S,default,0.99,5,1000000,10,batchU,0,4,48,100,1,0,ok,885,323,0.06496944918900666,970,"Zipf formula, not realized key frequency"
WS-65-default,S,default,0.99,5,1000000,10,batchU,0,4,48,100,1,1,ok,476,323,0.032710673722499126,970,"Zipf formula, not realized key frequency"
WS-65-default,S,default,0.99,5,1000000,10,batchU,0,4,48,100,1,2,ok,381,323,0.02189571555985655,970,"Zipf formula, not realized key frequency"
WS-65-default,S,default,0.99,5,1000000,10,batchU,0,4,48,100,1,3,ok,305,323,0.01646909722548248,970,"Zipf formula, not realized key frequency"
WS-65-default,S,default,0.99,5,1000000,10,batchU,0,4,48,100,1,4,ok,278,323,0.013204710389392315,970,"Zipf formula, not realized key frequency"
WS-65-default,S,default,0.99,5,1000000,10,batchU,0,4,48,100,1,5,ok,206,323,0.011024006152730404,970,"Zipf formula, not realized key frequency"
WS-65-default,S,default,0.99,5,1000000,10,batchU,0,4,48,100,1,6,ok,202,323,0.009463725289501419,970,"Zipf formula, not realized key frequency"
WS-65-default,S,default,0.99,5,1000000,10,batchU,0,4,48,100,1,7,ok,136,323,0.008291824427811647,970,"Zipf formula, not realized key frequency"
WS-65-default,S,default,0.99,5,1000000,10,batchU,0,4,48,100,2,0,ok,795,296,0.06496944918900666,970,"Zipf formula, not realized key frequency"
WS-65-default,S,default,0.99,5,1000000,10,batchU,0,4,48,100,2,1,ok,483,296,0.032710673722499126,970,"Zipf formula, not realized key frequency"
WS-65-default,S,default,0.99,5,1000000,10,batchU,0,4,48,100,2,2,ok,366,296,0.02189571555985655,970,"Zipf formula, not realized key frequency"
WS-65-default,S,default,0.99,5,1000000,10,batchU,0,4,48,100,2,3,ok,285,296,0.01646909722548248,970,"Zipf formula, not realized key frequency"
WS-65-default,S,default,0.99,5,1000000,10,batchU,0,4,48,100,2,4,ok,200,296,0.013204710389392315,970,"Zipf formula, not realized key frequency"
WS-65-default,S,default,0.99,5,1000000,10,batchU,0,4,48,100,2,5,ok,170,296,0.011024006152730404,970,"Zipf formula, not realized key frequency"
WS-65-default,S,default,0.99,5,1000000,10,batchU,0,4,48,100,2,6,ok,147,296,0.009463725289501419,970,"Zipf formula, not realized key frequency"
WS-65-default,S,default,0.99,5,1000000,10,batchU,0,4,48,100,2,7,ok,145,296,0.008291824427811647,970,"Zipf formula, not realized key frequency"
WS-65-tuned,S,tuned,0.99,5,1000000,10,batchU,0,4,48,100,1,0,ok,840,236,0.06496944918900666,970,"Zipf formula, not realized key frequency"
WS-65-tuned,S,tuned,0.99,5,1000000,10,batchU,0,4,48,100,1,1,ok,522,236,0.032710673722499126,970,"Zipf formula, not realized key frequency"
WS-65-tuned,S,tuned,0.99,5,1000000,10,batchU,0,4,48,100,1,2,ok,452,236,0.02189571555985655,970,"Zipf formula, not realized key frequency"
WS-65-tuned,S,tuned,0.99,5,1000000,10,batchU,0,4,48,100,1,3,ok,356,236,0.01646909722548248,970,"Zipf formula, not realized key frequency"
WS-65-tuned,S,tuned,0.99,5,1000000,10,batchU,0,4,48,100,1,4,ok,247,236,0.013204710389392315,970,"Zipf formula, not realized key frequency"
WS-65-tuned,S,tuned,0.99,5,1000000,10,batchU,0,4,48,100,1,5,ok,232,236,0.011024006152730404,970,"Zipf formula, not realized key frequency"
WS-65-tuned,S,tuned,0.99,5,1000000,10,batchU,0,4,48,100,1,6,ok,206,236,0.009463725289501419,970,"Zipf formula, not realized key frequency"
WS-65-tuned,S,tuned,0.99,5,1000000,10,batchU,0,4,48,100,1,7,ok,168,236,0.008291824427811647,970,"Zipf formula, not realized key frequency"
WS-65-tuned,S,tuned,0.99,5,1000000,10,batchU,0,4,48,100,2,0,ok,751,211,0.06496944918900666,970,"Zipf formula, not realized key frequency"
WS-65-tuned,S,tuned,0.99,5,1000000,10,batchU,0,4,48,100,2,1,ok,362,211,0.032710673722499126,970,"Zipf formula, not realized key frequency"
WS-65-tuned,S,tuned,0.99,5,1000000,10,batchU,0,4,48,100,2,2,ok,327,211,0.02189571555985655,970,"Zipf formula, not realized key frequency"
WS-65-tuned,S,tuned,0.99,5,1000000,10,batchU,0,4,48,100,2,3,ok,224,211,0.01646909722548248,970,"Zipf formula, not realized key frequency"
WS-65-tuned,S,tuned,0.99,5,1000000,10,batchU,0,4,48,100,2,4,ok,216,211,0.013204710389392315,970,"Zipf formula, not realized key frequency"
WS-65-tuned,S,tuned,0.99,5,1000000,10,batchU,0,4,48,100,2,5,ok,155,211,0.011024006152730404,970,"Zipf formula, not realized key frequency"
WS-65-tuned,S,tuned,0.99,5,1000000,10,batchU,0,4,48,100,2,6,ok,134,211,0.009463725289501419,970,"Zipf formula, not realized key frequency"
WS-65-tuned,S,tuned,0.99,5,1000000,10,batchU,0,4,48,100,2,7,ok,134,211,0.008291824427811647,970,"Zipf formula, not realized key frequency"
WS-66-default,S,default,0.99,5,1000000,10,batchR,0,4,48,100,1,0,ok,658530,281787,0.06496944918900666,970,"Zipf formula, not realized key frequency"
WS-66-default,S,default,0.99,5,1000000,10,batchR,0,4,48,100,1,1,ok,380081,281787,0.032710673722499126,970,"Zipf formula, not realized key frequency"
WS-66-default,S,default,0.99,5,1000000,10,batchR,0,4,48,100,1,2,ok,311819,281787,0.02189571555985655,970,"Zipf formula, not realized key frequency"
WS-66-default,S,default,0.99,5,1000000,10,batchR,0,4,48,100,1,3,ok,230216,281787,0.01646909722548248,970,"Zipf formula, not realized key frequency"
WS-66-default,S,default,0.99,5,1000000,10,batchR,0,4,48,100,1,4,ok,181868,281787,0.013204710389392315,970,"Zipf formula, not realized key frequency"
WS-66-default,S,default,0.99,5,1000000,10,batchR,0,4,48,100,1,5,ok,150835,281787,0.011024006152730404,970,"Zipf formula, not realized key frequency"
WS-66-default,S,default,0.99,5,1000000,10,batchR,0,4,48,100,1,6,ok,129272,281787,0.009463725289501419,970,"Zipf formula, not realized key frequency"
WS-66-default,S,default,0.99,5,1000000,10,batchR,0,4,48,100,1,7,ok,112461,281787,0.008291824427811647,970,"Zipf formula, not realized key frequency"
WS-66-default,S,default,0.99,5,1000000,10,batchR,0,4,48,100,2,0,ok,664016,281602,0.06496944918900666,970,"Zipf formula, not realized key frequency"
WS-66-default,S,default,0.99,5,1000000,10,batchR,0,4,48,100,2,1,ok,382549,281602,0.032710673722499126,970,"Zipf formula, not realized key frequency"
WS-66-default,S,default,0.99,5,1000000,10,batchR,0,4,48,100,2,2,ok,314178,281602,0.02189571555985655,970,"Zipf formula, not realized key frequency"
WS-66-default,S,default,0.99,5,1000000,10,batchR,0,4,48,100,2,3,ok,231903,281602,0.01646909722548248,970,"Zipf formula, not realized key frequency"
WS-66-default,S,default,0.99,5,1000000,10,batchR,0,4,48,100,2,4,ok,183371,281602,0.013204710389392315,970,"Zipf formula, not realized key frequency"
WS-66-default,S,default,0.99,5,1000000,10,batchR,0,4,48,100,2,5,ok,151289,281602,0.011024006152730404,970,"Zipf formula, not realized key frequency"
WS-66-default,S,default,0.99,5,1000000,10,batchR,0,4,48,100,2,6,ok,129606,281602,0.009463725289501419,970,"Zipf formula, not realized key frequency"
WS-66-default,S,default,0.99,5,1000000,10,batchR,0,4,48,100,2,7,ok,113579,281602,0.008291824427811647,970,"Zipf formula, not realized key frequency"
WS-66-tuned,S,tuned,0.99,5,1000000,10,batchR,0,4,48,100,1,0,ok,667603,293425,0.06496944918900666,970,"Zipf formula, not realized key frequency"
WS-66-tuned,S,tuned,0.99,5,1000000,10,batchR,0,4,48,100,1,1,ok,387082,293425,0.032710673722499126,970,"Zipf formula, not realized key frequency"
WS-66-tuned,S,tuned,0.99,5,1000000,10,batchR,0,4,48,100,1,2,ok,318612,293425,0.02189571555985655,970,"Zipf formula, not realized key frequency"
WS-66-tuned,S,tuned,0.99,5,1000000,10,batchR,0,4,48,100,1,3,ok,234552,293425,0.01646909722548248,970,"Zipf formula, not realized key frequency"
WS-66-tuned,S,tuned,0.99,5,1000000,10,batchR,0,4,48,100,1,4,ok,185348,293425,0.013204710389392315,970,"Zipf formula, not realized key frequency"
WS-66-tuned,S,tuned,0.99,5,1000000,10,batchR,0,4,48,100,1,5,ok,153934,293425,0.011024006152730404,970,"Zipf formula, not realized key frequency"
WS-66-tuned,S,tuned,0.99,5,1000000,10,batchR,0,4,48,100,1,6,ok,130886,293425,0.009463725289501419,970,"Zipf formula, not realized key frequency"
WS-66-tuned,S,tuned,0.99,5,1000000,10,batchR,0,4,48,100,1,7,ok,114235,293425,0.008291824427811647,970,"Zipf formula, not realized key frequency"
WS-66-tuned,S,tuned,0.99,5,1000000,10,batchR,0,4,48,100,2,0,ok,657419,283105,0.06496944918900666,970,"Zipf formula, not realized key frequency"
WS-66-tuned,S,tuned,0.99,5,1000000,10,batchR,0,4,48,100,2,1,ok,380654,283105,0.032710673722499126,970,"Zipf formula, not realized key frequency"
WS-66-tuned,S,tuned,0.99,5,1000000,10,batchR,0,4,48,100,2,2,ok,313466,283105,0.02189571555985655,970,"Zipf formula, not realized key frequency"
WS-66-tuned,S,tuned,0.99,5,1000000,10,batchR,0,4,48,100,2,3,ok,231278,283105,0.01646909722548248,970,"Zipf formula, not realized key frequency"
WS-66-tuned,S,tuned,0.99,5,1000000,10,batchR,0,4,48,100,2,4,ok,182716,283105,0.013204710389392315,970,"Zipf formula, not realized key frequency"
WS-66-tuned,S,tuned,0.99,5,1000000,10,batchR,0,4,48,100,2,5,ok,152113,283105,0.011024006152730404,970,"Zipf formula, not realized key frequency"
WS-66-tuned,S,tuned,0.99,5,1000000,10,batchR,0,4,48,100,2,6,ok,129913,283105,0.009463725289501419,970,"Zipf formula, not realized key frequency"
WS-66-tuned,S,tuned,0.99,5,1000000,10,batchR,0,4,48,100,2,7,ok,112201,283105,0.008291824427811647,970,"Zipf formula, not realized key frequency"
WS-67-default,S,default,0.99,50,1000000,10,none,0,4,48,100,1,0,ok,207,74,0.06496944918900666,970,"Zipf formula, not realized key frequency"
WS-67-default,S,default,0.99,50,1000000,10,none,0,4,48,100,1,1,ok,128,74,0.032710673722499126,970,"Zipf formula, not realized key frequency"
WS-67-default,S,default,0.99,50,1000000,10,none,0,4,48,100,1,2,ok,94,74,0.02189571555985655,970,"Zipf formula, not realized key frequency"
WS-67-default,S,default,0.99,50,1000000,10,none,0,4,48,100,1,3,ok,48,74,0.01646909722548248,970,"Zipf formula, not realized key frequency"
WS-67-default,S,default,0.99,50,1000000,10,none,0,4,48,100,1,4,ok,40,74,0.013204710389392315,970,"Zipf formula, not realized key frequency"
WS-67-default,S,default,0.99,50,1000000,10,none,0,4,48,100,1,5,ok,25,74,0.011024006152730404,970,"Zipf formula, not realized key frequency"
WS-67-default,S,default,0.99,50,1000000,10,none,0,4,48,100,1,6,ok,36,74,0.009463725289501419,970,"Zipf formula, not realized key frequency"
WS-67-default,S,default,0.99,50,1000000,10,none,0,4,48,100,1,7,ok,25,74,0.008291824427811647,970,"Zipf formula, not realized key frequency"
WS-67-default,S,default,0.99,50,1000000,10,none,0,4,48,100,2,0,ok,210,66,0.06496944918900666,970,"Zipf formula, not realized key frequency"
WS-67-default,S,default,0.99,50,1000000,10,none,0,4,48,100,2,1,ok,92,66,0.032710673722499126,970,"Zipf formula, not realized key frequency"
WS-67-default,S,default,0.99,50,1000000,10,none,0,4,48,100,2,2,ok,93,66,0.02189571555985655,970,"Zipf formula, not realized key frequency"
WS-67-default,S,default,0.99,50,1000000,10,none,0,4,48,100,2,3,ok,57,66,0.01646909722548248,970,"Zipf formula, not realized key frequency"
WS-67-default,S,default,0.99,50,1000000,10,none,0,4,48,100,2,4,ok,50,66,0.013204710389392315,970,"Zipf formula, not realized key frequency"
WS-67-default,S,default,0.99,50,1000000,10,none,0,4,48,100,2,5,ok,44,66,0.011024006152730404,970,"Zipf formula, not realized key frequency"
WS-67-default,S,default,0.99,50,1000000,10,none,0,4,48,100,2,6,ok,38,66,0.009463725289501419,970,"Zipf formula, not realized key frequency"
WS-67-default,S,default,0.99,50,1000000,10,none,0,4,48,100,2,7,ok,39,66,0.008291824427811647,970,"Zipf formula, not realized key frequency"
WS-67-tuned,S,tuned,0.99,50,1000000,10,none,0,4,48,100,1,0,ok,207,44,0.06496944918900666,970,"Zipf formula, not realized key frequency"
WS-67-tuned,S,tuned,0.99,50,1000000,10,none,0,4,48,100,1,1,ok,72,44,0.032710673722499126,970,"Zipf formula, not realized key frequency"
WS-67-tuned,S,tuned,0.99,50,1000000,10,none,0,4,48,100,1,2,ok,85,44,0.02189571555985655,970,"Zipf formula, not realized key frequency"
WS-67-tuned,S,tuned,0.99,50,1000000,10,none,0,4,48,100,1,3,ok,50,44,0.01646909722548248,970,"Zipf formula, not realized key frequency"
WS-67-tuned,S,tuned,0.99,50,1000000,10,none,0,4,48,100,1,4,ok,39,44,0.013204710389392315,970,"Zipf formula, not realized key frequency"
WS-67-tuned,S,tuned,0.99,50,1000000,10,none,0,4,48,100,1,5,ok,18,44,0.011024006152730404,970,"Zipf formula, not realized key frequency"
WS-67-tuned,S,tuned,0.99,50,1000000,10,none,0,4,48,100,1,6,ok,46,44,0.009463725289501419,970,"Zipf formula, not realized key frequency"
WS-67-tuned,S,tuned,0.99,50,1000000,10,none,0,4,48,100,1,7,ok,28,44,0.008291824427811647,970,"Zipf formula, not realized key frequency"
WS-67-tuned,S,tuned,0.99,50,1000000,10,none,0,4,48,100,2,0,ok,229,52,0.06496944918900666,970,"Zipf formula, not realized key frequency"
WS-67-tuned,S,tuned,0.99,50,1000000,10,none,0,4,48,100,2,1,ok,127,52,0.032710673722499126,970,"Zipf formula, not realized key frequency"
WS-67-tuned,S,tuned,0.99,50,1000000,10,none,0,4,48,100,2,2,ok,64,52,0.02189571555985655,970,"Zipf formula, not realized key frequency"
WS-67-tuned,S,tuned,0.99,50,1000000,10,none,0,4,48,100,2,3,ok,63,52,0.01646909722548248,970,"Zipf formula, not realized key frequency"
WS-67-tuned,S,tuned,0.99,50,1000000,10,none,0,4,48,100,2,4,ok,47,52,0.013204710389392315,970,"Zipf formula, not realized key frequency"
WS-67-tuned,S,tuned,0.99,50,1000000,10,none,0,4,48,100,2,5,ok,53,52,0.011024006152730404,970,"Zipf formula, not realized key frequency"
WS-67-tuned,S,tuned,0.99,50,1000000,10,none,0,4,48,100,2,6,ok,37,52,0.009463725289501419,970,"Zipf formula, not realized key frequency"
WS-67-tuned,S,tuned,0.99,50,1000000,10,none,0,4,48,100,2,7,ok,36,52,0.008291824427811647,970,"Zipf formula, not realized key frequency"
WS-68-default,S,default,0.99,50,1000000,10,batchU,0,4,48,100,1,0,ok,178,55,0.06496944918900666,970,"Zipf formula, not realized key frequency"
WS-68-default,S,default,0.99,50,1000000,10,batchU,0,4,48,100,1,1,ok,74,55,0.032710673722499126,970,"Zipf formula, not realized key frequency"
WS-68-default,S,default,0.99,50,1000000,10,batchU,0,4,48,100,1,2,ok,68,55,0.02189571555985655,970,"Zipf formula, not realized key frequency"
WS-68-default,S,default,0.99,50,1000000,10,batchU,0,4,48,100,1,3,ok,54,55,0.01646909722548248,970,"Zipf formula, not realized key frequency"
WS-68-default,S,default,0.99,50,1000000,10,batchU,0,4,48,100,1,4,ok,33,55,0.013204710389392315,970,"Zipf formula, not realized key frequency"
WS-68-default,S,default,0.99,50,1000000,10,batchU,0,4,48,100,1,5,ok,48,55,0.011024006152730404,970,"Zipf formula, not realized key frequency"
WS-68-default,S,default,0.99,50,1000000,10,batchU,0,4,48,100,1,6,ok,19,55,0.009463725289501419,970,"Zipf formula, not realized key frequency"
WS-68-default,S,default,0.99,50,1000000,10,batchU,0,4,48,100,1,7,ok,19,55,0.008291824427811647,970,"Zipf formula, not realized key frequency"
WS-68-default,S,default,0.99,50,1000000,10,batchU,0,4,48,100,2,0,ok,341,128,0.06496944918900666,970,"Zipf formula, not realized key frequency"
WS-68-default,S,default,0.99,50,1000000,10,batchU,0,4,48,100,2,1,ok,195,128,0.032710673722499126,970,"Zipf formula, not realized key frequency"
WS-68-default,S,default,0.99,50,1000000,10,batchU,0,4,48,100,2,2,ok,157,128,0.02189571555985655,970,"Zipf formula, not realized key frequency"
WS-68-default,S,default,0.99,50,1000000,10,batchU,0,4,48,100,2,3,ok,119,128,0.01646909722548248,970,"Zipf formula, not realized key frequency"
WS-68-default,S,default,0.99,50,1000000,10,batchU,0,4,48,100,2,4,ok,95,128,0.013204710389392315,970,"Zipf formula, not realized key frequency"
WS-68-default,S,default,0.99,50,1000000,10,batchU,0,4,48,100,2,5,ok,88,128,0.011024006152730404,970,"Zipf formula, not realized key frequency"
WS-68-default,S,default,0.99,50,1000000,10,batchU,0,4,48,100,2,6,ok,75,128,0.009463725289501419,970,"Zipf formula, not realized key frequency"
WS-68-default,S,default,0.99,50,1000000,10,batchU,0,4,48,100,2,7,ok,46,128,0.008291824427811647,970,"Zipf formula, not realized key frequency"
WS-68-tuned,S,tuned,0.99,50,1000000,10,batchU,0,4,48,100,1,0,ok,268,52,0.06496944918900666,970,"Zipf formula, not realized key frequency"
WS-68-tuned,S,tuned,0.99,50,1000000,10,batchU,0,4,48,100,1,1,ok,139,52,0.032710673722499126,970,"Zipf formula, not realized key frequency"
WS-68-tuned,S,tuned,0.99,50,1000000,10,batchU,0,4,48,100,1,2,ok,69,52,0.02189571555985655,970,"Zipf formula, not realized key frequency"
WS-68-tuned,S,tuned,0.99,50,1000000,10,batchU,0,4,48,100,1,3,ok,47,52,0.01646909722548248,970,"Zipf formula, not realized key frequency"
WS-68-tuned,S,tuned,0.99,50,1000000,10,batchU,0,4,48,100,1,4,ok,63,52,0.013204710389392315,970,"Zipf formula, not realized key frequency"
WS-68-tuned,S,tuned,0.99,50,1000000,10,batchU,0,4,48,100,1,5,ok,47,52,0.011024006152730404,970,"Zipf formula, not realized key frequency"
WS-68-tuned,S,tuned,0.99,50,1000000,10,batchU,0,4,48,100,1,6,ok,28,52,0.009463725289501419,970,"Zipf formula, not realized key frequency"
WS-68-tuned,S,tuned,0.99,50,1000000,10,batchU,0,4,48,100,1,7,ok,40,52,0.008291824427811647,970,"Zipf formula, not realized key frequency"
WS-68-tuned,S,tuned,0.99,50,1000000,10,batchU,0,4,48,100,2,0,ok,235,47,0.06496944918900666,970,"Zipf formula, not realized key frequency"
WS-68-tuned,S,tuned,0.99,50,1000000,10,batchU,0,4,48,100,2,1,ok,83,47,0.032710673722499126,970,"Zipf formula, not realized key frequency"
WS-68-tuned,S,tuned,0.99,50,1000000,10,batchU,0,4,48,100,2,2,ok,53,47,0.02189571555985655,970,"Zipf formula, not realized key frequency"
WS-68-tuned,S,tuned,0.99,50,1000000,10,batchU,0,4,48,100,2,3,ok,22,47,0.01646909722548248,970,"Zipf formula, not realized key frequency"
WS-68-tuned,S,tuned,0.99,50,1000000,10,batchU,0,4,48,100,2,4,ok,48,47,0.013204710389392315,970,"Zipf formula, not realized key frequency"
WS-68-tuned,S,tuned,0.99,50,1000000,10,batchU,0,4,48,100,2,5,ok,19,47,0.011024006152730404,970,"Zipf formula, not realized key frequency"
WS-68-tuned,S,tuned,0.99,50,1000000,10,batchU,0,4,48,100,2,6,ok,14,47,0.009463725289501419,970,"Zipf formula, not realized key frequency"
WS-68-tuned,S,tuned,0.99,50,1000000,10,batchU,0,4,48,100,2,7,ok,14,47,0.008291824427811647,970,"Zipf formula, not realized key frequency"
WS-69-default,S,default,0.99,50,1000000,10,batchR,0,4,48,100,1,0,ok,505230,196804,0.06496944918900666,970,"Zipf formula, not realized key frequency"
WS-69-default,S,default,0.99,50,1000000,10,batchR,0,4,48,100,1,1,ok,273440,196804,0.032710673722499126,970,"Zipf formula, not realized key frequency"
WS-69-default,S,default,0.99,50,1000000,10,batchR,0,4,48,100,1,2,ok,221640,196804,0.02189571555985655,970,"Zipf formula, not realized key frequency"
WS-69-default,S,default,0.99,50,1000000,10,batchR,0,4,48,100,1,3,ok,160261,196804,0.01646909722548248,970,"Zipf formula, not realized key frequency"
WS-69-default,S,default,0.99,50,1000000,10,batchR,0,4,48,100,1,4,ok,125197,196804,0.013204710389392315,970,"Zipf formula, not realized key frequency"
WS-69-default,S,default,0.99,50,1000000,10,batchR,0,4,48,100,1,5,ok,103076,196804,0.011024006152730404,970,"Zipf formula, not realized key frequency"
WS-69-default,S,default,0.99,50,1000000,10,batchR,0,4,48,100,1,6,ok,88081,196804,0.009463725289501419,970,"Zipf formula, not realized key frequency"
WS-69-default,S,default,0.99,50,1000000,10,batchR,0,4,48,100,1,7,ok,75895,196804,0.008291824427811647,970,"Zipf formula, not realized key frequency"
WS-69-default,S,default,0.99,50,1000000,10,batchR,0,4,48,100,2,0,ok,489437,187152,0.06496944918900666,970,"Zipf formula, not realized key frequency"
WS-69-default,S,default,0.99,50,1000000,10,batchR,0,4,48,100,2,1,ok,264813,187152,0.032710673722499126,970,"Zipf formula, not realized key frequency"
WS-69-default,S,default,0.99,50,1000000,10,batchR,0,4,48,100,2,2,ok,214651,187152,0.02189571555985655,970,"Zipf formula, not realized key frequency"
WS-69-default,S,default,0.99,50,1000000,10,batchR,0,4,48,100,2,3,ok,155148,187152,0.01646909722548248,970,"Zipf formula, not realized key frequency"
WS-69-default,S,default,0.99,50,1000000,10,batchR,0,4,48,100,2,4,ok,121149,187152,0.013204710389392315,970,"Zipf formula, not realized key frequency"
WS-69-default,S,default,0.99,50,1000000,10,batchR,0,4,48,100,2,5,ok,100097,187152,0.011024006152730404,970,"Zipf formula, not realized key frequency"
WS-69-default,S,default,0.99,50,1000000,10,batchR,0,4,48,100,2,6,ok,84603,187152,0.009463725289501419,970,"Zipf formula, not realized key frequency"
WS-69-default,S,default,0.99,50,1000000,10,batchR,0,4,48,100,2,7,ok,72916,187152,0.008291824427811647,970,"Zipf formula, not realized key frequency"
WS-69-tuned,S,tuned,0.99,50,1000000,10,batchR,0,4,48,100,1,0,ok,811918,322291,0.06496944918900666,970,"Zipf formula, not realized key frequency"
WS-69-tuned,S,tuned,0.99,50,1000000,10,batchR,0,4,48,100,1,1,ok,438701,322291,0.032710673722499126,970,"Zipf formula, not realized key frequency"
WS-69-tuned,S,tuned,0.99,50,1000000,10,batchR,0,4,48,100,1,2,ok,354730,322291,0.02189571555985655,970,"Zipf formula, not realized key frequency"
WS-69-tuned,S,tuned,0.99,50,1000000,10,batchR,0,4,48,100,1,3,ok,254658,322291,0.01646909722548248,970,"Zipf formula, not realized key frequency"
WS-69-tuned,S,tuned,0.99,50,1000000,10,batchR,0,4,48,100,1,4,ok,201113,322291,0.013204710389392315,970,"Zipf formula, not realized key frequency"
WS-69-tuned,S,tuned,0.99,50,1000000,10,batchR,0,4,48,100,1,5,ok,162609,322291,0.011024006152730404,970,"Zipf formula, not realized key frequency"
WS-69-tuned,S,tuned,0.99,50,1000000,10,batchR,0,4,48,100,1,6,ok,137282,322291,0.009463725289501419,970,"Zipf formula, not realized key frequency"
WS-69-tuned,S,tuned,0.99,50,1000000,10,batchR,0,4,48,100,1,7,ok,120655,322291,0.008291824427811647,970,"Zipf formula, not realized key frequency"
WS-69-tuned,S,tuned,0.99,50,1000000,10,batchR,0,4,48,100,2,0,ok,826003,333436,0.06496944918900666,970,"Zipf formula, not realized key frequency"
WS-69-tuned,S,tuned,0.99,50,1000000,10,batchR,0,4,48,100,2,1,ok,445246,333436,0.032710673722499126,970,"Zipf formula, not realized key frequency"
WS-69-tuned,S,tuned,0.99,50,1000000,10,batchR,0,4,48,100,2,2,ok,359526,333436,0.02189571555985655,970,"Zipf formula, not realized key frequency"
WS-69-tuned,S,tuned,0.99,50,1000000,10,batchR,0,4,48,100,2,3,ok,258451,333436,0.01646909722548248,970,"Zipf formula, not realized key frequency"
WS-69-tuned,S,tuned,0.99,50,1000000,10,batchR,0,4,48,100,2,4,ok,202690,333436,0.013204710389392315,970,"Zipf formula, not realized key frequency"
WS-69-tuned,S,tuned,0.99,50,1000000,10,batchR,0,4,48,100,2,5,ok,166038,333436,0.011024006152730404,970,"Zipf formula, not realized key frequency"
WS-69-tuned,S,tuned,0.99,50,1000000,10,batchR,0,4,48,100,2,6,ok,139373,333436,0.009463725289501419,970,"Zipf formula, not realized key frequency"
WS-69-tuned,S,tuned,0.99,50,1000000,10,batchR,0,4,48,100,2,7,ok,121309,333436,0.008291824427811647,970,"Zipf formula, not realized key frequency"
WS-70-default,S,default,0.99,95,1000000,10,none,0,4,48,100,1,0,ok,190,56,0.06496944918900666,970,"Zipf formula, not realized key frequency"
WS-70-default,S,default,0.99,95,1000000,10,none,0,4,48,100,1,1,ok,96,56,0.032710673722499126,970,"Zipf formula, not realized key frequency"
WS-70-default,S,default,0.99,95,1000000,10,none,0,4,48,100,1,2,ok,82,56,0.02189571555985655,970,"Zipf formula, not realized key frequency"
WS-70-default,S,default,0.99,95,1000000,10,none,0,4,48,100,1,3,ok,39,56,0.01646909722548248,970,"Zipf formula, not realized key frequency"
WS-70-default,S,default,0.99,95,1000000,10,none,0,4,48,100,1,4,ok,59,56,0.013204710389392315,970,"Zipf formula, not realized key frequency"
WS-70-default,S,default,0.99,95,1000000,10,none,0,4,48,100,1,5,ok,35,56,0.011024006152730404,970,"Zipf formula, not realized key frequency"
WS-70-default,S,default,0.99,95,1000000,10,none,0,4,48,100,1,6,ok,32,56,0.009463725289501419,970,"Zipf formula, not realized key frequency"
WS-70-default,S,default,0.99,95,1000000,10,none,0,4,48,100,1,7,ok,22,56,0.008291824427811647,970,"Zipf formula, not realized key frequency"
WS-70-default,S,default,0.99,95,1000000,10,none,0,4,48,100,2,0,ok,182,55,0.06496944918900666,970,"Zipf formula, not realized key frequency"
WS-70-default,S,default,0.99,95,1000000,10,none,0,4,48,100,2,1,ok,85,55,0.032710673722499126,970,"Zipf formula, not realized key frequency"
WS-70-default,S,default,0.99,95,1000000,10,none,0,4,48,100,2,2,ok,72,55,0.02189571555985655,970,"Zipf formula, not realized key frequency"
WS-70-default,S,default,0.99,95,1000000,10,none,0,4,48,100,2,3,ok,53,55,0.01646909722548248,970,"Zipf formula, not realized key frequency"
WS-70-default,S,default,0.99,95,1000000,10,none,0,4,48,100,2,4,ok,53,55,0.013204710389392315,970,"Zipf formula, not realized key frequency"
WS-70-default,S,default,0.99,95,1000000,10,none,0,4,48,100,2,5,ok,31,55,0.011024006152730404,970,"Zipf formula, not realized key frequency"
WS-70-default,S,default,0.99,95,1000000,10,none,0,4,48,100,2,6,ok,35,55,0.009463725289501419,970,"Zipf formula, not realized key frequency"
WS-70-default,S,default,0.99,95,1000000,10,none,0,4,48,100,2,7,ok,29,55,0.008291824427811647,970,"Zipf formula, not realized key frequency"
WS-70-tuned,S,tuned,0.99,95,1000000,10,none,0,4,48,100,1,0,ok,350,61,0.06496944918900666,970,"Zipf formula, not realized key frequency"
WS-70-tuned,S,tuned,0.99,95,1000000,10,none,0,4,48,100,1,1,ok,183,61,0.032710673722499126,970,"Zipf formula, not realized key frequency"
WS-70-tuned,S,tuned,0.99,95,1000000,10,none,0,4,48,100,1,2,ok,112,61,0.02189571555985655,970,"Zipf formula, not realized key frequency"
WS-70-tuned,S,tuned,0.99,95,1000000,10,none,0,4,48,100,1,3,ok,64,61,0.01646909722548248,970,"Zipf formula, not realized key frequency"
WS-70-tuned,S,tuned,0.99,95,1000000,10,none,0,4,48,100,1,4,ok,45,61,0.013204710389392315,970,"Zipf formula, not realized key frequency"
WS-70-tuned,S,tuned,0.99,95,1000000,10,none,0,4,48,100,1,5,ok,38,61,0.011024006152730404,970,"Zipf formula, not realized key frequency"
WS-70-tuned,S,tuned,0.99,95,1000000,10,none,0,4,48,100,1,6,ok,26,61,0.009463725289501419,970,"Zipf formula, not realized key frequency"
WS-70-tuned,S,tuned,0.99,95,1000000,10,none,0,4,48,100,1,7,ok,32,61,0.008291824427811647,970,"Zipf formula, not realized key frequency"
WS-70-tuned,S,tuned,0.99,95,1000000,10,none,0,4,48,100,2,0,ok,135,37,0.06496944918900666,970,"Zipf formula, not realized key frequency"
WS-70-tuned,S,tuned,0.99,95,1000000,10,none,0,4,48,100,2,1,ok,56,37,0.032710673722499126,970,"Zipf formula, not realized key frequency"
WS-70-tuned,S,tuned,0.99,95,1000000,10,none,0,4,48,100,2,2,ok,69,37,0.02189571555985655,970,"Zipf formula, not realized key frequency"
WS-70-tuned,S,tuned,0.99,95,1000000,10,none,0,4,48,100,2,3,ok,7,37,0.01646909722548248,970,"Zipf formula, not realized key frequency"
WS-70-tuned,S,tuned,0.99,95,1000000,10,none,0,4,48,100,2,4,ok,45,37,0.013204710389392315,970,"Zipf formula, not realized key frequency"
WS-70-tuned,S,tuned,0.99,95,1000000,10,none,0,4,48,100,2,5,ok,24,37,0.011024006152730404,970,"Zipf formula, not realized key frequency"
WS-70-tuned,S,tuned,0.99,95,1000000,10,none,0,4,48,100,2,6,ok,16,37,0.009463725289501419,970,"Zipf formula, not realized key frequency"
WS-70-tuned,S,tuned,0.99,95,1000000,10,none,0,4,48,100,2,7,ok,7,37,0.008291824427811647,970,"Zipf formula, not realized key frequency"
WS-71-default,S,default,0.99,95,1000000,10,batchU,0,4,48,100,1,0,ok,82,30,0.06496944918900666,970,"Zipf formula, not realized key frequency"
WS-71-default,S,default,0.99,95,1000000,10,batchU,0,4,48,100,1,1,ok,68,30,0.032710673722499126,970,"Zipf formula, not realized key frequency"
WS-71-default,S,default,0.99,95,1000000,10,batchU,0,4,48,100,1,2,ok,36,30,0.02189571555985655,970,"Zipf formula, not realized key frequency"
WS-71-default,S,default,0.99,95,1000000,10,batchU,0,4,48,100,1,3,ok,27,30,0.01646909722548248,970,"Zipf formula, not realized key frequency"
WS-71-default,S,default,0.99,95,1000000,10,batchU,0,4,48,100,1,4,ok,19,30,0.013204710389392315,970,"Zipf formula, not realized key frequency"
WS-71-default,S,default,0.99,95,1000000,10,batchU,0,4,48,100,1,5,ok,15,30,0.011024006152730404,970,"Zipf formula, not realized key frequency"
WS-71-default,S,default,0.99,95,1000000,10,batchU,0,4,48,100,1,6,ok,14,30,0.009463725289501419,970,"Zipf formula, not realized key frequency"
WS-71-default,S,default,0.99,95,1000000,10,batchU,0,4,48,100,1,7,ok,16,30,0.008291824427811647,970,"Zipf formula, not realized key frequency"
WS-71-default,S,default,0.99,95,1000000,10,batchU,0,4,48,100,2,0,ok,204,56,0.06496944918900666,970,"Zipf formula, not realized key frequency"
WS-71-default,S,default,0.99,95,1000000,10,batchU,0,4,48,100,2,1,ok,96,56,0.032710673722499126,970,"Zipf formula, not realized key frequency"
WS-71-default,S,default,0.99,95,1000000,10,batchU,0,4,48,100,2,2,ok,68,56,0.02189571555985655,970,"Zipf formula, not realized key frequency"
WS-71-default,S,default,0.99,95,1000000,10,batchU,0,4,48,100,2,3,ok,44,56,0.01646909722548248,970,"Zipf formula, not realized key frequency"
WS-71-default,S,default,0.99,95,1000000,10,batchU,0,4,48,100,2,4,ok,33,56,0.013204710389392315,970,"Zipf formula, not realized key frequency"
WS-71-default,S,default,0.99,95,1000000,10,batchU,0,4,48,100,2,5,ok,32,56,0.011024006152730404,970,"Zipf formula, not realized key frequency"
WS-71-default,S,default,0.99,95,1000000,10,batchU,0,4,48,100,2,6,ok,33,56,0.009463725289501419,970,"Zipf formula, not realized key frequency"
WS-71-default,S,default,0.99,95,1000000,10,batchU,0,4,48,100,2,7,ok,26,56,0.008291824427811647,970,"Zipf formula, not realized key frequency"
WS-71-tuned,S,tuned,0.99,95,1000000,10,batchU,0,4,48,100,1,0,ok,172,50,0.06496944918900666,970,"Zipf formula, not realized key frequency"
WS-71-tuned,S,tuned,0.99,95,1000000,10,batchU,0,4,48,100,1,1,ok,109,50,0.032710673722499126,970,"Zipf formula, not realized key frequency"
WS-71-tuned,S,tuned,0.99,95,1000000,10,batchU,0,4,48,100,1,2,ok,65,50,0.02189571555985655,970,"Zipf formula, not realized key frequency"
WS-71-tuned,S,tuned,0.99,95,1000000,10,batchU,0,4,48,100,1,3,ok,57,50,0.01646909722548248,970,"Zipf formula, not realized key frequency"
WS-71-tuned,S,tuned,0.99,95,1000000,10,batchU,0,4,48,100,1,4,ok,35,50,0.013204710389392315,970,"Zipf formula, not realized key frequency"
WS-71-tuned,S,tuned,0.99,95,1000000,10,batchU,0,4,48,100,1,5,ok,33,50,0.011024006152730404,970,"Zipf formula, not realized key frequency"
WS-71-tuned,S,tuned,0.99,95,1000000,10,batchU,0,4,48,100,1,6,ok,26,50,0.009463725289501419,970,"Zipf formula, not realized key frequency"
WS-71-tuned,S,tuned,0.99,95,1000000,10,batchU,0,4,48,100,1,7,ok,21,50,0.008291824427811647,970,"Zipf formula, not realized key frequency"
WS-71-tuned,S,tuned,0.99,95,1000000,10,batchU,0,4,48,100,2,0,ok,142,34,0.06496944918900666,970,"Zipf formula, not realized key frequency"
WS-71-tuned,S,tuned,0.99,95,1000000,10,batchU,0,4,48,100,2,1,ok,89,34,0.032710673722499126,970,"Zipf formula, not realized key frequency"
WS-71-tuned,S,tuned,0.99,95,1000000,10,batchU,0,4,48,100,2,2,ok,89,34,0.02189571555985655,970,"Zipf formula, not realized key frequency"
WS-71-tuned,S,tuned,0.99,95,1000000,10,batchU,0,4,48,100,2,3,ok,47,34,0.01646909722548248,970,"Zipf formula, not realized key frequency"
WS-71-tuned,S,tuned,0.99,95,1000000,10,batchU,0,4,48,100,2,4,ok,30,34,0.013204710389392315,970,"Zipf formula, not realized key frequency"
WS-71-tuned,S,tuned,0.99,95,1000000,10,batchU,0,4,48,100,2,5,ok,23,34,0.011024006152730404,970,"Zipf formula, not realized key frequency"
WS-71-tuned,S,tuned,0.99,95,1000000,10,batchU,0,4,48,100,2,6,ok,15,34,0.009463725289501419,970,"Zipf formula, not realized key frequency"
WS-71-tuned,S,tuned,0.99,95,1000000,10,batchU,0,4,48,100,2,7,ok,10,34,0.008291824427811647,970,"Zipf formula, not realized key frequency"
WS-72-default,S,default,0.99,95,1000000,10,batchR,0,4,48,100,1,0,ok,331078,113254,0.06496944918900666,970,"Zipf formula, not realized key frequency"
WS-72-default,S,default,0.99,95,1000000,10,batchR,0,4,48,100,1,1,ok,160842,113254,0.032710673722499126,970,"Zipf formula, not realized key frequency"
WS-72-default,S,default,0.99,95,1000000,10,batchR,0,4,48,100,1,2,ok,126424,113254,0.02189571555985655,970,"Zipf formula, not realized key frequency"
WS-72-default,S,default,0.99,95,1000000,10,batchR,0,4,48,100,1,3,ok,86671,113254,0.01646909722548248,970,"Zipf formula, not realized key frequency"
WS-72-default,S,default,0.99,95,1000000,10,batchR,0,4,48,100,1,4,ok,66442,113254,0.013204710389392315,970,"Zipf formula, not realized key frequency"
WS-72-default,S,default,0.99,95,1000000,10,batchR,0,4,48,100,1,5,ok,53651,113254,0.011024006152730404,970,"Zipf formula, not realized key frequency"
WS-72-default,S,default,0.99,95,1000000,10,batchR,0,4,48,100,1,6,ok,44904,113254,0.009463725289501419,970,"Zipf formula, not realized key frequency"
WS-72-default,S,default,0.99,95,1000000,10,batchR,0,4,48,100,1,7,ok,38429,113254,0.008291824427811647,970,"Zipf formula, not realized key frequency"
WS-72-default,S,default,0.99,95,1000000,10,batchR,0,4,48,100,2,0,ok,352696,123024,0.06496944918900666,970,"Zipf formula, not realized key frequency"
WS-72-default,S,default,0.99,95,1000000,10,batchR,0,4,48,100,2,1,ok,172726,123024,0.032710673722499126,970,"Zipf formula, not realized key frequency"
WS-72-default,S,default,0.99,95,1000000,10,batchR,0,4,48,100,2,2,ok,134145,123024,0.02189571555985655,970,"Zipf formula, not realized key frequency"
WS-72-default,S,default,0.99,95,1000000,10,batchR,0,4,48,100,2,3,ok,92869,123024,0.01646909722548248,970,"Zipf formula, not realized key frequency"
WS-72-default,S,default,0.99,95,1000000,10,batchR,0,4,48,100,2,4,ok,70320,123024,0.013204710389392315,970,"Zipf formula, not realized key frequency"
WS-72-default,S,default,0.99,95,1000000,10,batchR,0,4,48,100,2,5,ok,57003,123024,0.011024006152730404,970,"Zipf formula, not realized key frequency"
WS-72-default,S,default,0.99,95,1000000,10,batchR,0,4,48,100,2,6,ok,47376,123024,0.009463725289501419,970,"Zipf formula, not realized key frequency"
WS-72-default,S,default,0.99,95,1000000,10,batchR,0,4,48,100,2,7,ok,41308,123024,0.008291824427811647,970,"Zipf formula, not realized key frequency"
WS-72-tuned,S,tuned,0.99,95,1000000,10,batchR,0,4,48,100,1,0,ok,1096488,375687,0.06496944918900666,970,"Zipf formula, not realized key frequency"
WS-72-tuned,S,tuned,0.99,95,1000000,10,batchR,0,4,48,100,1,1,ok,527378,375687,0.032710673722499126,970,"Zipf formula, not realized key frequency"
WS-72-tuned,S,tuned,0.99,95,1000000,10,batchR,0,4,48,100,1,2,ok,409278,375687,0.02189571555985655,970,"Zipf formula, not realized key frequency"
WS-72-tuned,S,tuned,0.99,95,1000000,10,batchR,0,4,48,100,1,3,ok,279039,375687,0.01646909722548248,970,"Zipf formula, not realized key frequency"
WS-72-tuned,S,tuned,0.99,95,1000000,10,batchR,0,4,48,100,1,4,ok,207485,375687,0.013204710389392315,970,"Zipf formula, not realized key frequency"
WS-72-tuned,S,tuned,0.99,95,1000000,10,batchR,0,4,48,100,1,5,ok,165005,375687,0.011024006152730404,970,"Zipf formula, not realized key frequency"
WS-72-tuned,S,tuned,0.99,95,1000000,10,batchR,0,4,48,100,1,6,ok,136953,375687,0.009463725289501419,970,"Zipf formula, not realized key frequency"
WS-72-tuned,S,tuned,0.99,95,1000000,10,batchR,0,4,48,100,1,7,ok,115995,375687,0.008291824427811647,970,"Zipf formula, not realized key frequency"
WS-72-tuned,S,tuned,0.99,95,1000000,10,batchR,0,4,48,100,2,0,ok,1089968,378954,0.06496944918900666,970,"Zipf formula, not realized key frequency"
WS-72-tuned,S,tuned,0.99,95,1000000,10,batchR,0,4,48,100,2,1,ok,525208,378954,0.032710673722499126,970,"Zipf formula, not realized key frequency"
WS-72-tuned,S,tuned,0.99,95,1000000,10,batchR,0,4,48,100,2,2,ok,406301,378954,0.02189571555985655,970,"Zipf formula, not realized key frequency"
WS-72-tuned,S,tuned,0.99,95,1000000,10,batchR,0,4,48,100,2,3,ok,276750,378954,0.01646909722548248,970,"Zipf formula, not realized key frequency"
WS-72-tuned,S,tuned,0.99,95,1000000,10,batchR,0,4,48,100,2,4,ok,207595,378954,0.013204710389392315,970,"Zipf formula, not realized key frequency"
WS-72-tuned,S,tuned,0.99,95,1000000,10,batchR,0,4,48,100,2,5,ok,164224,378954,0.011024006152730404,970,"Zipf formula, not realized key frequency"
WS-72-tuned,S,tuned,0.99,95,1000000,10,batchR,0,4,48,100,2,6,ok,136202,378954,0.009463725289501419,970,"Zipf formula, not realized key frequency"
WS-72-tuned,S,tuned,0.99,95,1000000,10,batchR,0,4,48,100,2,7,ok,114995,378954,0.008291824427811647,970,"Zipf formula, not realized key frequency"
